H????B~,0,0,0
H???CB},0,0,0
H???CB~,14,3,4
H???E?~,0,0,0
H???EA},0,0,0
H???EA~,17,5,14
H???EB},20,4,24
H???EB~,20,6,9
H???F?^,0,0,0
H???FA],0,0,0
H???FA^,16,11,21
H???FB],26,8,22
H???FB^,29,7,19
H???FB},27,9,30
H???FB~,30,9,10
H???FaM,0,0,0
H???FaN,14,17,26
H???FbM,22,16,26
H???FbN,26,16,28
H???Fbm,36,21,15
H???Fbn,41,10,19
H???Fb},40,20,20
H???Fb~,42,12,9
H???Fre,36,12,30
H???Frf,37,20,27
H???Fru,52,16,12
H???Frv,53,17,11
H???Fr},60,15,15
H???Fr~,56,15,6
H???Fzy,60,20,0
H???Fzz,71,15,2
H???Fz},72,18,6
H???Fz~,73,17,1
H???F~},84,14,0
H???F~~,85,19,1
H??CAB{,0,0,0
H??CAB},20,2,11
H??CAB~,26,4,6
H??CBA\,0,0,0
H??CBA^,23,2,20
H??CBB[,0,0,0
H??CBB\,29,4,12
H??CBB],27,2,10
H??CBB^,35,5,20
H??CBB{,22,2,64
H??CBB|,37,4,19
H??CBB},37,4,29
H??CBB~,32,6,10
H??CBaL,0,0,0
H??CBaN,23,2,29
H??CBbK,0,0,0
H??CBbL,30,7,14
H??CBbM,23,2,20
H??CBbN,36,12,30
H??CBbk,44,8,28
H??CBbl,51,7,12
H??CBbm,53,6,18
H??CBbn,45,9,18
H??CBb{,57,12,45
H??CBb|,55,9,20
H??CBb},46,8,27
H??CBb~,39,11,10
H??CBrE,17,2,29
H??CBrF,35,13,42
H??CBrc,48,4,16
H??CBrd,49,7,19
H??CBre,45,6,33
H??CBrf,43,13,32
H??CBrs,57,6,27
H??CBrt,69,9,13
H??CBru,60,8,13
H??CBrv,52,12,16
H??CBr{,68,8,44
H??CBr|,70,11,27
H??CBr},59,10,19
H??CBr~,50,14,8
H??CBzq,43,9,29
H??CBzr,50,13,27
H??CBzw,36,8,36
H??CBzx,86,11,11
H??CBzy,59,10,8
H??CBzz,58,16,10
H??CBz{,35,10,55
H??CBz|,86,14,32
H??CBz},64,13,14
H??CBz~,57,17,10
H??CCF{,10,2,6
H??CCF},16,4,10
H??CCF~,18,3,15
H??CE@{,0,0,0
H??CE@},32,3,40
H??CEA{,0,0,0
H??CEA|,25,7,16
H??CEA},28,2,15
H??CEB{,26,19,55
H??CEB|,34,7,19
H??CEB},29,5,32
H??CEB~,26,4,12
H??CEC|,23,0,22
H??CED{,16,0,17
H??CED|,30,6,30
H??CEE{,14,2,17
H??CEE|,25,5,25
H??CEE},22,2,31
H??CEE~,29,5,32
H??CEF{,22,2,12
H??CEF|,23,4,15
H??CEF},24,3,15
H??CEF~,25,5,18
H??CF?],0,0,0
H??CF?^,27,12,33
H??CF@[,0,0,0
H??CF@\,30,4,20
H??CF@],41,3,41
H??CF@^,38,9,37
H??CF@{,36,4,64
H??CF@|,45,5,25
H??CF@},39,4,55
H??CF@~,43,7,38
H??CFA[,0,0,0
H??CFA\,23,9,25
H??CFA],26,2,26
H??CFA^,27,10,38
H??CFB[,39,8,53
H??CFB\,45,8,22
H??CFB],43,4,31
H??CFB^,37,6,27
H??CFB{,54,23,61
H??CFB|,49,9,26
H??CFB},37,5,38
H??CFB~,33,7,14
H??CFD{,32,6,39
H??CFD|,38,12,38
H??CFE],22,5,48
H??CFE^,30,14,46
H??CFF[,26,5,29
H??CFF\,32,10,28
H??CFF],29,6,35
H??CFF^,37,10,33
H??CFF{,27,7,14
H??CFF|,30,10,14
H??CFF},30,8,16
H??CFF~,32,11,17
H??CF`M,42,4,44
H??CF`N,36,14,46
H??CF`m,53,6,46
H??CF`n,44,13,47
H??CF`{,60,6,72
H??CF`|,59,11,35
H??CF`},54,8,55
H??CF`~,50,13,47
H??CFaM,24,2,34
H??CFaN,31,15,44
H??CFbK,60,4,32
H??CFbL,43,11,31
H??CFbM,43,5,42
H??CFbN,37,13,41
H??CFbk,64,6,56
H??CFbl,64,11,23
H??CFbm,56,7,25
H??CFbn,45,10,26
H??CFb{,81,18,61
H??CFb|,64,13,31
H??CFb},53,9,28
H??CFb~,41,12,13
H??CFfM,31,7,53
H??CFfN,38,16,50
H??CFfm,41,8,32
H??CFfn,48,13,29
H??CFf{,40,9,11
H??CFf|,42,13,11
H??CFf},43,10,13
H??CFf~,44,14,14
H??CFpu,58,8,51
H??CFpv,50,16,54
H??CFp},62,11,59
H??CFp~,58,17,57
H??CFre,47,7,42
H??CFrf,44,15,40
H??CFrs,50,8,70
H??CFrt,85,13,19
H??CFru,61,9,20
H??CFrv,53,14,21
H??CFr{,56,16,88
H??CFr|,84,15,33
H??CFr},63,11,22
H??CFr~,53,15,10
H??CFvu,56,10,22
H??CFvv,61,15,20
H??CFv},58,12,8
H??CFv~,59,16,9
H??CFx},67,13,63
H??CFx~,66,21,67
H??CFzy,61,11,12
H??CFzz,62,16,13
H??CFz{,58,14,60
H??CFz|,75,17,64
H??CFz},67,13,18
H??CFz~,66,17,7
H??CF~},68,14,8
H??CF~~,69,18,9
H??E@_N,0,0,0
H??E@_m,0,0,0
H??E@_},44,4,68
H??E@aN,28,3,41
H??E@ak,0,0,0
H??E@am,32,3,22
H??E@an,46,8,54
H??E@a},52,5,48
H??E@bN,33,4,28
H??E@bk,22,2,44
H??E@bm,38,4,13
H??E@bn,44,7,21
H??E@b{,48,8,72
H??E@b},45,6,30
H??E@b~,38,8,14
H??E@cN,21,54,54
H??E@cm,28,26,82
H??E@c},44,32,92
H??E@eM,25,6,38
H??E@eN,41,14,65
H??E@ek,52,4,34
H??E@em,49,7,52
H??E@en,52,13,61
H??E@e},52,8,52
H??E@fK,20,2,26
H??E@fM,28,4,33
H??E@fN,39,11,41
H??E@fk,38,5,20
H??E@fm,39,7,26
H??E@fn,46,9,26
H??E@f{,34,6,14
H??E@f},37,8,15
H??E@f~,40,10,16
H??E@ou,36,4,84
H??E@ov,43,16,96
H??E@o},48,9,111
H??E@o~,57,21,118
H??E@qF,29,5,44
H??E@qc,0,0,0
H??E@qd,36,8,25
H??E@qe,22,3,35
H??E@qf,42,12,66
H??E@qs,48,6,22
H??E@qt,57,9,29
H??E@qu,54,7,51
H??E@qv,51,15,62
H??E@q{,51,6,57
H??E@q|,64,11,44
H??E@q},55,9,62
H??E@q~,57,14,69
H??E@rD,22,2,44
H??E@rF,28,3,44
H??E@rc,24,2,34
H??E@rd,45,7,46
H??E@re,28,4,28
H??E@rf,39,13,36
H??E@rs,50,8,46
H??E@rt,63,9,36
H??E@ru,53,8,20
H??E@rv,49,11,20
H??E@r{,66,8,56
H??E@r|,60,11,50
H??E@r},50,10,28
H??E@r~,45,13,14
H??E@sv,51,40,126
H??E@s{,39,9,120
H??E@s|,49,21,126
H??E@s},49,35,140
H??E@s~,62,48,142
H??E@uf,54,19,67
H??E@us,57,7,48
H??E@ut,58,13,57
H??E@uu,54,11,63
H??E@uv,57,20,67
H??E@u{,55,9,62
H??E@u|,55,15,70
H??E@u},61,13,66
H??E@u~,64,19,71
H??E@vF,40,16,49
H??E@vc,36,6,35
H??E@vd,39,11,38
H??E@ve,40,8,40
H??E@vf,46,15,38
H??E@vs,44,8,20
H??E@vt,47,11,22
H??E@vu,48,10,22
H??E@vv,53,13,22
H??E@v{,43,10,13
H??E@v|,45,13,14
H??E@v},46,12,14
H??E@v~,48,15,15
H??E@w},44,16,164
H??E@w~,54,30,168
H??E@yq,40,8,57
H??E@yr,43,14,63
H??E@yw,39,6,45
H??E@yx,64,13,42
H??E@yy,51,9,66
H??E@yz,49,19,72
H??E@y{,36,8,76
H??E@y|,75,15,63
H??E@y},58,11,85
H??E@y~,60,18,90
H??E@za,19,5,36
H??E@zb,38,14,44
H??E@zo,26,6,40
H??E@zp,60,9,30
H??E@zq,35,10,36
H??E@zr,39,16,35
H??E@zw,30,8,52
H??E@zx,79,11,31
H??E@zy,50,10,17
H??E@zz,50,14,20
H??E@z{,36,10,62
H??E@z|,76,13,54
H??E@z},55,12,24
H??E@z~,50,16,18
H??E@{},54,50,176
H??E@{~,69,63,176
H??E@}y,54,16,70
H??E@}z,55,23,76
H??E@}{,58,15,81
H??E@}|,60,18,90
H??E@}},62,19,87
H??E@}~,65,22,95
H??E@~q,45,11,34
H??E@~r,51,16,32
H??E@~w,41,10,15
H??E@~x,42,14,16
H??E@~y,57,12,15
H??E@~z,59,16,16
H??E@~{,55,12,11
H??E@~|,56,16,12
H??E@~},58,14,12
H??E@~~,59,18,13
H??ED?],0,0,0
H??ED?^,36,12,52
H??ED?},38,8,59
H??ED@[,0,0,0
H??ED@],23,4,21
H??ED@^,39,8,37
H??ED@{,36,2,94
H??ED@},44,6,48
H??ED@~,40,10,38
H??EDA[,0,0,0
H??EDA],30,4,32
H??EDA^,38,10,52
H??EDA},47,6,43
H??EDB[,22,3,59
H??EDB],40,4,21
H??EDB^,34,6,30
H??EDB{,50,12,71
H??EDB},39,5,36
H??EDB~,30,7,17
H??EDC^,44,20,61
H??EDC},40,13,61
H??EDD[,10,3,26
H??EDD],30,8,46
H??EDD^,40,12,46
H??EDD{,33,4,40
H??EDD},37,8,43
H??EDD~,44,10,45
H??EDE[,27,1,29
H??EDE],38,6,51
H??EDE^,50,11,59
H??EDE},44,7,47
H??EDF[,29,3,28
H??EDF],30,6,34
H??EDF^,38,7,35
H??EDF{,28,4,16
H??EDF},30,6,18
H??EDF~,32,8,20
H??ED_M,0,0,0
H??ED_m,50,9,61
H??ED_n,45,19,74
H??ED_{,38,4,62
H??ED_|,46,12,47
H??ED_},55,12,73
H??ED_~,54,18,80
H??ED`K,0,0,0
H??ED`L,38,11,51
H??ED`M,19,4,28
H??ED`N,35,14,47
H??ED`k,56,4,66
H??ED`l,57,9,53
H??ED`m,49,7,49
H??ED`n,44,13,47
H??ED`{,58,7,95
H??ED`|,65,11,59
H??ED`},49,9,59
H??ED`~,49,14,47
H??EDaL,29,12,40
H??EDaM,28,3,44
H??EDaN,38,14,68
H??EDak,54,6,40
H??EDal,56,9,40
H??EDam,55,6,53
H??EDan,51,13,62
H??EDa{,61,6,71
H??EDa|,67,11,41
H??EDa},61,9,50
H??EDa~,59,13,54
H??EDbK,41,3,40
H??EDbL,42,9,45
H??EDbM,35,4,36
H??EDbN,34,12,45
H??EDbk,53,5,68
H??EDbl,60,9,35
H??EDbm,52,7,29
H??EDbn,43,10,28
H??EDb{,78,14,61
H??EDb|,55,10,45
H??EDb},46,9,35
H??EDb~,38,12,16
H??EDc},46,21,85
H??EDc~,53,27,91
H??EDdN,38,18,56
H??EDdk,35,7,49
H??EDdl,41,14,49
H??EDdm,39,10,55
H??EDdn,46,17,54
H??EDd{,40,9,50
H??EDd|,43,14,53
H??EDd},45,12,53
H??EDd~,51,17,53
H??EDeN,51,21,72
H??EDek,46,6,56
H??EDel,53,12,61
H??EDem,46,12,68
H??EDen,56,18,70
H??EDe{,49,8,55
H??EDe|,50,14,62
H??EDe},52,14,60
H??EDe~,59,18,63
H??EDfK,26,5,47
H??EDfL,32,12,47
H??EDfM,29,8,54
H??EDfN,37,16,51
H??EDfk,34,7,31
H??EDfl,39,11,31
H??EDfm,38,9,34
H??EDfn,46,12,32
H??EDf{,35,9,16
H??EDf|,37,12,17
H??EDf},37,11,18
H??EDf~,39,14,19
H??EDo},60,16,95
H??EDo~,60,25,105
H??EDps,68,6,62
H??EDpt,74,12,58
H??EDpu,57,9,51
H??EDpv,50,17,53
H??EDp{,68,8,94
H??EDp|,81,15,69
H??EDp},61,11,60
H??EDp~,56,19,57
H??EDqs,66,12,42
H??EDqt,77,13,43
H??EDqu,58,8,62
H??EDqv,59,18,67
H??EDq{,69,12,79
H??EDq|,84,15,54
H??EDq},65,11,64
H??EDq~,69,17,68
H??EDrE,27,3,50
H??EDrF,35,13,57
H??EDrc,54,5,53
H??EDrd,58,8,46
H??EDre,46,7,43
H??EDrf,43,14,42
H??EDrs,60,7,59
H??EDrt,77,12,31
H??EDru,60,9,21
H??EDrv,52,13,23
H??EDr{,82,13,59
H??EDr|,72,12,48
H??EDr},59,11,26
H??EDr~,49,15,14
H??EDtu,48,12,60
H??EDtv,51,20,61
H??EDt{,51,11,59
H??EDt|,51,18,63
H??EDt},57,14,61
H??EDt~,58,22,63
H??EDuu,55,12,77
H??EDuv,58,25,77
H??EDu{,60,10,70
H??EDu|,60,20,74
H??EDu},63,15,76
H??EDu~,67,24,77
H??EDve,40,9,50
H??EDvf,46,16,48
H??EDvs,46,9,25
H??EDvt,47,14,27
H??EDvu,49,11,28
H??EDvv,53,15,28
H??EDv{,48,11,13
H??EDv|,49,15,14
H??EDv},50,13,15
H??EDv~,51,17,16
H??EDx{,46,10,100
H??EDx|,94,17,84
H??EDx},61,13,69
H??EDx~,60,22,72
H??EDy{,58,10,92
H??EDy|,95,17,75
H??EDy},69,13,86
H??EDy~,72,20,90
H??EDzq,44,9,37
H??EDzr,48,15,36
H??EDzw,47,9,54
H??EDzx,89,14,29
H??EDzy,57,11,16
H??EDzz,57,16,18
H??EDz{,56,11,63
H??EDz|,85,15,54
H??EDz},61,14,23
H??EDz~,56,17,17
H??ED|},68,16,70
H??ED|~,67,24,74
H??ED}},73,18,91
H??ED}~,78,23,95
H??ED~y,59,13,19
H??ED~z,61,18,19
H??ED~{,60,14,10
H??ED~|,61,17,12
H??ED~},64,15,11
H??ED~~,64,19,13
H??EEA{,32,2,58
H??EEA},39,5,40
H??EEB{,44,26,50
H??EEB},34,7,36
H??EEB~,24,4,20
H??EEC},28,8,39
H??EEC~,45,15,45
H??EEE{,21,0,29
H??EEE},30,5,35
H??EEE~,35,7,38
H??EEF{,22,2,18
H??EEF},24,4,20
H??EEF~,24,6,24
H??EF?],30,2,48
H??EF?^,35,18,55
H??EF?{,18,2,80
H??EF?|,46,7,73
H??EF?},40,7,79
H??EF?~,49,15,56
H??EFA[,40,3,53
H??EFA\,43,7,52
H??EFA],43,5,48
H??EFA^,37,10,44
H??EFA{,63,4,87
H??EFA|,57,7,48
H??EFA},41,7,56
H??EFA~,40,9,41
H??EFB[,48,6,72
H??EFB\,50,10,38
H??EFB],45,6,40
H??EFB^,36,8,36
H??EFB{,75,23,54
H??EFB|,47,9,43
H??EFB},38,7,45
H??EFB~,30,9,21
H??EFC},39,14,67
H??EFC~,49,23,63
H??EFE],30,6,55
H??EFE^,40,13,51
H??EFE{,31,6,43
H??EFE|,37,11,42
H??EFE},35,8,47
H??EFE~,43,12,45
H??EFF[,25,5,40
H??EFF\,31,11,38
H??EFF],27,7,46
H??EFF^,38,11,41
H??EFF{,28,7,19
H??EFF|,30,10,20
H??EFF},29,9,22
H??EFF~,31,12,23
H??EF_},53,11,89
H??EF_~,53,20,77
H??EFam,53,7,52
H??EFan,42,13,53
H??EFa{,73,7,100
H??EFa|,73,11,56
H??EFa},56,9,55
H??EFa~,49,13,48
H??EFbK,64,6,56
H??EFbL,49,11,52
H??EFbM,41,6,58
H??EFbN,33,13,58
H??EFbk,57,6,81
H??EFbl,67,11,39
H??EFbm,57,8,34
H??EFbn,44,11,35
H??EFb{,82,22,66
H??EFb|,64,11,46
H??EFb},55,10,34
H??EFb~,41,13,18
H??EFe},47,11,52
H??EFe~,53,17,50
H??EFfM,30,10,64
H??EFfN,37,19,61
H??EFfk,37,8,36
H??EFfl,41,15,34
H??EFfm,40,10,40
H??EFfn,48,15,36
H??EFf{,40,10,16
H??EFf|,41,14,17
H??EFf},41,12,19
H??EFf~,42,16,20
H??EFq},63,12,57
H??EFq~,57,18,55
H??EFrs,44,8,88
H??EFrt,85,18,29
H??EFru,63,10,26
H??EFrv,54,16,26
H??EFr{,58,18,92
H??EFr|,80,15,48
H??EFr},64,12,28
H??EFr~,53,16,15
H??EFvu,54,12,30
H??EFvv,61,17,26
H??EFv{,55,12,11
H??EFv|,56,16,12
H??EFv},56,14,14
H??EFv~,57,18,15
H??EFz{,64,12,64
H??EFz|,68,15,82
H??EFz},64,14,27
H??EFz~,64,18,14
H??EF~},66,16,14
H??EF~~,67,20,15
H??F?w],60,18,162
H??F?yR,50,10,78
H??F?yY,49,15,97
H??F?y],52,17,138
H??F?zB,27,3,35
H??F?zO,22,4,22
H??F?zQ,28,6,31
H??F?zR,41,11,52
H??F?zW,44,8,44
H??F?zY,48,11,49
H??F?zZ,44,18,58
H??F?z],51,13,68
H??F?zb,32,9,43
H??F?zo,12,6,30
H??F?zq,24,8,31
H??F?zr,38,17,35
H??F?zw,20,10,50
H??F?zy,43,13,21
H??F?zz,47,16,21
H??F?z{,30,12,54
H??F?z},49,15,27
H??F?z~,46,18,20
H??F?}],69,34,127
H??F?~R,52,17,48
H??F?~Y,53,15,52
H??F?~Z,52,24,56
H??F?~],59,17,68
H??F?~b,47,19,42
H??F?~q,47,14,29
H??F?~r,52,22,25
H??F?~w,36,13,17
H??F?~y,48,16,20
H??F?~z,54,19,18
H??F?~{,49,15,14
H??F?~},52,18,14
H??F?~~,54,21,15
H??FCo],61,20,115
H??FCpF,45,16,77
H??FCpS,60,6,54
H??FCpU,54,13,66
H??FCpV,56,20,76
H??FCp],57,16,80
H??FCpf,39,19,54
H??FCps,52,9,59
H??FCpu,50,13,54
H??FCpv,47,20,53
H??FCp{,56,10,84
H??FCp},54,15,63
H??FCp~,58,20,54
H??FCqF,51,21,88
H??FCqU,48,17,91
H??FCq],59,17,108
H??FCrE,36,6,48
H??FCrF,48,13,65
H??FCrS,58,7,47
H??FCrU,55,11,46
H??FCrV,54,18,54
H??FCr],56,14,50
H??FCrc,35,6,43
H??FCre,37,8,39
H??FCrf,39,17,43
H??FCrs,50,9,49
H??FCru,52,12,26
H??FCrv,47,16,25
H??FCr{,68,14,50
H??FCr},51,14,31
H??FCr~,44,17,17
H??FCtV,63,30,78
H??FCt],60,23,87
H??FCtu,44,18,58
H??FCtv,51,24,57
H??FCt{,49,15,57
H??FCt},52,20,60
H??FCt~,60,25,58
H??FCu],61,31,115
H??FCvU,59,15,52
H??FCvV,63,22,55
H??FCv],61,18,53
H??FCve,37,12,50
H??FCvf,43,20,47
H??FCvs,43,12,25
H??FCvu,44,15,29
H??FCvv,51,18,27
H??FCv{,42,14,16
H??FCv},44,17,17
H??FCv~,46,20,18
H??FCx[,46,10,114
H??FCx\,72,19,118
H??FCx],59,17,111
H??FCx^,56,27,121
H??FCxq,35,12,61
H??FCxr,43,18,59
H??FCxw,39,10,71
H??FCxx,60,16,78
H??FCxy,44,15,62
H??FCxz,47,22,63
H??FCx{,38,12,94
H??FCx|,64,18,100
H??FCx},52,17,74
H??FCx~,55,26,73
H??FCy[,50,8,134
H??FCy\,74,15,136
H??FCy],60,21,149
H??FCy^,68,36,149
H??FCzR,49,13,55
H??FCzW,56,9,52
H??FCzX,72,14,54
H??FCzY,53,12,55
H??FCzZ,52,19,61
H??FCz[,56,11,76
H??FCz\,81,16,71
H??FCz],58,15,71
H??FCz^,63,19,74
H??FCza,22,7,55
H??FCzb,36,16,56
H??FCzo,33,9,39
H??FCzp,51,12,37
H??FCzq,36,11,43
H??FCzr,40,16,43
H??FCzw,37,11,51
H??FCzx,65,16,39
H??FCzy,47,14,23
H??FCzz,48,18,25
H??FCz{,48,13,56
H??FCz|,65,16,59
H??FCz},54,16,28
H??FCz~,50,20,20
H??FC|^,61,37,123
H??FC|z,55,27,61
H??FC|{,58,17,68
H??FC||,59,24,71
H??FC|},63,22,69
H??FC|~,66,31,68
H??FC}^,74,54,148
H??FC~Z,60,24,60
H??FC~[,61,14,69
H??FC~\,64,19,73
H??FC~],66,20,70
H??FC~^,70,24,74
H??FC~r,52,21,35
H??FC~w,40,14,18
H??FC~x,42,18,18
H??FC~y,51,17,23
H??FC~z,55,21,22
H??FC~{,53,16,15
H??FC~|,55,20,15
H??FC~},56,19,15
H??FC~~,57,23,16
H??FE_N,40,22,88
H??FE_n,41,25,70
H??FE_{,40,8,112
H??FE_},47,15,91
H??FE_~,54,24,72
H??FEaN,46,19,75
H??FEa],53,12,71
H??FEak,54,8,64
H??FEam,47,11,54
H??FEan,42,16,50
H??FEa{,66,11,76
H??FEa},51,13,56
H??FEa~,50,17,43
H??FEbK,38,6,64
H??FEbM,51,9,59
H??FEbN,50,14,64
H??FEb],58,14,45
H??FEbk,53,9,58
H??FEbm,53,11,35
H??FEbn,44,14,32
H??FEb{,76,20,44
H??FEb},47,13,39
H??FEb~,36,16,20
H??FEc~,53,32,80
H??FEeN,60,26,74
H??FEe],51,20,73
H??FEen,44,20,56
H??FEe{,37,12,51
H??FEe},42,16,52
H??FEe~,51,20,49
H??FEfM,45,12,63
H??FEfN,64,18,62
H??FEf],54,16,50
H??FEfk,33,10,38
H??FEfm,33,13,44
H??FEfn,44,16,39
H??FEf{,34,12,20
H??FEf},36,15,21
H??FEf~,38,18,22
H??FEo],62,19,108
H??FEou,52,16,85
H??FEo},59,20,97
H??FEo~,58,32,90
H??FEqU,55,15,74
H??FEq],59,17,84
H??FEq^,61,26,89
H??FEqe,38,11,63
H??FEqs,60,11,64
H??FEqt,72,14,54
H??FEqu,53,13,54
H??FEqv,47,20,54
H??FEq{,66,13,86
H??FEq|,71,16,69
H??FEq},60,16,56
H??FEq~,57,23,50
H??FErE,42,8,76
H??FErS,54,8,66
H??FErT,76,13,55
H??FErU,54,13,59
H??FErV,57,21,62
H??FEr[,64,10,86
H??FEr\,82,15,57
H??FEr],61,17,54
H??FEr^,68,20,56
H??FErc,44,8,60
H??FErd,59,11,47
H??FEre,42,10,56
H??FErf,40,17,53
H??FErs,49,11,60
H??FErt,76,15,30
H??FEru,55,13,31
H??FErv,48,17,31
H??FEr{,68,20,56
H??FEr|,68,16,46
H??FEr},57,15,32
H??FEr~,47,19,18
H??FEuv,50,24,58
H??FEu{,50,15,55
H??FEu|,51,21,58
H??FEu},54,19,57
H??FEu~,58,26,56
H??FEvV,63,27,64
H??FEv[,60,13,59
H??FEv\,60,20,64
H??FEv],65,20,59
H??FEv^,70,25,61
H??FEvf,43,21,57
H??FEvs,43,13,32
H??FEvt,45,19,32
H??FEvu,45,16,35
H??FEvv,51,20,33
H??FEv{,46,15,17
H??FEv|,47,19,18
H??FEv},48,18,18
H??FEv~,48,22,20
H??FEy{,56,13,87
H??FEy|,75,18,89
H??FEy},59,17,64
H??FEy~,62,24,64
H??FEz[,62,12,82
H??FEz\,90,17,75
H??FEz],67,17,72
H??FEz^,72,21,75
H??FEzq,41,12,46
H??FEzr,45,17,46
H??FEzw,44,12,52
H??FEzx,78,17,35
H??FEzy,53,15,23
H??FEzz,54,20,24
H??FEz{,54,14,58
H??FEz|,73,18,59
H??FEz},61,17,27
H??FEz~,56,21,19
H??FE}},66,21,63
H??FE}~,71,28,61
H??FE~],74,24,70
H??FE~^,81,25,74
H??FE~y,54,18,26
H??FE~z,59,23,23
H??FE~{,59,17,14
H??FE~|,60,21,15
H??FE~},62,20,14
H??FE~~,62,24,16
H??FF?^,42,26,76
H??FFA[,42,6,72
H??FFA],40,9,79
H??FFA^,42,17,58
H??FFB[,62,8,66
H??FFB],48,10,50
H??FFB^,40,12,38
H??FFB{,72,27,36
H??FFB},44,11,45
H??FFB~,30,13,23
H??FFE^,48,22,60
H??FFF[,25,9,47
H??FFF],32,14,44
H??FFF^,42,15,42
H??FFF{,26,10,24
H??FFF},28,13,25
H??FFF~,30,16,26
H??FF_],52,18,110
H??FFaM,47,14,75
H??FFa],52,14,84
H??FFa^,50,22,71
H??FFbM,51,11,55
H??FFbN,40,16,54
H??FFb[,69,11,80
H??FFb\,64,13,55
H??FFb],57,13,51
H??FFb^,49,16,43
H??FFbk,57,9,69
H??FFbl,67,15,38
H??FFbm,59,12,39
H??FFbn,46,15,38
H??FFb{,77,26,51
H??FFb|,61,14,45
H??FFb},54,14,40
H??FFb~,39,17,22
H??FFf],46,15,47
H??FFf^,51,21,45
H??FFfk,36,11,43
H??FFfl,40,19,40
H??FFfm,36,14,49
H??FFfn,44,20,44
H??FFf{,38,13,21
H??FFf|,39,17,22
H??FFf},40,16,22
H??FFf~,40,21,23
H??FFr],61,18,51
H??FFr^,56,24,46
H??FFrs,41,11,80
H??FFrt,83,20,29
H??FFru,58,14,36
H??FFrv,49,21,34
H??FFr{,54,22,80
H??FFr|,76,19,45
H??FFr},62,16,34
H??FFr~,51,20,19
H??FFvu,48,17,39
H??FFvv,57,22,33
H??FFv{,50,16,18
H??FFv|,51,20,19
H??FFv},51,19,20
H??FFv~,52,23,21
H??FFz{,60,15,60
H??FFz|,65,18,77
H??FFz},64,18,30
H??FFz~,63,22,17
H??FF~},64,21,17
H??FF~~,65,25,18
H??FeWz,53,26,101
H??FeW{,36,12,132
H??FeW},53,22,120
H??FeW~,58,34,118
H??FeYj,61,17,76
H??FeYm,64,17,87
H??FeYr,47,17,57
H??FeYw,47,11,63
H??FeYy,46,16,58
H??FeYz,49,22,59
H??FeY{,54,13,76
H??FeY},53,18,69
H??FeY~,52,29,69
H??FeZM,63,22,113
H??FeZb,37,13,50
H??FeZg,52,10,38
H??FeZi,58,13,39
H??FeZj,58,16,46
H??FeZm,60,17,53
H??FeZo,34,10,36
H??FeZq,37,12,50
H??FeZr,42,18,48
H??FeZw,41,12,43
H??FeZy,50,15,26
H??FeZz,51,19,28
H??FeZ{,52,14,46
H??FeZ},57,17,31
H??FeZ~,54,22,20
H??Fe[~,63,45,117
H??Fe]z,56,28,56
H??Fe]},60,25,65
H??Fe]~,61,35,64
H??Fe^j,65,21,44
H??Fe^m,67,23,50
H??Fe^r,49,23,45
H??Fe^y,54,19,25
H??Fe^z,60,23,22
H??Fe^{,57,17,16
H??Fe^},58,22,16
H??Fe^~,59,26,17
H??FfO^,60,34,122
H??FfQV,50,23,81
H??FfQ^,58,29,82
H??FfRF,58,16,76
H??FfRM,61,15,67
H??FfRV,48,20,52
H??FfR[,52,12,80
H??FfR],63,16,51
H??FfR^,56,24,46
H??FfRc,27,9,54
H??FfRe,55,12,53
H??FfRf,58,18,56
H??FfRm,62,18,40
H??FfRs,40,11,59
H??FfRu,59,14,35
H??FfRv,52,18,34
H??FfR{,52,19,59
H??FfR},62,16,34
H??FfR~,50,21,19
H??FfV],52,21,53
H??FfV^,56,28,51
H??FfVf,63,27,54
H??FfVm,65,22,43
H??FfVu,45,17,42
H??FfVv,54,21,37
H??FfV{,50,16,18
H??FfV},50,20,20
H??FfV~,51,24,21
H??FfY],59,21,102
H??FfZM,66,17,86
H??FfZY,51,16,50
H??FfZ[,60,14,66
H??FfZ\,72,18,75
H??FfZ],59,18,58
H??FfZ^,58,27,59
H??FfZi,64,14,42
H??FfZk,63,13,54
H??FfZl,81,16,57
H??FfZm,68,19,53
H??FfZn,73,21,56
H??FfZq,41,13,54
H??FfZr,46,19,52
H??FfZw,48,13,43
H??FfZx,76,19,31
H??FfZy,55,16,27
H??FfZz,56,21,28
H??FfZ{,59,15,46
H??FfZ|,71,20,53
H??FfZ},63,18,31
H??FfZ~,60,23,19
H??Ff^^,61,34,58
H??Ff^n,79,26,55
H??Ff^z,61,26,25
H??Ff^{,61,18,17
H??Ff^|,61,23,18
H??Ff^},62,23,17
H??Ff^~,62,27,19
H??FfaN,46,28,91
H??FfbN,48,20,64
H??Ffbk,52,11,69
H??Ffbm,64,14,42
H??Ffbn,50,17,37
H??Ffb{,56,24,52
H??Ffb},63,15,39
H??Ffb~,44,18,22
H??Fffn,50,22,40
H??Fff{,42,14,22
H??Fff},43,18,23
H??Fff~,43,22,25
H??Ffrm,66,17,43
H??Ffrn,56,25,39
H??Ffrs,44,12,64
H??Ffrt,75,23,32
H??Ffru,64,15,38
H??Ffrv,54,23,35
H??Ffr{,53,22,65
H??Ffr|,76,21,38
H??Ffr},68,17,35
H??Ffr~,55,22,19
H??Ffvv,61,23,36
H??Ffv{,55,17,18
H??Ffv|,55,21,20
H??Ffv},55,21,20
H??Ffv~,56,25,21
H??Ffz{,64,16,48
H??Ffz|,68,19,66
H??Ffz},65,19,35
H??Ffz~,66,24,18
H??Ff~},66,24,18
H??Ff~~,67,28,19
H??FvjN,62,28,86
H??Fvjj,57,20,43
H??Fvjk,66,15,39
H??Fvjm,65,18,45
H??Fvjn,64,25,47
H??Fvjr,50,18,44
H??Fvju,70,23,27
H??Fvjy,61,17,27
H??Fvjz,63,23,26
H??Fvj{,66,16,30
H??Fvj},68,20,31
H??Fvj~,66,24,18
H??Fvnn,63,30,51
H??Fvn},67,24,17
H??Fvn~,67,28,19
H??Fvrf,58,29,48
H??Fvrs,58,14,54
H??Fvrv,58,30,24
H??Fvr{,60,20,40
H??Fvr},73,23,32
H??Fvr~,62,23,17
H??Fvvv,68,27,24
H??Fvv},62,22,18
H??Fvv~,63,26,19
H??Fvzu,67,19,33
H??Fvzy,63,18,31
H??Fvz{,70,17,32
H??Fvz|,73,20,51
H??Fvz},70,21,35
H??Fvz~,71,25,18
H??Fv~~,71,29,20
H??F~zz,70,25,19
H??F~z{,72,18,18
H??F~z},74,21,38
H??F~z~,74,26,20
H??F~~~,75,30,21
H?AA@Bw,0,0,0
H?AA@B{,20,2,29
H?AA@B},36,4,14
H?AA@B~,33,6,6
H?AA@bH,0,0,0
H?AA@bL,30,0,15
H?AA@bN,42,4,26
H?AA@bg,0,0,0
H?AA@bh,50,1,21
H?AA@bk,25,2,21
H?AA@bl,52,5,15
H?AA@bm,42,4,14
H?AA@bn,48,7,17
H?AA@bw,50,2,48
H?AA@bx,54,5,56
H?AA@b{,38,6,61
H?AA@b|,52,6,22
H?AA@b},48,6,26
H?AA@b~,42,8,5
H?AA@rD,30,0,18
H?AA@rF,38,0,46
H?AA@r_,0,0,0
H?AA@r`,55,2,12
H?AA@rc,22,0,20
H?AA@rd,51,3,24
H?AA@re,30,4,32
H?AA@rf,40,12,38
H?AA@ro,4,2,58
H?AA@rp,91,4,20
H?AA@rs,44,6,34
H?AA@rt,67,8,13
H?AA@ru,54,8,18
H?AA@rv,47,11,19
H?AA@rw,6,6,84
H?AA@rx,78,9,74
H?AA@r{,53,8,47
H?AA@r|,63,10,27
H?AA@r},46,10,28
H?AA@r~,44,13,8
H?AACJw,14,0,10
H?AACJy,25,2,9
H?AACJ{,18,2,20
H?AACJ|,42,3,15
H?AACJ},29,4,15
H?AACJ~,26,5,14
H?AAD@w,0,0,0
H?AAD@y,26,2,44
H?AAD@{,31,2,67
H?AAD@},51,4,41
H?AADBW,0,0,0
H?AADBX,41,8,26
H?AADBY,52,2,18
H?AADBZ,65,8,41
H?AADB[,28,2,27
H?AADB],47,4,21
H?AADBw,58,17,49
H?AADBx,56,7,52
H?AADBy,55,13,86
H?AADBz,67,11,50
H?AADB{,37,4,61
H?AADB|,48,4,18
H?AADB},42,6,33
H?AADB~,34,6,10
H?AADHZ,41,2,29
H?AADHw,19,0,14
H?AADHx,46,5,27
H?AADHy,30,2,22
H?AADHz,44,6,31
H?AADJW,19,0,11
H?AADJX,40,4,21
H?AADJY,32,2,26
H?AADJZ,42,7,31
H?AADJ[,25,2,23
H?AADJ\,48,5,25
H?AADJ],37,4,31
H?AADJ^,39,9,33
H?AADJw,26,2,20
H?AADJx,47,6,17
H?AADJy,36,5,13
H?AADJz,37,6,17
H?AADJ{,32,3,21
H?AADJ|,55,6,19
H?AADJ},37,6,17
H?AADJ~,32,7,16
H?AAD`J,38,0,28
H?AAD`K,0,0,0
H?AAD`L,37,3,24
H?AAD`M,19,0,26
H?AAD`N,46,9,43
H?AAD`g,0,0,0
H?AAD`h,58,4,19
H?AAD`i,54,2,10
H?AAD`j,70,6,38
H?AAD`k,61,2,32
H?AAD`l,52,7,25
H?AAD`m,56,5,43
H?AAD`n,51,9,39
H?AAD`w,24,2,90
H?AAD`x,77,6,47
H?AAD`y,63,6,78
H?AAD`z,81,7,48
H?AAD`{,61,5,60
H?AAD`|,62,12,30
H?AAD`},53,6,51
H?AAD`~,53,9,37
H?AADbH,54,5,19
H?AADbI,53,0,19
H?AADbJ,68,10,54
H?AADbK,39,0,18
H?AADbL,45,5,25
H?AADbM,42,4,38
H?AADbN,47,10,39
H?AADbg,12,2,90
H?AADbh,88,6,26
H?AADbi,77,6,57
H?AADbj,93,10,41
H?AADbk,52,4,40
H?AADbl,59,7,18
H?AADbm,57,6,27
H?AADbn,48,8,24
H?AADbw,22,12,122
H?AADbx,84,10,67
H?AADby,87,14,70
H?AADbz,86,12,62
H?AADb{,61,5,54
H?AADb|,59,7,24
H?AADb},47,7,34
H?AADb~,40,9,11
H?AADhi,26,4,36
H?AADhj,51,13,35
H?AADhy,45,8,37
H?AADhz,50,13,36
H?AADjI,33,2,43
H?AADjJ,46,10,48
H?AADjK,31,2,27
H?AADjL,54,6,30
H?AADjM,39,6,51
H?AADjN,45,14,49
H?AADji,42,7,32
H?AADjj,49,12,29
H?AADjk,35,6,22
H?AADjl,65,9,22
H?AADjm,46,8,26
H?AADjn,49,12,27
H?AADjw,33,7,24
H?AADjx,62,10,18
H?AADjy,42,9,15
H?AADjz,42,12,18
H?AADj{,40,8,24
H?AADj|,67,10,23
H?AADj},44,10,18
H?AADj~,41,13,11
H?AADpe,51,3,50
H?AADpf,52,9,47
H?AADpq,75,6,38
H?AADpr,90,10,44
H?AADps,44,4,57
H?AADpt,69,7,28
H?AADpu,56,8,46
H?AADpv,50,14,46
H?AADpw,24,6,90
H?AADpx,64,11,107
H?AADpy,45,9,99
H?AADpz,91,13,66
H?AADp{,36,8,91
H?AADp|,81,14,35
H?AADp},60,11,49
H?AADp~,55,15,47
H?AADrE,38,0,52
H?AADrF,51,10,51
H?AADra,67,5,54
H?AADrb,88,9,63
H?AADrc,37,2,45
H?AADrd,62,4,25
H?AADre,49,7,43
H?AADrf,46,13,41
H?AADro,13,6,83
H?AADrp,83,10,68
H?AADrq,57,10,68
H?AADrr,107,14,49
H?AADrs,29,7,60
H?AADrt,73,9,17
H?AADru,60,9,19
H?AADrv,51,12,21
H?AADrw,18,12,106
H?AADrx,48,14,145
H?AADry,57,15,93
H?AADrz,93,16,83
H?AADr{,32,9,79
H?AADr|,71,11,28
H?AADr},54,11,26
H?AADr~,46,14,10
H?AADxy,54,10,44
H?AADxz,55,16,46
H?AADze,43,8,49
H?AADzf,48,14,48
H?AADzq,45,9,34
H?AADzr,49,13,34
H?AADzs,28,8,36
H?AADzt,78,10,22
H?AADzu,51,10,23
H?AADzv,54,14,23
H?AADzy,51,11,16
H?AADzz,50,14,20
H?AADz{,29,10,49
H?AADz|,80,13,27
H?AADz},51,13,20
H?AADz~,45,16,14
H?AAEGy,13,0,20
H?AAEGz,44,5,35
H?AAEHw,22,0,14
H?AAEHx,45,3,30
H?AAEHy,29,2,23
H?AAEHz,40,3,29
H?AAEIw,20,0,13
H?AAEIx,40,2,18
H?AAEIy,32,2,29
H?AAEIz,39,3,30
H?AAEI{,28,2,25
H?AAEI|,47,3,22
H?AAEI},36,3,33
H?AAEI~,41,4,36
H?AAEJw,30,2,22
H?AAEJx,41,7,22
H?AAEJy,30,3,15
H?AAEJz,31,4,19
H?AAEJ{,36,3,24
H?AAEJ|,53,5,22
H?AAEJ},32,4,18
H?AAEJ~,27,5,18
H?AAEM{,31,2,39
H?AAEM|,41,5,35
H?AAENw,20,2,18
H?AAENx,24,4,17
H?AAEN{,23,3,19
H?AAEN|,26,5,19
H?AAEN},24,4,22
H?AAEN~,26,6,23
H?AAF?],46,2,48
H?AAF?^,45,8,45
H?AAF?{,42,2,66
H?AAF?|,53,3,34
H?AAF?},53,3,64
H?AAF?~,53,7,48
H?AAF@[,65,7,43
H?AAF@\,49,3,38
H?AAF@{,68,4,75
H?AAF@|,57,7,40
H?AAFA[,51,2,13
H?AAFA\,44,4,27
H?AAFA],50,3,52
H?AAFA^,43,7,46
H?AAFAw,39,16,77
H?AAFAx,69,7,49
H?AAFA{,52,3,65
H?AAFA|,53,4,27
H?AAFA},46,5,57
H?AAFA~,46,5,39
H?AAFBW,28,4,96
H?AAFBX,80,9,36
H?AAFB[,62,3,55
H?AAFB\,58,4,29
H?AAFB],52,4,40
H?AAFB^,41,5,35
H?AAFBw,52,31,103
H?AAFBx,86,10,65
H?AAFB{,70,9,65
H?AAFB|,58,5,27
H?AAFB},44,5,41
H?AAFB~,34,6,15
H?AAFHy,38,4,39
H?AAFHz,45,7,38
H?AAFI],38,4,54
H?AAFI^,45,10,53
H?AAFIy,38,4,39
H?AAFIz,44,7,39
H?AAFI{,36,3,38
H?AAFI|,58,6,32
H?AAFI},41,5,44
H?AAFI~,46,8,45
H?AAFJY,31,4,45
H?AAFJZ,41,8,41
H?AAFJ[,36,4,37
H?AAFJ\,63,7,34
H?AAFJ],33,5,43
H?AAFJ^,41,8,41
H?AAFJw,37,4,31
H?AAFJx,57,9,24
H?AAFJy,34,5,21
H?AAFJz,38,7,21
H?AAFJ{,44,5,32
H?AAFJ|,65,7,28
H?AAFJ},36,6,24
H?AAFJ~,33,8,19
H?AAFN],32,8,50
H?AAFN^,41,13,45
H?AAFN{,30,9,16
H?AAFN|,32,12,16
H?AAFN},31,10,19
H?AAFN~,32,13,20
H?AAF_m,60,4,56
H?AAF_n,50,11,56
H?AAF_},68,6,66
H?AAF_~,58,12,62
H?AAF`k,61,10,69
H?AAF`l,66,7,39
H?AAF`{,57,9,105
H?AAF`|,75,11,44
H?AAFaM,50,3,59
H?AAFaN,47,11,54
H?AAFak,72,4,38
H?AAFal,58,7,33
H?AAFam,58,6,53
H?AAFan,47,11,52
H?AAFa{,49,5,90
H?AAFa|,63,8,37
H?AAFa},57,7,57
H?AAFa~,51,10,47
H?AAFbK,58,5,57
H?AAFbL,56,7,42
H?AAFbM,48,6,58
H?AAFbN,42,12,54
H?AAFbg,12,4,140
H?AAFbh,100,13,55
H?AAFbk,49,8,79
H?AAFbl,71,8,29
H?AAFbm,60,7,33
H?AAFbn,46,9,33
H?AAFbw,20,22,166
H?AAFbx,83,19,105
H?AAFb{,59,12,89
H?AAFb|,68,9,33
H?AAFb},54,8,34
H?AAFb~,40,10,15
H?AAFim,41,8,61
H?AAFin,46,15,60
H?AAFi},46,10,52
H?AAFi~,49,15,53
H?AAFjM,34,7,67
H?AAFjN,42,15,63
H?AAFji,38,8,44
H?AAFjj,45,13,41
H?AAFjk,40,8,42
H?AAFjl,78,11,31
H?AAFjm,41,9,38
H?AAFjn,48,13,35
H?AAFjy,42,10,20
H?AAFjz,45,13,20
H?AAFj{,45,10,44
H?AAFj|,77,12,31
H?AAFj},42,11,25
H?AAFj~,40,14,16
H?AAFnm,46,10,40
H?AAFnn,55,15,34
H?AAFn},44,12,14
H?AAFn~,45,15,15
H?AAFo},66,12,78
H?AAFo~,57,18,81
H?AAFp{,46,10,120
H?AAFp|,76,20,60
H?AAFqu,56,9,56
H?AAFqv,49,15,56
H?AAFq{,32,9,109
H?AAFq|,71,15,46
H?AAFq},57,11,62
H?AAFq~,53,16,57
H?AAFre,49,8,53
H?AAFrf,46,14,50
H?AAFrs,40,9,81
H?AAFrt,77,14,30
H?AAFru,58,10,28
H?AAFrv,51,13,27
H?AAFrw,24,18,128
H?AAFrx,35,19,199
H?AAFr{,42,12,102
H?AAFr|,72,16,42
H?AAFr},53,14,31
H?AAFr~,48,15,12
H?AAFy},53,13,60
H?AAFy~,54,19,62
H?AAFzu,50,11,30
H?AAFzv,54,15,29
H?AAFzy,52,12,20
H?AAFzz,51,15,24
H?AAFz{,49,12,56
H?AAFz|,74,14,52
H?AAFz},52,13,25
H?AAFz~,51,16,13
H?AAF~},52,14,14
H?AAF~~,53,17,15
H?AB?qB,0,0,0
H?AB?qF,47,3,43
H?AB?qQ,0,0,0
H?AB?qU,36,0,39
H?AB?qY,32,0,64
H?AB?q],56,2,96
H?AB?rB,43,0,20
H?AB?rF,49,1,52
H?AB?rO,0,0,0
H?AB?rQ,31,1,16
H?AB?rR,78,2,34
H?AB?rS,30,2,10
H?AB?rU,45,5,28
H?AB?rV,55,8,54
H?AB?rY,52,3,57
H?AB?r],55,7,48
H?AB?rb,61,1,38
H?AB?rf,45,5,30
H?AB?ro,4,2,50
H?AB?rq,39,4,27
H?AB?rr,92,7,37
H?AB?rs,32,4,34
H?AB?ru,42,6,16
H?AB?rv,48,9,20
H?AB?rw,8,4,100
H?AB?ry,53,5,68
H?AB?rz,90,8,62
H?AB?r{,56,6,48
H?AB?r},49,8,27
H?AB?r~,43,10,12
H?AB?uF,68,30,88
H?AB?uU,71,18,86
H?AB?uY,55,7,88
H?AB?u],66,20,112
H?AB?vB,51,5,29
H?AB?vE,51,1,44
H?AB?vF,65,7,64
H?AB?vQ,69,3,36
H?AB?vR,72,4,36
H?AB?vS,68,6,30
H?AB?vU,68,8,41
H?AB?vV,64,10,56
H?AB?vY,74,6,56
H?AB?v],59,9,53
H?AB?va,65,1,29
H?AB?vb,69,7,36
H?AB?vc,26,2,35
H?AB?ve,35,5,40
H?AB?vf,52,10,38
H?AB?vo,31,3,29
H?AB?vq,85,6,37
H?AB?vr,84,8,25
H?AB?vs,41,7,22
H?AB?vu,46,9,22
H?AB?vv,51,11,22
H?AB?vw,26,5,50
H?AB?vy,75,16,59
H?AB?vz,78,10,33
H?AB?v{,39,8,13
H?AB?v},41,10,14
H?AB?v~,45,12,13
H?ABAaI,0,0,0
H?ABAaJ,52,4,40
H?ABAaM,33,0,24
H?ABAaN,53,12,68
H?ABAaY,52,4,59
H?ABAa],65,7,56
H?ABAag,0,0,0
H?ABAai,45,2,16
H?ABAaj,70,5,45
H?ABAak,30,2,16
H?ABAam,36,6,30
H?ABAan,48,10,41
H?ABAaw,50,2,92
H?ABAay,53,4,83
H?ABAaz,78,8,58
H?ABAa{,51,4,80
H?ABAa},61,7,42
H?ABAa~,53,10,36
H?ABAbI,45,1,20
H?ABAbJ,63,2,40
H?ABAbK,38,2,11
H?ABAbM,54,6,36
H?ABAbN,51,9,60
H?ABAbY,58,6,56
H?ABAb],63,6,39
H?ABAbg,20,2,66
H?ABAbi,57,3,35
H?ABAbj,82,5,39
H?ABAbk,45,4,49
H?ABAbm,53,6,21
H?ABAbn,45,8,27
H?ABAbw,48,7,99
H?ABAby,58,4,82
H?ABAbz,87,7,50
H?ABAb{,68,7,55
H?ABAb},50,7,31
H?ABAb~,41,9,10
H?ABAeJ,52,6,47
H?ABAeM,56,4,48
H?ABAeN,65,16,71
H?ABAeY,64,7,49
H?ABAe],62,11,62
H?ABAei,79,4,31
H?ABAej,67,7,38
H?ABAek,22,4,34
H?ABAem,43,8,48
H?ABAen,52,12,46
H?ABAew,37,4,36
H?ABAey,79,7,50
H?ABAez,76,10,40
H?ABAe{,43,6,41
H?ABAe},49,9,41
H?ABAe~,50,12,46
H?ABAfI,69,2,29
H?ABAfJ,70,3,35
H?ABAfK,52,3,29
H?ABAfM,62,6,44
H?ABAfN,67,8,60
H?ABAfY,77,5,37
H?ABAf],59,7,44
H?ABAfg,36,3,21
H?ABAfi,87,4,28
H?ABAfj,76,6,30
H?ABAfk,38,5,29
H?ABAfm,44,7,29
H?ABAfn,48,9,31
H?ABAfw,41,4,27
H?ABAfy,88,11,36
H?ABAfz,76,8,26
H?ABAf{,34,6,15
H?ABAf},37,8,15
H?ABAf~,40,10,15
H?ABAqE,28,0,32
H?ABAqF,60,10,77
H?ABAqQ,53,2,40
H?ABAqR,81,4,47
H?ABAqS,30,0,24
H?ABAqT,55,6,47
H?ABAqU,64,7,65
H?ABAqV,60,13,80
H?ABAqW,16,2,58
H?ABAqX,88,6,36
H?ABAqY,50,5,78
H?ABAqZ,95,10,71
H?ABAq[,46,6,67
H?ABAq\,52,13,63
H?ABAq],65,12,73
H?ABAq^,64,19,82
H?ABAqa,30,0,24
H?ABAqb,71,5,50
H?ABAqc,23,0,22
H?ABAqd,61,6,53
H?ABAqe,24,2,46
H?ABAqf,45,9,54
H?ABAqo,19,2,81
H?ABAqp,62,4,95
H?ABAqq,59,4,49
H?ABAqr,97,7,48
H?ABAqs,56,6,55
H?ABAqt,71,10,49
H?ABAqu,53,9,48
H?ABAqv,48,15,47
H?ABAqw,23,6,107
H?ABAqx,62,8,137
H?ABAqy,47,8,89
H?ABAqz,97,14,69
H?ABAq{,53,8,82
H?ABAq|,71,12,61
H?ABAq},58,11,51
H?ABAq~,54,16,47
H?ABArB,69,2,34
H?ABArD,61,5,48
H?ABArE,50,2,50
H?ABArF,55,10,71
H?ABArP,90,3,22
H?ABArQ,61,3,32
H?ABArR,93,4,36
H?ABArS,66,6,33
H?ABArT,70,11,39
H?ABArU,59,8,50
H?ABArV,61,13,56
H?ABArW,22,6,74
H?ABArX,89,7,65
H?ABArY,51,8,69
H?ABArZ,101,10,60
H?ABAr[,63,8,64
H?ABAr\,75,12,43
H?ABAr],61,10,50
H?ABAr^,63,14,55
H?ABAr`,60,4,62
H?ABAra,48,0,37
H?ABArb,86,5,49
H?ABArc,44,2,45
H?ABArd,55,5,48
H?ABAre,40,5,43
H?ABArf,40,12,48
H?ABAro,14,4,87
H?ABArp,77,6,85
H?ABArq,52,7,53
H?ABArr,108,8,37
H?ABArs,48,7,55
H?ABArt,69,10,31
H?ABAru,58,9,21
H?ABArv,48,12,24
H?ABArw,21,7,107
H?ABArx,68,12,130
H?ABAry,53,9,78
H?ABArz,102,11,63
H?ABAr{,62,9,61
H?ABAr|,61,11,45
H?ABAr},52,11,28
H?ABAr~,43,14,13
H?ABAuV,67,19,84
H?ABAuZ,91,14,66
H?ABAu[,55,11,84
H?ABAu\,59,19,87
H?ABAu],66,16,83
H?ABAu^,67,23,90
H?ABAuf,54,13,53
H?ABAur,89,10,36
H?ABAus,44,9,47
H?ABAut,55,15,40
H?ABAuu,44,12,54
H?ABAuv,52,18,50
H?ABAuw,27,8,64
H?ABAux,96,13,71
H?ABAuy,81,12,77
H?ABAuz,93,16,45
H?ABAu{,50,11,47
H?ABAu|,53,16,48
H?ABAu},53,14,50
H?ABAu~,56,19,51
H?ABAvF,67,12,74
H?ABAvR,85,6,37
H?ABAvS,69,8,40
H?ABAvT,71,12,47
H?ABAvU,65,10,55
H?ABAvV,68,14,61
H?ABAvW,37,7,44
H?ABAvX,105,9,57
H?ABAvY,90,10,53
H?ABAvZ,98,12,50
H?ABAv[,61,10,50
H?ABAv\,65,14,53
H?ABAv],64,12,56
H?ABAv^,67,16,60
H?ABAvb,82,8,38
H?ABAvc,36,5,49
H?ABAvd,47,9,44
H?ABAve,41,8,51
H?ABAvf,48,14,48
H?ABAvo,35,6,31
H?ABAvp,98,8,38
H?ABAvq,93,8,43
H?ABAvr,92,10,28
H?ABAvs,43,9,25
H?ABAvt,48,12,24
H?ABAvu,48,11,25
H?ABAvv,52,14,25
H?ABAvw,29,8,53
H?ABAvx,98,15,63
H?ABAvy,87,20,58
H?ABAvz,87,13,32
H?ABAv{,39,11,15
H?ABAv|,41,14,15
H?ABAv},40,13,17
H?ABAv~,44,16,15
H?ABBBW,52,2,50
H?ABBBY,51,4,77
H?ABBB[,57,2,53
H?ABBB],59,5,35
H?ABBBw,84,20,46
H?ABBBy,65,5,77
H?ABBBz,84,4,40
H?ABBB{,71,14,41
H?ABBB},48,7,35
H?ABBB~,36,6,13
H?ABBEZ,56,8,48
H?ABBE],44,2,50
H?ABBE^,59,12,49
H?ABBFW,31,0,19
H?ABBFY,66,3,43
H?ABBFZ,63,5,36
H?ABBF[,36,2,26
H?ABBF],43,6,31
H?ABBF^,42,9,37
H?ABBFw,39,2,22
H?ABBFy,79,6,35
H?ABBFz,72,6,21
H?ABBF{,30,4,16
H?ABBF},30,6,19
H?ABBF~,31,8,21
H?ABBaI,64,4,24
H?ABBaL,48,2,62
H?ABBaM,43,2,60
H?ABBaN,51,15,60
H?ABBaY,73,5,76
H?ABBaZ,76,14,70
H?ABBa[,36,4,79
H?ABBa\,55,11,74
H?ABBa],54,9,77
H?ABBa^,56,15,61
H?ABBbH,86,9,43
H?ABBbI,87,3,30
H?ABBbJ,86,8,39
H?ABBbK,74,4,34
H?ABBbL,67,8,42
H?ABBbM,58,7,43
H?ABBbN,49,10,41
H?ABBbW,19,4,138
H?ABBbX,80,7,89
H?ABBbY,75,7,70
H?ABBbZ,92,8,53
H?ABBb[,72,6,72
H?ABBb\,69,8,44
H?ABBb],56,8,46
H?ABBb^,49,10,37
H?ABBbg,12,4,116
H?ABBbh,92,13,49
H?ABBbi,84,6,43
H?ABBbj,98,7,39
H?ABBbk,65,6,55
H?ABBbl,66,8,36
H?ABBbm,60,8,32
H?ABBbn,46,10,32
H?ABBbw,20,13,143
H?ABBbx,86,6,97
H?ABBby,86,6,70
H?ABBbz,102,9,49
H?ABBb{,82,11,50
H?ABBb|,56,9,43
H?ABBb},48,9,39
H?ABBb~,40,11,14
H?ABBeN,55,20,65
H?ABBe[,29,7,60
H?ABBe\,47,17,68
H?ABBe],50,14,68
H?ABBe^,57,22,65
H?ABBfJ,78,7,35
H?ABBfK,36,5,39
H?ABBfL,51,12,37
H?ABBfM,44,8,48
H?ABBfN,51,14,45
H?ABBfW,45,6,29
H?ABBfX,103,9,41
H?ABBfY,92,8,44
H?ABBfZ,83,11,36
H?ABBf[,45,8,35
H?ABBf\,50,12,34
H?ABBf],49,10,37
H?ABBf^,51,14,39
H?ABBfg,43,5,22
H?ABBfh,99,7,30
H?ABBfi,99,6,31
H?ABBfj,84,9,33
H?ABBfk,40,7,33
H?ABBfl,46,11,31
H?ABBfm,45,9,34
H?ABBfn,49,13,34
H?ABBfw,48,7,26
H?ABBfx,111,11,38
H?ABBfy,100,15,35
H?ABBfz,85,11,25
H?ABBf{,36,9,15
H?ABBf|,37,12,16
H?ABBf},38,11,16
H?ABBf~,41,14,15
H?ABBqU,60,9,71
H?ABBqV,58,15,70
H?ABBq[,33,10,122
H?ABBq\,62,14,92
H?ABBq],59,15,82
H?ABBq^,54,21,81
H?ABBrE,52,3,53
H?ABBrF,53,8,49
H?ABBrQ,52,4,64
H?ABBrR,103,7,52
H?ABBrS,64,8,58
H?ABBrT,78,10,44
H?ABBrU,56,10,44
H?ABBrV,50,14,44
H?ABBrW,25,7,112
H?ABBrX,38,14,168
H?ABBrY,29,9,112
H?ABBrZ,98,14,75
H?ABBr[,51,11,94
H?ABBr\,81,12,50
H?ABBr],59,13,45
H?ABBr^,55,15,42
H?ABBra,58,2,59
H?ABBrb,100,6,54
H?ABBrc,51,4,62
H?ABBrd,65,6,49
H?ABBre,50,7,53
H?ABBrf,45,13,52
H?ABBro,18,5,97
H?ABBrp,62,8,119
H?ABBrq,45,8,73
H?ABBrr,109,9,52
H?ABBrs,40,9,72
H?ABBrt,79,10,31
H?ABBru,61,11,24
H?ABBrv,53,13,25
H?ABBrw,28,8,114
H?ABBrx,35,11,185
H?ABBry,35,11,108
H?ABBrz,99,12,81
H?ABBr{,49,12,82
H?ABBr|,68,12,46
H?ABBr},57,12,29
H?ABBr~,46,15,14
H?ABBu],58,17,81
H?ABBu^,59,25,84
H?ABBvU,48,11,49
H?ABBvV,53,16,48
H?ABBvY,89,11,76
H?ABBvZ,99,14,43
H?ABBv[,53,11,40
H?ABBv\,55,16,41
H?ABBv],55,13,44
H?ABBv^,56,18,46
H?ABBve,45,9,56
H?ABBvf,51,15,54
H?ABBvq,100,9,51
H?ABBvr,97,11,35
H?ABBvs,46,10,28
H?ABBvt,51,13,27
H?ABBvu,51,12,28
H?ABBvv,55,16,27
H?ABBvw,27,9,63
H?ABBvx,102,14,76
H?ABBvy,93,22,65
H?ABBvz,99,15,29
H?ABBv{,43,12,15
H?ABBv|,44,15,16
H?ABBv},43,14,18
H?ABBv~,44,17,19
H?ABCLZ,56,6,50
H?ABCLw,24,2,30
H?ABCLx,39,4,38
H?ABCLy,38,5,29
H?ABCLz,46,7,37
H?ABCMY,36,12,60
H?ABCMZ,58,17,79
H?ABCM[,45,4,61
H?ABCM\,55,9,68
H?ABCM],50,16,88
H?ABCM^,64,22,90
H?ABCNW,33,3,27
H?ABCNX,46,4,38
H?ABCNY,42,5,33
H?ABCNZ,50,6,43
H?ABCN[,49,4,35
H?ABCN\,51,5,43
H?ABCN],48,6,45
H?ABCN^,55,7,48
H?ABCNw,26,4,15
H?ABCNx,30,5,15
H?ABCNy,34,6,20
H?ABCNz,37,7,22
H?ABCN{,31,5,14
H?ABCN|,32,6,17
H?ABCN},33,7,15
H?ABCN~,34,8,18
H?ABCcN,56,12,106
H?ABCc\,54,6,84
H?ABCc],57,12,99
H?ABCc^,65,17,110
H?ABCdL,52,4,63
H?ABCdM,51,4,57
H?ABCdN,58,6,72
H?ABCdY,72,5,43
H?ABCdZ,66,8,45
H?ABCd[,57,4,51
H?ABCd\,58,5,63
H?ABCd],58,7,61
H?ABCd^,61,8,71
H?ABCdh,73,6,35
H?ABCdj,63,6,36
H?ABCdk,29,4,47
H?ABCdl,45,7,47
H?ABCdm,38,6,55
H?ABCdn,48,9,53
H?ABCdw,37,4,43
H?ABCdx,80,5,51
H?ABCdy,78,7,51
H?ABCdz,73,8,36
H?ABCd{,44,5,41
H?ABCd|,49,6,44
H?ABCd},43,8,48
H?ABCd~,51,9,48
H?ABCeJ,53,7,80
H?ABCeL,54,5,81
H?ABCeM,47,13,96
H?ABCeN,64,17,115
H?ABCeX,70,3,67
H?ABCeY,64,14,78
H?ABCeZ,67,15,93
H?ABCe[,45,3,84
H?ABCe\,55,7,92
H?ABCe],57,15,104
H?ABCe^,69,20,109
H?ABCfH,80,3,43
H?ABCfI,75,3,48
H?ABCfJ,68,4,54
H?ABCfK,51,5,42
H?ABCfL,61,5,54
H?ABCfM,49,6,57
H?ABCfN,58,7,70
H?ABCfW,46,3,35
H?ABCfX,98,6,48
H?ABCfY,88,6,50
H?ABCfZ,85,8,51
H?ABCf[,50,5,44
H?ABCf\,56,6,48
H?ABCf],51,7,52
H?ABCf^,61,8,52
H?ABCfg,43,4,30
H?ABCfh,87,5,44
H?ABCfi,92,5,47
H?ABCfj,82,6,38
H?ABCfk,37,5,30
H?ABCfl,43,6,31
H?ABCfm,39,7,34
H?ABCfn,48,8,32
H?ABCfw,46,6,38
H?ABCfx,93,10,57
H?ABCfy,85,13,62
H?ABCfz,77,9,35
H?ABCf{,35,6,14
H?ABCf|,38,7,15
H?ABCf},38,8,14
H?ABCf~,40,9,16
H?ABChY,44,4,36
H?ABChZ,63,8,55
H?ABChj,47,4,37
H?ABChw,34,2,34
H?ABChx,66,6,48
H?ABChy,37,5,30
H?ABChz,48,9,42
H?ABCiM,50,0,90
H?ABCiN,63,9,96
H?ABCiY,57,2,73
H?ABCiZ,61,8,85
H?ABCi],58,5,91
H?ABCi^,66,11,99
H?ABCjI,47,1,36
H?ABCjJ,58,4,58
H?ABCjK,43,2,30
H?ABCjL,65,4,33
H?ABCjM,61,5,54
H?ABCjN,59,7,69
H?ABCjW,37,3,26
H?ABCjX,58,5,28
H?ABCjY,56,5,38
H?ABCjZ,55,7,48
H?ABCj[,42,3,32
H?ABCj\,65,5,34
H?ABCj],55,6,49
H?ABCj^,57,8,56
H?ABCjg,27,2,27
H?ABCjh,55,5,39
H?ABCji,39,3,30
H?ABCjj,48,7,35
H?ABCjk,32,4,36
H?ABCjl,59,6,45
H?ABCjm,43,6,31
H?ABCjn,46,8,34
H?ABCjw,36,4,30
H?ABCjx,52,6,41
H?ABCjy,42,6,18
H?ABCjz,44,8,20
H?ABCj{,43,5,29
H?ABCj|,56,7,45
H?ABCj},44,7,21
H?ABCj~,40,9,16
H?ABCly,44,9,46
H?ABClz,50,12,46
H?ABCmN,71,31,122
H?ABCm[,50,5,99
H?ABCm\,63,11,102
H?ABCm],55,22,121
H?ABCm^,70,29,121
H?ABCnK,60,7,53
H?ABCnL,65,8,62
H?ABCnM,57,7,71
H?ABCnN,63,10,77
H?ABCnY,54,8,48
H?ABCnZ,55,11,55
H?ABCn[,56,6,48
H?ABCn\,58,9,54
H?ABCn],54,8,59
H?ABCn^,59,11,62
H?ABCng,33,5,34
H?ABCnh,40,7,33
H?ABCni,39,6,45
H?ABCnj,49,9,41
H?ABCnk,39,6,35
H?ABCnl,42,8,38
H?ABCnm,40,8,40
H?ABCnn,47,10,39
H?ABCnw,30,6,19
H?ABCnx,35,8,17
H?ABCny,40,8,24
H?ABCnz,44,10,24
H?ABCn{,36,7,17
H?ABCn|,38,9,18
H?ABCn},38,9,18
H?ABCn~,40,11,19
H?ABCoU,49,0,81
H?ABCo],59,1,108
H?ABCo^,62,10,120
H?ABCpE,19,0,32
H?ABCpF,57,4,65
H?ABCpS,45,2,33
H?ABCpT,57,5,40
H?ABCpU,62,4,54
H?ABCpV,62,7,66
H?ABCpY,65,6,62
H?ABCpZ,92,8,60
H?ABCp[,41,4,67
H?ABCp\,68,7,53
H?ABCp],64,8,68
H?ABCp^,62,11,81
H?ABCpb,56,0,44
H?ABCpc,20,0,36
H?ABCpd,52,2,50
H?ABCpe,21,1,38
H?ABCpf,47,9,52
H?ABCpo,16,2,54
H?ABCpp,86,4,78
H?ABCpq,65,4,16
H?ABCpr,92,8,44
H?ABCps,45,4,68
H?ABCpt,64,7,49
H?ABCpu,55,7,48
H?ABCpv,50,11,49
H?ABCpw,28,4,112
H?ABCpx,58,6,152
H?ABCpy,46,6,101
H?ABCpz,89,10,71
H?ABCp{,47,6,90
H?ABCp|,65,9,70
H?ABCp},59,9,52
H?ABCp~,55,12,50
H?ABCqE,51,1,38
H?ABCqF,63,15,77
H?ABCqQ,42,2,56
H?ABCqU,58,2,90
H?ABCqV,63,8,104
H?ABCqY,50,5,95
H?ABCqZ,80,7,109
H?ABCq],59,6,111
H?ABCq^,68,13,117
H?ABCrA,41,0,16
H?ABCrB,80,2,44
H?ABCrD,57,4,34
H?ABCrE,53,1,48
H?ABCrF,59,6,71
H?ABCrP,84,3,28
H?ABCrQ,70,4,45
H?ABCrR,99,4,49
H?ABCrS,46,4,34
H?ABCrT,66,6,33
H?ABCrU,61,7,49
H?ABCrV,60,9,61
H?ABCrW,20,4,78
H?ABCrX,76,5,80
H?ABCrY,57,8,88
H?ABCrZ,104,8,78
H?ABCr[,42,6,64
H?ABCr\,68,8,41
H?ABCr],59,8,54
H?ABCr^,60,10,62
H?ABCr`,63,6,78
H?ABCra,59,0,31
H?ABCrb,81,10,69
H?ABCrc,33,2,49
H?ABCrd,56,5,47
H?ABCre,42,5,41
H?ABCrf,46,10,44
H?ABCro,14,7,99
H?ABCrp,55,9,125
H?ABCrq,69,9,57
H?ABCrr,107,11,52
H?ABCrs,31,6,63
H?ABCrt,66,8,36
H?ABCru,57,8,23
H?ABCrv,48,10,26
H?ABCrw,19,13,118
H?ABCrx,57,17,157
H?ABCry,56,11,98
H?ABCrz,90,15,87
H?ABCr{,45,7,68
H?ABCr|,62,9,46
H?ABCr},53,9,29
H?ABCr~,44,11,15
H?ABCs^,64,29,147
H?ABCtV,66,11,73
H?ABCt[,59,8,73
H?ABCt\,62,12,80
H?ABCt],61,11,82
H?ABCt^,62,15,91
H?ABCtf,55,13,52
H?ABCtr,71,11,44
H?ABCts,41,7,42
H?ABCtt,46,10,43
H?ABCtu,46,10,54
H?ABCtv,53,14,53
H?ABCtw,31,6,71
H?ABCtx,82,10,78
H?ABCty,77,10,83
H?ABCtz,82,13,48
H?ABCt{,52,9,47
H?ABCt|,53,12,52
H?ABCt},51,12,54
H?ABCt~,56,15,55
H?ABCuV,69,26,130
H?ABCuZ,75,24,126
H?ABCu[,51,6,119
H?ABCu\,56,13,129
H?ABCu],61,24,135
H?ABCu^,69,32,141
H?ABCvF,70,10,73
H?ABCvR,83,6,55
H?ABCvS,66,8,43
H?ABCvT,66,10,54
H?ABCvU,59,9,62
H?ABCvV,61,12,70
H?ABCvW,40,5,63
H?ABCvX,100,8,82
H?ABCvY,91,8,81
H?ABCvZ,96,11,69
H?ABCv[,57,8,56
H?ABCv\,59,11,62
H?ABCv],58,10,64
H?ABCv^,62,13,68
H?ABCvb,71,11,62
H?ABCvc,38,6,46
H?ABCvd,46,9,45
H?ABCve,39,8,53
H?ABCvf,50,12,48
H?ABCvo,41,6,43
H?ABCvp,91,10,59
H?ABCvq,92,10,68
H?ABCvr,90,11,42
H?ABCvs,43,8,26
H?ABCvt,46,10,28
H?ABCvu,46,10,28
H?ABCvv,51,12,28
H?ABCvw,36,9,65
H?ABCvx,80,14,98
H?ABCvy,75,22,95
H?ABCvz,78,14,51
H?ABCv{,41,9,15
H?ABCv|,43,11,16
H?ABCv},43,11,16
H?ABCv~,46,13,16
H?ABCxy,45,11,52
H?ABCxz,46,16,55
H?ABCy],51,12,135
H?ABCy^,61,20,139
H?ABCzE,58,3,75
H?ABCzF,62,9,82
H?ABCzS,41,6,44
H?ABCzT,70,10,40
H?ABCzU,54,9,67
H?ABCzV,52,13,78
H?ABCzY,53,10,58
H?ABCzZ,53,14,65
H?ABCz[,37,8,54
H?ABCz\,69,12,49
H?ABCz],53,11,68
H?ABCz^,55,15,73
H?ABCza,34,3,51
H?ABCzb,47,9,54
H?ABCzc,23,4,54
H?ABCzd,61,6,53
H?ABCze,35,7,58
H?ABCzf,40,13,57
H?ABCzo,20,6,44
H?ABCzp,60,8,31
H?ABCzq,39,8,41
H?ABCzr,44,12,40
H?ABCzs,20,8,49
H?ABCzt,68,10,42
H?ABCzu,44,10,30
H?ABCzv,46,13,32
H?ABCzw,22,9,53
H?ABCzx,64,11,42
H?ABCzy,46,11,21
H?ABCzz,46,14,24
H?ABCz{,27,10,54
H?ABCz|,66,12,48
H?ABCz},44,12,28
H?ABCz~,40,15,20
H?ABC}],57,32,153
H?ABC}^,72,39,153
H?ABC~U,57,11,75
H?ABC~V,58,15,83
H?ABC~[,57,11,64
H?ABC~\,57,15,71
H?ABC~],55,13,75
H?ABC~^,56,17,81
H?ABC~e,41,10,59
H?ABC~f,49,16,55
H?ABC~q,45,10,41
H?ABC~r,52,14,38
H?ABC~s,43,10,31
H?ABC~t,46,13,32
H?ABC~u,46,12,33
H?ABC~v,52,15,31
H?ABC~w,36,11,18
H?ABC~x,37,14,19
H?ABC~y,47,13,24
H?ABC~z,49,16,25
H?ABC~{,41,12,17
H?ABC~|,44,15,16
H?ABC~},43,14,18
H?ABC~~,46,17,17
H?ABEC^,60,10,66
H?ABECz,67,6,39
H?ABEC{,31,2,55
H?ABEC|,50,6,52
H?ABEC},46,6,56
H?ABEC~,55,10,55
H?ABEDZ,61,6,35
H?ABED[,37,2,38
H?ABED\,55,3,54
H?ABED],43,5,40
H?ABED^,61,6,59
H?ABEDw,37,3,32
H?ABEDx,73,4,42
H?ABEDy,74,5,40
H?ABEDz,67,6,31
H?ABED{,39,3,39
H?ABED|,44,4,42
H?ABED},42,6,42
H?ABED~,47,7,45
H?ABEEZ,70,6,57
H?ABEE[,27,2,43
H?ABEE\,51,3,66
H?ABEE],43,7,46
H?ABEE^,57,8,70
H?ABEEw,44,3,37
H?ABEEx,81,6,57
H?ABEEy,70,8,66
H?ABEEz,67,8,51
H?ABEE{,40,3,38
H?ABEE|,44,4,42
H?ABEE},43,6,41
H?ABEE~,48,7,44
H?ABEFW,40,2,30
H?ABEFX,91,4,45
H?ABEFY,80,5,41
H?ABEFZ,80,6,50
H?ABEF[,27,3,34
H?ABEF\,54,4,50
H?ABEF],30,7,35
H?ABEF^,57,8,55
H?ABEFw,48,4,28
H?ABEFx,90,9,45
H?ABEFy,84,9,51
H?ABEFz,73,8,29
H?ABEF{,30,4,16
H?ABEF|,32,5,18
H?ABEF},33,6,16
H?ABEF~,33,7,20
H?ABEGY,23,0,22
H?ABEGy,22,5,39
H?ABEGz,52,10,46
H?ABEHY,38,4,36
H?ABEHZ,57,7,48
H?ABEHw,40,2,35
H?ABEHx,60,5,43
H?ABEHy,37,5,30
H?ABEHz,45,8,37
H?ABEIY,44,6,48
H?ABEIZ,55,9,56
H?ABEI[,33,2,40
H?ABEI\,49,6,41
H?ABEI],49,8,63
H?ABEI^,56,11,68
H?ABEIw,36,2,42
H?ABEIx,58,5,45
H?ABEIy,38,5,38
H?ABEIz,42,8,40
H?ABEI{,41,3,46
H?ABEI|,64,6,50
H?ABEI},42,6,42
H?ABEI~,44,9,46
H?ABEJW,28,3,29
H?ABEJX,58,4,29
H?ABEJY,41,5,34
H?ABEJZ,51,6,42
H?ABEJ[,46,4,34
H?ABEJ\,66,5,33
H?ABEJ],50,7,42
H?ABEJ^,56,7,47
H?ABEJw,39,3,30
H?ABEJx,47,6,37
H?ABEJy,37,5,18
H?ABEJz,36,7,23
H?ABEJ{,47,4,29
H?ABEJ|,52,6,41
H?ABEJ},39,6,21
H?ABEJ~,32,8,20
H?ABELy,39,7,44
H?ABELz,47,10,42
H?ABEM],50,10,75
H?ABEM^,59,15,76
H?ABEMy,37,7,46
H?ABEMz,44,10,45
H?ABEM{,41,5,44
H?ABEM|,43,8,48
H?ABEM},42,8,49
H?ABEM~,47,11,50
H?ABENY,41,5,44
H?ABENZ,53,8,49
H?ABEN[,52,4,43
H?ABEN\,54,7,49
H?ABEN],50,7,53
H?ABEN^,57,10,54
H?ABENw,26,4,20
H?ABENx,30,6,19
H?ABENy,34,6,26
H?ABENz,38,8,26
H?ABEN{,30,5,20
H?ABEN|,32,7,21
H?ABEN},31,7,22
H?ABEN~,33,9,23
H?ABE_M,54,4,62
H?ABE_Y,51,4,75
H?ABE_],68,9,67
H?ABE_^,59,15,79
H?ABE_i,52,3,17
H?ABE_k,53,2,71
H?ABE_l,64,8,56
H?ABE_m,50,5,57
H?ABE_n,53,11,53
H?ABE_y,65,5,91
H?ABE_z,84,10,66
H?ABE_{,51,4,98
H?ABE_|,71,8,71
H?ABE_},63,8,69
H?ABE_~,57,13,62
H?ABE`L,57,6,51
H?ABE`M,64,4,58
H?ABE`N,59,8,69
H?ABE`Y,78,5,55
H?ABE`Z,84,7,49
H?ABE`[,57,4,72
H?ABE`\,68,7,53
H?ABE`],69,7,59
H?ABE`^,62,10,68
H?ABE`i,87,4,19
H?ABE`j,86,7,40
H?ABE`k,64,5,67
H?ABE`l,62,8,47
H?ABE`m,59,6,52
H?ABE`n,50,10,50
H?ABE`w,29,7,139
H?ABE`x,70,6,116
H?ABE`y,72,5,91
H?ABE`z,90,9,54
H?ABE`{,67,6,87
H?ABE`|,61,9,62
H?ABE`},56,8,57
H?ABE`~,51,11,46
H?ABEaI,71,2,57
H?ABEaL,50,7,43
H?ABEaM,64,7,69
H?ABEaN,59,13,80
H?ABEaY,69,5,94
H?ABEaZ,93,9,74
H?ABEa[,45,4,65
H?ABEa\,50,8,54
H?ABEa],62,8,74
H?ABEa^,58,13,79
H?ABEah,82,4,82
H?ABEai,104,6,44
H?ABEaj,90,8,62
H?ABEak,62,5,61
H?ABEal,69,7,50
H?ABEam,59,7,51
H?ABEan,49,11,50
H?ABEaw,23,12,157
H?ABEax,70,10,127
H?ABEay,81,10,98
H?ABEaz,91,12,77
H?ABEa{,58,5,87
H?ABEa|,69,8,55
H?ABEa},55,8,58
H?ABEa~,52,11,45
H?ABEbH,93,3,29
H?ABEbI,87,3,48
H?ABEbJ,91,4,52
H?ABEbK,49,4,49
H?ABEbL,70,6,43
H?ABEbM,66,6,56
H?ABEbN,60,8,67
H?ABEbW,22,8,114
H?ABEbX,88,5,68
H?ABEbY,84,7,77
H?ABEbZ,104,7,60
H?ABEb[,61,5,70
H?ABEb\,71,7,39
H?ABEb],65,7,48
H?ABEb^,60,9,52
H?ABEbg,15,4,135
H?ABEbh,81,10,85
H?ABEbi,96,5,59
H?ABEbj,104,7,51
H?ABEbk,56,6,64
H?ABEbl,66,7,37
H?ABEbm,59,7,34
H?ABEbn,46,9,33
H?ABEbw,22,18,158
H?ABEbx,83,13,114
H?ABEby,95,9,86
H?ABEbz,104,11,61
H?ABEb{,73,8,62
H?ABEb|,56,8,44
H?ABEb},50,8,38
H?ABEb~,39,10,16
H?ABEcn,50,15,65
H?ABEc{,47,7,66
H?ABEc|,54,13,65
H?ABEc},48,11,73
H?ABEc~,54,17,73
H?ABEdN,64,12,77
H?ABEd[,58,6,62
H?ABEd\,61,10,69
H?ABEd],58,9,73
H?ABEd^,64,13,77
H?ABEdk,39,6,54
H?ABEdl,46,11,53
H?ABEdm,42,8,60
H?ABEdn,50,13,58
H?ABEdy,91,8,54
H?ABEdz,78,12,40
H?ABEd{,45,7,47
H?ABEd|,48,10,50
H?ABEd},44,10,54
H?ABEd~,51,13,53
H?ABEeN,64,18,89
H?ABEe[,52,7,76
H?ABEe\,53,12,85
H?ABEe],58,12,80
H?ABEe^,61,17,87
H?ABEej,77,9,58
H?ABEek,40,6,53
H?ABEel,49,11,50
H?ABEem,39,9,62
H?ABEen,48,14,59
H?ABEew,50,7,51
H?ABEex,99,11,70
H?ABEey,94,11,75
H?ABEez,83,13,58
H?ABEe{,44,7,48
H?ABEe|,48,10,50
H?ABEe},45,10,53
H?ABEe~,51,13,53
H?ABEfJ,80,5,59
H?ABEfK,52,6,54
H?ABEfL,64,8,63
H?ABEfM,50,7,69
H?ABEfN,62,10,78
H?ABEfW,49,5,42
H?ABEfX,108,6,57
H?ABEfY,99,7,56
H?ABEfZ,93,9,58
H?ABEf[,55,6,49
H?ABEf\,56,9,56
H?ABEf],55,8,58
H?ABEf^,60,11,61
H?ABEfg,49,5,34
H?ABEfh,98,8,47
H?ABEfi,107,6,49
H?ABEfj,89,9,42
H?ABEfk,37,6,37
H?ABEfl,43,8,37
H?ABEfm,39,8,41
H?ABEfn,47,10,39
H?ABEfw,54,7,39
H?ABEfx,105,12,59
H?ABEfy,104,15,57
H?ABEfz,85,12,35
H?ABEf{,35,7,18
H?ABEf|,37,9,19
H?ABEf},36,9,20
H?ABEf~,39,11,20
H?ABEhy,44,10,45
H?ABEhz,50,15,43
H?ABEi],60,14,76
H?ABEi^,62,19,84
H?ABEik,47,6,55
H?ABEil,74,11,55
H?ABEim,47,9,54
H?ABEin,47,16,58
H?ABEiy,45,10,44
H?ABEiz,48,15,45
H?ABEi{,45,8,57
H?ABEi|,76,12,56
H?ABEi},50,11,47
H?ABEi~,51,16,50
H?ABEjK,52,6,54
H?ABEjL,79,12,45
H?ABEjM,61,10,64
H?ABEjN,64,14,72
H?ABEjY,57,9,44
H?ABEjZ,57,13,51
H?ABEj[,56,8,44
H?ABEj\,78,12,40
H?ABEj],60,10,51
H?ABEj^,63,14,55
H?ABEji,41,7,42
H?ABEjj,48,12,39
H?ABEjk,40,7,43
H?ABEjl,72,10,39
H?ABEjm,44,9,35
H?ABEjn,46,13,37
H?ABEjw,44,8,36
H?ABEjx,58,11,39
H?ABEjy,42,10,20
H?ABEjz,43,13,22
H?ABEj{,50,9,37
H?ABEj|,63,11,43
H?ABEj},44,11,23
H?ABEj~,38,14,18
H?ABEmm,44,12,65
H?ABEmn,47,19,66
H?ABEm{,48,11,49
H?ABEm|,49,16,52
H?ABEm},47,14,56
H?ABEm~,51,19,56
H?ABEnM,57,10,83
H?ABEnN,60,16,89
H?ABEn[,57,10,54
H?ABEn\,59,14,59
H?ABEn],55,12,65
H?ABEn^,60,16,67
H?ABEnk,40,9,39
H?ABEnl,42,13,41
H?ABEnm,41,11,44
H?ABEnn,47,15,42
H?ABEny,41,12,25
H?ABEnz,44,15,25
H?ABEn{,36,11,18
H?ABEn|,38,14,18
H?ABEn},37,13,20
H?ABEn~,39,16,20
H?ABEo{,41,8,116
H?ABEo|,80,14,86
H?ABEo},65,12,79
H?ABEo~,56,20,80
H?ABEp[,51,8,94
H?ABEp\,79,14,67
H?ABEp],61,11,82
H?ABEp^,62,17,89
H?ABEpe,49,5,63
H?ABEpf,51,11,58
H?ABEps,51,7,82
H?ABEpt,70,9,53
H?ABEpu,56,9,56
H?ABEpv,51,15,54
H?ABEpy,44,9,117
H?ABEpz,93,14,80
H?ABEp{,52,9,107
H?ABEp|,70,14,72
H?ABEp},58,12,60
H?ABEp~,56,17,53
H?ABEqU,65,9,79
H?ABEqV,66,15,89
H?ABEq[,38,7,91
H?ABEq\,58,14,72
H?ABEq],62,13,90
H?ABEq^,62,20,98
H?ABEqe,50,5,62
H?ABEqf,51,11,58
H?ABEqs,54,7,69
H?ABEqt,76,11,56
H?ABEqu,58,10,53
H?ABEqv,51,16,53
H?ABEqw,28,14,128
H?ABEqx,44,18,191
H?ABEqy,45,14,128
H?ABEqz,93,19,104
H?ABEq{,44,9,103
H?ABEq|,80,13,63
H?ABEq},62,12,56
H?ABEq~,58,17,51
H?ABErE,62,5,69
H?ABErF,65,11,77
H?ABErS,59,7,54
H?ABErT,76,11,48
H?ABErU,58,9,63
H?ABErV,59,13,71
H?ABErW,26,8,102
H?ABErX,56,9,142
H?ABErY,45,10,115
H?ABErZ,108,12,89
H?ABEr[,54,9,87
H?ABEr\,79,13,51
H?ABEr],62,11,59
H?ABEr^,63,15,65
H?ABEra,74,6,64
H?ABErb,98,11,71
H?ABErc,47,4,66
H?ABErd,63,6,51
H?ABEre,48,7,55
H?ABErf,45,13,52
H?ABEro,16,9,110
H?ABErp,62,13,135
H?ABErq,64,10,76
H?ABErr,114,12,61
H?ABErs,40,8,73
H?ABErt,76,10,34
H?ABEru,59,10,27
H?ABErv,51,13,27
H?ABErw,25,16,124
H?ABErx,47,24,181
H?ABEry,53,15,112
H?ABErz,99,17,92
H?ABEr{,51,10,82
H?ABEr|,69,12,45
H?ABEr},54,12,32
H?ABEr~,45,15,15
H?ABEs},54,16,86
H?ABEs~,53,24,91
H?ABEt],57,14,97
H?ABEt^,60,20,102
H?ABEtu,46,12,62
H?ABEtv,50,18,62
H?ABEt{,52,12,53
H?ABEt|,50,17,59
H?ABEt},50,15,61
H?ABEt~,52,20,63
H?ABEu],63,17,100
H?ABEu^,61,24,110
H?ABEuu,46,13,61
H?ABEuv,50,19,61
H?ABEuy,86,18,112
H?ABEuz,89,20,73
H?ABEu{,53,12,52
H?ABEu|,53,17,56
H?ABEu},53,15,58
H?ABEu~,55,20,60
H?ABEvU,58,11,74
H?ABEvV,61,15,80
H?ABEvY,101,12,85
H?ABEvZ,102,13,77
H?ABEv[,58,11,63
H?ABEv\,60,15,68
H?ABEv],57,13,73
H?ABEv^,61,17,76
H?ABEve,41,9,60
H?ABEvf,47,15,58
H?ABEvq,105,12,70
H?ABEvr,95,13,48
H?ABEvs,44,10,30
H?ABEvt,47,13,31
H?ABEvu,47,12,32
H?ABEvv,51,15,32
H?ABEvw,41,12,67
H?ABEvx,91,19,98
H?ABEvy,94,26,88
H?ABEvz,89,17,48
H?ABEv{,42,12,16
H?ABEv|,44,15,16
H?ABEv},43,14,18
H?ABEv~,45,17,18
H?ABEy{,43,10,77
H?ABEy|,84,15,69
H?ABEy},55,13,58
H?ABEy~,56,19,60
H?ABEz[,58,10,64
H?ABEz\,85,14,57
H?ABEz],63,12,68
H?ABEz^,65,17,72
H?ABEze,42,8,60
H?ABEzf,47,14,59
H?ABEzs,38,9,49
H?ABEzt,80,11,39
H?ABEzu,51,11,29
H?ABEzv,54,15,29
H?ABEzy,52,12,20
H?ABEzz,53,15,22
H?ABEz{,48,11,53
H?ABEz|,74,14,47
H?ABEz},51,13,26
H?ABEz~,46,16,18
H?ABE}},56,16,63
H?ABE}~,59,22,63
H?ABE~],62,14,78
H?ABE~^,65,18,82
H?ABE~u,49,13,36
H?ABE~v,55,17,33
H?ABE~{,47,13,15
H?ABE~|,49,16,15
H?ABE~},49,15,16
H?ABE~~,50,18,17
H?ABF?Y,56,0,56
H?ABF?],48,4,76
H?ABF?^,50,11,65
H?ABF@Y,76,3,71
H?ABF@Z,74,5,54
H?ABF@[,60,2,82
H?ABF@\,64,3,59
H?ABF@],55,3,68
H?ABF@^,50,6,54
H?ABF@w,66,18,84
H?ABF@x,71,5,92
H?ABF@y,86,4,78
H?ABF@z,83,4,49
H?ABF@{,75,3,75
H?ABF@|,55,6,59
H?ABF@},52,4,64
H?ABF@~,46,5,48
H?ABFAY,84,7,91
H?ABFAZ,65,6,89
H?ABFA[,36,2,88
H?ABFA\,53,3,70
H?ABFA],45,4,86
H?ABFA^,51,9,60
H?ABFBW,42,13,127
H?ABFBX,71,8,97
H?ABFBY,97,10,77
H?ABFBZ,85,7,61
H?ABFB[,67,3,74
H?ABFB\,65,5,40
H?ABFB],51,5,54
H?ABFB^,45,5,38
H?ABFBw,65,29,106
H?ABFBx,88,12,89
H?ABFBy,111,11,76
H?ABFBz,101,8,51
H?ABFB{,77,11,52
H?ABFB|,52,5,42
H?ABFB},49,5,45
H?ABFB~,34,6,20
H?ABFD],44,6,60
H?ABFD^,52,11,58
H?ABFDy,84,5,47
H?ABFDz,72,8,37
H?ABFD{,39,4,47
H?ABFD|,43,7,49
H?ABFD},37,7,55
H?ABFD~,45,10,53
H?ABFE],41,8,71
H?ABFE^,55,14,63
H?ABFFY,86,8,59
H?ABFFZ,74,9,47
H?ABFF[,37,4,39
H?ABFF\,44,6,38
H?ABFF],37,7,44
H?ABFF^,44,9,43
H?ABFFw,53,5,32
H?ABFFx,102,11,47
H?ABFFy,100,11,49
H?ABFFz,82,10,29
H?ABFF{,29,5,21
H?ABFF|,31,7,22
H?ABFF},29,7,24
H?ABFF~,32,9,24
H?ABFHy,38,7,45
H?ABFHz,46,10,43
H?ABFI],40,10,70
H?ABFI^,49,15,68
H?ABFJY,35,7,38
H?ABFJZ,42,8,38
H?ABFJ[,49,5,46
H?ABFJ\,69,7,45
H?ABFJ],38,9,41
H?ABFJ^,44,9,43
H?ABFJw,39,5,36
H?ABFJx,50,9,40
H?ABFJy,34,7,25
H?ABFJz,38,9,25
H?ABFJ{,46,6,36
H?ABFJ|,56,8,44
H?ABFJ},36,8,28
H?ABFJ~,33,10,22
H?ABFN],37,11,48
H?ABFN^,43,15,46
H?ABFNy,33,10,29
H?ABFNz,39,13,26
H?ABFN{,31,9,20
H?ABFN|,32,12,21
H?ABFN},31,11,23
H?ABFN~,32,14,24
H?ABF`],64,9,70
H?ABF`^,51,14,67
H?ABF`k,51,10,92
H?ABF`l,63,11,56
H?ABF`m,58,8,64
H?ABF`n,46,13,62
H?ABF`y,68,8,113
H?ABF`z,95,11,64
H?ABF`{,54,11,111
H?ABF`|,63,12,69
H?ABF`},56,10,66
H?ABF`~,50,13,54
H?ABFa],54,10,90
H?ABFa^,53,17,74
H?ABFbK,63,7,74
H?ABFbL,69,8,53
H?ABFbM,57,8,55
H?ABFbN,44,12,54
H?ABFbY,63,12,125
H?ABFbZ,102,12,73
H?ABFb[,55,8,102
H?ABFb\,74,9,49
H?ABFb],58,9,53
H?ABFb^,49,11,44
H?ABFbg,14,6,156
H?ABFbh,76,12,110
H?ABFbi,82,7,91
H?ABFbj,109,9,62
H?ABFbk,42,7,91
H?ABFbl,70,9,42
H?ABFbm,60,9,41
H?ABFbn,45,11,40
H?ABFbw,27,23,170
H?ABFbx,70,16,145
H?ABFby,78,12,119
H?ABFbz,109,13,70
H?ABFb{,56,12,88
H?ABFb|,61,10,46
H?ABFb},54,10,40
H?ABFb~,39,12,19
H?ABFdm,43,10,68
H?ABFdn,50,17,65
H?ABFd{,45,10,53
H?ABFd|,48,15,54
H?ABFd},44,13,60
H?ABFd~,51,18,57
H?ABFfM,42,9,59
H?ABFfN,49,15,56
H?ABFf[,45,9,42
H?ABFf\,51,13,40
H?ABFf],45,11,48
H?ABFf^,51,15,46
H?ABFfi,112,8,60
H?ABFfj,95,11,48
H?ABFfk,38,8,42
H?ABFfl,45,12,39
H?ABFfm,40,10,46
H?ABFfn,49,14,41
H?ABFfw,52,10,48
H?ABFfx,113,15,64
H?ABFfy,111,19,62
H?ABFfz,96,14,33
H?ABFf{,37,10,18
H?ABFf|,38,13,19
H?ABFf},37,12,21
H?ABFf~,39,15,21
H?ABFj],48,11,45
H?ABFj^,50,15,47
H?ABFjk,35,8,56
H?ABFjl,79,12,41
H?ABFjm,43,10,43
H?ABFjn,49,14,41
H?ABFjy,44,11,23
H?ABFjz,48,14,22
H?ABFj{,43,10,51
H?ABFj|,69,12,45
H?ABFj},46,12,26
H?ABFj~,41,15,19
H?ABFnm,44,12,48
H?ABFnn,55,17,40
H?ABFn{,43,12,15
H?ABFn|,44,15,16
H?ABFn},43,14,18
H?ABFn~,44,17,19
H?ABFp{,51,10,121
H?ABFp|,62,19,87
H?ABFp},56,13,71
H?ABFp~,56,18,61
H?ABFrU,55,10,55
H?ABFrV,50,15,52
H?ABFr[,55,10,104
H?ABFr\,74,14,66
H?ABFr],56,12,58
H?ABFr^,55,16,49
H?ABFre,48,8,65
H?ABFrf,46,14,60
H?ABFrs,42,9,81
H?ABFrt,68,14,48
H?ABFru,57,11,36
H?ABFrv,52,14,32
H?ABFrw,34,18,128
H?ABFrx,40,24,209
H?ABFry,53,17,125
H?ABFrz,94,20,110
H?ABFr{,54,11,89
H?ABFr|,58,15,62
H?ABFr},53,13,39
H?ABFr~,48,16,16
H?ABFt},50,16,69
H?ABFt~,55,22,67
H?ABFv],54,14,52
H?ABFv^,57,19,52
H?ABFvu,49,13,36
H?ABFvv,55,17,33
H?ABFvy,100,38,86
H?ABFvz,93,18,54
H?ABFv{,48,13,14
H?ABFv|,49,16,15
H?ABFv},47,15,18
H?ABFv~,48,18,19
H?ABFz{,54,12,54
H?ABFz|,60,14,70
H?ABFz},52,15,29
H?ABFz~,51,18,16
H?ABF~},50,16,19
H?ABF~~,51,19,20
H?ABbQF,68,16,78
H?ABbQM,65,12,83
H?ABbQR,96,7,65
H?ABbQS,37,4,57
H?ABbQU,40,10,80
H?ABbQV,50,17,76
H?ABbQW,24,6,90
H?ABbQY,42,9,111
H?ABbQZ,100,14,86
H?ABbQ[,37,10,96
H?ABbQ],56,16,84
H?ABbQ^,50,26,80
H?ABbRB,95,6,25
H?ABbRE,62,8,56
H?ABbRF,59,14,67
H?ABbRI,57,7,64
H?ABbRM,62,13,57
H?ABbRQ,64,6,50
H?ABbRR,108,9,45
H?ABbRS,49,9,52
H?ABbRU,53,12,45
H?ABbRV,44,17,47
H?ABbRW,21,9,87
H?ABbRY,43,10,97
H?ABbRZ,111,15,61
H?ABbR[,55,11,66
H?ABbR],58,14,45
H?ABbR^,48,19,45
H?ABbRa,71,5,29
H?ABbRb,106,6,32
H?ABbRc,37,8,36
H?ABbRe,57,12,41
H?ABbRf,59,16,46
H?ABbRi,57,9,60
H?ABbRm,57,13,38
H?ABbRo,16,8,72
H?ABbRq,57,10,59
H?ABbRr,114,11,45
H?ABbRs,41,10,48
H?ABbRu,59,12,25
H?ABbRv,47,15,29
H?ABbRw,22,10,88
H?ABbRy,47,13,94
H?ABbRz,116,14,62
H?ABbR{,51,12,54
H?ABbR},53,14,31
H?ABbR~,41,18,16
H?ABbUV,58,26,72
H?ABbUZ,102,20,54
H?ABbU],51,24,81
H?ABbU^,59,32,77
H?ABbVF,75,15,64
H?ABbVM,70,19,55
H?ABbVR,98,12,30
H?ABbVU,45,16,47
H?ABbVV,53,20,44
H?ABbVY,97,15,64
H?ABbVZ,100,18,38
H?ABbV[,49,14,41
H?ABbV],52,18,42
H?ABbV^,55,22,43
H?ABbVb,90,9,27
H?ABbVe,63,12,35
H?ABbVf,75,14,43
H?ABbVi,101,12,37
H?ABbVm,64,16,37
H?ABbVq,106,11,43
H?ABbVr,100,14,29
H?ABbVs,45,12,27
H?ABbVu,48,14,29
H?ABbVv,54,17,27
H?ABbVw,39,11,49
H?ABbVy,100,19,61
H?ABbVz,94,16,33
H?ABbV{,37,14,19
H?ABbV},39,17,19
H?ABbV~,43,20,17
H?ABbaJ,100,10,58
H?ABbaN,58,20,76
H?ABbbJ,95,18,49
H?ABbbK,53,8,56
H?ABbbM,60,13,59
H?ABbbN,57,15,48
H?ABbbg,20,8,108
H?ABbbi,95,13,54
H?ABbbj,110,12,38
H?ABbbk,67,10,44
H?ABbbm,64,12,32
H?ABbbn,51,14,26
H?ABbbw,24,12,108
H?ABbby,105,11,64
H?ABbbz,119,13,44
H?ABbb{,74,16,30
H?ABbb},54,13,37
H?ABbb~,42,15,13
H?ABbeN,62,26,80
H?ABbfJ,84,11,45
H?ABbfM,50,16,54
H?ABbfN,58,22,50
H?ABbfi,107,11,32
H?ABbfj,91,13,28
H?ABbfk,48,11,25
H?ABbfm,52,14,25
H?ABbfn,53,17,28
H?ABbfw,54,11,25
H?ABbfy,113,15,37
H?ABbfz,95,14,23
H?ABbf{,38,12,15
H?ABbf},39,15,16
H?ABbf~,42,18,15
H?ABbqM,62,18,100
H?ABbrE,58,9,65
H?ABbrF,54,14,64
H?ABbrI,32,8,120
H?ABbrK,44,11,89
H?ABbrL,66,15,75
H?ABbrM,55,15,73
H?ABbrN,48,23,69
H?ABbra,66,7,53
H?ABbrb,115,11,44
H?ABbrc,51,10,49
H?ABbrd,71,12,37
H?ABbre,56,12,40
H?ABbrf,46,16,42
H?ABbrg,20,10,100
H?ABbrh,31,14,153
H?ABbri,37,11,106
H?ABbrj,113,15,64
H?ABbrk,50,12,68
H?ABbrl,71,14,41
H?ABbrm,58,14,40
H?ABbrn,49,18,38
H?ABbro,21,9,78
H?ABbrp,73,15,92
H?ABbrq,59,10,71
H?ABbrr,116,12,59
H?ABbrs,39,11,58
H?ABbrt,72,13,32
H?ABbru,62,13,29
H?ABbrv,52,16,30
H?ABbrw,28,11,93
H?ABbrx,33,13,170
H?ABbry,41,14,113
H?ABbrz,114,15,79
H?ABbr{,46,15,65
H?ABbr|,66,15,39
H?ABbr},57,15,33
H?ABbr~,44,19,17
H?ABbvN,57,27,66
H?ABbvf,54,18,40
H?ABbvj,106,16,34
H?ABbvk,51,14,33
H?ABbvl,52,18,35
H?ABbvm,55,17,33
H?ABbvn,55,21,36
H?ABbvr,106,15,35
H?ABbvs,50,13,28
H?ABbvt,54,16,28
H?ABbvu,53,15,30
H?ABbvv,58,19,28
H?ABbvw,35,12,61
H?ABbvx,116,18,74
H?ABbvy,103,21,71
H?ABbvz,106,18,30
H?ABbv{,41,15,19
H?ABbv|,42,18,20
H?ABbv},43,18,19
H?ABbv~,44,21,20
H?ABcXJ,61,8,102
H?ABcXb,37,4,39
H?ABcXj,57,12,63
H?ABcXp,51,6,42
H?ABcXr,47,8,45
H?ABcXw,24,6,51
H?ABcXx,60,10,62
H?ABcXy,35,10,45
H?ABcXz,44,14,59
H?ABcYF,100,2,102
H?ABcYJ,70,2,138
H?ABcYN,81,4,155
H?ABcZB,31,3,62
H?ABcZD,55,3,68
H?ABcZE,58,6,96
H?ABcZF,65,11,104
H?ABcZJ,55,8,107
H?ABcZK,31,3,78
H?ABcZL,52,6,86
H?ABcZM,53,8,109
H?ABcZN,57,18,112
H?ABcZ`,55,5,30
H?ABcZa,34,3,35
H?ABcZb,37,6,47
H?ABcZc,42,6,42
H?ABcZd,69,8,43
H?ABcZe,55,8,47
H?ABcZf,49,10,62
H?ABcZg,43,6,31
H?ABcZh,63,8,39
H?ABcZi,54,8,37
H?ABcZj,48,10,50
H?ABcZk,41,7,40
H?ABcZl,66,9,45
H?ABcZm,48,10,50
H?ABcZn,50,12,55
H?ABcZo,15,6,33
H?ABcZp,54,9,25
H?ABcZq,33,7,40
H?ABcZr,41,12,43
H?ABcZs,20,8,38
H?ABcZt,58,10,40
H?ABcZu,41,10,33
H?ABcZv,43,12,36
H?ABcZw,19,9,44
H?ABcZx,55,10,39
H?ABcZy,43,10,25
H?ABcZz,44,12,28
H?ABcZ{,25,9,44
H?ABcZ|,55,11,46
H?ABcZ},45,11,28
H?ABcZ~,40,14,21
H?ABc\x,50,13,54
H?ABc\z,56,17,53
H?ABc]N,97,43,160
H?ABc^F,78,20,102
H?ABc^L,73,14,100
H?ABc^N,73,25,106
H?ABc^d,62,11,48
H?ABc^e,62,11,48
H?ABc^f,61,13,58
H?ABc^h,55,10,43
H?ABc^j,56,13,48
H?ABc^k,54,9,45
H?ABc^l,57,11,49
H?ABc^m,51,13,53
H?ABc^n,54,14,58
H?ABc^p,32,11,17
H?ABc^q,46,12,38
H?ABc^r,57,15,32
H?ABc^s,43,10,31
H?ABc^t,50,12,29
H?ABc^u,45,12,34
H?ABc^v,54,14,30
H?ABc^w,35,10,20
H?ABc^x,42,12,16
H?ABc^y,46,12,26
H?ABc^z,51,14,25
H?ABc^{,41,11,18
H?ABc^|,44,13,18
H?ABc^},44,14,17
H?ABc^~,46,16,18
H?ABeGj,63,13,59
H?ABeGy,27,10,51
H?ABeGz,58,17,57
H?ABeHJ,70,9,73
H?ABeHi,50,8,30
H?ABeHj,67,11,42
H?ABeHw,46,6,38
H?ABeHx,62,11,48
H?ABeHy,43,10,37
H?ABeHz,51,13,44
H?ABeIJ,62,7,99
H?ABeIM,69,9,90
H?ABeIN,69,17,103
H?ABeIi,54,6,48
H?ABeIj,62,9,59
H?ABeIk,51,5,52
H?ABeIl,68,9,63
H?ABeIm,61,10,59
H?ABeIn,61,15,67
H?ABeIw,37,7,46
H?ABeIx,59,9,53
H?ABeIy,44,10,45
H?ABeIz,49,13,46
H?ABeI{,41,7,51
H?ABeI|,61,10,61
H?ABeI},48,11,49
H?ABeI~,52,15,50
H?ABeJI,41,5,58
H?ABeJJ,68,7,78
H?ABeJK,51,4,64
H?ABeJL,68,4,72
H?ABeJM,61,9,83
H?ABeJN,69,16,85
H?ABeJg,36,5,22
H?ABeJh,66,7,27
H?ABeJi,49,7,24
H?ABeJj,56,9,34
H?ABeJk,57,6,27
H?ABeJl,70,8,32
H?ABeJm,56,9,34
H?ABeJn,58,12,38
H?ABeJw,43,7,27
H?ABeJx,50,10,36
H?ABeJy,45,9,18
H?ABeJz,44,11,23
H?ABeJ{,49,8,27
H?ABeJ|,55,10,39
H?ABeJ},45,11,22
H?ABeJ~,39,14,17
H?ABeLy,46,13,49
H?ABeLz,53,16,48
H?ABeMl,60,11,72
H?ABeMm,58,15,70
H?ABeMn,63,18,75
H?ABeMy,41,13,54
H?ABeMz,49,17,51
H?ABeM{,46,10,52
H?ABeM|,49,13,55
H?ABeM},46,15,56
H?ABeM~,52,18,56
H?ABeNL,70,11,89
H?ABeNM,60,15,95
H?ABeNN,71,21,95
H?ABeNi,46,9,33
H?ABeNj,58,11,39
H?ABeNk,58,9,32
H?ABeNl,61,11,36
H?ABeNm,55,11,42
H?ABeNn,61,13,43
H?ABeNw,32,9,19
H?ABeNx,37,11,17
H?ABeNy,41,11,26
H?ABeNz,44,13,27
H?ABeN{,36,11,18
H?ABeN|,38,13,19
H?ABeN},37,13,20
H?ABeN~,39,15,21
H?ABeON,65,14,119
H?ABeOf,62,6,76
H?ABeOj,89,10,69
H?ABeOk,53,4,78
H?ABeOl,72,9,79
H?ABeOm,65,9,76
H?ABeOn,66,14,85
H?ABeOr,86,10,64
H?ABeOs,40,4,73
H?ABeOt,62,8,70
H?ABeOv,53,14,65
H?ABeOy,58,9,104
H?ABeOz,95,16,89
H?ABeO{,35,8,100
H?ABeO|,65,13,90
H?ABeO},64,14,78
H?ABeO~,54,20,82
H?ABePF,63,6,99
H?ABePJ,87,7,67
H?ABePL,63,4,93
H?ABePM,61,6,104
H?ABePN,67,12,111
H?ABePb,91,6,29
H?ABePd,70,7,49
H?ABePe,61,6,50
H?ABePf,63,9,58
H?ABePi,68,6,62
H?ABePj,102,11,49
H?ABePk,55,8,67
H?ABePl,69,10,64
H?ABePm,62,11,59
H?ABePn,59,14,71
H?ABePp,104,8,56
H?ABePq,91,8,20
H?ABePr,104,11,47
H?ABePs,46,9,65
H?ABePt,57,11,53
H?ABePu,55,10,56
H?ABePv,49,15,56
H?ABePw,29,7,99
H?ABePx,48,9,153
H?ABePy,52,10,108
H?ABePz,100,14,73
H?ABeP{,51,9,84
H?ABeP|,59,12,72
H?ABeP},59,13,58
H?ABeP~,51,16,59
H?ABeQF,72,14,106
H?ABeQJ,89,7,112
H?ABeQL,45,6,96
H?ABeQM,71,9,109
H?ABeQN,72,18,120
H?ABeQb,104,5,43
H?ABeQd,74,7,63
H?ABeQf,65,11,74
H?ABeQh,75,6,108
H?ABeQj,108,9,83
H?ABeQk,55,7,68
H?ABeQl,68,10,76
H?ABeQm,64,12,67
H?ABeQn,60,17,79
H?ABeQp,73,9,98
H?ABeQr,102,14,74
H?ABeQs,42,8,60
H?ABeQt,66,11,55
H?ABeQu,55,12,54
H?ABeQv,49,16,55
H?ABeQw,26,12,102
H?ABeQx,39,16,165
H?ABeQy,55,14,118
H?ABeQz,95,19,102
H?ABeQ{,46,9,77
H?ABeQ|,64,12,67
H?ABeQ},59,13,58
H?ABeQ~,55,17,54
H?ABeRB,90,4,60
H?ABeRD,64,2,81
H?ABeRE,59,7,86
H?ABeRF,67,11,102
H?ABeRH,76,2,90
H?ABeRI,60,6,94
H?ABeRJ,99,11,97
H?ABeRK,48,4,84
H?ABeRL,65,6,91
H?ABeRM,62,9,99
H?ABeRN,67,17,103
H?ABeR`,109,5,38
H?ABeRb,113,6,43
H?ABeRc,38,7,36
H?ABeRd,73,9,38
H?ABeRe,63,9,38
H?ABeRf,62,11,48
H?ABeRg,26,6,94
H?ABeRh,66,8,106
H?ABeRi,60,8,82
H?ABeRj,115,10,62
H?ABeRk,61,8,52
H?ABeRl,71,10,39
H?ABeRm,57,11,40
H?ABeRn,59,13,45
H?ABeRo,16,10,82
H?ABeRp,68,12,100
H?ABeRq,81,11,58
H?ABeRr,116,13,58
H?ABeRs,41,9,49
H?ABeRt,62,11,35
H?ABeRu,59,11,26
H?ABeRv,50,13,28
H?ABeRw,22,13,97
H?ABeRx,48,17,151
H?ABeRy,58,18,104
H?ABeRz,103,17,88
H?ABeR{,54,10,53
H?ABeR|,56,12,44
H?ABeR},54,12,32
H?ABeR~,43,15,17
H?ABeSn,69,19,92
H?ABeSv,56,18,70
H?ABeS|,57,18,81
H?ABeS},51,18,87
H?ABeS~,57,24,87
H?ABeTN,72,17,120
H?ABeTf,71,12,60
H?ABeTl,62,13,69
H?ABeTm,63,15,66
H?ABeTn,66,17,73
H?ABeTt,47,14,47
H?ABeTu,46,14,60
H?ABeTv,53,18,59
H?ABeTx,95,13,79
H?ABeTy,93,14,80
H?ABeTz,93,17,46
H?ABeT{,51,12,54
H?ABeT|,52,15,59
H?ABeT},49,16,61
H?ABeT~,53,19,63
H?ABeUN,76,26,129
H?ABeUf,68,15,82
H?ABeUj,103,12,72
H?ABeUl,58,13,85
H?ABeUm,65,17,74
H?ABeUn,64,20,85
H?ABeUr,90,14,61
H?ABeUt,56,15,49
H?ABeUv,53,19,58
H?ABeUx,97,18,101
H?ABeUz,93,20,69
H?ABeU{,51,12,54
H?ABeU|,52,15,59
H?ABeU},50,17,59
H?ABeU~,55,20,60
H?ABeVF,72,18,110
H?ABeVJ,90,15,95
H?ABeVL,65,11,111
H?ABeVM,66,16,105
H?ABeVN,69,22,113
H?ABeVb,90,9,41
H?ABeVd,65,11,45
H?ABeVe,55,11,44
H?ABeVf,65,13,54
H?ABeVh,113,11,63
H?ABeVi,110,10,56
H?ABeVj,105,14,49
H?ABeVk,58,10,40
H?ABeVl,60,12,45
H?ABeVm,58,14,45
H?ABeVn,62,15,49
H?ABeVp,104,14,58
H?ABeVr,103,15,38
H?ABeVs,45,11,28
H?ABeVt,50,13,28
H?ABeVu,44,13,34
H?ABeVv,51,15,32
H?ABeVw,43,12,65
H?ABeVx,100,18,90
H?ABeVy,96,21,91
H?ABeVz,91,17,46
H?ABeV{,40,12,18
H?ABeV|,41,14,20
H?ABeV},41,15,19
H?ABeV~,44,17,19
H?ABeWy,43,16,85
H?ABeXq,39,10,51
H?ABeXy,44,15,58
H?ABeXz,45,20,61
H?ABeYM,67,11,132
H?ABeYe,62,9,79
H?ABeYi,59,10,74
H?ABeYk,43,10,79
H?ABeYl,64,15,89
H?ABeYm,58,15,83
H?ABeYn,54,22,93
H?ABeYq,39,9,62
H?ABeYs,32,10,68
H?ABeYt,60,16,68
H?ABeYu,42,14,64
H?ABeYv,45,20,65
H?ABeYy,44,15,58
H?ABeYz,46,20,60
H?ABeY{,34,12,71
H?ABeY|,62,16,76
H?ABeY},46,16,64
H?ABeY~,48,22,65
H?ABeZE,59,10,111
H?ABeZI,58,8,104
H?ABeZK,48,8,97
H?ABeZL,66,9,105
H?ABeZM,58,14,115
H?ABeZN,64,22,118
H?ABeZa,39,7,44
H?ABeZc,51,9,50
H?ABeZd,72,12,48
H?ABeZe,58,12,51
H?ABeZf,55,14,63
H?ABeZi,54,12,42
H?ABeZj,52,14,51
H?ABeZk,53,11,44
H?ABeZl,70,13,47
H?ABeZm,52,14,51
H?ABeZn,55,16,55
H?ABeZo,30,10,37
H?ABeZp,55,12,29
H?ABeZq,40,11,45
H?ABeZr,44,16,44
H?ABeZs,32,11,41
H?ABeZt,58,16,43
H?ABeZu,43,14,34
H?ABeZv,45,17,36
H?ABeZw,33,12,46
H?ABeZx,52,15,45
H?ABeZy,44,14,26
H?ABeZz,42,17,31
H?ABeZ{,37,13,48
H?ABeZ|,57,15,48
H?ABeZ},44,15,31
H?ABeZ~,40,19,21
H?ABe]n,57,29,96
H?ABe]v,52,26,62
H?ABe]{,50,16,60
H?ABe]|,52,22,61
H?ABe]},50,22,63
H?ABe]~,55,27,62
H?ABe^N,67,31,123
H?ABe^f,60,17,66
H?ABe^k,58,13,46
H?ABe^l,60,16,50
H?ABe^m,56,18,52
H?ABe^n,59,19,57
H?ABe^r,52,20,40
H?ABe^s,43,14,34
H?ABe^t,48,18,32
H?ABe^u,44,16,38
H?ABe^v,52,19,34
H?ABe^w,36,14,20
H?ABe^x,37,18,20
H?ABe^y,45,17,28
H?ABe^z,47,20,29
H?ABe^{,39,15,21
H?ABe^|,42,19,19
H?ABe^},41,19,20
H?ABe^~,44,22,19
H?ABf?N,57,15,81
H?ABf?Z,82,14,80
H?ABf?^,58,17,79
H?ABf@J,85,8,47
H?ABf@N,60,12,68
H?ABf@Z,96,10,65
H?ABf@[,51,6,83
H?ABf@\,63,9,71
H?ABf@],66,9,79
H?ABf@^,52,15,65
H?ABf@i,128,6,34
H?ABf@j,99,9,36
H?ABf@k,46,6,65
H?ABf@l,69,9,52
H?ABf@m,71,9,50
H?ABf@n,59,12,61
H?ABf@w,30,7,115
H?ABf@x,86,9,94
H?ABf@y,103,7,106
H?ABf@z,102,11,57
H?ABf@{,60,7,76
H?ABf@|,59,11,62
H?ABf@},61,10,73
H?ABf@~,50,13,54
H?ABfAJ,95,7,74
H?ABfAN,59,18,83
H?ABfAZ,92,14,94
H?ABfA[,38,6,96
H?ABfA\,60,10,84
H?ABfA],57,10,98
H?ABfA^,57,17,70
H?ABfBJ,108,9,54
H?ABfBK,52,6,59
H?ABfBL,66,8,56
H?ABfBM,64,8,58
H?ABfBN,59,13,60
H?ABfBW,22,12,119
H?ABfBX,80,12,98
H?ABfBY,105,12,113
H?ABfBZ,107,12,68
H?ABfB[,58,7,67
H?ABfB\,61,9,50
H?ABfB],62,9,61
H?ABfB^,51,11,42
H?ABfBg,19,9,100
H?ABfBh,103,7,61
H?ABfBi,125,10,72
H?ABfBj,118,10,52
H?ABfBk,43,7,60
H?ABfBl,71,9,41
H?ABfBm,70,9,42
H?ABfBn,64,11,45
H?ABfBw,24,15,121
H?ABfBx,101,12,85
H?ABfBy,122,16,104
H?ABfBz,120,13,59
H?ABfB{,61,11,48
H?ABfB|,52,10,42
H?ABfB},57,10,50
H?ABfB~,40,12,18
H?ABfD\,53,14,65
H?ABfD^,55,19,69
H?ABfDl,60,11,61
H?ABfDm,44,12,54
H?ABfDn,65,15,64
H?ABfDy,102,12,56
H?ABfDz,86,17,40
H?ABfD{,46,10,52
H?ABfD|,49,13,55
H?ABfD},45,14,58
H?ABfD~,52,17,57
H?ABfEN,61,21,94
H?ABfE\,47,16,81
H?ABfE^,55,24,77
H?ABfFL,56,9,67
H?ABfFN,61,15,68
H?ABfFX,113,13,61
H?ABfFZ,90,15,51
H?ABfF[,45,9,42
H?ABfF\,48,11,45
H?ABfF],45,13,46
H?ABfF^,50,15,47
H?ABfFh,122,8,50
H?ABfFj,101,12,52
H?ABfFk,33,8,36
H?ABfFl,59,10,51
H?ABfFm,33,12,39
H?ABfFn,61,14,55
H?ABfFw,59,10,41
H?ABfFx,119,17,56
H?ABfFy,115,15,62
H?ABfFz,94,16,33
H?ABfF{,36,10,19
H?ABfF|,38,12,20
H?ABfF},35,13,22
H?ABfF~,38,15,22
H?ABfHY,43,14,64
H?ABfHi,54,12,44
H?ABfHy,45,14,49
H?ABfHz,52,19,46
H?ABfIM,59,13,88
H?ABfIY,45,12,75
H?ABfI],46,16,82
H?ABfI^,54,26,76
H?ABfJI,51,9,50
H?ABfJM,56,14,62
H?ABfJN,58,20,66
H?ABfJY,42,13,41
H?ABfJZ,48,17,39
H?ABfJ[,48,11,49
H?ABfJ\,64,14,52
H?ABfJ],44,15,45
H?ABfJ^,49,20,43
H?ABfJi,47,11,30
H?ABfJj,57,13,38
H?ABfJk,53,10,36
H?ABfJl,73,12,35
H?ABfJm,56,14,38
H?ABfJn,60,17,40
H?ABfJw,39,11,34
H?ABfJx,57,13,34
H?ABfJy,42,13,23
H?ABfJz,43,16,25
H?ABfJ{,43,12,36
H?ABfJ|,57,15,40
H?ABfJ},40,16,28
H?ABfJ~,36,20,19
H?ABfN[,46,15,43
H?ABfN\,47,19,46
H?ABfN],45,19,48
H?ABfN^,49,22,49
H?ABfNk,59,14,35
H?ABfNl,59,16,42
H?ABfNm,57,15,45
H?ABfNn,60,17,49
H?ABfNy,39,16,29
H?ABfNz,42,18,30
H?ABfN{,35,16,19
H?ABfN|,37,19,19
H?ABfN},35,18,22
H?ABfN~,37,20,23
H?ABfO],62,16,102
H?ABfPM,58,11,85
H?ABfPU,54,9,69
H?ABfPY,54,13,113
H?ABfP[,44,11,101
H?ABfP\,69,16,84
H?ABfP],60,16,80
H?ABfP^,52,23,79
H?ABfPe,61,8,61
H?ABfPi,67,10,76
H?ABfPk,53,10,80
H?ABfPl,69,14,73
H?ABfPm,55,14,75
H?ABfPn,56,19,81
H?ABfPq,95,10,48
H?ABfPs,42,12,78
H?ABfPt,64,13,55
H?ABfPu,54,12,66
H?ABfPv,50,19,61
H?ABfPy,51,14,122
H?ABfPz,104,18,82
H?ABfP{,46,12,98
H?ABfP|,63,16,75
H?ABfP},53,16,71
H?ABfP~,50,21,64
H?ABfQM,64,15,97
H?ABfQU,56,12,86
H?ABfQV,56,19,81
H?ABfQY,46,17,146
H?ABfQ[,34,11,111
H?ABfQ\,62,17,103
H?ABfQ],56,17,96
H?ABfQ^,55,27,86
H?ABfRE,64,9,67
H?ABfRF,65,13,76
H?ABfRI,54,9,107
H?ABfRK,53,10,80
H?ABfRL,65,14,77
H?ABfRM,58,14,72
H?ABfRN,57,20,79
H?ABfRQ,83,10,67
H?ABfRS,50,10,61
H?ABfRT,69,13,50
H?ABfRU,55,13,52
H?ABfRV,49,18,50
H?ABfRW,24,15,104
H?ABfRX,36,18,174
H?ABfRY,52,17,123
H?ABfRZ,107,21,93
H?ABfR[,52,12,79
H?ABfR\,68,15,57
H?ABfR],57,15,54
H?ABfR^,53,20,47
H?ABfRa,80,7,57
H?ABfRc,34,9,47
H?ABfRd,74,11,47
H?ABfRe,62,11,48
H?ABfRf,62,13,57
H?ABfRg,24,10,106
H?ABfRh,51,11,136
H?ABfRi,55,11,99
H?ABfRj,117,14,73
H?ABfRk,57,12,63
H?ABfRl,70,13,47
H?ABfRm,57,14,46
H?ABfRn,60,16,50
H?ABfRo,17,12,91
H?ABfRp,70,17,111
H?ABfRq,77,13,75
H?ABfRr,124,15,65
H?ABfRs,39,11,58
H?ABfRt,70,13,34
H?ABfRu,58,13,33
H?ABfRv,53,16,29
H?ABfRw,24,16,104
H?ABfRx,37,24,173
H?ABfRy,56,22,117
H?ABfRz,112,20,92
H?ABfR{,45,13,68
H?ABfR|,60,16,44
H?ABfR},51,15,39
H?ABfR~,43,19,18
H?ABfT^,54,28,83
H?ABfTn,62,22,84
H?ABfTv,52,23,65
H?ABfT{,49,16,61
H?ABfT|,47,21,67
H?ABfT},48,20,67
H?ABfT~,51,25,68
H?ABfU^,55,33,92
H?ABfVN,60,24,84
H?ABfVV,50,21,55
H?ABfVZ,94,22,66
H?ABfV[,50,15,47
H?ABfV\,50,19,51
H?ABfV],50,19,51
H?ABfV^,53,23,52
H?ABfVf,63,15,65
H?ABfVj,105,15,62
H?ABfVk,58,14,45
H?ABfVl,59,15,52
H?ABfVm,57,17,52
H?ABfVn,62,18,55
H?ABfVr,102,17,50
H?ABfVs,46,13,32
H?ABfVt,49,16,33
H?ABfVu,44,15,39
H?ABfVv,51,18,36
H?ABfVw,49,15,66
H?ABfVx,106,23,95
H?ABfVy,107,25,92
H?ABfVz,95,20,50
H?ABfV{,40,15,20
H?ABfV|,41,18,21
H?ABfV},41,18,21
H?ABfV~,44,21,20
H?ABfZ[,53,13,60
H?ABfZ\,72,16,62
H?ABfZ],52,16,52
H?ABfZ^,52,22,54
H?ABfZk,59,12,46
H?ABfZl,77,14,49
H?ABfZm,61,15,50
H?ABfZn,63,18,54
H?ABfZs,40,12,39
H?ABfZt,69,14,43
H?ABfZu,49,16,33
H?ABfZv,52,20,33
H?ABfZy,50,15,25
H?ABfZz,49,18,29
H?ABfZ{,44,14,47
H?ABfZ|,65,17,46
H?ABfZ},51,16,29
H?ABfZ~,45,20,20
H?ABf^],53,21,54
H?ABf^^,54,26,56
H?ABf^m,61,20,54
H?ABf^n,64,20,60
H?ABf^u,48,17,40
H?ABf^v,54,21,37
H?ABf^{,44,16,20
H?ABf^|,45,20,20
H?ABf^},46,20,19
H?ABf^~,47,23,20
H?ABf`M,63,12,79
H?ABf`m,63,13,68
H?ABf`n,47,17,66
H?ABf`y,85,12,113
H?ABf`z,105,15,67
H?ABf`{,47,15,94
H?ABf`|,61,14,68
H?ABf`},59,14,70
H?ABf`~,48,17,61
H?ABfaM,57,14,105
H?ABfbI,70,12,128
H?ABfbM,54,12,78
H?ABfbN,50,18,62
H?ABfbi,76,17,116
H?ABfbj,115,16,61
H?ABfbk,52,13,67
H?ABfbl,65,13,39
H?ABfbm,61,13,43
H?ABfbn,49,15,34
H?ABfbw,27,20,129
H?ABfbx,88,16,112
H?ABfby,92,19,117
H?ABfbz,121,17,70
H?ABfb{,54,16,60
H?ABfb|,56,14,42
H?ABfb},56,14,42
H?ABfb~,40,16,19
H?ABfd{,46,13,58
H?ABfd|,49,18,59
H?ABfd},45,17,64
H?ABfd~,51,22,62
H?ABffk,45,12,34
H?ABffl,49,15,34
H?ABffm,44,15,39
H?ABffn,49,18,38
H?ABffw,60,14,46
H?ABffx,123,19,66
H?ABffy,121,19,68
H?ABffz,105,17,32
H?ABff{,38,13,19
H?ABff|,39,16,20
H?ABff},36,16,23
H?ABff~,38,19,23
H?ABfjm,47,16,35
H?ABfjn,49,20,36
H?ABfjy,46,14,24
H?ABfjz,48,17,25
H?ABfj{,45,13,40
H?ABfj|,65,15,40
H?ABfj},44,18,28
H?ABfj~,39,22,19
H?ABfn{,41,18,16
H?ABfn|,41,21,18
H?ABfn},41,18,21
H?ABfn~,42,21,22
H?ABfp{,48,13,107
H?ABfp|,57,17,91
H?ABfp},52,17,81
H?ABfp~,49,22,73
H?ABfre,55,13,49
H?ABfrf,48,17,47
H?ABfrk,52,13,75
H?ABfrl,62,15,58
H?ABfrm,54,15,51
H?ABfrn,50,19,43
H?ABfrs,42,12,63
H?ABfrt,65,14,47
H?ABfru,60,14,38
H?ABfrv,55,17,33
H?ABfrw,32,17,107
H?ABfrx,38,22,192
H?ABfry,59,22,129
H?ABfrz,108,24,108
H?ABfr{,50,15,70
H?ABfr|,52,16,60
H?ABfr},52,16,44
H?ABfr~,46,20,19
H?ABft},49,21,74
H?ABft~,52,27,74
H?ABfvm,52,18,42
H?ABfvn,53,22,44
H?ABfvu,47,16,42
H?ABfvv,53,20,39
H?ABfvy,111,33,96
H?ABfvz,101,21,54
H?ABfv{,44,16,20
H?ABfv|,44,19,22
H?ABfv},45,19,21
H?ABfv~,46,22,22
H?ABfz{,47,15,50
H?ABfz|,55,17,64
H?ABfz},50,18,34
H?ABfz~,47,22,21
H?ABf~},48,21,21
H?ABf~~,49,24,22
H?ABrrF,62,18,74
H?ABrrb,112,12,68
H?ABrrc,46,12,46
H?ABrre,58,14,54
H?ABrrf,48,20,52
H?ABrro,23,11,54
H?ABrrq,28,15,125
H?ABrrr,115,17,76
H?ABrrs,51,13,48
H?ABrru,67,15,23
H?ABrrv,53,19,24
H?ABrrw,36,12,48
H?ABrry,29,14,139
H?ABrrz,112,16,96
H?ABrr{,50,14,41
H?ABrr},65,16,31
H?ABrr~,47,20,18
H?ABrvf,50,22,56
H?ABrvr,114,17,23
H?ABrvu,56,18,22
H?ABrvv,55,21,26
H?ABrvy,100,20,90
H?ABrvz,120,20,25
H?ABrv{,46,16,18
H?ABrv},47,19,19
H?ABrv~,48,22,20
H?ABvHZ,55,23,76
H?ABvHr,46,19,52
H?ABvHy,48,16,62
H?ABvHz,49,21,65
H?ABvIV,65,19,98
H?ABvIZ,51,19,98
H?ABvI[,32,12,99
H?ABvI\,59,19,104
H?ABvI^,51,28,101
H?ABvJF,75,14,91
H?ABvJR,41,12,51
H?ABvJS,53,11,56
H?ABvJT,55,14,61
H?ABvJV,53,19,68
H?ABvJZ,47,19,54
H?ABvJ[,49,13,50
H?ABvJ\,59,16,60
H?ABvJ],48,16,56
H?ABvJ^,49,22,57
H?ABvJb,39,10,71
H?ABvJc,54,10,68
H?ABvJd,64,11,69
H?ABvJe,57,12,75
H?ABvJf,65,22,69
H?ABvJq,42,13,36
H?ABvJr,40,15,43
H?ABvJs,56,12,36
H?ABvJt,60,14,24
H?ABvJu,55,14,29
H?ABvJv,57,17,31
H?ABvJw,37,13,34
H?ABvJx,53,15,37
H?ABvJy,49,15,26
H?ABvJz,46,18,32
H?ABvJ{,40,14,36
H?ABvJ|,59,16,37
H?ABvJ},48,16,32
H?ABvJ~,44,20,21
H?ABvM^,52,36,104
H?ABvNV,54,24,72
H?ABvN\,51,21,56
H?ABvN^,52,26,58
H?ABvNf,67,30,71
H?ABvNt,59,17,29
H?ABvNu,54,18,33
H?ABvNv,59,20,33
H?ABvNx,39,19,22
H?ABvNy,47,18,31
H?ABvNz,48,22,32
H?ABvN{,41,16,23
H?ABvN|,42,22,21
H?ABvN},42,20,23
H?ABvN~,45,23,22
H?ABv`N,57,20,91
H?ABv`f,58,14,71
H?ABv`j,105,18,93
H?ABv`k,38,12,80
H?ABv`l,56,16,82
H?ABv`n,48,22,80
H?ABv`r,110,15,73
H?ABv`s,42,11,67
H?ABv`t,58,15,57
H?ABv`u,67,15,61
H?ABv`v,56,19,65
H?ABv`y,43,13,196
H?ABv`z,103,19,99
H?ABv`{,43,13,84
H?ABv`|,56,18,76
H?ABv`},62,17,86
H?ABv`~,50,22,72
H?ABvaN,61,31,104
H?ABvbF,64,16,76
H?ABvbJ,102,17,115
H?ABvbK,42,12,76
H?ABvbL,56,16,82
H?ABvbN,49,24,77
H?ABvbb,120,13,71
H?ABvbc,42,11,43
H?ABvbd,55,13,49
H?ABvbf,54,17,55
H?ABvbg,22,14,72
H?ABvbh,31,17,134
H?ABvbj,111,21,92
H?ABvbk,46,13,53
H?ABvbl,61,15,44
H?ABvbm,64,15,56
H?ABvbn,50,19,43
H?ABvbo,27,11,50
H?ABvbp,45,12,111
H?ABvbr,121,16,84
H?ABvbs,34,13,44
H?ABvbt,62,14,36
H?ABvbu,70,14,42
H?ABvbv,61,17,42
H?ABvbw,28,15,61
H?ABvbx,32,24,140
H?ABvby,52,27,187
H?ABvbz,113,21,106
H?ABvb{,42,15,48
H?ABvb|,60,16,36
H?ABvb},60,16,52
H?ABvb~,44,20,21
H?ABvdn,49,26,85
H?ABvdv,59,23,68
H?ABvd|,49,22,73
H?ABvd},48,21,75
H?ABvd~,50,27,76
H?ABvfN,50,28,82
H?ABvff,55,19,61
H?ABvfj,103,20,57
H?ABvfl,51,18,43
H?ABvfn,51,22,46
H?ABvfr,106,18,58
H?ABvft,59,16,45
H?ABvfu,36,17,37
H?ABvfv,62,20,46
H?ABvfx,112,26,102
H?ABvfz,109,22,45
H?ABvf{,43,16,21
H?ABvf|,43,20,22
H?ABvf},43,19,23
H?ABvf~,45,22,23
H?ABvhy,55,17,63
H?ABvjM,49,18,83
H?ABvje,55,14,57
H?ABvji,50,15,40
H?ABvjk,55,14,36
H?ABvjl,67,16,45
H?ABvjm,54,16,42
H?ABvjn,53,22,44
H?ABvjq,46,14,38
H?ABvjs,63,13,36
H?ABvjt,67,15,23
H?ABvju,63,15,27
H?ABvjv,65,19,28
H?ABvjy,55,16,25
H?ABvjz,53,19,30
H?ABvj{,47,15,34
H?ABvj|,65,19,35
H?ABvj},55,17,30
H?ABvj~,49,21,20
H?ABvnn,52,26,48
H?ABvnv,66,21,32
H?ABvn{,48,17,20
H?ABvn|,47,23,20
H?ABvn},49,21,20
H?ABvn~,50,24,21
H?ABvpu,58,17,75
H?ABvpy,37,15,169
H?ABvp{,48,16,86
H?ABvp|,56,19,85
H?ABvp},58,18,84
H?ABvp~,52,23,78
H?ABvre,53,15,67
H?ABvrq,47,24,139
H?ABvrs,51,14,55
H?ABvrt,62,16,34
H?ABvru,60,16,36
H?ABvrv,51,20,31
H?ABvrw,40,16,56
H?ABvrx,33,23,154
H?ABvry,49,25,151
H?ABvrz,111,26,119
H?ABvr{,51,15,46
H?ABvr|,60,17,42
H?ABvr},58,17,44
H?ABvr~,49,21,20
H?ABvt~,53,30,79
H?ABvvv,52,23,33
H?ABvvz,117,24,46
H?ABvv{,49,17,19
H?ABvv|,48,21,21
H?ABvv},49,20,21
H?ABvv~,50,23,22
H?ABvz{,51,16,35
H?ABvz|,63,18,45
H?ABvz},56,18,34
H?ABvz~,50,24,21
H?ABv~},52,22,21
H?ABv~~,53,25,22
H?ACJAX,24,0,9
H?ACJA\,32,2,26
H?ACJA^,33,3,36
H?ACJBW,11,0,7
H?ACJBX,31,3,14
H?ACJB[,21,2,12
H?ACJB\,36,5,23
H?ACJB],48,3,15
H?ACJB^,39,6,27
H?ACJBw,16,2,10
H?ACJBx,32,4,12
H?ACJB{,22,4,10
H?ACJB|,36,6,18
H?ACJB},48,5,37
H?ACJB~,34,7,14
H?ACJaL,27,0,43
H?ACJaN,33,0,51
H?ACJbH,30,3,21
H?ACJbK,19,2,24
H?ACJbL,38,5,37
H?ACJbM,39,3,30
H?ACJbN,39,11,40
H?ACJbg,21,4,10
H?ACJbh,38,6,12
H?ACJbk,32,6,16
H?ACJbl,40,8,22
H?ACJbm,63,7,20
H?ACJbn,43,10,24
H?ACJbw,18,6,12
H?ACJbx,39,8,13
H?ACJb{,25,8,11
H?ACJb|,43,10,19
H?ACJb},54,9,33
H?ACJb~,40,12,13
H?ACJrE,30,0,42
H?ACJrF,40,10,49
H?ACJrc,26,4,33
H?ACJrd,36,6,38
H?ACJre,46,7,37
H?ACJrf,34,14,40
H?ACJro,16,6,14
H?ACJrp,37,8,15
H?ACJrs,30,8,17
H?ACJrt,40,10,22
H?ACJru,57,9,18
H?ACJrv,43,12,23
H?ACJrw,20,8,16
H?ACJrx,44,10,18
H?ACJr{,27,10,15
H?ACJr|,48,12,24
H?ACJr},57,11,30
H?ACJr~,44,14,17
H?ACKNw,15,0,15
H?ACKN{,22,2,16
H?ACKN},24,3,18
H?ACKN~,24,4,22
H?ACMM{,28,2,42
H?ACMM|,34,5,42
H?ACMM},30,3,48
H?ACMM~,41,6,43
H?ACMNw,23,2,20
H?ACMNx,25,4,21
H?ACMN{,27,3,20
H?ACMN|,29,5,21
H?ACMN},28,4,23
H?ACMN~,30,6,24
H?ACNHy,40,5,45
H?ACNHz,40,8,51
H?ACNIZ,34,10,52
H?ACNI\,33,8,55
H?ACNI],33,5,58
H?ACNI^,39,11,58
H?ACNJY,36,5,31
H?ACNJZ,38,7,35
H?ACNJ[,34,5,33
H?ACNJ\,37,7,36
H?ACNJ],38,6,36
H?ACNJ^,43,8,37
H?ACNJw,28,5,17
H?ACNJx,37,7,22
H?ACNJy,38,6,22
H?ACNJz,34,8,18
H?ACNJ{,32,6,17
H?ACNJ|,41,8,23
H?ACNJ},38,7,27
H?ACNJ~,35,9,21
H?ACNM],36,6,66
H?ACNM^,43,14,63
H?ACNN],39,8,41
H?ACNN^,46,12,38
H?ACNN{,34,9,17
H?ACNN|,35,12,18
H?ACNN},35,10,20
H?ACNN~,36,13,21
H?ACN`M,60,5,47
H?ACN`N,45,11,52
H?ACN`k,41,6,34
H?ACN`l,49,10,41
H?ACN`m,70,7,43
H?ACN`n,48,13,49
H?ACN`{,36,8,44
H?ACN`|,47,12,49
H?ACN`},60,9,63
H?ACN`~,52,14,51
H?ACNaN,43,11,58
H?ACNbL,42,6,42
H?ACNbM,59,6,43
H?ACNbN,44,12,44
H?ACNbh,44,8,18
H?ACNbk,43,7,20
H?ACNbl,43,9,25
H?ACNbm,68,8,23
H?ACNbn,47,11,26
H?ACNbw,33,8,14
H?ACNbx,45,10,17
H?ACNb{,38,9,13
H?ACNb|,45,11,22
H?ACNb},59,10,35
H?ACNb~,41,13,16
H?ACNjM,43,7,50
H?ACNjN,46,13,51
H?ACNji,45,8,24
H?ACNjj,44,11,29
H?ACNjk,42,8,27
H?ACNjl,43,11,30
H?ACNjm,46,9,29
H?ACNjn,48,12,31
H?ACNjy,47,10,21
H?ACNjz,41,13,16
H?ACNj{,41,10,14
H?ACNj|,49,12,23
H?ACNj},48,11,25
H?ACNj~,43,14,18
H?ACNnm,46,10,35
H?ACNnn,53,14,31
H?ACNn},45,12,18
H?ACNn~,46,15,19
H?ACNpu,57,9,54
H?ACNpv,47,14,56
H?ACNp{,35,10,59
H?ACNp|,49,14,63
H?ACNp},58,11,71
H?ACNp~,54,17,64
H?ACNre,52,9,38
H?ACNrf,44,15,37
H?ACNrs,44,9,19
H?ACNrt,44,11,23
H?ACNru,57,10,24
H?ACNrv,47,13,24
H?ACNrw,39,10,16
H?ACNrx,50,12,22
H?ACNr{,44,11,15
H?ACNr|,51,14,25
H?ACNr},56,14,35
H?ACNr~,47,15,18
H?ACNzu,49,11,24
H?ACNzv,51,14,25
H?ACNzy,51,14,25
H?ACNzz,52,15,13
H?ACNz{,52,12,11
H?ACNz|,55,14,27
H?ACNz},55,13,28
H?ACNz~,54,16,15
H?ACN~},56,14,15
H?ACN~~,57,17,16
H?AE@`H,0,0,0
H?AE@`L,54,2,59
H?AE@`g,0,0,0
H?AE@`h,57,4,26
H?AE@`k,44,2,59
H?AE@`l,81,7,56
H?AE@`w,22,2,104
H?AE@`x,65,6,74
H?AE@`{,74,6,109
H?AE@`|,74,8,78
H?AE@aH,0,0,0
H?AE@aJ,42,1,41
H?AE@aL,42,0,36
H?AE@ah,69,3,18
H?AE@ai,48,2,22
H?AE@aj,80,6,52
H?AE@ak,47,2,20
H?AE@al,70,7,43
H?AE@aw,20,2,98
H?AE@ax,106,5,29
H?AE@ay,58,4,92
H?AE@az,91,12,65
H?AE@a{,56,4,87
H?AE@a|,74,8,46
H?AE@bH,71,2,35
H?AE@bJ,63,3,44
H?AE@bL,41,2,47
H?AE@bN,40,4,40
H?AE@bg,12,11,81
H?AE@bh,82,6,87
H?AE@bi,57,3,35
H?AE@bj,94,6,44
H?AE@bk,37,3,56
H?AE@bl,64,6,38
H?AE@bm,47,4,19
H?AE@bn,45,7,28
H?AE@bw,27,16,165
H?AE@bx,93,16,107
H?AE@by,69,8,85
H?AE@bz,86,12,62
H?AE@b{,69,5,76
H?AE@b|,53,9,48
H?AE@b},48,6,34
H?AE@b~,39,8,13
H?AE@pc,32,0,63
H?AE@pd,67,5,64
H?AE@po,24,2,66
H?AE@pp,96,10,39
H?AE@ps,60,6,96
H?AE@pt,85,12,63
H?AE@pw,27,6,105
H?AE@px,80,14,109
H?AE@p{,59,8,131
H?AE@p|,78,14,100
H?AE@qb,80,4,54
H?AE@qd,72,6,54
H?AE@qp,105,5,30
H?AE@qq,75,4,47
H?AE@qr,99,7,62
H?AE@qs,67,6,53
H?AE@qt,85,12,47
H?AE@qw,24,6,96
H?AE@qx,138,9,49
H?AE@qy,47,10,105
H?AE@qz,103,15,92
H?AE@q{,50,8,104
H?AE@q|,86,14,60
H?AE@rB,54,7,59
H?AE@rD,37,1,58
H?AE@rF,35,0,63
H?AE@r_,9,1,58
H?AE@r`,98,5,65
H?AE@ra,34,1,50
H?AE@rb,85,7,68
H?AE@rc,22,2,60
H?AE@rd,59,5,53
H?AE@re,34,4,39
H?AE@rf,41,12,47
H?AE@ro,19,6,111
H?AE@rp,92,9,115
H?AE@rq,50,7,69
H?AE@rr,106,9,55
H?AE@rs,36,7,77
H?AE@rt,75,10,36
H?AE@ru,58,8,22
H?AE@rv,46,11,27
H?AE@rw,22,14,134
H?AE@rx,96,25,143
H?AE@ry,42,13,99
H?AE@rz,91,17,84
H?AE@r{,45,9,90
H?AE@r|,64,14,52
H?AE@r},53,10,28
H?AE@r~,44,13,13
H?AEAIw,23,0,32
H?AEAI{,34,2,41
H?AEAJw,27,2,34
H?AEAJy,31,3,14
H?AEAJ{,34,3,35
H?AEAJ},32,4,18
H?AEAJ~,30,5,15
H?AEB?w,0,0,0
H?AEB?{,53,2,134
H?AEB@Y,64,2,21
H?AEB@[,47,3,80
H?AEB@w,64,16,68
H?AEB@y,55,3,104
H?AEB@{,70,5,117
H?AEB@},59,6,70
H?AEBAX,62,2,76
H?AEBAY,48,2,25
H?AEBA[,40,2,24
H?AEBA],35,3,32
H?AEBAw,64,23,111
H?AEBAx,85,13,84
H?AEBAy,48,7,106
H?AEBA{,51,3,106
H?AEBA|,56,4,57
H?AEBA},56,5,47
H?AEBBW,24,14,90
H?AEBBX,77,9,70
H?AEBBY,66,3,46
H?AEBBZ,81,4,48
H?AEBB[,43,3,74
H?AEBB\,59,4,41
H?AEBB],54,4,26
H?AEBBw,94,35,88
H?AEBBx,92,16,84
H?AEBBy,63,10,95
H?AEBBz,86,8,50
H?AEBB{,69,11,82
H?AEBB|,50,5,45
H?AEBB},47,5,38
H?AEBB~,35,6,14
H?AEBH[,48,2,83
H?AEBH\,71,6,83
H?AEBHw,52,2,66
H?AEBHx,71,7,66
H?AEBH{,52,3,80
H?AEBH|,67,7,86
H?AEBIY,25,2,50
H?AEBIZ,39,7,50
H?AEBI[,39,2,57
H?AEBI\,63,6,59
H?AEBIw,34,2,52
H?AEBIx,57,5,55
H?AEBIy,38,3,40
H?AEBIz,43,6,41
H?AEBI{,40,3,56
H?AEBI|,67,6,57
H?AEBJW,34,2,41
H?AEBJX,57,5,42
H?AEBJY,34,3,43
H?AEBJZ,40,6,44
H?AEBJ[,37,3,48
H?AEBJ\,66,6,45
H?AEBJ],37,4,40
H?AEBJ^,39,7,44
H?AEBJw,38,3,40
H?AEBJx,49,7,44
H?AEBJy,37,4,19
H?AEBJz,39,6,21
H?AEBJ{,47,4,39
H?AEBJ|,56,6,48
H?AEBJ},40,5,21
H?AEBJ~,34,7,19
H?AEB_N,50,17,108
H?AEB_k,87,2,100
H?AEB_l,75,10,99
H?AEB_m,68,4,104
H?AEB_n,62,12,115
H?AEB_y,69,4,123
H?AEB_z,86,10,104
H?AEB_{,68,5,152
H?AEB_|,74,10,126
H?AEB_},71,6,123
H?AEB_~,69,13,127
H?AEB`J,72,7,51
H?AEB`L,66,7,88
H?AEB`M,52,2,72
H?AEB`N,56,10,94
H?AEB`h,106,7,32
H?AEB`i,100,5,39
H?AEB`j,93,8,46
H?AEB`k,81,4,91
H?AEB`l,86,8,68
H?AEB`m,71,5,68
H?AEB`n,62,9,79
H?AEB`w,30,12,150
H?AEB`x,91,12,100
H?AEB`y,86,6,100
H?AEB`z,91,9,71
H?AEB`{,95,6,119
H?AEB`|,74,9,93
H?AEB`},64,6,84
H?AEB`~,61,10,85
H?AEBaI,37,0,35
H?AEBaL,55,7,64
H?AEBaM,26,1,48
H?AEBaN,39,10,63
H?AEBai,93,3,51
H?AEBaj,96,6,58
H?AEBak,79,4,69
H?AEBal,69,7,59
H?AEBam,58,5,54
H?AEBan,46,10,54
H?AEBaw,23,18,183
H?AEBax,113,18,103
H?AEBay,68,8,104
H?AEBaz,94,10,76
H?AEBa{,70,5,105
H?AEBa|,72,8,63
H?AEBa},56,6,59
H?AEBa~,52,9,47
H?AEBbH,117,5,40
H?AEBbI,70,1,44
H?AEBbJ,87,8,59
H?AEBbK,65,2,53
H?AEBbL,54,7,59
H?AEBbM,43,4,51
H?AEBbN,39,11,58
H?AEBbg,15,13,154
H?AEBbh,109,9,82
H?AEBbi,91,5,56
H?AEBbj,108,7,47
H?AEBbk,67,5,81
H?AEBbl,73,7,40
H?AEBbm,60,6,34
H?AEBbn,45,8,35
H?AEBbw,20,28,186
H?AEBbx,112,20,108
H?AEBby,92,10,78
H?AEBbz,105,10,61
H?AEBb{,90,11,75
H?AEBb|,63,8,49
H?AEBb},51,7,38
H?AEBb~,41,9,15
H?AEBhk,60,6,87
H?AEBhl,83,12,85
H?AEBh{,60,8,97
H?AEBh|,76,14,102
H?AEBiy,47,8,44
H?AEBiz,48,13,47
H?AEBi{,46,8,67
H?AEBi|,78,12,66
H?AEBjK,38,4,62
H?AEBjL,61,8,66
H?AEBjM,34,6,68
H?AEBjN,39,14,67
H?AEBji,42,7,41
H?AEBjj,45,12,42
H?AEBjk,43,7,50
H?AEBjl,79,10,43
H?AEBjm,42,8,38
H?AEBjn,45,12,39
H?AEBjw,44,8,47
H?AEBjx,62,12,46
H?AEBjy,43,9,20
H?AEBjz,47,12,19
H?AEBj{,53,9,46
H?AEBj|,68,11,51
H?AEBj},44,10,24
H?AEBj~,40,13,17
H?AEBou,54,5,131
H?AEBov,56,12,141
H?AEBo{,38,8,196
H?AEBo|,70,18,164
H?AEBo},53,11,164
H?AEBo~,54,22,171
H?AEBpe,50,4,81
H?AEBpf,52,9,89
H?AEBpq,75,7,78
H?AEBpr,95,13,72
H?AEBps,63,7,120
H?AEBpt,82,13,81
H?AEBpu,54,8,81
H?AEBpv,52,14,90
H?AEBpw,28,12,144
H?AEBpx,42,15,204
H?AEBpy,47,9,144
H?AEBpz,89,15,105
H?AEBp{,55,9,164
H?AEBp|,75,15,118
H?AEBp},56,10,103
H?AEBp~,58,16,108
H?AEBqe,49,3,65
H?AEBqf,47,9,64
H?AEBqs,52,7,91
H?AEBqt,72,11,71
H?AEBqu,52,8,61
H?AEBqv,42,14,64
H?AEBqy,19,13,144
H?AEBqz,85,18,113
H?AEBq{,30,9,141
H?AEBq|,76,13,80
H?AEBq},54,10,66
H?AEBq~,49,15,62
H?AEBrE,35,0,70
H?AEBrF,43,11,72
H?AEBra,60,3,73
H?AEBrb,97,8,75
H?AEBrc,45,4,86
H?AEBrd,62,6,62
H?AEBre,48,7,55
H?AEBrf,40,14,56
H?AEBro,20,9,124
H?AEBrp,74,13,153
H?AEBrq,46,8,86
H?AEBrr,105,11,71
H?AEBrs,34,8,101
H?AEBrt,77,11,44
H?AEBru,56,9,31
H?AEBrv,44,12,35
H?AEBrw,23,22,142
H?AEBrx,49,31,208
H?AEBry,32,16,120
H?AEBrz,91,16,101
H?AEBr{,40,12,117
H?AEBr|,68,13,59
H?AEBr},54,11,33
H?AEBr~,42,14,19
H?AEBx{,55,10,130
H?AEBx|,67,16,141
H?AEBze,42,8,60
H?AEBzf,43,16,61
H?AEBzs,40,9,59
H?AEBzt,70,12,61
H?AEBzu,49,10,32
H?AEBzv,50,14,34
H?AEBzy,52,11,21
H?AEBzz,54,14,22
H?AEBz{,46,11,69
H?AEBz|,57,14,79
H?AEBz},51,14,25
H?AEBz~,48,15,17
H?AEDDw,38,2,44
H?AEDD{,39,3,39
H?AEDEZ,63,9,60
H?AEDEy,83,6,51
H?AEDFW,38,2,32
H?AEDFY,80,5,48
H?AEDFZ,75,5,40
H?AEDF[,33,3,36
H?AEDF],36,4,41
H?AEDFw,41,5,34
H?AEDFy,78,11,55
H?AEDFz,71,9,30
H?AEDF{,29,4,17
H?AEDF},33,5,17
H?AEDF~,36,6,18
H?AEDdk,42,5,43
H?AEDdl,46,9,45
H?AEDdw,44,5,59
H?AEDdx,85,8,77
H?AEDd{,45,6,48
H?AEDd|,45,9,54
H?AEDej,82,11,67
H?AEDel,60,14,79
H?AEDey,98,10,72
H?AEDez,97,14,69
H?AEDe{,52,8,70
H?AEDe|,54,13,76
H?AEDfJ,72,9,63
H?AEDfL,41,10,57
H?AEDfM,35,6,67
H?AEDfN,45,12,63
H?AEDfh,103,6,44
H?AEDfi,108,7,47
H?AEDfj,91,8,41
H?AEDfk,39,6,35
H?AEDfl,43,8,37
H?AEDfm,43,7,38
H?AEDfn,49,9,38
H?AEDfw,52,8,40
H?AEDfx,93,12,71
H?AEDfy,101,13,62
H?AEDfz,85,11,36
H?AEDf{,36,7,17
H?AEDf|,39,9,17
H?AEDf},40,8,17
H?AEDf~,42,10,18
H?AEDg},58,10,92
H?AEDg~,58,20,98
H?AEDhM,36,4,64
H?AEDhN,41,11,65
H?AEDhi,40,6,44
H?AEDhj,47,12,41
H?AEDhk,50,6,52
H?AEDhl,75,10,55
H?AEDhm,45,7,48
H?AEDhn,46,13,51
H?AEDhy,45,8,46
H?AEDhz,46,13,49
H?AEDh{,46,8,67
H?AEDh|,63,12,81
H?AEDh},50,9,49
H?AEDh~,48,14,55
H?AEDiN,58,17,109
H?AEDil,84,18,58
H?AEDim,58,11,84
H?AEDin,61,19,90
H?AEDiy,56,11,63
H?AEDiz,56,18,69
H?AEDi{,63,10,62
H?AEDi|,87,17,56
H?AEDi},60,14,69
H?AEDi~,63,18,75
H?AEDjJ,43,10,64
H?AEDjL,65,8,62
H?AEDjM,36,6,66
H?AEDjN,40,14,66
H?AEDji,41,7,42
H?AEDjj,47,12,40
H?AEDjk,47,7,46
H?AEDjl,79,10,43
H?AEDjm,44,8,36
H?AEDjn,46,12,38
H?AEDjw,48,9,42
H?AEDjx,62,11,47
H?AEDjy,43,9,20
H?AEDjz,46,12,20
H?AEDj{,56,10,42
H?AEDj|,69,12,49
H?AEDj},44,10,24
H?AEDj~,39,13,18
H?AEDou,51,5,97
H?AEDov,60,11,99
H?AEDoy,59,10,120
H?AEDoz,91,14,115
H?AEDo{,38,8,134
H?AEDo|,77,16,87
H?AEDo},53,12,111
H?AEDo~,63,20,109
H?AEDpe,50,4,54
H?AEDpf,47,9,54
H?AEDpq,77,9,67
H?AEDpr,86,13,81
H?AEDps,54,9,87
H?AEDpt,71,11,61
H?AEDpu,56,8,46
H?AEDpv,47,13,48
H?AEDpw,32,13,155
H?AEDpx,73,25,188
H?AEDpy,50,13,124
H?AEDpz,78,17,109
H?AEDp{,43,9,128
H?AEDp|,62,13,94
H?AEDp},58,10,62
H?AEDp~,54,15,57
H?AEDqf,62,13,96
H?AEDqr,101,10,78
H?AEDqt,89,16,57
H?AEDqu,54,11,85
H?AEDqv,63,16,86
H?AEDqx,129,17,106
H?AEDqy,46,15,129
H?AEDqz,100,19,112
H?AEDq{,54,11,125
H?AEDq|,93,17,66
H?AEDq},60,16,80
H?AEDq~,66,19,84
H?AEDrF,45,11,70
H?AEDrb,86,11,83
H?AEDrd,67,6,57
H?AEDre,51,7,52
H?AEDrf,47,13,50
H?AEDrp,91,18,131
H?AEDrq,65,10,75
H?AEDrr,100,12,75
H?AEDrs,44,8,91
H?AEDrt,78,10,44
H?AEDru,59,9,28
H?AEDrv,50,12,29
H?AEDrw,37,25,136
H?AEDrx,83,42,163
H?AEDry,57,22,101
H?AEDrz,84,20,104
H?AEDr{,52,15,102
H?AEDr|,67,13,60
H?AEDr},55,11,32
H?AEDr~,47,14,14
H?AEDt{,53,10,54
H?AEDt|,50,15,61
H?AEDuy,95,19,106
H?AEDuz,103,20,93
H?AEDu{,58,14,84
H?AEDu|,59,20,90
H?AEDve,44,8,58
H?AEDvf,49,14,57
H?AEDvq,104,12,71
H?AEDvr,97,12,47
H?AEDvs,46,9,29
H?AEDvt,47,12,32
H?AEDvu,48,10,33
H?AEDvv,51,13,34
H?AEDvw,37,14,69
H?AEDvx,76,21,111
H?AEDvy,83,25,100
H?AEDvz,86,19,49
H?AEDv{,43,11,16
H?AEDv|,45,14,16
H?AEDv},45,12,18
H?AEDv~,48,15,17
H?AEDxu,46,9,53
H?AEDxv,47,14,56
H?AEDxy,49,10,58
H?AEDxz,48,16,62
H?AEDx{,39,10,94
H?AEDx|,70,15,97
H?AEDx},54,11,61
H?AEDx~,54,17,64
H?AEDyu,59,12,94
H?AEDyv,63,17,100
H?AEDy{,58,12,95
H?AEDy|,96,18,78
H?AEDy},61,19,89
H?AEDy~,64,22,96
H?AEDze,41,8,61
H?AEDzf,44,15,61
H?AEDzq,45,9,42
H?AEDzr,47,13,44
H?AEDzs,41,9,58
H?AEDzt,84,11,48
H?AEDzu,46,10,35
H?AEDzv,48,14,36
H?AEDzy,51,11,22
H?AEDzz,53,14,23
H?AEDz{,47,12,67
H?AEDz|,76,15,59
H?AEDz},50,13,27
H?AEDz~,45,15,20
H?AEECz,52,4,56
H?AEEC{,15,0,40
H?AEEC},43,5,48
H?AEEC~,50,10,48
H?AEEDw,28,2,30
H?AEEDy,61,8,50
H?AEEDz,53,7,44
H?AEED{,32,2,38
H?AEED},36,4,41
H?AEED~,38,6,46
H?AEEEy,57,9,60
H?AEEEz,60,8,44
H?AEEE{,27,4,41
H?AEEE},36,4,41
H?AEEE~,43,4,43
H?AEEFw,34,6,30
H?AEEFy,73,13,42
H?AEEFz,66,10,23
H?AEEF{,24,3,18
H?AEEF},28,4,18
H?AEEF~,29,5,21
H?AEEG{,29,1,54
H?AEEHw,29,0,43
H?AEEHy,33,2,37
H?AEEH{,39,3,54
H?AEEH},36,3,42
H?AEEIx,53,3,48
H?AEEIy,30,3,39
H?AEEI{,39,2,55
H?AEEI|,62,4,51
H?AEEI},33,4,44
H?AEEJw,32,3,37
H?AEEJx,42,8,40
H?AEEJy,31,4,19
H?AEEJz,33,4,23
H?AEEJ{,38,4,39
H?AEEJ|,48,8,44
H?AEEJ},32,5,23
H?AEEJ~,28,5,22
H?AEEL{,29,2,50
H?AEEL|,35,7,48
H?AEEMy,30,2,49
H?AEEMz,40,5,45
H?AEEM{,27,3,51
H?AEEM|,35,7,48
H?AEENw,22,2,21
H?AEENx,25,4,21
H?AEENy,27,3,30
H?AEENz,33,5,28
H?AEEN{,24,3,23
H?AEEN|,26,5,24
H?AEEN},26,4,25
H?AEEN~,28,6,26
H?AEF?{,55,3,118
H?AEF@Y,104,3,43
H?AEF@[,65,3,86
H?AEF@w,55,22,161
H?AEF@y,96,4,92
H?AEF@{,86,4,99
H?AEF@},47,5,68
H?AEFA],52,6,62
H?AEFAx,109,13,86
H?AEFAy,87,9,96
H?AEFA{,76,4,109
H?AEFA|,69,5,56
H?AEFA},50,6,64
H?AEFBX,103,10,69
H?AEFBY,101,5,62
H?AEFBZ,92,8,52
H?AEFB[,66,4,90
H?AEFB\,69,5,43
H?AEFB],58,5,45
H?AEFBw,57,49,150
H?AEFBx,113,25,78
H?AEFBy,101,19,78
H?AEFBz,98,12,50
H?AEFB{,91,20,69
H?AEFB|,59,7,44
H?AEFB},47,6,46
H?AEFB~,35,7,18
H?AEFC},45,7,68
H?AEFC~,52,13,67
H?AEFD[,35,3,50
H?AEFD\,41,8,50
H?AEFD],39,4,56
H?AEFD^,44,9,57
H?AEFDy,84,6,63
H?AEFDz,67,9,54
H?AEFD{,38,4,48
H?AEFD|,41,7,51
H?AEFD},40,5,54
H?AEFD~,44,8,56
H?AEFE],37,4,67
H?AEFE^,47,10,63
H?AEFEy,86,9,67
H?AEFEz,77,10,53
H?AEFE{,36,4,50
H?AEFE|,42,7,50
H?AEFE},41,5,53
H?AEFE~,49,8,51
H?AEFFY,93,7,52
H?AEFFZ,80,8,47
H?AEFF[,32,4,45
H?AEFF\,38,7,45
H?AEFF],36,5,49
H?AEFF^,45,8,46
H?AEFFw,48,7,35
H?AEFFx,91,13,56
H?AEFFy,97,14,49
H?AEFFz,80,11,30
H?AEFF{,30,5,20
H?AEFF|,33,7,20
H?AEFF},33,6,21
H?AEFF~,35,8,22
H?AEFG},45,6,69
H?AEFG~,50,12,70
H?AEFH],39,5,55
H?AEFH^,42,10,58
H?AEFHy,39,5,46
H?AEFHz,42,8,49
H?AEFH{,50,5,65
H?AEFH|,56,8,79
H?AEFH},43,6,50
H?AEFH~,45,9,54
H?AEFI],39,5,64
H?AEFI^,44,11,65
H?AEFIy,38,5,47
H?AEFIz,43,8,48
H?AEFI{,50,6,64
H?AEFI|,75,8,60
H?AEFI},40,6,53
H?AEFI~,45,9,54
H?AEFJY,34,5,51
H?AEFJZ,42,9,49
H?AEFJ[,40,6,53
H?AEFJ\,72,8,50
H?AEFJ],36,6,48
H?AEFJ^,42,9,48
H?AEFJw,42,7,41
H?AEFJx,55,10,45
H?AEFJy,36,6,24
H?AEFJz,41,8,23
H?AEFJ{,49,8,42
H?AEFJ|,63,9,48
H?AEFJ},37,7,28
H?AEFJ~,34,9,22
H?AEFN],34,8,57
H?AEFN^,43,13,52
H?AEFNy,35,9,28
H?AEFNz,41,12,25
H?AEFN{,31,9,20
H?AEFN|,32,12,21
H?AEFN},33,10,22
H?AEFN~,34,13,23
H?AEF_m,62,6,67
H?AEF_n,46,13,71
H?AEF_},61,7,86
H?AEF_~,56,13,75
H?AEF`M,50,5,65
H?AEF`N,39,12,66
H?AEF`i,92,5,71
H?AEF`j,99,8,55
H?AEF`k,57,9,105
H?AEF`l,79,8,53
H?AEF`m,63,6,51
H?AEF`n,44,10,56
H?AEF`y,64,6,140
H?AEF`z,97,9,81
H?AEF`{,57,10,142
H?AEF`|,67,9,80
H?AEF`},57,7,68
H?AEF`~,51,10,56
H?AEFaN,42,13,71
H?AEFal,77,8,65
H?AEFam,61,7,62
H?AEFan,47,11,63
H?AEFay,54,9,147
H?AEFaz,103,11,84
H?AEFa{,56,6,147
H?AEFa|,83,9,64
H?AEFa},61,8,63
H?AEFa~,53,10,54
H?AEFbJ,96,10,70
H?AEFbL,65,8,62
H?AEFbM,51,7,68
H?AEFbN,41,12,67
H?AEFbh,89,13,123
H?AEFbi,81,7,92
H?AEFbj,113,8,59
H?AEFbk,48,8,114
H?AEFbl,82,8,42
H?AEFbm,65,8,37
H?AEFbn,48,9,39
H?AEFbw,39,44,187
H?AEFbx,82,30,152
H?AEFby,72,18,119
H?AEFbz,110,13,69
H?AEFb{,59,21,112
H?AEFb|,71,10,49
H?AEFb},58,9,37
H?AEFb~,42,10,18
H?AEFdm,42,8,60
H?AEFdn,44,14,62
H?AEFd{,45,9,54
H?AEFd|,45,14,58
H?AEFd},46,10,61
H?AEFd~,49,15,62
H?AEFem,45,8,68
H?AEFen,50,15,67
H?AEFe},49,10,58
H?AEFe~,53,15,58
H?AEFfM,37,7,76
H?AEFfN,44,15,73
H?AEFfi,113,10,57
H?AEFfj,96,11,47
H?AEFfk,40,8,40
H?AEFfl,44,12,40
H?AEFfm,43,9,44
H?AEFfn,49,13,42
H?AEFfy,109,18,65
H?AEFfz,95,14,34
H?AEFf{,38,10,17
H?AEFf|,39,13,18
H?AEFf},40,11,19
H?AEFf~,42,14,19
H?AEFhm,44,8,58
H?AEFhn,45,14,61
H?AEFh},51,10,56
H?AEFh~,52,15,59
H?AEFi},48,10,59
H?AEFi~,50,15,61
H?AEFjM,36,7,77
H?AEFjN,41,15,76
H?AEFjk,42,8,60
H?AEFjl,88,12,44
H?AEFjm,44,9,43
H?AEFjn,48,13,43
H?AEFjy,46,10,22
H?AEFjz,50,13,21
H?AEFj{,48,11,58
H?AEFj|,76,13,51
H?AEFj},47,11,26
H?AEFj~,42,14,19
H?AEFnm,46,10,48
H?AEFnn,55,15,42
H?AEFn},44,12,19
H?AEFn~,45,15,20
H?AEFo},57,14,98
H?AEFo~,56,24,88
H?AEFpu,53,9,58
H?AEFpv,47,14,56
H?AEFpy,44,16,144
H?AEFpz,76,19,126
H?AEFp{,52,12,144
H?AEFp|,57,16,109
H?AEFp},54,11,75
H?AEFp~,55,16,64
H?AEFqu,55,10,67
H?AEFqv,50,16,64
H?AEFq{,54,14,140
H?AEFq|,72,15,95
H?AEFq},55,11,74
H?AEFq~,56,16,63
H?AEFre,50,10,61
H?AEFrf,48,16,56
H?AEFrq,64,15,86
H?AEFrr,101,17,86
H?AEFrs,44,13,99
H?AEFrt,71,15,57
H?AEFru,56,10,38
H?AEFrv,51,13,34
H?AEFrw,41,36,139
H?AEFrx,56,51,205
H?AEFry,52,27,116
H?AEFrz,81,24,119
H?AEFr{,53,20,109
H?AEFr|,58,17,75
H?AEFr},54,12,39
H?AEFr~,49,15,16
H?AEFt},53,14,68
H?AEFt~,58,19,67
H?AEFu},58,12,65
H?AEFu~,63,18,63
H?AEFvu,50,11,37
H?AEFvv,56,15,34
H?AEFvy,87,33,104
H?AEFvz,88,21,56
H?AEFv{,50,12,13
H?AEFv|,51,15,14
H?AEFv},51,13,16
H?AEFv~,52,16,17
H?AEFx},55,14,66
H?AEFx~,58,18,68
H?AEFzu,50,11,37
H?AEFzv,53,15,37
H?AEFz{,54,15,66
H?AEFz|,59,18,83
H?AEFz},54,13,29
H?AEFz~,53,16,16
H?AEF~},54,14,17
H?AEF~~,55,17,18
H?AEJoz,69,26,152
H?AEJpw,53,8,82
H?AEJpx,56,14,86
H?AEJpy,60,12,97
H?AEJpz,62,18,102
H?AEJqe,52,4,74
H?AEJqf,47,10,75
H?AEJqr,42,10,56
H?AEJqs,34,7,58
H?AEJqt,44,11,65
H?AEJqu,56,10,66
H?AEJqv,46,16,68
H?AEJqw,28,8,60
H?AEJqx,43,12,62
H?AEJqy,54,11,65
H?AEJqz,48,15,63
H?AEJq{,35,9,60
H?AEJq|,47,13,66
H?AEJq},57,12,71
H?AEJq~,51,18,66
H?AEJrE,33,0,63
H?AEJrF,39,10,61
H?AEJrb,38,6,44
H?AEJrc,34,5,41
H?AEJrd,35,7,46
H?AEJre,47,7,45
H?AEJrf,37,13,46
H?AEJro,30,7,18
H?AEJrp,43,9,20
H?AEJrq,53,9,22
H?AEJrr,41,11,26
H?AEJrs,44,8,20
H?AEJrt,44,10,24
H?AEJru,58,10,23
H?AEJrv,45,13,26
H?AEJrw,35,9,21
H?AEJrx,48,11,25
H?AEJry,54,11,33
H?AEJrz,49,13,28
H?AEJr{,41,10,19
H?AEJr|,49,12,29
H?AEJr},57,12,36
H?AEJr~,44,15,21
H?AEJtz,65,26,104
H?AEJuv,52,20,68
H?AEJuz,52,18,65
H?AEJu{,47,12,67
H?AEJu|,47,18,70
H?AEJu},53,15,67
H?AEJu~,55,21,68
H?AEJvf,44,17,43
H?AEJvr,44,13,27
H?AEJvs,44,10,24
H?AEJvt,45,13,26
H?AEJvu,46,12,26
H?AEJvv,47,15,28
H?AEJvw,36,11,23
H?AEJvx,48,13,29
H?AEJvy,43,13,19
H?AEJvz,51,16,29
H?AEJv{,42,12,21
H?AEJv|,44,15,21
H?AEJv},43,16,21
H?AEJv~,46,17,22
H?AELGZ,44,16,87
H?AELHZ,43,8,48
H?AELHw,24,2,46
H?AELHy,37,5,48
H?AELHz,43,8,48
H?AELIZ,51,14,87
H?AELI],54,12,86
H?AELI^,64,16,91
H?AELIy,47,7,63
H?AELI},53,9,68
H?AELJW,24,2,30
H?AELJY,34,4,34
H?AELJZ,38,6,36
H?AELJ[,34,3,35
H?AELJ],38,5,37
H?AELJ^,43,7,38
H?AELJw,26,3,21
H?AELJy,37,5,24
H?AELJz,34,7,19
H?AELJ{,30,4,21
H?AELJ},38,6,28
H?AELJ~,34,8,23
H?AELLz,44,10,54
H?AELM],61,18,92
H?AELM^,74,23,93
H?AELM},56,13,74
H?AELNZ,39,7,42
H?AELN[,33,4,43
H?AELN],35,6,47
H?AELN^,45,8,43
H?AELNw,28,4,23
H?AELNy,31,6,23
H?AELNz,34,8,23
H?AELN{,32,5,23
H?AELN},34,7,24
H?AELN~,36,9,25
H?AEL_N,47,15,106
H?AEL_j,59,11,82
H?AEL_l,58,8,86
H?AEL_m,68,8,84
H?AEL_n,55,14,102
H?AEL_y,62,8,83
H?AEL_z,56,14,90
H?AEL_{,45,4,86
H?AEL_|,56,9,95
H?AEL_},61,10,99
H?AEL_~,59,16,101
H?AEL`J,40,7,49
H?AEL`M,39,3,49
H?AEL`N,39,10,59
H?AEL`i,64,6,38
H?AEL`j,47,9,44
H?AEL`k,36,4,41
H?AEL`l,47,7,46
H?AEL`m,62,7,51
H?AEL`n,46,11,53
H?AEL`w,31,4,45
H?AEL`x,44,7,48
H?AEL`y,56,7,58
H?AEL`z,44,10,54
H?AEL`{,35,5,48
H?AEL`|,46,8,54
H?AEL`},53,8,71
H?AEL`~,49,11,57
H?AELaL,52,11,98
H?AELaM,59,7,78
H?AELaN,62,19,103
H?AELai,61,9,74
H?AELaj,59,12,82
H?AELak,54,6,76
H?AELal,58,11,84
H?AELam,71,12,79
H?AELan,62,15,93
H?AELaw,47,6,64
H?AELax,53,9,78
H?AELay,60,10,70
H?AELaz,60,14,80
H?AELa{,53,7,70
H?AELa|,56,11,76
H?AELa},64,11,79
H?AELa~,61,15,80
H?AELbH,33,4,35
H?AELbI,46,2,36
H?AELbJ,37,5,48
H?AELbK,31,3,36
H?AELbL,37,6,47
H?AELbM,49,4,43
H?AELbN,42,9,49
H?AELbg,30,4,20
H?AELbh,41,6,23
H?AELbi,59,6,25
H?AELbj,40,8,29
H?AELbk,40,5,25
H?AELbl,41,7,29
H?AELbm,61,7,31
H?AELbn,45,9,30
H?AELbw,31,5,19
H?AELbx,44,7,21
H?AELby,51,7,38
H?AELbz,45,9,24
H?AELb{,36,6,18
H?AELb|,44,8,26
H?AELb},51,8,45
H?AELb~,40,10,20
H?AELhy,43,10,55
H?AELhz,43,15,59
H?AELil,57,22,91
H?AELim,59,18,93
H?AELin,65,26,96
H?AELiy,53,13,77
H?AELiz,55,20,81
H?AELi{,54,12,77
H?AELi|,58,20,78
H?AELi},61,16,79
H?AELi~,66,24,79
H?AELjM,33,6,61
H?AELjN,40,12,58
H?AELji,40,8,29
H?AELjj,42,11,31
H?AELjk,38,7,32
H?AELjl,41,9,34
H?AELjm,41,9,34
H?AELjn,45,12,34
H?AELjw,31,8,21
H?AELjx,41,10,27
H?AELjy,42,10,26
H?AELjz,36,13,21
H?AELj{,36,9,20
H?AELj|,46,11,27
H?AELj},43,11,30
H?AELj~,40,14,21
H?AELmn,74,28,102
H?AELm{,56,18,82
H?AELm|,60,22,87
H?AELm},61,24,84
H?AELm~,70,28,84
H?AELnm,42,11,38
H?AELnn,49,14,35
H?AELny,37,12,21
H?AELnz,37,15,23
H?AELn{,38,11,21
H?AELn|,40,14,21
H?AELn},40,13,22
H?AELn~,41,16,23
H?AELo{,38,8,119
H?AELo|,53,16,123
H?AELo},47,14,131
H?AELo~,53,23,132
H?AELpu,52,10,58
H?AELpv,41,15,61
H?AELpy,50,11,69
H?AELpz,42,15,69
H?AELp{,33,9,62
H?AELp|,45,13,68
H?AELp},51,12,77
H?AELp~,46,17,72
H?AELqf,67,15,108
H?AELqt,59,16,90
H?AELqu,56,14,95
H?AELqv,57,19,104
H?AELqx,50,13,105
H?AELqy,51,15,90
H?AELqz,57,18,107
H?AELq{,52,11,93
H?AELq|,56,17,96
H?AELq},53,15,101
H?AELq~,59,21,102
H?AELre,46,7,46
H?AELrf,39,11,46
H?AELrq,50,9,25
H?AELrr,39,11,28
H?AELrs,40,8,24
H?AELrt,39,10,29
H?AELru,54,10,27
H?AELrv,42,13,29
H?AELrw,33,9,23
H?AELrx,44,11,29
H?AELry,50,11,37
H?AELrz,46,13,31
H?AELr{,38,10,22
H?AELr|,45,12,33
H?AELr},52,12,41
H?AELr~,41,15,24
H?AELs~,60,32,132
H?AELt},57,15,63
H?AELt~,56,20,68
H?AELuv,65,27,103
H?AELuz,60,26,110
H?AELu{,55,15,99
H?AELu|,58,21,103
H?AELu},58,21,103
H?AELu~,63,27,105
H?AELvu,45,12,27
H?AELvv,47,15,28
H?AELvy,45,13,17
H?AELvz,54,15,27
H?AELv{,42,12,21
H?AELv|,45,15,20
H?AELv},45,14,21
H?AELv~,47,17,21
H?AELy{,58,14,97
H?AELy|,62,20,100
H?AELy},64,18,100
H?AELy~,69,25,101
H?AELzu,45,11,28
H?AELzv,47,14,29
H?AELzy,49,12,29
H?AELzz,43,15,22
H?AELz{,42,11,22
H?AELz|,48,14,34
H?AELz},50,13,33
H?AELz~,45,16,24
H?AEL}},66,24,105
H?AEL}~,73,30,105
H?AEL~},47,15,23
H?AEL~~,48,18,24
H?AEMGy,22,0,55
H?AEMGz,40,8,60
H?AEMHw,23,0,40
H?AEMHy,27,4,50
H?AEMHz,29,7,54
H?AEMIy,29,3,49
H?AEMIz,37,3,50
H?AEMI{,27,2,52
H?AEMI},31,5,54
H?AEMI~,41,4,54
H?AEMJw,23,2,20
H?AEMJy,29,5,26
H?AEMJz,27,4,24
H?AEMJ{,25,3,22
H?AEMJ},31,6,29
H?AEMJ~,29,5,26
H?AEMLz,35,11,53
H?AEMMy,31,6,53
H?AEMMz,39,7,53
H?AEMM{,26,2,62
H?AEMM},33,7,59
H?AEMM~,43,8,57
H?AEMNw,23,2,25
H?AEMNy,25,4,26
H?AEMNz,27,6,27
H?AEMN{,25,3,27
H?AEMN},27,5,28
H?AEMN~,29,7,29
H?AEN?Z,40,13,59
H?AEN?\,42,8,62
H?AEN?^,43,15,68
H?AEN?x,27,6,66
H?AEN?z,49,11,60
H?AEN?{,29,3,67
H?AEN?|,42,7,71
H?AEN?},57,7,86
H?AEN?~,53,13,66
H?AEN@Z,39,8,52
H?AEN@[,36,3,49
H?AEN@\,38,6,55
H?AEN@],62,6,58
H?AEN@^,41,10,59
H?AEN@w,36,3,42
H?AEN@x,38,6,46
H?AEN@y,55,7,58
H?AEN@z,40,9,50
H?AEN@{,39,4,47
H?AEN@|,39,7,53
H?AEN@},48,7,77
H?AEN@~,43,10,55
H?AENAZ,39,10,59
H?AENA\,40,7,61
H?AENA],59,7,69
H?AENA^,44,12,64
H?AENAx,36,6,48
H?AENAy,52,7,61
H?AENAz,41,9,49
H?AENA{,36,5,49
H?AENA|,39,8,52
H?AENA},55,8,69
H?AENA~,45,11,52
H?AENBX,35,5,32
H?AENBY,57,5,37
H?AENBZ,36,7,37
H?AENB[,35,4,33
H?AENB\,37,6,37
H?AENB],63,6,41
H?AENB^,42,8,38
H?AENBw,28,4,18
H?AENBx,39,6,21
H?AENBy,48,9,42
H?AENBz,38,8,26
H?AENB{,31,5,19
H?AENB|,38,7,27
H?AENB},49,7,52
H?AENB~,32,9,24
H?AENGz,49,15,68
H?AENHy,37,8,54
H?AENHz,39,11,58
H?AENIZ,39,14,67
H?AENI\,39,9,72
H?AENI],37,9,74
H?AENI^,43,15,74
H?AENIx,35,8,56
H?AENIy,38,8,53
H?AENIz,43,11,54
H?AENI{,34,6,59
H?AENI|,38,9,61
H?AENI},38,9,61
H?AENI~,45,12,60
H?AENJY,34,7,39
H?AENJZ,37,9,42
H?AENJ[,32,6,42
H?AENJ\,37,8,43
H?AENJ],36,8,44
H?AENJ^,43,10,43
H?AENJw,28,6,21
H?AENJx,37,8,27
H?AENJy,36,8,28
H?AENJz,33,10,22
H?AENJ{,31,7,22
H?AENJ|,40,9,29
H?AENJ},36,9,33
H?AENJ~,34,11,25
H?AENM^,46,21,77
H?AENMz,43,17,57
H?AENM{,35,9,64
H?AENM|,38,14,65
H?AENM},41,12,64
H?AENM~,46,18,62
H?AENN[,33,7,48
H?AENN\,38,11,47
H?AENN],35,9,52
H?AENN^,43,14,47
H?AENNy,32,10,23
H?AENNz,32,14,24
H?AENN{,32,9,24
H?AENN|,33,12,25
H?AENN},34,11,25
H?AENN~,34,15,26
H?AEN_n,49,17,77
H?AEN_z,56,18,70
H?AEN_{,36,7,78
H?AEN_|,49,13,82
H?AEN_},69,12,87
H?AEN_~,57,21,78
H?AEN`k,44,6,50
H?AEN`l,47,10,53
H?AEN`m,67,9,56
H?AEN`n,44,15,61
H?AEN`y,61,10,61
H?AEN`z,46,14,57
H?AEN`{,47,8,53
H?AEN`|,48,12,57
H?AEN`},58,11,74
H?AEN`~,50,16,60
H?AENaN,44,16,80
H?AENaj,46,11,64
H?AENal,48,11,62
H?AENam,65,10,68
H?AENan,48,17,67
H?AENax,43,11,54
H?AENay,63,10,59
H?AENaz,49,14,54
H?AENa{,46,8,54
H?AENa|,47,12,58
H?AENa},64,11,68
H?AENa~,52,16,58
H?AENbL,37,7,56
H?AENbM,54,6,60
H?AENbN,40,12,58
H?AENbh,42,8,27
H?AENbi,62,8,29
H?AENbj,40,10,34
H?AENbk,41,7,29
H?AENbl,43,9,32
H?AENbm,66,9,33
H?AENbn,45,12,34
H?AENbw,34,8,18
H?AENbx,46,10,22
H?AENby,55,10,39
H?AENbz,45,12,27
H?AENb{,38,9,18
H?AENb|,46,11,27
H?AENb},59,11,42
H?AENb~,40,14,21
H?AENc~,54,25,89
H?AENdn,46,18,66
H?AENd{,46,11,60
H?AENd|,45,16,65
H?AENd},50,14,62
H?AENd~,50,19,66
H?AENen,50,19,74
H?AENez,48,19,59
H?AENe{,45,11,61
H?AENe|,45,16,65
H?AENe},48,14,64
H?AENe~,51,19,65
H?AENfN,43,15,62
H?AENfj,43,13,35
H?AENfk,42,9,33
H?AENfl,42,12,37
H?AENfm,44,11,36
H?AENfn,47,14,37
H?AENfw,34,10,21
H?AENfx,44,12,28
H?AENfy,39,12,19
H?AENfz,48,14,28
H?AENf{,38,11,21
H?AENf|,39,14,22
H?AENf},40,13,22
H?AENf~,40,16,24
H?AENim,43,12,77
H?AENin,46,19,78
H?AENiy,47,11,59
H?AENiz,48,16,62
H?AENi{,44,9,64
H?AENi|,44,13,69
H?AENi},47,12,67
H?AENi~,50,17,68
H?AENjk,40,8,36
H?AENjl,43,10,38
H?AENjm,42,10,39
H?AENjn,46,13,39
H?AENjy,45,11,28
H?AENjz,40,14,21
H?AENj{,41,10,19
H?AENj|,50,12,28
H?AENj},47,12,31
H?AENj~,43,15,22
H?AENm},49,15,71
H?AENm~,55,21,68
H?AENnm,44,12,42
H?AENnn,53,16,36
H?AENn{,42,12,21
H?AENn|,43,15,22
H?AENn},43,14,23
H?AENn~,44,17,24
H?AENo},57,17,108
H?AENo~,56,26,98
H?AENp{,48,10,68
H?AENp|,49,14,72
H?AENp},51,13,86
H?AENp~,52,19,73
H?AENqu,56,12,75
H?AENqv,51,18,71
H?AENqy,56,12,72
H?AENqz,52,16,67
H?AENq{,50,10,66
H?AENq|,49,14,72
H?AENq},54,14,82
H?AENq~,55,19,70
H?AENre,47,9,52
H?AENrf,43,14,47
H?AENrs,45,9,24
H?AENrt,46,11,27
H?AENru,54,11,33
H?AENrv,48,14,28
H?AENrw,39,10,21
H?AENrx,49,12,29
H?AENry,52,13,40
H?AENrz,51,15,30
H?AENr{,44,11,20
H?AENr|,50,14,32
H?AENr},52,14,46
H?AENr~,47,16,22
H?AENt},54,18,72
H?AENt~,57,22,74
H?AENu},56,16,72
H?AENu~,58,22,73
H?AENvu,47,13,30
H?AENvv,50,16,30
H?AENvy,50,14,16
H?AENvz,54,16,32
H?AENv{,47,14,19
H?AENv|,50,16,19
H?AENv},50,15,20
H?AENv~,52,18,20
H?AENy},53,14,77
H?AENy~,58,20,75
H?AENz{,50,12,18
H?AENz|,53,14,35
H?AENz},55,14,33
H?AENz~,53,17,20
H?AEN~},54,16,20
H?AEN~~,55,19,21
H?AF?w],53,28,189
H?AF?xR,54,8,109
H?AF?xY,66,9,115
H?AF?x],50,10,149
H?AF?xb,55,8,81
H?AF?xq,56,8,76
H?AF?xr,55,12,87
H?AF?xu,51,10,82
H?AF?xw,34,6,103
H?AF?xy,51,10,95
H?AF?xz,51,14,104
H?AF?x},49,11,109
H?AF?yF,76,25,116
H?AF?yR,54,9,113
H?AF?yU,60,14,126
H?AF?yY,56,10,132
H?AF?yZ,56,18,146
H?AF?y],53,16,151
H?AF?zB,34,4,58
H?AF?zF,55,7,91
H?AF?zQ,52,4,52
H?AF?zR,48,6,66
H?AF?zS,47,6,64
H?AF?zU,56,8,66
H?AF?zV,49,10,84
H?AF?zW,39,7,64
H?AF?zY,51,8,62
H?AF?zZ,49,10,73
H?AF?z],48,9,75
H?AF?za,15,2,53
H?AF?zb,42,8,60
H?AF?zc,17,4,51
H?AF?ze,29,6,55
H?AF?zf,39,11,60
H?AF?zo,21,5,44
H?AF?zq,38,7,43
H?AF?zr,42,10,44
H?AF?zs,19,7,51
H?AF?zu,42,9,33
H?AF?zv,43,11,37
H?AF?zw,19,7,58
H?AF?zy,44,9,25
H?AF?zz,46,11,27
H?AF?z{,27,8,56
H?AF?z},45,10,29
H?AF?z~,41,12,22
H?AF?|],63,23,142
H?AF?|y,53,15,101
H?AF?|z,57,21,104
H?AF?|},54,16,112
H?AF?}],60,32,150
H?AF?~F,62,17,91
H?AF?~R,59,11,62
H?AF?~U,62,12,69
H?AF?~V,59,17,80
H?AF?~Y,55,11,66
H?AF?~Z,56,15,72
H?AF?~],54,12,77
H?AF?~b,51,13,57
H?AF?~f,47,16,57
H?AF?~q,49,10,37
H?AF?~r,54,13,37
H?AF?~s,45,9,30
H?AF?~u,47,11,33
H?AF?~v,51,13,34
H?AF?~w,35,9,21
H?AF?~y,48,11,25
H?AF?~z,53,13,24
H?AF?~{,42,10,18
H?AF?~},45,12,18
H?AF?~~,47,14,19
H?AFAgj,67,14,108
H?AFAgz,71,16,122
H?AFAg},64,12,133
H?AFAhJ,67,9,100
H?AFAhY,69,9,93
H?AFAh],55,10,125
H?AFAhj,66,11,73
H?AFAhm,58,9,83
H?AFAhw,56,5,79
H?AFAhy,57,9,77
H?AFAhz,56,13,87
H?AFAh},55,10,91
H?AFAiJ,55,6,91
H?AFAiN,65,14,92
H?AFAiY,62,7,66
H?AFAiZ,59,11,80
H?AFAi],61,10,79
H?AFAij,48,10,52
H?AFAik,41,5,62
H?AFAim,44,8,58
H?AFAin,49,13,59
H?AFAiw,38,5,57
H?AFAiy,45,8,46
H?AFAiz,49,11,48
H?AFAi{,42,6,62
H?AFAi},48,9,51
H?AFAi~,53,12,52
H?AFAjI,51,4,57
H?AFAjJ,59,6,70
H?AFAjK,51,6,71
H?AFAjM,59,8,68
H?AFAjN,60,10,80
H?AFAjW,51,5,52
H?AFAjY,54,7,49
H?AFAjZ,56,9,56
H?AFAj],56,8,57
H?AFAjg,35,5,41
H?AFAji,41,6,43
H?AFAjj,48,9,42
H?AFAjk,37,6,47
H?AFAjm,46,8,34
H?AFAjn,48,10,38
H?AFAjw,42,6,40
H?AFAjy,43,8,21
H?AFAjz,44,10,24
H?AFAj{,49,7,40
H?AFAj},45,9,24
H?AFAj~,40,11,19
H?AFAly,56,14,86
H?AFAlz,61,20,88
H?AFAl},57,15,97
H?AFAmN,60,23,107
H?AFAmn,47,16,69
H?AFAmy,43,11,54
H?AFAmz,48,14,55
H?AFAm{,44,9,55
H?AFAm},46,12,59
H?AFAm~,51,15,60
H?AFAnN,55,15,95
H?AFAnY,54,10,57
H?AFAnZ,56,14,62
H?AFAn],56,11,65
H?AFAni,41,8,50
H?AFAnj,47,11,50
H?AFAnk,40,8,40
H?AFAnm,39,10,47
H?AFAnn,45,12,47
H?AFAnw,31,8,21
H?AFAny,41,10,27
H?AFAnz,46,12,26
H?AFAn{,36,9,20
H?AFAn},38,11,21
H?AFAn~,40,13,22
H?AFAw],64,17,194
H?AFAwu,63,11,135
H?AFAw{,43,10,175
H?AFAw|,69,20,184
H?AFAw},57,18,172
H?AFAw~,59,30,177
H?AFAxU,55,10,125
H?AFAx[,50,11,159
H?AFAx\,74,12,166
H?AFAx],52,15,161
H?AFAx^,60,22,165
H?AFAxe,50,7,93
H?AFAxf,54,12,99
H?AFAxr,59,16,93
H?AFAxs,52,9,93
H?AFAxt,70,14,96
H?AFAxu,52,12,92
H?AFAxv,53,18,98
H?AFAxw,49,9,110
H?AFAxx,70,15,110
H?AFAxy,55,13,101
H?AFAxz,53,19,110
H?AFAx{,51,10,121
H?AFAx|,62,16,132
H?AFAx},52,14,116
H?AFAx~,54,21,120
H?AFAyU,65,10,95
H?AFAyY,60,10,95
H?AFAy],60,15,105
H?AFAy^,56,23,116
H?AFAye,41,6,73
H?AFAyq,43,7,60
H?AFAyu,44,11,65
H?AFAyv,46,17,67
H?AFAyy,47,12,58
H?AFAyz,47,17,62
H?AFAy{,36,10,84
H?AFAy|,65,14,89
H?AFAy},47,13,66
H?AFAy~,50,18,67
H?AFAzE,57,5,91
H?AFAzQ,52,7,61
H?AFAzU,56,10,77
H?AFAzV,54,14,88
H?AFAzY,51,11,70
H?AFAzZ,53,15,75
H?AFAz[,53,10,81
H?AFAz\,78,14,77
H?AFAz],53,12,78
H?AFAz^,58,16,80
H?AFAza,37,5,68
H?AFAzc,33,6,61
H?AFAzd,56,8,68
H?AFAze,37,8,65
H?AFAzf,41,14,65
H?AFAzq,41,9,46
H?AFAzr,44,13,47
H?AFAzs,34,9,53
H?AFAzt,67,12,51
H?AFAzu,44,11,36
H?AFAzv,45,14,39
H?AFAzw,34,10,60
H?AFAzx,54,14,58
H?AFAzy,46,12,26
H?AFAzz,46,15,29
H?AFAz{,40,11,61
H?AFAz|,61,13,61
H?AFAz},46,13,31
H?AFAz~,42,16,22
H?AFA{~,62,43,180
H?AFA|^,60,35,171
H?AFA|v,58,25,99
H?AFA|z,59,25,111
H?AFA|{,51,14,117
H?AFA||,56,20,119
H?AFA|},56,20,119
H?AFA|~,58,26,124
H?AFA}},53,16,66
H?AFA}~,56,21,67
H?AFA~],55,16,83
H?AFA~^,59,20,86
H?AFA~f,46,19,65
H?AFA~s,45,11,35
H?AFA~t,48,14,36
H?AFA~u,47,13,38
H?AFA~v,51,16,38
H?AFA~y,49,14,27
H?AFA~z,52,17,27
H?AFA~{,42,13,20
H?AFA~|,45,16,19
H?AFA~},45,15,20
H?AFA~~,47,18,20
H?AFBGZ,60,18,129
H?AFBHZ,61,9,100
H?AFBH],55,6,109
H?AFBHw,51,2,73
H?AFBHy,55,6,69
H?AFBHz,55,10,78
H?AFBH},49,7,87
H?AFBIZ,46,10,64
H?AFBI[,30,2,85
H?AFBI],41,7,72
H?AFBI^,51,12,69
H?AFBJW,40,2,48
H?AFBJY,39,4,37
H?AFBJZ,42,6,40
H?AFBJ[,46,3,51
H?AFBJ],41,6,41
H?AFBJ^,44,7,45
H?AFBJw,37,3,40
H?AFBJy,39,5,22
H?AFBJz,37,7,28
H?AFBJ{,44,4,40
H?AFBJ},39,6,27
H?AFBJ~,31,8,26
H?AFBLz,56,17,83
H?AFBL},51,13,92
H?AFBM^,50,19,75
H?AFBNZ,42,9,45
H?AFBN[,37,6,45
H?AFBN],40,8,48
H?AFBN^,45,10,49
H?AFBNw,28,6,21
H?AFBNy,34,8,30
H?AFBNz,39,10,29
H?AFBN{,29,7,24
H?AFBN},31,9,25
H?AFBN~,33,11,26
H?AFBh],55,13,136
H?AFBh^,60,23,138
H?AFBhk,49,7,104
H?AFBhl,72,13,102
H?AFBhm,53,11,101
H?AFBhn,56,17,107
H?AFBhy,58,12,86
H?AFBhz,56,18,95
H?AFBh{,52,10,106
H?AFBh|,64,15,116
H?AFBh},54,13,102
H?AFBh~,58,19,105
H?AFBiM,42,12,86
H?AFBi],48,13,83
H?AFBi^,54,22,80
H?AFBjM,40,10,60
H?AFBjN,44,16,60
H?AFBjY,43,10,43
H?AFBjZ,45,14,45
H?AFBj[,48,9,63
H?AFBj\,69,12,62
H?AFBj],44,11,49
H?AFBj^,49,15,48
H?AFBji,37,9,53
H?AFBjj,43,14,51
H?AFBjk,32,8,59
H?AFBjl,75,11,46
H?AFBjm,42,10,44
H?AFBjn,47,14,43
H?AFBjw,38,9,49
H?AFBjx,63,13,41
H?AFBjy,40,11,27
H?AFBjz,43,14,27
H?AFBj{,42,10,52
H?AFBj|,63,13,50
H?AFBj},40,12,32
H?AFBj~,37,15,23
H?AFBln,61,24,110
H?AFBl{,51,13,105
H?AFBl|,53,19,110
H?AFBl},56,19,107
H?AFBl~,60,25,110
H?AFBn],47,13,52
H?AFBn^,50,17,53
H?AFBnm,41,12,51
H?AFBnn,46,16,50
H?AFBny,43,13,28
H?AFBnz,46,16,28
H?AFBn{,37,12,21
H?AFBn|,38,15,22
H?AFBn},39,14,22
H?AFBn~,39,17,24
H?AFBo],58,21,197
H?AFBpU,56,9,122
H?AFBp],54,14,153
H?AFBp^,55,23,160
H?AFBpe,51,7,92
H?AFBpf,53,12,100
H?AFBps,55,9,123
H?AFBpt,76,14,90
H?AFBpu,55,12,89
H?AFBpv,54,18,97
H?AFBpw,40,8,162
H?AFBpx,55,12,230
H?AFBpy,53,11,156
H?AFBpz,97,18,113
H?AFBp{,55,10,156
H?AFBp|,68,16,126
H?AFBp},54,14,114
H?AFBp~,57,20,118
H?AFBqU,58,9,87
H?AFBqY,23,13,162
H?AFBq],52,14,103
H?AFBq^,46,23,99
H?AFBrE,51,4,65
H?AFBrQ,61,8,81
H?AFBrU,52,10,58
H?AFBrV,42,15,60
H?AFBrY,29,14,137
H?AFBrZ,98,19,104
H?AFBr[,46,10,113
H?AFBr\,69,13,72
H?AFBr],55,12,59
H?AFBr^,48,16,56
H?AFBra,68,4,81
H?AFBrc,41,7,82
H?AFBrd,62,8,62
H?AFBre,48,8,65
H?AFBrf,41,15,64
H?AFBrq,54,10,90
H?AFBrr,116,12,76
H?AFBrs,33,9,90
H?AFBrt,76,13,41
H?AFBru,57,11,36
H?AFBrv,45,14,39
H?AFBrw,25,20,135
H?AFBrx,57,28,201
H?AFBry,37,17,128
H?AFBrz,103,18,103
H?AFBr{,43,12,99
H?AFBr|,65,13,57
H?AFBr},55,13,37
H?AFBr~,42,16,22
H?AFBtv,60,24,98
H?AFBtz,99,24,85
H?AFBt{,57,15,110
H?AFBt|,57,21,117
H?AFBt},59,20,116
H?AFBt~,62,27,119
H?AFBv],50,14,56
H?AFBv^,51,19,58
H?AFBvf,42,18,70
H?AFBvs,43,11,37
H?AFBvt,44,14,40
H?AFBvu,45,13,40
H?AFBvv,48,17,40
H?AFBvy,93,20,97
H?AFBvz,100,19,46
H?AFBv{,42,13,20
H?AFBv|,42,16,22
H?AFBv},42,16,22
H?AFBv~,44,18,23
H?AFBx{,50,11,135
H?AFBx|,56,17,152
H?AFBx},52,15,128
H?AFBx~,57,22,129
H?AFBz],52,13,55
H?AFBz^,54,18,56
H?AFBzu,47,12,39
H?AFBzv,49,16,40
H?AFBzy,50,13,27
H?AFBzz,51,16,29
H?AFBz{,45,12,63
H?AFBz|,54,15,75
H?AFBz},50,15,31
H?AFBz~,47,17,21
H?AFB|},56,21,131
H?AFB|~,59,27,135
H?AFB~},49,16,20
H?AFB~~,51,19,20
H?AFCl\,62,11,81
H?AFCl^,62,18,88
H?AFCll,45,12,53
H?AFClm,41,10,59
H?AFCln,48,14,58
H?AFClx,46,10,52
H?AFClz,47,13,57
H?AFCl{,47,8,53
H?AFCl|,50,11,56
H?AFCl},47,11,59
H?AFCl~,51,14,61
H?AFCmN,84,42,126
H?AFCm\,69,24,127
H?AFCm^,77,40,125
H?AFCnL,63,10,77
H?AFCnM,60,11,79
H?AFCnN,67,13,85
H?AFCnX,56,9,56
H?AFCnZ,59,13,60
H?AFCn[,57,7,57
H?AFCn\,59,10,63
H?AFCn],57,10,65
H?AFCn^,63,14,66
H?AFCnh,42,8,38
H?AFCni,42,7,50
H?AFCnj,51,10,47
H?AFCnk,41,7,40
H?AFCnl,44,9,43
H?AFCnm,41,9,46
H?AFCnn,48,11,45
H?AFCnw,32,7,21
H?AFCnx,37,9,19
H?AFCny,43,9,26
H?AFCnz,48,11,25
H?AFCn{,37,8,20
H?AFCn|,39,10,21
H?AFCn},39,10,21
H?AFCn~,41,12,22
H?AFCo],61,12,143
H?AFCpF,52,9,83
H?AFCpR,86,6,68
H?AFCpU,61,6,68
H?AFCpV,61,9,80
H?AFCpY,74,8,89
H?AFCp],59,10,85
H?AFCpb,67,10,83
H?AFCpe,32,4,52
H?AFCpf,42,10,58
H?AFCpq,86,11,56
H?AFCpr,88,12,80
H?AFCps,42,6,82
H?AFCpu,52,9,49
H?AFCpv,45,12,51
H?AFCpw,28,12,140
H?AFCpy,52,12,123
H?AFCpz,78,16,110
H?AFCp{,52,7,97
H?AFCp},54,10,66
H?AFCp~,53,13,60
H?AFCqF,74,34,109
H?AFCqU,62,16,122
H?AFCqY,67,13,120
H?AFCq],63,19,138
H?AFCrB,85,5,57
H?AFCrF,58,9,86
H?AFCrQ,78,7,51
H?AFCrR,104,5,62
H?AFCrS,67,6,62
H?AFCrU,62,9,59
H?AFCrV,62,10,71
H?AFCrY,67,9,94
H?AFCr],57,9,66
H?AFCra,77,6,43
H?AFCrb,88,13,79
H?AFCrc,38,6,60
H?AFCre,44,6,49
H?AFCrf,47,11,52
H?AFCro,27,8,109
H?AFCrq,75,11,64
H?AFCrr,104,12,71
H?AFCrs,45,8,68
H?AFCru,56,9,31
H?AFCrv,48,11,32
H?AFCrw,31,22,123
H?AFCry,63,19,98
H?AFCrz,89,21,98
H?AFCr{,60,13,70
H?AFCr},51,10,37
H?AFCr~,46,12,17
H?AFCtV,60,15,90
H?AFCt],60,15,93
H?AFCtf,46,13,62
H?AFCtu,43,12,53
H?AFCtv,47,15,55
H?AFCty,72,16,116
H?AFCtz,74,17,78
H?AFCt{,54,10,53
H?AFCt},52,13,61
H?AFCt~,54,16,65
H?AFCu],69,33,140
H?AFCvF,68,13,89
H?AFCvR,92,10,58
H?AFCvU,63,12,68
H?AFCvV,66,15,75
H?AFCvY,100,13,85
H?AFCv],60,12,71
H?AFCvb,78,13,69
H?AFCve,39,9,62
H?AFCvf,49,14,57
H?AFCvq,105,14,68
H?AFCvr,97,13,46
H?AFCvs,46,9,29
H?AFCvu,46,11,34
H?AFCvv,51,13,34
H?AFCvw,43,12,65
H?AFCvy,83,21,104
H?AFCvz,80,19,55
H?AFCv{,43,10,17
H?AFCv},44,12,19
H?AFCv~,47,14,19
H?AFCw^,62,31,171
H?AFCxV,54,12,99
H?AFCxZ,57,18,93
H?AFCx[,45,9,100
H?AFCx\,74,15,103
H?AFCx],52,13,103
H?AFCx^,51,20,111
H?AFCxe,32,6,72
H?AFCxf,39,11,71
H?AFCxr,44,15,61
H?AFCxs,31,8,71
H?AFCxt,57,12,75
H?AFCxu,39,11,58
H?AFCxv,41,16,60
H?AFCxw,26,9,85
H?AFCxx,56,13,87
H?AFCxy,42,12,63
H?AFCxz,40,17,69
H?AFCx{,32,10,88
H?AFCx|,55,14,99
H?AFCx},45,13,68
H?AFCx~,44,18,73
H?AFCy\,74,20,146
H?AFCy],62,26,154
H?AFCy^,70,38,156
H?AFCzF,64,9,97
H?AFCzR,53,9,70
H?AFCzT,77,13,75
H?AFCzU,53,11,79
H?AFCzV,54,14,88
H?AFCzX,72,13,71
H?AFCzY,54,11,67
H?AFCzZ,52,15,76
H?AFCz[,54,10,80
H?AFCz\,79,14,76
H?AFCz],51,12,80
H?AFCz^,56,16,82
H?AFCzb,45,9,67
H?AFCzd,54,8,70
H?AFCze,33,8,69
H?AFCzf,38,14,68
H?AFCzp,58,9,41
H?AFCzq,38,9,49
H?AFCzr,42,13,49
H?AFCzs,32,9,55
H?AFCzt,62,12,56
H?AFCzu,41,11,39
H?AFCzv,43,14,41
H?AFCzw,34,10,60
H?AFCzx,52,13,61
H?AFCzy,45,12,27
H?AFCzz,44,15,31
H?AFCz{,40,11,61
H?AFCz|,61,13,61
H?AFCz},43,13,34
H?AFCz~,41,16,23
H?AFC|^,56,27,113
H?AFC|v,49,19,58
H?AFC|z,49,20,66
H?AFC|{,51,13,62
H?AFC||,52,18,65
H?AFC|},53,16,66
H?AFC|~,53,21,70
H?AFC}^,78,52,156
H?AFC~V,64,20,85
H?AFC~Z,59,19,76
H?AFC~[,59,12,72
H?AFC~\,60,16,78
H?AFC~],59,16,79
H?AFC~^,61,20,84
H?AFC~f,48,19,63
H?AFC~r,53,16,43
H?AFC~s,44,11,36
H?AFC~t,48,14,36
H?AFC~u,46,13,39
H?AFC~v,52,16,37
H?AFC~w,37,12,21
H?AFC~x,39,15,21
H?AFC~y,50,14,26
H?AFC~z,53,17,26
H?AFC~{,41,13,21
H?AFC~|,45,16,19
H?AFC~},44,15,21
H?AFC~~,47,18,20
H?AFEK|,46,12,74
H?AFEK},43,12,77
H?AFEK~,51,18,75
H?AFEL\,56,9,75
H?AFEL],51,11,78
H?AFEL^,58,15,81
H?AFELx,41,8,50
H?AFELz,42,11,55
H?AFEL{,40,6,53
H?AFEL|,43,9,56
H?AFEL},40,9,59
H?AFEL~,45,12,60
H?AFEM],52,13,85
H?AFEM^,61,18,86
H?AFEMy,34,8,57
H?AFEMz,44,11,53
H?AFEM{,37,7,55
H?AFEM|,41,10,57
H?AFEM},40,10,58
H?AFEM~,47,13,57
H?AFENY,38,7,55
H?AFENZ,53,10,58
H?AFEN[,50,5,55
H?AFEN\,53,8,60
H?AFEN],53,8,60
H?AFEN^,61,11,60
H?AFENw,28,5,22
H?AFENx,32,7,21
H?AFENy,35,7,30
H?AFENz,41,9,28
H?AFEN{,30,6,24
H?AFEN|,32,8,25
H?AFEN},32,8,25
H?AFEN~,34,10,26
H?AFE_N,47,13,100
H?AFE_],63,9,90
H?AFE_j,82,10,76
H?AFE_m,45,8,73
H?AFE_n,44,14,72
H?AFE_y,68,7,132
H?AFE_z,92,12,96
H?AFE_{,39,6,125
H?AFE_},54,9,91
H?AFE_~,54,15,75
H?AFE`J,84,6,64
H?AFE`M,60,7,77
H?AFE`N,52,11,90
H?AFE`Y,90,9,85
H?AFE`],57,8,85
H?AFE`i,102,6,60
H?AFE`j,97,9,56
H?AFE`k,47,5,92
H?AFE`m,57,8,55
H?AFE`n,43,11,56
H?AFE`w,27,9,189
H?AFE`y,77,8,125
H?AFE`z,98,11,78
H?AFE`{,69,6,101
H?AFE`},50,9,73
H?AFE`~,46,12,59
H?AFEaJ,90,4,74
H?AFEaN,55,14,102
H?AFEaY,72,6,114
H?AFEa],63,10,87
H?AFEaj,100,9,71
H?AFEak,54,7,92
H?AFEam,54,9,67
H?AFEan,45,13,63
H?AFEaw,32,15,178
H?AFEay,77,11,122
H?AFEaz,100,13,85
H?AFEa{,59,6,111
H?AFEa},54,9,69
H?AFEa~,49,12,56
H?AFEbI,87,8,66
H?AFEbJ,99,5,64
H?AFEbM,61,8,75
H?AFEbN,55,9,86
H?AFEbY,83,10,96
H?AFEb],63,9,60
H?AFEbg,26,11,147
H?AFEbi,92,8,80
H?AFEbj,112,8,60
H?AFEbk,48,6,86
H?AFEbm,59,8,43
H?AFEbn,45,10,41
H?AFEbw,30,26,174
H?AFEby,91,19,99
H?AFEbz,116,14,62
H?AFEb{,69,14,73
H?AFEb},51,9,44
H?AFEb~,39,11,20
H?AFEc},48,14,82
H?AFEc~,54,20,82
H?AFEdN,58,15,97
H?AFEd],55,14,85
H?AFEdm,41,10,59
H?AFEdn,46,14,60
H?AFEdy,99,11,77
H?AFEdz,79,15,62
H?AFEd{,45,8,55
H?AFEd},45,11,61
H?AFEd~,49,14,63
H?AFEeN,67,20,103
H?AFEe],60,15,90
H?AFEen,49,15,68
H?AFEey,107,12,79
H?AFEez,92,14,62
H?AFEe{,42,8,58
H?AFEe},45,11,61
H?AFEe~,51,14,61
H?AFEfJ,90,6,66
H?AFEfM,49,10,81
H?AFEfN,66,12,87
H?AFEfY,110,10,60
H?AFEf],57,10,65
H?AFEfi,118,7,55
H?AFEfj,97,10,47
H?AFEfk,38,7,43
H?AFEfm,39,9,48
H?AFEfn,47,11,46
H?AFEfw,59,9,42
H?AFEfy,114,15,63
H?AFEfz,92,15,36
H?AFEf{,36,8,21
H?AFEf},38,10,22
H?AFEf~,41,12,22
H?AFEg],62,13,95
H?AFEgm,41,10,79
H?AFEgn,47,17,79
H?AFEg{,43,8,92
H?AFEg|,67,14,99
H?AFEg},51,13,80
H?AFEg~,55,22,79
H?AFEhM,56,10,87
H?AFEhN,57,15,98
H?AFEh[,56,8,86
H?AFEh\,77,14,85
H?AFEh],54,12,88
H?AFEh^,58,19,91
H?AFEhj,45,14,51
H?AFEhk,44,7,69
H?AFEhl,68,11,64
H?AFEhm,42,10,58
H?AFEhn,45,16,59
H?AFEhw,46,8,67
H?AFEhx,67,12,65
H?AFEhy,41,11,56
H?AFEhz,42,16,59
H?AFEh{,53,9,70
H?AFEh|,58,13,85
H?AFEh},45,12,60
H?AFEh~,46,17,63
H?AFEi],62,13,90
H?AFEi^,62,22,96
H?AFEil,73,12,69
H?AFEim,42,10,69
H?AFEin,46,17,69
H?AFEiy,43,11,54
H?AFEiz,47,16,54
H?AFEi{,52,9,71
H?AFEi|,68,13,75
H?AFEi},45,12,60
H?AFEi~,50,17,59
H?AFEjL,80,15,75
H?AFEjM,55,10,85
H?AFEjN,60,16,89
H?AFEjY,55,10,56
H?AFEjZ,54,15,63
H?AFEj[,58,9,65
H?AFEj\,79,14,63
H?AFEj],58,11,63
H?AFEj^,63,16,64
H?AFEjh,67,9,45
H?AFEji,37,8,54
H?AFEjj,46,13,49
H?AFEjk,40,8,51
H?AFEjl,76,11,45
H?AFEjm,43,10,43
H?AFEjn,48,14,42
H?AFEjw,43,9,44
H?AFEjx,62,12,43
H?AFEjy,42,11,25
H?AFEjz,44,14,26
H?AFEj{,49,10,45
H?AFEj|,61,13,52
H?AFEj},41,12,31
H?AFEj~,38,15,22
H?AFEk~,53,26,89
H?AFEl^,57,24,101
H?AFEln,45,19,66
H?AFElz,44,19,63
H?AFEl{,45,12,60
H?AFEl|,45,17,64
H?AFEl},46,15,65
H?AFEl~,47,20,68
H?AFEmn,47,20,76
H?AFEm{,44,12,61
H?AFEm|,45,17,64
H?AFEm},46,15,65
H?AFEm~,50,20,65
H?AFEnN,64,19,97
H?AFEn[,55,12,65
H?AFEn\,57,15,71
H?AFEn],58,16,69
H?AFEn^,64,19,71
H?AFEnj,47,15,55
H?AFEnk,42,10,44
H?AFEnl,45,14,45
H?AFEnm,41,12,51
H?AFEnn,48,16,48
H?AFEnw,33,11,21
H?AFEnx,35,14,21
H?AFEny,42,13,29
H?AFEnz,47,16,27
H?AFEn{,36,12,22
H?AFEn|,38,15,22
H?AFEn},38,14,23
H?AFEn~,39,17,24
H?AFEo],58,14,115
H?AFEo^,62,23,119
H?AFEov,53,15,76
H?AFEoz,86,22,132
H?AFEo{,35,9,136
H?AFEo|,66,15,114
H?AFEo},60,14,95
H?AFEo~,56,23,89
H?AFEpU,54,8,88
H?AFEpV,59,12,94
H?AFEpZ,100,15,105
H?AFEp[,51,9,127
H?AFEp\,78,15,99
H?AFEp],51,14,103
H?AFEp^,58,20,104
H?AFEpf,43,11,67
H?AFEpr,101,15,82
H?AFEps,46,8,100
H?AFEpt,68,12,64
H?AFEpu,54,11,55
H?AFEpv,45,16,56
H?AFEpw,32,15,151
H?AFEpx,54,26,208
H?AFEpy,48,16,140
H?AFEpz,88,20,113
H?AFEp{,53,10,119
H?AFEp|,62,14,92
H?AFEp},54,13,73
H?AFEp~,52,18,65
H?AFEq],61,14,105
H?AFEq^,61,22,112
H?AFEqf,50,12,70
H?AFEqt,74,12,70
H?AFEqu,57,11,64
H?AFEqv,50,17,63
H?AFEqx,58,23,207
H?AFEqy,50,18,136
H?AFEqz,94,23,117
H?AFEq{,49,11,122
H?AFEq|,70,14,84
H?AFEq},59,13,68
H?AFEq~,55,18,62
H?AFErF,60,14,96
H?AFErT,78,13,74
H?AFErU,54,11,78
H?AFErV,58,14,84
H?AFErX,82,14,168
H?AFErY,52,12,123
H?AFErZ,115,16,97
H?AFEr[,55,11,114
H?AFEr\,80,14,75
H?AFEr],57,12,74
H?AFEr^,60,16,78
H?AFErb,105,14,81
H?AFErd,61,8,63
H?AFEre,46,8,67
H?AFErf,44,14,62
H?AFErp,82,15,145
H?AFErq,71,11,83
H?AFErr,116,13,75
H?AFErs,38,9,85
H?AFErt,76,11,43
H?AFEru,57,11,36
H?AFErv,49,14,35
H?AFErw,36,25,131
H?AFErx,62,40,184
H?AFEry,58,23,114
H?AFErz,101,23,100
H?AFEr{,48,15,91
H?AFEr|,64,14,57
H?AFEr},53,13,39
H?AFEr~,46,16,18
H?AFEs~,55,27,98
H?AFEt^,60,25,111
H?AFEtv,46,19,61
H?AFEtz,83,21,78
H?AFEt{,52,13,61
H?AFEt|,49,18,68
H?AFEt},51,16,68
H?AFEt~,52,21,71
H?AFEuv,50,20,70
H?AFEuz,93,23,80
H?AFEu{,49,13,64
H?AFEu|,48,18,69
H?AFEu},50,16,69
H?AFEu~,53,21,70
H?AFEvV,64,18,87
H?AFEvZ,109,18,81
H?AFEv[,58,12,73
H?AFEv\,58,16,80
H?AFEv],59,16,79
H?AFEv^,64,20,81
H?AFEvf,45,17,68
H?AFEvr,103,15,51
H?AFEvs,44,11,36
H?AFEvt,46,14,38
H?AFEvu,45,13,40
H?AFEvv,50,16,39
H?AFEvw,45,15,70
H?AFEvx,94,25,105
H?AFEvy,103,24,97
H?AFEvz,93,21,51
H?AFEv{,42,13,20
H?AFEv|,43,16,21
H?AFEv},43,15,22
H?AFEv~,46,18,21
H?AFEw},54,16,98
H?AFEw~,55,24,101
H?AFEx],56,14,112
H?AFEx^,59,21,116
H?AFExu,45,12,60
H?AFExv,46,17,63
H?AFExy,49,13,64
H?AFExz,47,19,69
H?AFEx{,50,11,93
H?AFEx|,63,15,102
H?AFEx},52,14,69
H?AFEx~,52,20,72
H?AFEy{,51,11,92
H?AFEy|,73,15,92
H?AFEy},49,14,72
H?AFEy~,51,20,73
H?AFEz[,58,11,87
H?AFEz\,85,15,82
H?AFEz],60,13,81
H?AFEz^,64,18,83
H?AFEze,38,9,73
H?AFEzf,43,15,72
H?AFEzq,43,10,51
H?AFEzr,47,14,51
H?AFEzs,37,10,57
H?AFEzt,74,12,54
H?AFEzu,45,12,41
H?AFEzv,48,16,41
H?AFEzw,39,11,62
H?AFEzx,63,14,58
H?AFEzy,50,13,27
H?AFEzz,50,16,30
H?AFEz{,45,12,63
H?AFEz|,67,15,62
H?AFEz},49,14,33
H?AFEz~,45,17,23
H?AFE|},54,17,73
H?AFE|~,55,23,75
H?AFE}},52,17,75
H?AFE}~,55,23,75
H?AFE~],62,17,86
H?AFE~^,67,21,88
H?AFE~u,47,14,44
H?AFE~v,53,18,41
H?AFE~y,50,15,31
H?AFE~z,54,18,30
H?AFE~{,44,14,22
H?AFE~|,46,17,22
H?AFE~},47,16,22
H?AFE~~,48,19,23
H?AFF?Z,62,26,88
H?AFF?^,45,19,76
H?AFF@Z,77,11,83
H?AFF@[,60,4,98
H?AFF@],50,5,85
H?AFF@^,43,10,68
H?AFF@w,58,22,144
H?AFF@y,118,7,91
H?AFF@z,90,8,72
H?AFF@{,80,5,85
H?AFF@},48,6,78
H?AFF@~,41,7,60
H?AFFAZ,79,10,91
H?AFFA],52,5,93
H?AFFA^,50,13,69
H?AFFBY,112,12,83
H?AFFBZ,99,10,61
H?AFFB[,69,5,86
H?AFFB],58,7,56
H?AFFB^,45,7,44
H?AFFBw,57,44,133
H?AFFBy,128,22,70
H?AFFBz,113,13,50
H?AFFB{,82,18,54
H?AFFB},53,7,48
H?AFFB~,34,8,23
H?AFFD],44,9,68
H?AFFD^,50,14,68
H?AFFDy,92,9,69
H?AFFDz,72,12,59
H?AFFD{,36,5,58
H?AFFD},39,8,61
H?AFFD~,43,11,63
H?AFFE^,55,16,73
H?AFFFZ,85,11,47
H?AFFF[,34,5,49
H?AFFF],41,7,48
H?AFFF^,46,9,49
H?AFFFw,55,9,36
H?AFFFy,110,16,50
H?AFFFz,89,13,30
H?AFFF{,29,6,25
H?AFFF},31,8,26
H?AFFF~,34,10,26
H?AFFG],41,11,88
H?AFFH],39,9,73
H?AFFH^,46,15,71
H?AFFHy,37,9,53
H?AFFHz,40,12,56
H?AFFH{,45,7,69
H?AFFH|,51,10,83
H?AFFH},36,10,62
H?AFFH~,40,13,64
H?AFFI],41,10,81
H?AFFI^,50,17,77
H?AFFJY,35,8,45
H?AFFJZ,41,10,45
H?AFFJ[,43,8,59
H?AFFJ\,63,9,60
H?AFFJ],37,9,50
H?AFFJ^,43,11,50
H?AFFJw,39,8,41
H?AFFJx,56,11,41
H?AFFJy,36,9,27
H?AFFJz,40,11,27
H?AFFJ{,44,9,43
H?AFFJ|,56,10,51
H?AFFJ},34,10,34
H?AFFJ~,32,12,26
H?AFFL{,37,10,61
H?AFFL|,39,16,62
H?AFFL},37,13,67
H?AFFL~,40,20,66
H?AFFN],38,11,55
H?AFFN^,43,16,53
H?AFFNy,34,11,33
H?AFFNz,40,15,29
H?AFFN{,30,10,25
H?AFFN|,31,13,26
H?AFFN},32,12,26
H?AFFN~,32,16,27
H?AFF`N,43,16,73
H?AFF`[,47,8,132
H?AFF`\,64,10,94
H?AFF`],59,10,87
H?AFF`^,51,16,76
H?AFF`j,106,11,63
H?AFF`k,41,9,110
H?AFF`l,69,10,64
H?AFF`m,62,10,60
H?AFF`n,42,14,64
H?AFF`w,34,21,195
H?AFF`x,85,12,167
H?AFF`y,72,9,150
H?AFF`z,104,13,87
H?AFF`{,57,10,125
H?AFF`|,60,11,85
H?AFF`},52,11,80
H?AFF`~,47,14,65
H?AFFa],60,12,96
H?AFFa^,56,18,82
H?AFFbM,58,10,64
H?AFFbN,44,13,63
H?AFFbY,67,13,140
H?AFFbZ,112,13,79
H?AFFb[,53,9,118
H?AFFb\,68,10,65
H?AFFb],60,11,59
H?AFFb^,48,12,52
H?AFFbh,111,12,107
H?AFFbi,87,10,103
H?AFFbj,117,10,71
H?AFFbk,41,8,105
H?AFFbl,75,10,47
H?AFFbm,64,11,45
H?AFFbn,47,12,45
H?AFFbw,38,38,177
H?AFFbx,94,26,144
H?AFFby,82,20,126
H?AFFbz,121,16,71
H?AFFb{,59,18,92
H?AFFb|,62,11,53
H?AFFb},56,12,44
H?AFFb~,40,13,22
H?AFFd^,52,22,80
H?AFFdn,45,18,67
H?AFFdz,86,20,63
H?AFFd{,43,11,63
H?AFFd|,44,16,66
H?AFFd},44,14,68
H?AFFd~,48,19,68
H?AFFf],46,12,54
H?AFFf^,50,16,54
H?AFFfj,103,12,53
H?AFFfk,39,9,48
H?AFFfl,45,13,46
H?AFFfm,40,11,53
H?AFFfn,48,15,49
H?AFFfw,57,12,51
H?AFFfx,117,18,73
H?AFFfy,121,20,67
H?AFFfz,101,18,35
H?AFFf{,37,11,22
H?AFFf|,38,14,23
H?AFFf},39,13,23
H?AFFf~,41,16,23
H?AFFhm,44,11,65
H?AFFhn,46,17,67
H?AFFh{,46,10,87
H?AFFh|,65,15,88
H?AFFh},46,13,67
H?AFFh~,49,18,68
H?AFFj],46,12,54
H?AFFj^,49,16,55
H?AFFjk,36,10,62
H?AFFjl,84,13,46
H?AFFjm,45,12,47
H?AFFjn,51,16,45
H?AFFjy,45,12,27
H?AFFjz,48,15,27
H?AFFj{,43,11,58
H?AFFj|,70,13,52
H?AFFj},45,13,32
H?AFFj~,41,16,23
H?AFFl},48,16,71
H?AFFl~,52,22,70
H?AFFnm,42,14,56
H?AFFnn,53,19,48
H?AFFn{,41,13,21
H?AFFn|,42,16,22
H?AFFn},42,15,23
H?AFFn~,43,18,24
H?AFFp],51,15,102
H?AFFp^,50,24,91
H?AFFpu,52,12,66
H?AFFpv,44,17,65
H?AFFpy,46,18,157
H?AFFpz,86,23,129
H?AFFp{,52,12,132
H?AFFp|,56,17,107
H?AFFp},50,14,86
H?AFFp~,51,19,74
H?AFFr],54,13,68
H?AFFr^,52,17,59
H?AFFre,46,11,75
H?AFFrf,44,17,69
H?AFFrs,41,12,90
H?AFFrt,71,14,55
H?AFFru,55,12,45
H?AFFrv,49,15,41
H?AFFrw,42,32,134
H?AFFrx,62,44,202
H?AFFry,58,27,125
H?AFFrz,98,28,114
H?AFFr{,51,18,96
H?AFFr|,56,16,72
H?AFFr},53,14,45
H?AFFr~,48,17,20
H?AFFt},51,18,75
H?AFFt~,56,23,74
H?AFFvu,48,14,43
H?AFFvv,55,18,39
H?AFFvy,107,30,103
H?AFFvz,97,23,56
H?AFFv{,48,14,18
H?AFFv|,48,17,20
H?AFFv},49,16,20
H?AFFv~,50,19,21
H?AFFx},53,16,75
H?AFFx~,56,21,76
H?AFFz{,51,13,64
H?AFFz|,57,15,81
H?AFFz},52,15,35
H?AFFz~,51,18,21
H?AFF~},52,17,21
H?AFF~~,53,20,22
H?AFKxr,41,20,56
H?AFKxy,42,16,68
H?AFKxz,41,22,72
H?AFKy],73,32,159
H?AFKzF,75,11,101
H?AFKzR,56,13,63
H?AFKzU,59,17,80
H?AFKzV,63,19,87
H?AFKzY,51,15,77
H?AFKz],56,16,82
H?AFKzb,40,11,45
H?AFKze,32,11,53
H?AFKzf,37,16,51
H?AFKzq,38,13,27
H?AFKzr,38,16,30
H?AFKzs,38,12,28
H?AFKzu,41,14,29
H?AFKzv,42,17,31
H?AFKzw,33,13,24
H?AFKzy,42,15,33
H?AFKzz,35,19,26
H?AFKz{,36,14,25
H?AFKz},44,16,36
H?AFKz~,42,20,23
H?AFK~V,70,27,85
H?AFK~],63,23,79
H?AFK~f,44,20,48
H?AFK~u,45,17,28
H?AFK~v,51,20,25
H?AFK~y,39,19,22
H?AFK~z,40,22,23
H?AFK~{,41,16,23
H?AFK~},44,20,21
H?AFK~~,47,23,20
H?AFMgz,52,26,78
H?AFMhj,44,19,57
H?AFMhy,41,15,61
H?AFMhz,41,21,64
H?AFMiN,64,24,121
H?AFMi],63,18,99
H?AFMij,46,16,70
H?AFMin,45,22,76
H?AFMiz,46,21,59
H?AFMi{,41,12,64
H?AFMi},44,16,66
H?AFMi~,49,22,64
H?AFMjJ,57,15,93
H?AFMjM,53,19,93
H?AFMjN,58,25,97
H?AFMjY,53,14,65
H?AFMj],59,16,68
H?AFMjj,40,15,36
H?AFMjk,37,11,36
H?AFMjm,40,13,38
H?AFMjn,45,16,37
H?AFMjw,32,12,21
H?AFMjy,40,14,30
H?AFMjz,34,18,23
H?AFMj{,35,13,22
H?AFMj},43,15,32
H?AFMj~,39,19,22
H?AFMm},43,21,71
H?AFMm~,49,26,69
H?AFMnN,71,27,97
H?AFMn],60,23,71
H?AFMnm,38,15,45
H?AFMnn,47,18,40
H?AFMny,34,17,24
H?AFMnz,35,20,25
H?AFMn{,37,15,23
H?AFMn},38,18,24
H?AFMn~,40,21,24
H?AFMxz,47,24,73
H?AFMy],65,19,126
H?AFMyu,43,16,81
H?AFMy{,47,14,74
H?AFMy|,46,18,80
H?AFMy},46,18,80
H?AFMy~,47,25,81
H?AFMzU,62,17,90
H?AFMz[,57,13,84
H?AFMz\,61,19,85
H?AFMz],63,17,85
H?AFMz^,67,23,86
H?AFMze,33,12,59
H?AFMzf,38,17,57
H?AFMzr,41,17,32
H?AFMzs,40,13,31
H?AFMzt,41,15,34
H?AFMzu,43,15,32
H?AFMzv,45,18,33
H?AFMzw,39,14,22
H?AFMzx,47,16,33
H?AFMzy,46,16,34
H?AFMzz,41,20,24
H?AFMz{,41,15,24
H?AFMz|,46,18,38
H?AFMz},48,17,37
H?AFMz~,45,21,24
H?AFM}~,52,30,80
H?AFM~^,73,29,85
H?AFM~v,51,21,30
H?AFM~z,43,23,24
H?AFM~{,43,17,25
H?AFM~|,44,21,25
H?AFM~},46,21,23
H?AFM~~,47,24,24
H?AFNHZ,40,19,73
H?AFNHz,35,16,66
H?AFNIZ,43,21,80
H?AFNI^,46,22,88
H?AFNJZ,40,14,50
H?AFNJ[,30,11,55
H?AFNJ],35,13,56
H?AFNJ^,42,15,55
H?AFNJw,28,11,21
H?AFNJy,34,13,31
H?AFNJz,32,15,23
H?AFNJ{,30,12,23
H?AFNJ},36,14,34
H?AFNJ~,34,16,25
H?AFNN^,42,21,57
H?AFNNz,31,18,26
H?AFNN{,32,13,25
H?AFNN},33,16,26
H?AFNN~,33,19,28
H?AFNj],46,16,58
H?AFNj^,48,21,59
H?AFNjk,40,12,39
H?AFNjl,45,14,39
H?AFNjm,43,14,41
H?AFNjn,48,17,40
H?AFNjy,44,15,31
H?AFNjz,39,19,22
H?AFNj{,40,14,21
H?AFNj|,46,16,34
H?AFNj},48,16,32
H?AFNj~,43,20,22
H?AFNnn,53,20,39
H?AFNn{,42,16,22
H?AFNn|,42,19,24
H?AFNn},43,19,23
H?AFNn~,44,22,24
H?AFNp{,49,14,72
H?AFNp|,50,18,76
H?AFNp},50,18,92
H?AFNp~,48,25,80
H?AFNq],58,23,114
H?AFNrU,54,16,70
H?AFNr],54,18,72
H?AFNr^,50,23,63
H?AFNre,45,13,59
H?AFNrf,39,19,54
H?AFNrs,42,13,29
H?AFNrt,44,15,31
H?AFNru,55,15,35
H?AFNrv,46,18,32
H?AFNrw,41,14,20
H?AFNrx,49,16,31
H?AFNry,48,16,48
H?AFNrz,46,20,36
H?AFNr{,43,15,22
H?AFNr|,48,18,36
H?AFNr},53,18,48
H?AFNr~,47,21,22
H?AFNt~,50,30,82
H?AFNvv,50,21,31
H?AFNvz,48,22,38
H?AFNv{,43,18,24
H?AFNv|,45,21,24
H?AFNv},46,21,23
H?AFNv~,48,24,23
H?AFNz{,46,16,23
H?AFNz|,49,18,41
H?AFNz},50,18,40
H?AFNz~,50,22,23
H?AFN~},52,22,21
H?AFN~~,53,25,22
H?AFbXZ,63,27,148
H?AFbXr,61,20,101
H?AFbXy,55,18,109
H?AFbXz,55,24,116
H?AFbX},48,19,128
H?AFbYV,55,21,93
H?AFbYZ,54,19,95
H?AFbY[,33,12,111
H?AFbY^,54,28,98
H?AFbZF,65,14,89
H?AFbZJ,62,12,82
H?AFbZR,48,12,57
H?AFbZS,41,11,68
H?AFbZV,45,19,62
H?AFbZY,46,15,51
H?AFbZZ,47,19,54
H?AFbZ[,48,13,65
H?AFbZ],47,16,57
H?AFbZ^,48,21,59
H?AFbZb,42,10,56
H?AFbZc,47,10,64
H?AFbZf,55,14,74
H?AFbZi,52,13,52
H?AFbZj,56,15,55
H?AFbZm,54,14,58
H?AFbZq,38,12,54
H?AFbZr,42,16,54
H?AFbZs,34,12,45
H?AFbZu,46,14,38
H?AFbZv,47,17,41
H?AFbZw,36,13,49
H?AFbZy,45,15,30
H?AFbZz,44,18,34
H?AFbZ{,39,14,52
H?AFbZ},45,16,35
H?AFbZ~,42,20,23
H?AFb]^,55,36,101
H?AFb^V,47,24,64
H?AFb^^,53,25,58
H?AFb^f,54,20,80
H?AFb^m,55,19,61
H?AFb^v,50,20,42
H?AFb^y,47,18,31
H?AFb^z,50,21,31
H?AFb^{,41,16,23
H?AFb^},43,20,22
H?AFb^~,45,23,22
H?AFbhj,57,22,116
H?AFbhz,52,23,107
H?AFbh},48,20,114
H?AFbiN,54,28,100
H?AFbjJ,47,15,68
H?AFbjK,37,11,84
H?AFbjN,46,23,71
H?AFbjg,37,11,48
H?AFbjj,42,16,40
H?AFbjk,39,12,53
H?AFbjm,41,14,43
H?AFbjn,45,18,42
H?AFbjw,33,12,46
H?AFbjy,40,14,30
H?AFbjz,42,17,31
H?AFbj{,35,13,50
H?AFbj},40,15,35
H?AFbj~,36,19,25
H?AFbnN,50,27,73
H?AFbnj,46,19,40
H?AFbnn,49,20,43
H?AFbny,44,16,30
H?AFbnz,47,19,30
H?AFbn{,38,15,22
H?AFbn},38,18,24
H?AFbn~,39,21,25
H?AFbxm,52,19,154
H?AFbxu,54,18,110
H?AFbx{,45,14,136
H?AFbx|,51,20,153
H?AFbx},49,20,139
H?AFbx~,51,28,142
H?AFbzM,51,19,80
H?AFbze,46,14,52
H?AFbzi,50,15,40
H?AFbzm,50,16,46
H?AFbzn,50,21,48
H?AFbzq,42,13,57
H?AFbzu,49,15,41
H?AFbzv,51,19,42
H?AFbzy,48,16,32
H?AFbzz,48,19,35
H?AFbz{,45,15,52
H?AFbz|,49,19,68
H?AFbz},48,18,36
H?AFbz~,47,21,22
H?AFb|~,54,36,144
H?AFb~},46,21,23
H?AFb~~,48,24,23
H?AFeWn,61,21,113
H?AFeWv,49,18,89
H?AFeWz,50,25,93
H?AFeW|,60,19,117
H?AFeW},47,19,102
H?AFeW~,50,28,102
H?AFeXN,68,22,138
H?AFeXf,58,13,85
H?AFeXj,60,19,77
H?AFeXl,65,15,89
H?AFeXm,53,15,88
H?AFeXn,52,21,95
H?AFeXr,44,19,67
H?AFeXt,52,15,76
H?AFeXu,40,15,62
H?AFeXv,41,20,65
H?AFeXx,56,16,82
H?AFeXy,44,16,66
H?AFeXz,42,21,72
H?AFeX{,46,13,81
H?AFeX|,51,17,97
H?AFeX},45,17,73
H?AFeX~,43,23,78
H?AFeYN,83,25,144
H?AFeYf,67,15,98
H?AFeYj,62,14,93
H?AFeYl,67,16,99
H?AFeYm,59,16,94
H?AFeYn,56,23,103
H?AFeYr,48,14,68
H?AFeYt,61,15,80
H?AFeYv,43,21,76
H?AFeYx,58,16,80
H?AFeYy,43,16,67
H?AFeYz,45,21,69
H?AFeY{,47,13,80
H?AFeY|,59,17,89
H?AFeY},44,17,74
H?AFeY~,46,23,75
H?AFeZF,83,17,120
H?AFeZJ,68,12,124
H?AFeZL,74,11,131
H?AFeZM,61,15,128
H?AFeZN,69,24,128
H?AFeZb,40,10,58
H?AFeZd,69,13,62
H?AFeZe,57,13,62
H?AFeZf,58,14,71
H?AFeZh,65,13,52
H?AFeZi,54,13,50
H?AFeZj,54,15,57
H?AFeZk,51,12,54
H?AFeZl,68,14,58
H?AFeZm,51,14,61
H?AFeZn,56,17,62
H?AFeZp,53,14,37
H?AFeZq,38,12,54
H?AFeZr,43,16,53
H?AFeZs,33,12,46
H?AFeZt,60,14,52
H?AFeZu,43,14,41
H?AFeZv,45,17,43
H?AFeZw,36,13,49
H?AFeZx,51,15,54
H?AFeZy,44,15,31
H?AFeZz,42,18,36
H?AFeZ{,38,14,53
H?AFeZ|,56,16,56
H?AFeZ},43,16,37
H?AFeZ~,41,20,24
H?AFe\|,50,23,71
H?AFe\},49,23,72
H?AFe\~,50,28,75
H?AFe]n,58,32,105
H?AFe]v,48,27,75
H?AFe]|,50,23,71
H?AFe]},48,23,73
H?AFe]~,53,28,72
H?AFe^N,73,36,129
H?AFe^f,62,20,72
H?AFe^l,58,17,60
H?AFe^m,56,19,60
H?AFe^n,60,22,62
H?AFe^t,47,18,40
H?AFe^u,43,17,45
H?AFe^v,51,20,41
H?AFe^x,40,19,21
H?AFe^y,47,18,31
H?AFe^z,50,21,31
H?AFe^{,40,16,24
H?AFe^|,43,20,22
H?AFe^},42,20,23
H?AFe^~,45,23,22
H?AFfG^,55,28,99
H?AFfHN,57,19,92
H?AFfHZ,50,22,71
H?AFfH\,65,16,88
H?AFfH^,50,25,79
H?AFfHj,58,17,69
H?AFfHl,68,14,74
H?AFfHm,48,14,82
H?AFfHn,53,20,83
H?AFfHx,64,15,64
H?AFfHz,44,20,62
H?AFfH{,42,12,76
H?AFfH|,55,16,83
H?AFfH},43,16,67
H?AFfH~,45,22,68
H?AFfIN,61,24,107
H?AFfIZ,54,19,83
H?AFfI^,52,27,89
H?AFfJJ,59,13,72
H?AFfJN,58,21,77
H?AFfJZ,46,18,48
H?AFfJ[,43,12,62
H?AFfJ\,65,15,60
H?AFfJ],43,15,54
H?AFfJ^,48,20,52
H?AFfJi,41,12,43
H?AFfJj,54,15,48
H?AFfJk,50,11,47
H?AFfJl,69,14,47
H?AFfJm,53,14,50
H?AFfJn,59,17,50
H?AFfJw,36,12,43
H?AFfJx,58,16,38
H?AFfJy,42,14,28
H?AFfJz,44,17,29
H?AFfJ{,38,13,47
H?AFfJ|,60,15,45
H?AFfJ},41,15,34
H?AFfJ~,38,19,23
H?AFfL|,45,21,69
H?AFfL},43,21,71
H?AFfL~,46,26,72
H?AFfN\,45,19,56
H?AFfN^,48,23,57
H?AFfNl,58,15,53
H?AFfNm,56,18,52
H?AFfNn,62,19,54
H?AFfNx,35,17,23
H?AFfNy,41,16,33
H?AFfNz,46,19,31
H?AFfN{,37,15,23
H?AFfN|,38,18,24
H?AFfN},37,18,25
H?AFfN~,39,21,25
H?AFfO^,59,30,107
H?AFfPV,51,16,76
H?AFfPZ,93,25,129
H?AFfP[,43,13,113
H?AFfP],54,18,96
H?AFfP^,52,27,86
H?AFfPf,57,13,86
H?AFfPm,49,16,91
H?AFfPr,106,18,92
H?AFfPu,53,15,62
H?AFfPv,44,20,62
H?AFfPy,45,22,154
H?AFfPz,96,24,118
H?AFfP{,46,13,109
H?AFfP},51,17,82
H?AFfP~,51,23,70
H?AFfQV,57,21,91
H?AFfQZ,97,24,139
H?AFfQ^,56,28,96
H?AFfRF,62,15,91
H?AFfRM,60,15,81
H?AFfRR,118,14,84
H?AFfRV,47,19,60
H?AFfRY,49,19,140
H?AFfRZ,107,24,107
H?AFfR[,47,13,94
H?AFfR],59,16,60
H?AFfR^,54,21,53
H?AFfRb,124,9,65
H?AFfRe,55,13,64
H?AFfRf,56,14,73
H?AFfRi,50,14,116
H?AFfRm,58,15,53
H?AFfRq,59,14,107
H?AFfRr,120,17,84
H?AFfRs,36,12,69
H?AFfRu,57,14,41
H?AFfRv,50,17,38
H?AFfRw,39,23,107
H?AFfRy,50,29,131
H?AFfRz,111,25,104
H?AFfR{,44,16,75
H?AFfR},53,16,43
H?AFfR~,46,20,19
H?AFfT^,51,33,92
H?AFfT},48,22,74
H?AFfT~,50,28,75
H?AFfU^,53,35,104
H?AFfVV,46,23,66
H?AFfVZ,99,24,72
H?AFfV],48,20,60
H?AFfV^,51,25,60
H?AFfVf,60,17,77
H?AFfVm,58,18,59
H?AFfVu,43,16,46
H?AFfVv,50,20,42
H?AFfVy,109,28,103
H?AFfVz,102,23,51
H?AFfV{,41,16,23
H?AFfV},42,19,24
H?AFfV~,45,22,23
H?AFfX],51,19,95
H?AFfX^,52,27,97
H?AFfXm,54,16,98
H?AFfXn,56,22,102
H?AFfXu,47,16,63
H?AFfXv,47,21,67
H?AFfXz,48,23,73
H?AFfX{,52,14,84
H?AFfX|,59,18,99
H?AFfX},51,18,75
H?AFfX~,50,25,78
H?AFfY],51,20,109
H?AFfZM,59,16,93
H?AFfZU,45,15,66
H?AFfZY,48,16,56
H?AFfZ[,50,14,71
H?AFfZ\,66,17,77
H?AFfZ],48,17,63
H?AFfZ^,48,23,65
H?AFfZe,58,15,70
H?AFfZi,57,14,55
H?AFfZk,56,13,57
H?AFfZl,72,15,63
H?AFfZm,58,15,62
H?AFfZn,61,19,64
H?AFfZq,41,13,58
H?AFfZr,46,17,57
H?AFfZs,37,13,48
H?AFfZt,70,15,50
H?AFfZu,47,15,43
H?AFfZv,50,19,43
H?AFfZw,41,14,50
H?AFfZx,59,16,53
H?AFfZy,48,16,32
H?AFfZz,47,19,36
H?AFfZ{,44,15,53
H?AFfZ|,60,19,57
H?AFfZ},48,17,37
H?AFfZ~,45,21,24
H?AFf\~,53,30,79
H?AFf^^,51,27,66
H?AFf^n,65,23,65
H?AFf^v,52,22,45
H?AFf^z,51,22,35
H?AFf^{,44,17,24
H?AFf^|,45,21,24
H?AFf^},46,21,23
H?AFf^~,47,24,24
H?AFf`N,48,23,85
H?AFf`j,106,16,94
H?AFf`k,34,15,107
H?AFf`m,56,14,86
H?AFf`n,44,19,77
H?AFf`y,69,13,170
H?AFf`z,104,17,100
H?AFf`{,38,18,113
H?AFf`},54,16,84
H?AFf`~,46,18,71
H?AFfaN,54,28,100
H?AFfbJ,110,16,90
H?AFfbN,48,19,73
H?AFfbj,118,17,73
H?AFfbk,37,16,90
H?AFfbm,64,15,47
H?AFfbn,46,16,43
H?AFfbw,46,31,127
H?AFfby,73,24,150
H?AFfbz,120,20,84
H?AFfb{,41,19,80
H?AFfb},60,16,44
H?AFfb~,41,17,22
H?AFfdn,45,25,80
H?AFfd},43,19,73
H?AFfd~,46,24,74
H?AFffN,49,24,77
H?AFffj,106,17,45
H?AFffn,46,19,47
H?AFffy,121,22,81
H?AFffz,110,19,36
H?AFff{,38,14,23
H?AFff},39,17,24
H?AFff~,40,20,25
H?AFfh{,44,13,83
H?AFfh|,63,17,85
H?AFfh},47,17,71
H?AFfh~,50,23,71
H?AFfjM,45,16,79
H?AFfjm,45,15,45
H?AFfjn,47,19,46
H?AFfjy,46,15,29
H?AFfjz,48,18,30
H?AFfj{,41,14,50
H?AFfj|,68,16,44
H?AFfj},46,16,34
H?AFfj~,42,20,23
H?AFfl~,53,28,72
H?AFfn{,43,16,21
H?AFfn|,43,19,23
H?AFfn},43,19,23
H?AFfn~,44,22,24
H?AFfpn,50,26,84
H?AFfpv,44,21,70
H?AFfpz,96,28,131
H?AFfp{,47,15,118
H?AFfp|,53,18,105
H?AFfp},51,18,91
H?AFfp~,51,24,78
H?AFfrM,54,19,92
H?AFfre,53,15,58
H?AFfri,49,24,137
H?AFfrm,56,16,56
H?AFfrn,51,20,48
H?AFfrq,60,19,116
H?AFfrs,40,14,72
H?AFfrt,67,15,53
H?AFfru,58,15,47
H?AFfrv,51,18,43
H?AFfrw,46,28,108
H?AFfrx,55,40,190
H?AFfry,50,34,141
H?AFfrz,110,31,115
H?AFfr{,49,19,76
H?AFfr|,54,17,65
H?AFfr},55,17,47
H?AFfr~,49,21,20
H?AFft~,52,29,81
H?AFfvv,54,21,44
H?AFfvz,107,25,55
H?AFfv{,46,17,22
H?AFfv|,46,20,24
H?AFfv},47,20,23
H?AFfv~,48,23,24
H?AFfx},47,20,86
H?AFfx~,49,26,87
H?AFfz{,48,16,55
H?AFfz|,54,18,72
H?AFfz},49,18,41
H?AFfz~,49,22,24
H?AFf~},50,22,23
H?AFf~~,51,25,24
H?AFnXz,54,26,73
H?AFnY^,52,30,122
H?AFnZV,48,21,75
H?AFnZZ,50,22,64
H?AFnZ[,50,15,63
H?AFnZ],49,18,69
H?AFnZ^,48,25,71
H?AFnZf,66,16,83
H?AFnZm,62,19,63
H?AFnZr,45,18,33
H?AFnZu,48,16,32
H?AFnZv,51,20,31
H?AFnZy,51,17,34
H?AFnZz,47,21,22
H?AFnZ{,46,16,23
H?AFnZ},50,19,39
H?AFnZ~,48,22,25
H?AFn^^,47,30,75
H?AFn^},48,22,25
H?AFn^~,49,25,26
H?AFnhz,54,23,67
H?AFnjN,54,25,81
H?AFnjj,50,19,43
H?AFnjk,46,14,45
H?AFnjn,50,20,49
H?AFnjz,46,20,19
H?AFnj{,47,15,18
H?AFnj},53,17,32
H?AFnj~,49,21,20
H?AFnnn,58,24,44
H?AFnn},49,20,21
H?AFnn~,50,23,22
H?AFnzm,49,18,59
H?AFnzu,51,17,34
H?AFnz{,51,17,22
H?AFnz|,54,19,41
H?AFnz},53,20,41
H?AFnz~,53,23,24
H?AFn~~,54,26,25
H?AFrxz,56,28,137
H?AFrzf,47,26,63
H?AFrzr,47,20,35
H?AFrzs,53,15,44
H?AFrzv,48,23,37
H?AFrzy,51,17,34
H?AFrzz,49,22,37
H?AFrz{,51,16,35
H?AFrz},50,21,37
H?AFrz~,50,24,21
H?AFr~v,51,24,39
H?AFr~~,53,25,22
H?AFvhn,54,27,89
H?AFvhv,57,22,81
H?AFvhz,53,24,76
H?AFvh|,56,20,94
H?AFvh},55,19,79
H?AFvh~,54,27,81
H?AFvjN,53,28,89
H?AFvjf,57,20,67
H?AFvjj,50,19,50
H?AFvjk,53,15,44
H?AFvjl,58,19,59
H?AFvjn,51,23,52
H?AFvjr,47,17,48
H?AFvjs,58,14,48
H?AFvjt,61,16,35
H?AFvju,58,18,36
H?AFvjv,62,20,37
H?AFvjx,54,18,47
H?AFvjy,53,17,32
H?AFvjz,51,21,36
H?AFvj{,50,16,36
H?AFvj|,56,21,49
H?AFvj},53,19,36
H?AFvj~,51,22,22
H?AFvnn,50,27,56
H?AFvnv,66,24,36
H?AFvn|,50,22,23
H?AFvn},51,22,22
H?AFvn~,52,25,23
H?AFvpv,48,24,81
H?AFvpz,94,34,144
H?AFvp{,50,16,94
H?AFvp},50,21,99
H?AFvp~,51,26,85
H?AFvrf,48,24,64
H?AFvrr,109,36,111
H?AFvrs,51,17,60
H?AFvrv,49,21,38
H?AFvrw,57,21,57
H?AFvry,51,37,152
H?AFvrz,107,39,126
H?AFvr{,57,19,43
H?AFvr},54,19,53
H?AFvr~,53,22,20
H?AFvt~,53,32,86
H?AFvvv,51,23,40
H?AFvvz,114,27,57
H?AFvv},53,21,21
H?AFvv~,54,24,22
H?AFvx},51,24,87
H?AFvx~,53,30,88
H?AFvzu,50,19,39
H?AFvzy,54,19,35
H?AFvz{,54,17,37
H?AFvz|,55,21,57
H?AFvz},54,21,39
H?AFvz~,54,23,23
H?AFv~~,56,26,23
H?AF~zv,54,23,43
H?AF~zz,55,23,22
H?AF~z{,56,18,21
H?AF~z},59,20,41
H?AF~z~,58,24,23
H?AF~~~,59,27,24
H?B@`WY,76,1,252
H?B@`W\,96,55,272
H?B@`W],87,51,285
H?B@`W^,95,87,288
H?B@`Wj,107,13,188
H?B@`Wl,108,50,150
H?B@`Wm,93,30,229
H?B@`Wn,114,62,220
H?B@`Wr,93,10,163
H?B@`Wt,93,25,170
H?B@`Wu,96,31,177
H?B@`Wv,92,47,203
H?B@`Wx,82,8,198
H?B@`Wy,74,9,205
H?B@`Wz,88,29,198
H?B@`W{,81,25,209
H?B@`W|,91,42,227
H?B@`W},89,44,227
H?B@`W~,97,65,223
H?B@`YI,70,2,128
H?B@`YJ,78,7,140
H?B@`YM,76,5,144
H?B@`YN,84,10,156
H?B@`YQ,63,3,70
H?B@`YR,82,6,92
H?B@`YT,82,6,92
H?B@`YU,69,4,89
H?B@`YV,80,8,112
H?B@`YX,81,7,112
H?B@`YY,84,6,110
H?B@`YZ,77,10,133
H?B@`Y[,56,7,107
H?B@`Y\,87,10,123
H?B@`Y],84,9,127
H?B@`Y^,77,14,149
H?B@`Yb,75,5,64
H?B@`Yd,66,5,55
H?B@`Yf,73,6,83
H?B@`Yh,79,6,67
H?B@`Yi,80,5,86
H?B@`Yj,86,8,96
H?B@`Yk,67,7,78
H?B@`Yl,79,10,82
H?B@`Ym,78,9,103
H?B@`Yn,82,13,114
H?B@`Yp,77,5,53
H?B@`Yq,86,7,51
H?B@`Yr,82,10,68
H?B@`Ys,66,5,55
H?B@`Yt,74,8,68
H?B@`Yu,84,9,67
H?B@`Yv,80,13,83
H?B@`Yw,67,4,69
H?B@`Yx,76,8,81
H?B@`Yy,74,7,84
H?B@`Yz,77,11,80
H?B@`Y{,69,8,77
H?B@`Y|,73,11,96
H?B@`Y},72,11,97
H?B@`Y~,74,15,93
H?B@`ZA,34,2,28
H?B@`ZB,42,3,36
H?B@`ZE,67,6,53
H?B@`ZF,67,9,64
H?B@`ZH,47,6,43
H?B@`ZI,64,5,51
H?B@`ZJ,63,8,61
H?B@`ZK,42,6,40
H?B@`ZL,48,8,52
H?B@`ZM,65,8,59
H?B@`ZN,63,11,70
H?B@`ZP,57,7,36
H?B@`ZQ,32,5,43
H?B@`ZR,51,7,41
H?B@`ZS,46,6,38
H?B@`ZT,70,8,43
H?B@`ZU,44,8,47
H?B@`ZV,51,10,47
H?B@`ZW,33,5,50
H?B@`ZX,67,8,45
H?B@`ZY,49,8,39
H?B@`ZZ,52,10,42
H?B@`Z[,38,8,50
H?B@`Z\,70,10,50
H?B@`Z],49,10,45
H?B@`Z^,53,12,47
H?B@`Z`,51,6,23
H?B@`Za,42,4,35
H?B@`Zb,43,7,40
H?B@`Zd,70,8,30
H?B@`Ze,65,8,37
H?B@`Zf,61,10,50
H?B@`Zg,46,5,30
H?B@`Zh,62,8,30
H?B@`Zi,57,7,35
H?B@`Zj,60,10,38
H?B@`Zk,54,8,28
H?B@`Zl,69,10,31
H?B@`Zm,61,10,37
H?B@`Zn,62,12,43
H?B@`Zo,37,5,28
H?B@`Zp,58,8,22
H?B@`Zq,48,7,33
H?B@`Zr,51,9,36
H?B@`Zs,41,7,29
H?B@`Zt,67,9,32
H?B@`Zu,47,10,27
H?B@`Zv,49,12,30
H?B@`Zw,40,6,38
H?B@`Zx,60,9,35
H?B@`Zy,48,9,21
H?B@`Zz,47,11,26
H?B@`Z{,44,9,38
H?B@`Z|,59,11,42
H?B@`Z},49,11,24
H?B@`Z~,44,13,18
H?B@`gm,83,28,217
H?B@`gn,103,41,225
H?B@`gy,78,12,162
H?B@`gz,97,21,162
H?B@`g{,80,30,170
H?B@`g|,103,35,186
H?B@`g},86,38,200
H?B@`g~,103,48,199
H?B@`iM,61,3,125
H?B@`iN,77,10,143
H?B@`ii,77,5,71
H?B@`ij,82,5,83
H?B@`ik,82,5,66
H?B@`il,86,7,77
H?B@`im,78,7,85
H?B@`in,80,8,99
H?B@`iw,64,3,59
H?B@`ix,75,5,70
H?B@`iy,69,5,76
H?B@`iz,75,6,73
H?B@`i{,64,6,70
H?B@`i|,74,8,83
H?B@`i},67,9,89
H?B@`i~,77,9,82
H?B@`jI,35,4,51
H?B@`jJ,52,7,51
H?B@`jL,52,5,64
H?B@`jM,43,5,62
H?B@`jN,54,12,54
H?B@`jg,42,4,34
H?B@`jh,64,5,30
H?B@`ji,44,5,28
H?B@`jj,47,6,31
H?B@`jk,45,6,37
H?B@`jl,68,7,33
H?B@`jm,44,7,33
H?B@`jn,50,8,33
H?B@`jw,40,5,32
H?B@`jx,55,6,35
H?B@`jy,45,6,21
H?B@`jz,44,7,27
H?B@`j{,41,7,36
H?B@`j|,54,8,42
H?B@`j},45,8,25
H?B@`j~,40,9,21
H?B@`wv,96,59,225
H?B@`w|,98,54,244
H?B@`w},91,63,242
H?B@`w~,96,80,244
H?B@`yf,76,11,89
H?B@`yi,74,8,105
H?B@`yj,79,13,112
H?B@`yl,79,13,112
H?B@`ym,75,12,117
H?B@`yn,71,17,133
H?B@`yq,84,10,66
H?B@`yr,78,13,85
H?B@`yt,73,9,83
H?B@`yu,78,12,86
H?B@`yv,73,16,103
H?B@`yw,63,6,85
H?B@`yx,70,9,101
H?B@`yy,73,9,98
H?B@`yz,72,14,96
H?B@`y{,64,11,93
H?B@`y|,67,13,115
H?B@`y},70,14,111
H?B@`y~,67,18,111
H?B@`zF,56,13,63
H?B@`zI,52,8,60
H?B@`zJ,58,12,60
H?B@`zM,51,10,69
H?B@`zN,59,15,66
H?B@`za,45,7,36
H?B@`zb,51,10,35
H?B@`zd,68,10,42
H?B@`ze,45,10,41
H?B@`zf,50,13,41
H?B@`zg,43,7,46
H?B@`zh,67,10,40
H?B@`zi,48,11,32
H?B@`zj,51,12,35
H?B@`zk,46,10,48
H?B@`zl,69,12,45
H?B@`zm,48,12,38
H?B@`zn,50,14,41
H?B@`zo,36,7,34
H?B@`zp,55,10,31
H?B@`zq,48,9,39
H?B@`zr,51,12,41
H?B@`zs,42,9,33
H?B@`zt,65,11,41
H?B@`zu,45,12,34
H?B@`zv,50,14,34
H?B@`zw,40,8,43
H?B@`zx,56,11,45
H?B@`zy,44,11,29
H?B@`zz,49,13,28
H?B@`z{,41,11,46
H?B@`z|,56,13,51
H?B@`z},46,13,31
H?B@`z~,44,15,21
H?B@cWf,67,5,96
H?B@cWm,88,12,107
H?B@cWt,71,5,86
H?B@cWu,64,3,77
H?B@cWv,79,15,106
H?B@cW{,49,10,91
H?B@cW},72,16,110
H?B@cXM,64,4,84
H?B@cXN,69,6,96
H?B@cXa,24,4,26
H?B@cXd,58,7,33
H?B@cXe,66,6,45
H?B@cXf,65,9,56
H?B@cXi,68,8,44
H?B@cXk,43,7,38
H?B@cXl,65,10,42
H?B@cXm,70,11,51
H?B@cXn,67,14,63
H?B@cXq,26,6,40
H?B@cXs,38,6,46
H?B@cXt,64,9,48
H?B@cXu,45,10,55
H?B@cXv,53,14,53
H?B@cXw,40,6,53
H?B@cXy,50,9,49
H?B@cX{,43,9,56
H?B@cX|,63,12,68
H?B@cX},52,12,53
H?B@cX~,53,15,58
H?B@cYM,88,5,131
H?B@cYd,60,3,45
H?B@cYe,66,3,67
H?B@cYf,77,4,81
H?B@cYk,60,6,53
H?B@cYm,86,7,97
H?B@cYq,66,4,42
H?B@cYs,35,4,51
H?B@cYt,77,5,68
H?B@cYu,65,8,67
H?B@cYv,83,11,82
H?B@cY{,32,8,70
H?B@cY},76,10,94
H?B@cZF,69,4,87
H?B@cZI,60,1,75
H?B@cZM,67,4,82
H?B@cZN,73,6,91
H?B@cZa,44,4,33
H?B@cZc,44,4,22
H?B@cZd,67,6,23
H?B@cZe,68,7,35
H?B@cZf,64,9,48
H?B@cZg,38,4,22
H?B@cZi,62,7,30
H?B@cZk,41,6,25
H?B@cZl,65,8,27
H?B@cZm,62,9,37
H?B@cZn,61,11,45
H?B@cZo,26,5,29
H?B@cZq,49,6,33
H?B@cZs,29,6,31
H?B@cZt,67,8,33
H?B@cZu,48,9,27
H?B@cZv,50,11,30
H?B@cZw,31,6,35
H?B@cZy,47,8,23
H?B@cZ{,34,8,36
H?B@cZ|,60,10,42
H?B@cZ},46,10,28
H?B@cZ~,43,12,20
H?B@c[m,84,20,126
H?B@c[n,95,21,137
H?B@c[u,70,15,105
H?B@c[v,84,22,114
H?B@c[z,69,20,127
H?B@c[|,69,21,126
H?B@c[},71,21,124
H?B@c[~,72,27,135
H?B@c\N,71,16,122
H?B@c\e,66,9,55
H?B@c\f,66,12,65
H?B@c\j,68,14,62
H?B@c\l,66,14,64
H?B@c\m,68,14,62
H?B@c\n,64,17,75
H?B@c\r,57,14,49
H?B@c\t,47,12,49
H?B@c\u,44,13,63
H?B@c\v,54,17,59
H?B@c\w,49,9,50
H?B@c\x,52,12,53
H?B@c\y,51,12,54
H?B@c\z,54,15,57
H?B@c\{,49,12,56
H?B@c\|,51,15,60
H?B@c\},50,15,61
H?B@c\~,53,18,64
H?B@c]N,116,31,163
H?B@c]f,84,7,89
H?B@c]j,93,13,103
H?B@c]l,95,11,103
H?B@c]m,82,13,114
H?B@c]n,95,16,117
H?B@c]r,86,12,78
H?B@c]t,69,10,75
H?B@c]u,67,11,87
H?B@c]v,83,15,94
H?B@c]w,65,6,83
H?B@c]x,69,11,88
H?B@c]y,70,11,87
H?B@c]z,75,15,92
H?B@c]{,57,9,102
H?B@c]|,68,14,100
H?B@c]},68,14,100
H?B@c]~,74,18,104
H?B@c^F,76,15,109
H?B@c^J,65,10,112
H?B@c^L,65,6,99
H?B@c^M,63,13,111
H?B@c^N,73,16,115
H?B@c^b,46,8,45
H?B@c^d,75,9,37
H?B@c^e,63,9,49
H?B@c^f,67,11,54
H?B@c^g,57,7,35
H?B@c^h,60,9,39
H?B@c^i,56,9,43
H?B@c^j,59,11,47
H?B@c^k,58,9,41
H?B@c^l,62,11,44
H?B@c^m,58,11,48
H?B@c^n,61,13,52
H?B@c^o,26,7,22
H?B@c^p,31,9,20
H?B@c^q,48,8,40
H?B@c^r,54,11,39
H?B@c^s,44,8,32
H?B@c^t,48,10,33
H?B@c^u,46,11,34
H?B@c^v,52,13,33
H?B@c^w,36,8,21
H?B@c^x,38,10,22
H?B@c^y,46,10,28
H?B@c^z,46,12,32
H?B@c^{,36,10,24
H?B@c^|,40,12,23
H?B@c^},40,12,23
H?B@c^~,45,14,21
H?B@dG],74,17,107
H?B@dG^,84,22,134
H?B@dGn,94,15,107
H?B@dGy,56,8,80
H?B@dGz,71,13,96
H?B@dG|,74,13,93
H?B@dG},69,16,95
H?B@dG~,71,20,107
H?B@dHN,62,12,66
H?B@dHY,33,7,60
H?B@dHZ,57,11,53
H?B@dH\,71,10,62
H?B@dH],45,10,66
H?B@dH^,56,14,62
H?B@dHi,53,7,39
H?B@dHj,64,10,46
H?B@dHl,65,10,42
H?B@dHm,64,10,46
H?B@dHn,63,13,56
H?B@dHw,51,5,44
H?B@dHx,65,8,48
H?B@dHy,46,8,45
H?B@dHz,48,11,49
H?B@dH{,53,8,49
H?B@dH|,58,11,63
H?B@dH},47,11,50
H?B@dH~,49,14,54
H?B@dIN,104,8,113
H?B@dIY,65,4,93
H?B@dIZ,86,8,106
H?B@dI[,68,6,79
H?B@dI\,99,7,94
H?B@dI],72,8,100
H?B@dI^,89,11,120
H?B@dIi,71,4,61
H?B@dIj,102,7,80
H?B@dIl,94,7,67
H?B@dIm,68,7,78
H?B@dIn,97,11,102
H?B@dIw,68,4,54
H?B@dIx,78,6,66
H?B@dIy,73,5,72
H?B@dIz,76,9,69
H?B@dI{,69,7,64
H?B@dI|,79,8,78
H?B@dI},73,10,82
H?B@dI~,78,12,78
H?B@dJI,54,5,40
H?B@dJJ,59,7,54
H?B@dJL,47,6,43
H?B@dJM,61,6,53
H?B@dJN,62,9,61
H?B@dJW,37,4,39
H?B@dJX,64,6,40
H?B@dJY,44,6,38
H?B@dJZ,48,8,40
H?B@dJ[,40,6,42
H?B@dJ\,66,8,46
H?B@dJ],45,8,43
H?B@dJ^,50,10,44
H?B@dJg,31,4,21
H?B@dJh,60,6,24
H?B@dJi,48,6,26
H?B@dJj,58,8,33
H?B@dJk,50,6,25
H?B@dJl,66,8,26
H?B@dJm,59,8,32
H?B@dJn,60,10,38
H?B@dJw,44,5,28
H?B@dJx,53,7,36
H?B@dJy,44,7,21
H?B@dJz,43,9,26
H?B@dJ{,45,7,32
H?B@dJ|,53,9,42
H?B@dJ},44,9,25
H?B@dJ~,39,11,20
H?B@dL],42,12,78
H?B@dL^,54,17,72
H?B@dLm,62,12,58
H?B@dLn,62,15,67
H?B@dL{,42,10,56
H?B@dL|,48,13,56
H?B@dMm,68,10,82
H?B@dMn,100,15,116
H?B@dM{,67,8,79
H?B@dM|,73,12,83
H?B@dNM,58,9,65
H?B@dNN,62,11,71
H?B@dNW,43,5,40
H?B@dNX,49,7,40
H?B@dN[,46,7,43
H?B@dN\,50,10,44
H?B@dN],44,9,51
H?B@dN^,50,11,51
H?B@dNg,35,6,29
H?B@dNh,57,7,35
H?B@dNk,58,7,34
H?B@dNl,58,10,40
H?B@dNm,58,9,41
H?B@dNn,60,11,46
H?B@dNw,32,6,22
H?B@dNx,34,8,23
H?B@dN{,33,8,24
H?B@dN|,36,10,24
H?B@dN},36,10,24
H?B@dN~,40,12,23
H?B@dOM,86,6,140
H?B@dO[,58,6,125
H?B@dOs,72,2,78
H?B@dOt,70,4,88
H?B@dO{,73,7,110
H?B@dO|,74,12,112
H?B@dPE,58,3,51
H?B@dPK,46,4,48
H?B@dPM,68,9,63
H?B@dPN,63,13,78
H?B@dPS,47,4,57
H?B@dPT,64,8,58
H?B@dPU,42,6,62
H?B@dPV,52,11,58
H?B@dPW,46,6,88
H?B@dPX,60,11,138
H?B@dP[,47,9,76
H?B@dP\,74,14,68
H?B@dP],64,12,68
H?B@dP^,53,19,71
H?B@dPd,63,7,42
H?B@dPe,65,6,46
H?B@dPf,63,9,58
H?B@dPh,63,8,91
H?B@dPk,60,8,49
H?B@dPl,67,13,50
H?B@dPm,65,11,56
H?B@dPn,63,16,65
H?B@dPs,54,6,60
H?B@dPt,63,9,49
H?B@dP{,60,9,75
H?B@dP|,62,14,67
H?B@dQE,56,2,68
H?B@dQM,81,5,139
H?B@dQN,86,13,151
H?B@dQT,87,4,89
H?B@dQ[,58,8,104
H?B@dQ\,92,10,118
H?B@dQd,65,4,57
H?B@dQe,68,4,72
H?B@dQf,75,5,82
H?B@dQh,98,7,42
H?B@dQk,72,8,72
H?B@dQl,89,10,72
H?B@dQm,76,10,104
H?B@dQn,85,13,111
H?B@dQs,72,5,67
H?B@dQt,75,6,69
H?B@dQ{,75,8,93
H?B@dQ|,76,10,94
H?B@dRD,53,4,41
H?B@dRE,66,5,55
H?B@dRF,61,8,71
H?B@dRK,44,7,45
H?B@dRL,48,10,50
H?B@dRM,66,10,56
H?B@dRN,62,15,67
H?B@dRP,63,5,92
H?B@dRS,51,6,43
H?B@dRT,71,9,41
H?B@dRU,56,8,46
H?B@dRV,48,13,47
H?B@dRW,27,7,87
H?B@dRX,44,9,139
H?B@dR[,48,8,64
H?B@dR\,70,12,48
H?B@dR],59,11,47
H?B@dR^,52,15,45
H?B@dR_,14,4,52
H?B@dR`,66,5,57
H?B@dRc,40,6,26
H?B@dRd,65,8,35
H?B@dRe,60,8,42
H?B@dRf,60,10,51
H?B@dRg,22,7,79
H?B@dRh,44,11,95
H?B@dRk,60,8,42
H?B@dRl,69,11,30
H?B@dRm,62,10,36
H?B@dRn,61,14,42
H?B@dRo,18,6,76
H?B@dRp,48,8,109
H?B@dRs,43,7,49
H?B@dRt,66,9,33
H?B@dRu,58,10,28
H?B@dRv,47,15,29
H?B@dRw,24,8,88
H?B@dRx,49,11,135
H?B@dR{,54,9,54
H?B@dR|,59,12,41
H?B@dR},53,12,33
H?B@dR~,42,15,18
H?B@dWv,85,21,114
H?B@dWy,72,14,112
H?B@dWz,73,23,120
H?B@dW},74,21,121
H?B@dW~,74,29,131
H?B@dXV,57,14,61
H?B@dXY,50,12,70
H?B@dXZ,61,19,63
H?B@dX\,76,17,76
H?B@dX],51,15,77
H?B@dX^,56,22,76
H?B@dXf,67,12,64
H?B@dXi,66,11,55
H?B@dXj,69,16,59
H?B@dXl,71,16,56
H?B@dXm,67,15,62
H?B@dXn,66,19,71
H?B@dXq,47,10,53
H?B@dXr,56,16,48
H?B@dXt,66,12,54
H?B@dXu,46,13,61
H?B@dXv,54,19,57
H?B@dXw,51,9,60
H?B@dXx,75,14,54
H?B@dXy,50,13,54
H?B@dXz,54,18,54
H?B@dX{,52,13,65
H?B@dX|,68,17,69
H?B@dX},51,16,59
H?B@dX~,55,21,59
H?B@dYV,92,11,117
H?B@dY\,97,13,130
H?B@dY],84,13,143
H?B@dY^,84,22,154
H?B@dYf,83,9,88
H?B@dYi,90,8,92
H?B@dYj,98,12,99
H?B@dYl,93,13,84
H?B@dYm,84,13,112
H?B@dYn,93,16,119
H?B@dYq,90,9,61
H?B@dYr,89,13,74
H?B@dYt,81,9,75
H?B@dYu,83,13,80
H?B@dYv,86,17,89
H?B@dYw,71,8,75
H?B@dYx,80,10,90
H?B@dYy,79,10,91
H?B@dYz,79,16,87
H?B@dY{,70,13,85
H?B@dY|,77,15,103
H?B@dY},78,15,102
H?B@dY~,77,20,99
H?B@dZF,73,11,70
H?B@dZL,52,12,56
H?B@dZM,62,12,70
H?B@dZN,65,17,74
H?B@dZQ,44,8,47
H?B@dZR,53,10,45
H?B@dZT,73,12,47
H?B@dZU,47,11,50
H?B@dZV,51,16,50
H?B@dZW,37,8,51
H?B@dZX,70,12,48
H?B@dZY,50,11,43
H?B@dZZ,52,15,45
H?B@dZ[,40,11,53
H?B@dZ\,74,14,52
H?B@dZ],49,13,50
H?B@dZ^,54,17,49
H?B@dZa,42,6,42
H?B@dZb,46,9,44
H?B@dZd,75,10,35
H?B@dZe,62,10,49
H?B@dZf,65,12,55
H?B@dZg,49,8,33
H?B@dZh,66,11,33
H?B@dZi,58,10,40
H?B@dZj,61,13,43
H?B@dZk,54,11,34
H?B@dZl,72,13,35
H?B@dZm,62,13,42
H?B@dZn,63,15,48
H?B@dZo,36,7,34
H?B@dZp,61,10,25
H?B@dZq,48,10,38
H?B@dZr,53,13,38
H?B@dZs,39,9,36
H?B@dZt,71,11,35
H?B@dZu,47,12,32
H?B@dZv,52,15,31
H?B@dZw,41,9,41
H?B@dZx,61,12,39
H?B@dZy,47,12,25
H?B@dZz,48,15,27
H?B@dZ{,42,12,44
H?B@dZ|,63,14,43
H?B@dZ},47,14,29
H?B@dZ~,43,17,20
H?B@d\],48,18,88
H?B@d\^,49,25,91
H?B@d\m,65,18,73
H?B@d\n,62,22,84
H?B@d\{,48,17,61
H?B@d\|,48,21,66
H?B@d]m,80,18,130
H?B@d]n,90,19,138
H?B@d]{,65,14,103
H?B@d]|,67,20,109
H?B@d^U,44,13,60
H?B@d^V,50,17,59
H?B@d^[,49,14,49
H?B@d^\,50,17,53
H?B@d^],47,16,57
H?B@d^^,49,19,60
H?B@d^e,63,12,57
H?B@d^f,64,14,65
H?B@d^k,61,13,43
H?B@d^l,63,15,48
H?B@d^m,59,15,52
H?B@d^n,60,17,58
H?B@d^s,43,13,35
H?B@d^t,48,14,36
H?B@d^u,44,16,38
H?B@d^v,51,17,37
H?B@d^w,38,12,20
H?B@d^x,39,15,21
H?B@d^{,37,14,24
H?B@d^|,39,17,24
H?B@d^},39,16,25
H?B@d^~,42,19,24
H?B@dg},68,17,113
H?B@dg~,69,23,124
H?B@dhm,43,13,64
H?B@dhn,52,16,62
H?B@dhy,45,10,53
H?B@dhz,49,13,55
H?B@dh{,51,10,59
H?B@dh|,61,13,69
H?B@dh},44,13,60
H?B@dh~,50,16,60
H?B@dim,76,9,102
H?B@din,80,14,110
H?B@diy,75,7,83
H?B@diz,72,12,84
H?B@di{,67,9,78
H?B@di|,75,10,95
H?B@di},73,11,96
H?B@di~,74,15,93
H?B@djM,45,8,67
H?B@djN,55,13,62
H?B@dji,43,8,33
H?B@djj,47,10,34
H?B@djk,50,8,38
H?B@djl,70,10,37
H?B@djm,43,10,38
H?B@djn,48,12,38
H?B@djw,40,7,37
H?B@djx,56,9,39
H?B@djy,41,9,28
H?B@djz,44,11,29
H?B@dj{,43,9,39
H?B@dj|,57,11,44
H?B@dj},41,11,32
H?B@dj~,39,13,23
H?B@dxu,48,14,68
H?B@dxv,51,20,69
H?B@dx{,52,14,74
H?B@dx|,63,19,83
H?B@dx},52,17,66
H?B@dx~,53,22,69
H?B@dyu,77,13,102
H?B@dyv,80,18,110
H?B@dy{,64,14,104
H?B@dy|,68,16,126
H?B@dy},73,16,121
H?B@dy~,72,21,117
H?B@dze,48,11,45
H?B@dzf,50,15,47
H?B@dzi,52,12,34
H?B@dzj,51,15,39
H?B@dzk,52,12,48
H?B@dzl,70,14,51
H?B@dzm,49,14,42
H?B@dzn,50,17,45
H?B@dzq,51,10,43
H?B@dzr,53,14,45
H?B@dzs,41,10,40
H?B@dzt,67,13,46
H?B@dzu,47,13,38
H?B@dzv,52,16,37
H?B@dzw,44,10,44
H?B@dzx,57,14,49
H?B@dzy,48,13,29
H?B@dzz,50,16,30
H?B@dz{,44,13,48
H?B@dz|,57,15,56
H?B@dz},48,15,33
H?B@dz~,45,18,22
H?B@eGl,55,10,47
H?B@eGn,63,13,74
H?B@eG|,63,10,81
H?B@eG},49,5,66
H?B@eG~,57,18,69
H?B@eIN,68,2,74
H?B@eIi,52,3,25
H?B@eIl,62,5,29
H?B@eIm,67,6,37
H?B@eIn,65,8,48
H?B@eIw,41,2,29
H?B@eIy,44,4,32
H?B@eI{,44,5,39
H?B@eI|,57,7,56
H?B@eI},51,7,38
H?B@eI~,49,9,46
H?B@eJI,36,2,53
H?B@eJM,63,3,70
H?B@eJN,70,4,79
H?B@eJg,24,2,16
H?B@eJi,51,5,24
H?B@eJk,41,4,19
H?B@eJl,62,6,22
H?B@eJm,58,7,34
H?B@eJn,59,9,40
H?B@eJw,36,4,26
H?B@eJy,44,6,22
H?B@eJ{,36,6,30
H?B@eJ|,53,8,43
H?B@eJ},44,8,26
H?B@eJ~,40,10,20
H?B@eK},47,15,82
H?B@eK~,61,21,74
H?B@eMm,61,8,52
H?B@eMn,63,10,59
H?B@eMw,42,5,41
H?B@eMx,47,7,42
H?B@eMy,45,7,44
H?B@eMz,50,9,45
H?B@eM{,43,7,46
H?B@eM|,47,9,48
H?B@eM},45,9,50
H?B@eM~,49,11,52
H?B@eNM,56,11,103
H?B@eNN,73,15,99
H?B@eNg,38,5,27
H?B@eNh,57,7,35
H?B@eNi,47,7,34
H?B@eNj,55,9,44
H?B@eNk,57,7,35
H?B@eNl,61,9,38
H?B@eNm,54,9,45
H?B@eNn,60,11,46
H?B@eNw,32,6,22
H?B@eNx,34,8,23
H?B@eNy,42,8,28
H?B@eNz,42,10,32
H?B@eN{,33,8,24
H?B@eN|,37,10,23
H?B@eN},36,10,24
H?B@eN~,40,12,23
H?B@eOM,52,3,99
H?B@eOe,43,2,60
H?B@eOk,38,6,61
H?B@eOm,60,8,82
H?B@eOn,57,16,92
H?B@eOr,69,2,100
H?B@eOs,36,2,66
H?B@eOt,63,4,73
H?B@eOu,40,2,75
H?B@eOv,52,14,77
H?B@eOw,28,4,88
H?B@eOx,40,9,171
H?B@eOy,30,7,116
H?B@eOz,67,12,137
H?B@eO{,37,7,99
H?B@eO|,70,13,85
H?B@eO},61,12,83
H?B@eO~,55,20,81
H?B@eQE,50,1,63
H?B@eQM,53,2,89
H?B@eQN,62,4,96
H?B@eQb,89,5,50
H?B@eQd,51,5,35
H?B@eQe,61,4,43
H?B@eQf,61,6,53
H?B@eQh,46,5,85
H?B@eQi,57,5,88
H?B@eQj,95,8,73
H?B@eQk,36,5,47
H?B@eQl,58,8,42
H?B@eQm,62,8,51
H?B@eQn,59,11,62
H?B@eQp,66,7,97
H?B@eQq,66,5,64
H?B@eQr,87,9,80
H?B@eQs,40,5,55
H?B@eQt,62,7,41
H?B@eQu,56,8,46
H?B@eQv,48,11,49
H?B@eQw,33,6,93
H?B@eQx,46,8,150
H?B@eQy,53,7,120
H?B@eQz,86,11,98
H?B@eQ{,43,7,70
H?B@eQ|,62,10,58
H?B@eQ},59,10,48
H?B@eQ~,50,12,50
H?B@eRA,40,2,54
H?B@eRB,72,3,65
H?B@eRE,52,2,79
H?B@eRF,60,6,94
H?B@eRI,40,6,98
H?B@eRJ,75,4,110
H?B@eRM,55,6,92
H?B@eRN,62,7,101
H?B@eR_,10,4,46
H?B@eR`,60,5,47
H?B@eRa,48,5,73
H?B@eRb,93,6,61
H?B@eRc,26,5,25
H?B@eRd,61,7,28
H?B@eRe,60,8,42
H?B@eRf,58,10,53
H?B@eRg,18,5,73
H?B@eRh,36,6,93
H?B@eRi,40,6,97
H?B@eRj,88,9,83
H?B@eRk,42,6,42
H?B@eRl,61,9,30
H?B@eRm,57,9,42
H?B@eRn,57,12,48
H?B@eRo,16,6,78
H?B@eRp,38,9,118
H?B@eRq,44,7,92
H?B@eRr,89,11,80
H?B@eRs,29,7,52
H?B@eRt,64,9,35
H?B@eRu,58,10,28
H?B@eRv,49,12,30
H?B@eRw,22,7,91
H?B@eRx,38,10,147
H?B@eRy,51,9,109
H?B@eRz,77,13,106
H?B@eR{,36,8,60
H?B@eR|,59,11,42
H?B@eR},53,11,34
H?B@eR~,43,13,19
H?B@eWv,53,17,86
H?B@eWy,34,10,76
H?B@eWz,41,20,95
H?B@eW|,66,17,99
H?B@eW},47,18,91
H?B@eW~,47,27,94
H?B@eYf,61,8,63
H?B@eYm,59,11,62
H?B@eYn,57,14,72
H?B@eYq,38,6,46
H?B@eYr,52,12,44
H?B@eYt,66,8,46
H?B@eYu,43,9,56
H?B@eYv,49,14,54
H?B@eYw,35,8,53
H?B@eYx,68,11,51
H?B@eYy,45,12,47
H?B@eYz,46,16,50
H?B@eY{,35,10,59
H?B@eY|,65,13,62
H?B@eY},46,12,54
H?B@eY~,45,16,59
H?B@eZF,74,6,100
H?B@eZI,52,5,96
H?B@eZJ,61,7,102
H?B@eZM,58,8,104
H?B@eZN,65,11,111
H?B@eZa,41,6,43
H?B@eZb,42,8,49
H?B@eZd,69,8,31
H?B@eZe,61,9,51
H?B@eZf,57,11,64
H?B@eZg,36,7,29
H?B@eZh,59,9,32
H?B@eZi,54,10,44
H?B@eZj,54,12,51
H?B@eZk,39,9,32
H?B@eZl,64,11,35
H?B@eZm,54,12,51
H?B@eZn,56,14,56
H?B@eZo,21,7,38
H?B@eZp,59,9,28
H?B@eZq,46,8,42
H?B@eZr,51,12,41
H?B@eZs,22,8,42
H?B@eZt,68,10,39
H?B@eZu,48,11,32
H?B@eZv,51,14,33
H?B@eZw,26,9,43
H?B@eZx,59,11,42
H?B@eZy,46,11,27
H?B@eZz,44,14,32
H?B@eZ{,26,11,47
H?B@eZ|,63,13,44
H?B@eZ},43,13,34
H?B@eZ~,39,16,25
H?B@e[},52,24,92
H?B@e[~,55,32,93
H?B@e]m,63,14,66
H?B@e]n,61,17,76
H?B@e]u,46,12,59
H?B@e]v,53,17,56
H?B@e]y,51,12,49
H?B@e]z,53,16,51
H?B@e]{,47,12,53
H?B@e]|,49,16,55
H?B@e]},49,14,57
H?B@e]~,51,18,59
H?B@e^M,62,20,122
H?B@e^N,71,22,128
H?B@e^e,61,12,59
H?B@e^f,63,14,66
H?B@e^i,53,12,52
H?B@e^j,55,14,57
H?B@e^k,58,12,47
H?B@e^l,61,14,51
H?B@e^m,55,14,57
H?B@e^n,57,16,62
H?B@e^q,47,11,46
H?B@e^r,54,16,42
H?B@e^s,44,10,37
H?B@e^t,49,13,36
H?B@e^u,46,13,39
H?B@e^v,54,16,35
H?B@e^w,38,11,21
H?B@e^x,39,14,22
H?B@e^y,47,13,30
H?B@e^z,47,16,33
H?B@e^{,37,13,25
H?B@e^|,40,16,24
H?B@e^},41,15,24
H?B@e^~,44,18,23
H?B@f?M,54,9,73
H?B@f?Y,50,6,112
H?B@f?[,48,6,90
H?B@f?],57,12,91
H?B@f?^,55,19,80
H?B@f?m,67,8,69
H?B@f?n,61,15,74
H?B@f?y,57,9,132
H?B@f?z,76,11,111
H?B@f?{,67,7,76
H?B@f?|,60,12,82
H?B@f?},59,11,95
H?B@f?~,55,18,71
H?B@fAM,68,6,52
H?B@fAN,62,9,59
H?B@fAY,87,6,117
H?B@fAZ,95,8,84
H?B@fA[,51,5,64
H?B@fA\,67,8,57
H?B@fA],67,10,66
H?B@fA^,54,11,55
H?B@fAi,98,6,76
H?B@fAj,103,9,48
H?B@fAk,43,6,47
H?B@fAl,64,8,36
H?B@fAm,73,7,40
H?B@fAn,62,10,49
H?B@fAw,34,6,110
H?B@fAx,79,7,101
H?B@fAy,96,7,117
H?B@fAz,97,9,74
H?B@fA{,65,6,61
H?B@fA|,60,9,51
H?B@fA},63,9,60
H?B@fA~,49,11,44
H?B@fBI,97,7,76
H?B@fBJ,89,7,74
H?B@fBK,38,5,41
H?B@fBL,48,7,41
H?B@fBM,69,7,54
H?B@fBN,60,11,61
H?B@fBW,27,7,106
H?B@fBX,67,6,103
H?B@fBY,95,7,107
H?B@fBZ,81,9,90
H?B@fB[,53,6,62
H?B@fB\,67,9,44
H?B@fB],63,9,60
H?B@fB^,51,11,42
H?B@fBg,15,7,82
H?B@fBh,67,6,71
H?B@fBi,89,6,95
H?B@fBj,100,8,68
H?B@fBk,40,7,52
H?B@fBl,67,9,34
H?B@fBm,72,8,41
H?B@fBn,60,11,49
H?B@fBw,22,9,112
H?B@fBx,85,11,84
H?B@fBy,118,13,85
H?B@fBz,91,10,81
H?B@fB{,63,7,50
H?B@fB|,54,10,40
H?B@fB},56,10,51
H?B@fB~,39,12,19
H?B@fG},46,17,81
H?B@fG~,55,26,75
H?B@fI],49,11,60
H?B@fI^,54,16,60
H?B@fIm,64,11,46
H?B@fIn,66,13,53
H?B@fIy,47,9,40
H?B@fIz,51,13,40
H?B@fI{,52,9,47
H?B@fI|,64,12,54
H?B@fI},48,11,45
H?B@fI~,50,15,47
H?B@fJM,61,12,59
H?B@fJN,64,15,65
H?B@fJY,48,9,39
H?B@fJZ,47,13,44
H?B@fJ[,42,9,45
H?B@fJ\,72,12,46
H?B@fJ],49,11,44
H?B@fJ^,50,15,47
H?B@fJi,51,9,28
H?B@fJj,58,11,39
H?B@fJk,53,9,28
H?B@fJl,72,11,27
H?B@fJm,60,11,37
H?B@fJn,63,13,41
H?B@fJw,45,9,30
H?B@fJx,56,10,38
H?B@fJy,45,10,23
H?B@fJz,43,13,28
H?B@fJ{,45,10,36
H?B@fJ|,59,12,41
H?B@fJ},45,12,27
H?B@fJ~,38,15,22
H?B@fM},46,13,53
H?B@fM~,49,17,54
H?B@fN],46,13,53
H?B@fN^,50,17,53
H?B@fNm,57,13,47
H?B@fNn,60,15,51
H?B@fNw,34,10,21
H?B@fNx,35,13,22
H?B@fNy,44,12,28
H?B@fNz,45,15,30
H?B@fN{,35,12,23
H?B@fN|,37,15,23
H?B@fN},38,14,23
H?B@fN~,40,17,23
H?B@fO},61,15,93
H?B@fO~,54,25,89
H?B@fQ],66,12,65
H?B@fQ^,54,17,69
H?B@fQm,61,10,61
H?B@fQn,61,14,68
H?B@fQq,83,7,75
H?B@fQr,99,10,83
H?B@fQs,52,6,63
H?B@fQt,67,8,45
H?B@fQu,60,9,51
H?B@fQv,51,14,52
H?B@fQw,36,8,100
H?B@fQx,44,11,166
H?B@fQy,63,9,123
H?B@fQz,94,13,103
H?B@fQ{,55,9,79
H?B@fQ|,68,13,59
H?B@fQ},59,12,55
H?B@fQ~,53,16,51
H?B@fRM,60,11,73
H?B@fRN,60,16,80
H?B@fRQ,55,6,93
H?B@fRR,97,8,87
H?B@fRS,53,7,50
H?B@fRT,74,10,48
H?B@fRU,62,9,49
H?B@fRV,51,14,52
H?B@fRW,28,8,96
H?B@fRX,31,11,166
H?B@fRY,46,9,127
H?B@fRZ,79,13,118
H?B@fR[,47,9,74
H?B@fR\,74,13,53
H?B@fR],62,12,52
H?B@fR^,54,16,50
H?B@fRa,52,6,82
H?B@fRb,101,7,68
H?B@fRc,39,7,35
H?B@fRd,73,9,38
H?B@fRe,62,9,50
H?B@fRf,62,11,59
H?B@fRg,20,8,92
H?B@fRh,33,9,123
H?B@fRi,44,9,103
H?B@fRj,91,12,92
H?B@fRk,60,9,52
H?B@fRl,72,12,36
H?B@fRm,62,11,44
H?B@fRn,61,15,50
H?B@fRo,18,7,85
H?B@fRp,42,9,129
H?B@fRq,51,8,97
H?B@fRr,99,10,86
H?B@fRs,45,8,55
H?B@fRt,72,10,35
H?B@fRu,61,11,32
H?B@fRv,52,15,31
H?B@fRw,24,9,97
H?B@fRx,36,13,161
H?B@fRy,57,11,114
H?B@fRz,82,13,115
H?B@fR{,54,10,62
H?B@fR|,66,13,41
H?B@fR},57,13,35
H?B@fR~,45,16,19
H?B@fYu,51,11,55
H?B@fYv,54,16,56
H?B@fYy,54,12,46
H?B@fYz,55,17,48
H?B@fY},53,14,53
H?B@fY~,54,19,55
H?B@fZU,52,11,54
H?B@fZV,53,16,57
H?B@fZY,52,12,48
H?B@fZZ,53,16,51
H?B@fZ[,44,12,56
H?B@fZ\,78,16,56
H?B@fZ],51,14,55
H?B@fZ^,52,19,57
H?B@fZe,65,11,56
H?B@fZf,65,13,65
H?B@fZi,61,11,45
H?B@fZj,62,14,50
H?B@fZk,60,12,36
H?B@fZl,77,14,39
H?B@fZm,63,14,49
H?B@fZn,64,17,54
H?B@fZq,52,10,42
H?B@fZr,56,14,42
H?B@fZs,40,10,41
H?B@fZt,76,12,38
H?B@fZu,52,13,33
H?B@fZv,56,17,32
H?B@fZw,46,10,42
H?B@fZx,66,13,41
H?B@fZy,52,13,25
H?B@fZz,51,16,29
H?B@fZ{,45,13,47
H?B@fZ|,67,16,45
H?B@fZ},50,15,31
H?B@fZ~,44,18,23
H?B@f]},50,16,62
H?B@f]~,51,21,64
H?B@f^],50,16,62
H?B@f^^,51,21,64
H?B@f^m,62,16,57
H?B@f^n,61,18,65
H?B@f^u,49,15,41
H?B@f^v,55,19,38
H?B@f^y,49,15,32
H?B@f^z,49,18,35
H?B@f^{,40,15,25
H?B@f^|,42,18,25
H?B@f^},44,17,24
H?B@f^~,45,20,25
H?B@fam,62,14,56
H?B@fan,50,13,54
H?B@fa{,59,10,75
H?B@fa|,61,11,58
H?B@fbM,54,9,81
H?B@fbN,50,16,64
H?B@fbk,58,8,66
H?B@fbl,70,11,36
H?B@fbm,59,11,47
H?B@fbn,48,13,37
H?B@fbw,20,12,124
H?B@fbx,46,13,136
H?B@fb{,59,9,62
H?B@fb|,58,12,42
H?B@fb},56,12,44
H?B@fb~,38,14,23
H?B@fi},48,12,52
H?B@fi~,52,16,52
H?B@fjm,47,12,39
H?B@fjn,50,15,40
H?B@fjy,46,11,27
H?B@fjz,48,14,28
H?B@fj{,43,11,44
H?B@fj|,64,13,43
H?B@fj},46,13,31
H?B@fj~,41,16,23
H?B@fn},44,16,20
H?B@fn~,45,19,21
H?B@frm,58,13,49
H?B@frn,54,16,42
H?B@frs,50,9,58
H?B@frt,65,12,49
H?B@fru,60,12,40
H?B@frv,53,15,37
H?B@frw,28,10,102
H?B@frx,43,11,171
H?B@fr{,60,12,63
H?B@fr|,57,14,57
H?B@fr},56,14,42
H?B@fr~,48,17,20
H?B@fzu,50,14,41
H?B@fzv,55,18,39
H?B@fzy,52,14,30
H?B@fzz,51,17,34
H?B@fz{,48,14,50
H?B@fz|,56,16,64
H?B@fz},49,16,37
H?B@fz~,47,19,24
H?B@f~},48,18,24
H?B@f~~,49,21,25
H?B@hw|,95,90,247
H?B@hw~,100,111,244
H?B@hyj,72,19,130
H?B@hyn,70,27,141
H?B@hyr,73,17,102
H?B@hyt,70,17,93
H?B@hyu,75,17,100
H?B@hyv,69,24,115
H?B@hyx,66,13,116
H?B@hyy,68,13,114
H?B@hyz,68,19,109
H?B@hy|,64,21,125
H?B@hy},69,20,121
H?B@hy~,69,26,115
H?B@hzJ,54,16,70
H?B@hzN,57,19,74
H?B@hzb,42,12,24
H?B@hze,45,13,46
H?B@hzf,51,16,45
H?B@hzh,46,12,40
H?B@hzi,42,12,44
H?B@hzj,48,14,43
H?B@hzl,49,14,42
H?B@hzm,46,14,45
H?B@hzn,51,16,45
H?B@hzp,41,11,26
H?B@hzq,40,12,26
H?B@hzr,44,14,26
H?B@hzs,40,12,26
H?B@hzt,45,14,25
H?B@hzu,42,14,28
H?B@hzv,48,16,26
H?B@hzw,37,11,22
H?B@hzx,48,13,29
H?B@hzy,41,13,36
H?B@hzz,42,15,23
H?B@hz{,38,13,24
H?B@hz|,48,15,33
H?B@hz},45,15,36
H?B@hz~,45,17,23
H?B@lON,96,22,172
H?B@lO\,79,20,165
H?B@lOl,93,17,120
H?B@lOt,72,5,103
H?B@lO{,70,13,115
H?B@lO|,70,19,127
H?B@lPF,61,10,79
H?B@lPL,68,13,73
H?B@lPN,67,17,84
H?B@lPT,51,10,60
H?B@lPV,53,14,65
H?B@lPX,58,14,60
H?B@lP[,41,12,67
H?B@lP\,57,17,69
H?B@lP],64,15,77
H?B@lP^,50,22,82
H?B@lPd,60,10,60
H?B@lPf,61,12,70
H?B@lPh,65,11,56
H?B@lPl,63,16,65
H?B@lPm,63,14,67
H?B@lPn,61,19,76
H?B@lPt,44,13,51
H?B@lP{,50,13,54
H?B@lP|,49,17,60
H?B@lQF,60,12,90
H?B@lQL,93,12,135
H?B@lQM,84,11,155
H?B@lQN,93,20,162
H?B@lQT,80,6,114
H?B@lQ[,51,11,125
H?B@lQ\,82,12,146
H?B@lQd,78,8,76
H?B@lQe,77,7,78
H?B@lQf,78,8,94
H?B@lQh,109,14,67
H?B@lQk,84,10,96
H?B@lQl,101,13,95
H?B@lQm,73,11,125
H?B@lQn,90,16,122
H?B@lQs,66,9,65
H?B@lQt,71,10,84
H?B@lQ{,63,12,93
H?B@lQ|,70,15,110
H?B@lRD,64,8,68
H?B@lRF,65,11,78
H?B@lRK,49,9,63
H?B@lRL,56,13,75
H?B@lRM,61,12,71
H?B@lRN,60,17,79
H?B@lRP,46,7,35
H?B@lRS,34,8,46
H?B@lRT,49,11,48
H?B@lRU,54,10,56
H?B@lRV,47,15,55
H?B@lRW,35,8,41
H?B@lRX,49,12,43
H?B@lR[,35,11,45
H?B@lR\,48,14,50
H?B@lR],58,13,55
H?B@lR^,51,17,52
H?B@lR`,42,6,42
H?B@lRd,60,10,51
H?B@lRe,57,10,54
H?B@lRf,56,12,64
H?B@lRg,52,8,39
H?B@lRh,59,10,51
H?B@lRk,57,10,41
H?B@lRl,59,13,45
H?B@lRm,56,12,49
H?B@lRn,60,15,51
H?B@lRo,28,7,20
H?B@lRp,42,9,21
H?B@lRs,41,10,21
H?B@lRt,42,12,24
H?B@lRu,54,12,25
H?B@lRv,44,15,25
H?B@lRw,32,9,24
H?B@lRx,46,12,26
H?B@lR{,34,12,24
H?B@lR|,46,14,30
H?B@lR},51,14,40
H?B@lR~,42,17,21
H?B@lWv,85,29,126
H?B@lWz,68,28,138
H?B@lW|,71,27,136
H?B@lW},72,29,133
H?B@lW~,72,37,143
H?B@lXZ,59,22,73
H?B@lX\,57,20,77
H?B@lX],49,18,87
H?B@lX^,52,25,88
H?B@lXj,64,19,73
H?B@lXl,63,19,74
H?B@lXn,59,22,87
H?B@lXr,50,19,61
H?B@lXt,45,16,56
H?B@lXv,49,22,69
H?B@lXx,48,17,61
H?B@lXy,49,16,61
H?B@lXz,48,21,66
H?B@lX{,51,16,59
H?B@lX|,51,20,64
H?B@lX},50,19,66
H?B@lX~,52,24,68
H?B@lY\,89,18,153
H?B@lY],81,19,160
H?B@lY^,85,29,166
H?B@lYj,84,17,127
H?B@lYl,99,18,111
H?B@lYm,78,18,132
H?B@lYn,87,23,137
H?B@lYr,80,17,95
H?B@lYt,75,15,90
H?B@lYu,82,17,93
H?B@lYv,81,22,105
H?B@lYx,70,14,111
H?B@lYy,69,14,112
H?B@lYz,69,21,106
H?B@lY{,67,17,98
H?B@lY|,74,21,115
H?B@lY},73,21,116
H?B@lY~,76,27,107
H?B@lZM,59,14,83
H?B@lZN,63,19,86
H?B@lZR,46,12,46
H?B@lZT,51,14,52
H?B@lZU,44,12,61
H?B@lZV,48,18,60
H?B@lZX,48,14,50
H?B@lZY,47,13,52
H?B@lZZ,49,17,54
H?B@lZ[,47,13,52
H?B@lZ\,50,16,54
H?B@lZ],48,15,57
H?B@lZ^,54,19,55
H?B@lZb,39,12,45
H?B@lZd,64,13,55
H?B@lZf,61,15,67
H?B@lZh,56,13,48
H?B@lZi,49,12,56
H?B@lZj,54,15,57
H?B@lZk,54,14,49
H?B@lZl,60,16,50
H?B@lZm,56,16,54
H?B@lZn,59,18,58
H?B@lZp,40,11,27
H?B@lZq,40,12,26
H?B@lZr,42,15,27
H?B@lZs,40,12,26
H?B@lZt,42,14,28
H?B@lZu,40,14,30
H?B@lZv,44,17,29
H?B@lZw,35,12,23
H?B@lZx,45,14,31
H?B@lZy,45,14,31
H?B@lZz,39,17,24
H?B@lZ{,37,14,24
H?B@lZ|,46,16,34
H?B@lZ},45,16,35
H?B@lZ~,43,19,23
H?B@l\^,46,28,102
H?B@l\n,62,25,93
H?B@l\|,47,24,73
H?B@l]n,85,29,152
H?B@l]|,70,27,113
H?B@l^V,48,19,68
H?B@l^\,46,19,63
H?B@l^],48,18,62
H?B@l^^,51,21,64
H?B@l^f,64,17,73
H?B@l^l,55,18,62
H?B@l^m,57,18,60
H?B@l^n,61,20,63
H?B@l^t,42,17,31
H?B@l^u,38,18,34
H?B@l^v,45,19,32
H?B@l^w,38,14,23
H?B@l^x,37,17,26
H?B@l^{,38,16,26
H?B@l^|,39,19,27
H?B@l^},40,18,27
H?B@l^~,43,21,26
H?B@lg},71,28,117
H?B@lg~,69,35,130
H?B@lhm,40,18,72
H?B@lhn,47,21,72
H?B@lhy,43,14,60
H?B@lhz,45,17,64
H?B@lh{,46,14,57
H?B@lh|,46,17,63
H?B@lh},44,17,65
H?B@lh~,48,20,67
H?B@lim,76,15,113
H?B@lin,79,22,120
H?B@liy,73,12,95
H?B@liz,72,18,92
H?B@li{,65,15,88
H?B@li|,72,18,105
H?B@li},77,18,100
H?B@li~,79,24,93
H?B@ljM,46,12,72
H?B@ljN,53,17,70
H?B@lji,40,11,40
H?B@ljj,44,13,41
H?B@ljk,40,11,40
H?B@ljl,44,13,41
H?B@ljm,43,13,42
H?B@ljn,48,15,42
H?B@ljw,33,10,22
H?B@ljx,42,12,30
H?B@ljy,38,12,34
H?B@ljz,36,14,25
H?B@lj{,34,12,24
H?B@lj|,43,14,33
H?B@lj},39,14,37
H?B@lj~,38,16,26
H?B@lxv,47,24,79
H?B@lx|,51,21,72
H?B@lx},51,20,73
H?B@lx~,51,25,77
H?B@lyv,74,26,124
H?B@ly|,65,23,137
H?B@ly},67,24,134
H?B@ly~,70,29,125
H?B@lzf,48,18,54
H?B@lzi,44,14,47
H?B@lzj,47,17,48
H?B@lzl,49,16,47
H?B@lzm,48,16,48
H?B@lzn,51,19,49
H?B@lzq,40,13,31
H?B@lzr,43,16,31
H?B@lzt,46,15,29
H?B@lzu,42,15,33
H?B@lzv,47,18,31
H?B@lzw,37,13,25
H?B@lzx,48,15,33
H?B@lzy,44,15,37
H?B@lzz,43,18,24
H?B@lz{,40,15,25
H?B@lz|,49,17,36
H?B@lz},48,17,37
H?B@lz~,46,20,24
H?B@mON,64,19,137
H?B@mOf,53,11,96
H?B@mOj,55,13,97
H?B@mOl,53,17,95
H?B@mOn,53,21,106
H?B@mOr,47,12,84
H?B@mOt,46,5,81
H?B@mOv,48,19,89
H?B@mOx,36,12,96
H?B@mOz,36,16,104
H?B@mO{,27,12,93
H?B@mO|,44,17,95
H?B@mO},49,16,104
H?B@mO~,46,23,99
H?B@mQF,62,9,109
H?B@mQJ,59,11,110
H?B@mQL,54,4,104
H?B@mQM,58,9,113
H?B@mQN,60,12,126
H?B@mQb,38,6,46
H?B@mQd,54,7,59
H?B@mQf,54,8,70
H?B@mQh,56,8,57
H?B@mQj,54,10,68
H?B@mQk,41,8,61
H?B@mQl,56,11,65
H?B@mQm,57,10,65
H?B@mQn,52,13,78
H?B@mQp,40,7,41
H?B@mQq,53,8,49
H?B@mQr,43,10,55
H?B@mQs,25,8,44
H?B@mQt,39,10,47
H?B@mQu,51,10,59
H?B@mQv,43,13,61
H?B@mQw,24,7,53
H?B@mQx,41,10,53
H?B@mQy,52,10,55
H?B@mQz,42,12,58
H?B@mQ{,28,10,53
H?B@mQ|,41,12,59
H?B@mQ},54,12,60
H?B@mQ~,43,14,63
H?B@mRB,37,7,73
H?B@mRD,54,5,101
H?B@mRE,55,12,104
H?B@mRF,63,16,121
H?B@mRH,37,4,112
H?B@mRJ,59,17,122
H?B@mRK,40,5,99
H?B@mRL,51,7,112
H?B@mRM,54,11,122
H?B@mRN,58,18,128
H?B@mR`,42,6,42
H?B@mRa,46,8,36
H?B@mRb,38,9,52
H?B@mRc,33,8,49
H?B@mRd,59,10,52
H?B@mRe,57,10,54
H?B@mRf,50,12,70
H?B@mRg,39,6,43
H?B@mRh,53,9,58
H?B@mRi,48,9,51
H?B@mRj,49,13,68
H?B@mRk,44,9,43
H?B@mRl,58,12,47
H?B@mRm,52,11,54
H?B@mRn,55,14,57
H?B@mRo,15,7,22
H?B@mRp,40,9,23
H?B@mRq,52,10,22
H?B@mRr,42,12,24
H?B@mRs,28,10,22
H?B@mRt,40,12,26
H?B@mRu,56,12,23
H?B@mRv,45,14,25
H?B@mRw,20,8,24
H?B@mRx,45,11,28
H?B@mRy,50,11,37
H?B@mRz,44,13,33
H?B@mR{,18,11,27
H?B@mR|,44,13,33
H?B@mR},50,13,42
H?B@mR~,40,15,25
H?B@mWn,58,24,113
H?B@mWv,52,22,95
H?B@mWz,37,24,107
H?B@mW|,49,22,97
H?B@mW~,47,30,103
H?B@mYf,65,9,70
H?B@mYl,62,14,67
H?B@mYm,56,13,74
H?B@mYn,55,16,83
H?B@mYr,43,14,60
H?B@mYt,41,11,52
H?B@mYv,45,16,65
H?B@mYx,40,13,59
H?B@mYy,44,12,56
H?B@mYz,42,16,62
H?B@mY{,45,12,55
H?B@mY|,45,15,60
H?B@mY},46,14,60
H?B@mY~,45,18,65
H?B@mZJ,59,18,127
H?B@mZL,64,9,114
H?B@mZM,58,15,131
H?B@mZN,67,23,131
H?B@mZb,36,13,47
H?B@mZd,69,12,51
H?B@mZe,59,12,61
H?B@mZf,61,14,68
H?B@mZh,53,12,52
H?B@mZi,47,12,58
H?B@mZj,47,14,65
H?B@mZk,56,12,49
H?B@mZl,60,14,52
H?B@mZm,49,14,63
H?B@mZn,55,16,64
H?B@mZp,37,10,31
H?B@mZq,38,11,29
H?B@mZr,41,14,29
H?B@mZs,38,11,29
H?B@mZt,40,13,31
H?B@mZu,40,13,31
H?B@mZv,44,16,30
H?B@mZw,19,11,26
H?B@mZx,43,13,34
H?B@mZy,44,13,33
H?B@mZz,36,16,28
H?B@mZ{,35,13,27
H?B@mZ|,46,15,35
H?B@mZ},43,15,38
H?B@mZ~,40,18,27
H?B@m[~,54,36,102
H?B@m]n,62,19,84
H?B@m]v,52,19,64
H?B@m]z,49,18,61
H?B@m]|,49,18,61
H?B@m]},51,16,61
H?B@m]~,52,20,64
H?B@m^N,71,34,133
H?B@m^f,67,18,69
H?B@m^j,50,16,69
H?B@m^l,58,16,61
H?B@m^m,55,16,64
H?B@m^n,59,18,67
H?B@m^r,46,16,28
H?B@m^t,43,16,31
H?B@m^u,41,15,34
H?B@m^v,47,18,31
H?B@m^w,37,13,25
H?B@m^x,39,16,25
H?B@m^y,39,15,26
H?B@m^z,40,18,27
H?B@m^{,38,15,27
H?B@m^|,41,18,26
H?B@m^},42,17,26
H?B@m^~,44,20,26
H?B@n?N,59,18,93
H?B@n?Z,52,16,86
H?B@n?\,51,18,85
H?B@n?^,54,24,90
H?B@n?j,58,11,81
H?B@n?l,53,15,82
H?B@n?n,59,18,88
H?B@n?z,41,14,89
H?B@n?|,49,16,79
H?B@n?},60,14,106
H?B@n?~,55,21,80
H?B@nAJ,57,8,65
H?B@nAL,56,8,66
H?B@nAN,61,11,71
H?B@nAY,73,7,63
H?B@nAZ,49,9,62
H?B@nA[,33,7,59
H?B@nA\,47,10,63
H?B@nA],70,10,76
H?B@nA^,48,13,69
H?B@nAi,71,7,42
H?B@nAj,57,8,56
H?B@nAl,59,9,53
H?B@nAm,75,8,49
H?B@nAn,58,11,63
H?B@nAw,41,6,41
H?B@nAx,45,8,43
H?B@nAy,67,8,57
H?B@nAz,43,10,51
H?B@nA{,44,8,44
H?B@nA|,45,10,49
H?B@nA},66,10,67
H?B@nA~,48,12,52
H?B@nBI,66,7,57
H?B@nBJ,59,10,63
H?B@nBK,28,8,54
H?B@nBL,55,10,67
H?B@nBM,68,11,64
H?B@nBN,57,14,73
H?B@nBW,33,6,38
H?B@nBX,48,8,40
H?B@nBY,58,8,66
H?B@nBZ,47,10,47
H?B@nB[,33,8,43
H?B@nB\,46,10,48
H?B@nB],65,10,68
H?B@nB^,50,12,50
H?B@nBg,28,6,36
H?B@nBh,58,7,56
H?B@nBi,66,8,47
H?B@nBj,54,11,67
H?B@nBk,33,7,37
H?B@nBl,62,10,48
H?B@nBm,75,9,48
H?B@nBn,62,12,56
H?B@nBw,35,7,18
H?B@nBx,45,9,24
H?B@nBy,58,9,50
H?B@nBz,43,11,30
H?B@nB{,34,9,22
H?B@nB|,43,11,30
H?B@nB},57,11,58
H?B@nB~,38,13,24
H?B@nG|,52,22,82
H?B@nG~,53,29,86
H?B@nI^,49,18,73
H?B@nIn,58,15,70
H?B@nIy,42,11,51
H?B@nIz,43,15,54
H?B@nI|,47,14,51
H?B@nI},45,13,54
H?B@nI~,47,17,56
H?B@nJM,61,12,71
H?B@nJN,64,17,75
H?B@nJY,41,11,52
H?B@nJZ,43,15,54
H?B@nJ[,44,11,49
H?B@nJ\,46,14,52
H?B@nJ],44,13,55
H?B@nJ^,49,17,54
H?B@nJi,41,11,44
H?B@nJj,54,13,50
H?B@nJl,61,13,43
H?B@nJm,56,13,48
H?B@nJn,60,15,51
H?B@nJw,34,10,21
H?B@nJx,41,12,31
H?B@nJy,40,12,32
H?B@nJz,34,15,26
H?B@nJ{,36,12,22
H?B@nJ|,44,14,32
H?B@nJ},40,14,36
H?B@nJ~,37,17,26
H?B@nM},46,15,59
H?B@nM~,49,19,60
H?B@nN],46,15,59
H?B@nN^,50,19,59
H?B@nNm,57,15,54
H?B@nNn,60,18,57
H?B@nNw,33,12,25
H?B@nNx,34,15,26
H?B@nNy,35,14,26
H?B@nNz,35,17,28
H?B@nN{,35,14,26
H?B@nN|,37,17,26
H?B@nN},37,16,27
H?B@nN~,38,19,28
H?B@nOy,51,14,104
H?B@nO{,43,15,98
H?B@nO},51,19,112
H?B@nO~,47,28,105
H?B@nQM,61,12,83
H?B@nQY,60,11,72
H?B@nQ[,32,11,74
H?B@nQ],59,14,81
H?B@nQ^,44,19,87
H?B@nQi,57,11,64
H?B@nQk,49,10,73
H?B@nQm,53,12,78
H?B@nQn,55,16,83
H?B@nQq,55,9,56
H?B@nQr,47,12,58
H?B@nQs,39,9,48
H?B@nQt,42,11,51
H?B@nQu,53,11,66
H?B@nQv,44,16,66
H?B@nQw,39,9,56
H?B@nQx,44,13,55
H?B@nQy,54,12,60
H?B@nQz,45,15,60
H?B@nQ{,43,12,57
H?B@nQ|,45,15,60
H?B@nQ},54,14,67
H?B@nQ~,46,18,64
H?B@nRE,60,11,83
H?B@nRI,54,9,81
H?B@nRK,40,10,82
H?B@nRM,55,13,88
H?B@nRN,54,18,96
H?B@nRQ,56,9,43
H?B@nRR,45,11,48
H?B@nRS,31,9,56
H?B@nRT,46,12,59
H?B@nRU,56,11,63
H?B@nRV,45,16,65
H?B@nRW,34,9,48
H?B@nRX,48,13,51
H?B@nRY,55,12,59
H?B@nRZ,48,15,57
H?B@nR[,34,12,52
H?B@nR\,45,15,60
H?B@nR],56,14,65
H?B@nR^,47,18,63
H?B@nRa,48,9,42
H?B@nRb,42,10,56
H?B@nRc,41,9,60
H?B@nRd,63,11,58
H?B@nRe,55,11,66
H?B@nRf,53,13,77
H?B@nRg,51,9,48
H?B@nRh,57,11,62
H?B@nRi,48,12,57
H?B@nRj,56,14,70
H?B@nRk,53,11,53
H?B@nRl,57,14,55
H?B@nRm,51,13,62
H?B@nRn,56,16,63
H?B@nRo,30,8,22
H?B@nRp,44,10,24
H?B@nRq,54,11,26
H?B@nRr,45,13,26
H?B@nRs,42,11,25
H?B@nRt,43,13,28
H?B@nRu,56,13,29
H?B@nRv,46,16,28
H?B@nRw,34,10,26
H?B@nRx,46,13,31
H?B@nRy,47,13,45
H?B@nRz,46,15,35
H?B@nR{,36,13,26
H?B@nR|,46,15,35
H?B@nR},53,15,44
H?B@nR~,42,18,25
H?B@nYv,48,18,69
H?B@nYy,50,14,56
H?B@nYz,47,19,62
H?B@nY},50,16,62
H?B@nY~,49,21,66
H?B@nZV,49,18,68
H?B@nZY,48,14,58
H?B@nZZ,47,18,63
H?B@nZ\,49,17,62
H?B@nZ],48,16,64
H?B@nZ^,50,21,65
H?B@nZf,61,16,77
H?B@nZi,50,13,63
H?B@nZj,53,16,66
H?B@nZl,60,18,57
H?B@nZm,55,18,62
H?B@nZn,57,21,66
H?B@nZq,43,13,28
H?B@nZr,44,16,30
H?B@nZt,44,15,31
H?B@nZu,43,15,32
H?B@nZv,47,18,31
H?B@nZw,39,13,23
H?B@nZx,47,15,34
H?B@nZy,49,15,32
H?B@nZz,41,18,26
H?B@nZ{,40,15,25
H?B@nZ|,47,18,37
H?B@nZ},48,17,37
H?B@nZ~,43,20,27
H?B@n]},51,18,67
H?B@n]~,54,23,67
H?B@n^],51,18,67
H?B@n^^,54,23,67
H?B@n^m,58,20,66
H?B@n^n,61,22,70
H?B@n^u,42,17,37
H?B@n^v,49,20,33
H?B@n^y,43,17,25
H?B@n^z,43,20,27
H?B@n^{,41,17,27
H?B@n^|,43,20,27
H?B@n^},45,19,26
H?B@n^~,46,22,27
H?B@n_{,39,14,91
H?B@nak,40,9,59
H?B@nam,59,13,71
H?B@nan,40,16,70
H?B@na{,39,10,55
H?B@na|,42,13,57
H?B@nbK,24,8,76
H?B@nbM,47,11,98
H?B@nbN,43,18,79
H?B@nbk,41,10,40
H?B@nbl,41,12,45
H?B@nbm,54,12,60
H?B@nbn,42,15,48
H?B@nbw,34,9,22
H?B@nbx,46,11,27
H?B@nb{,33,11,26
H?B@nb|,43,13,34
H?B@nb},51,13,56
H?B@nb~,35,16,29
H?B@ni},45,15,60
H?B@ni~,47,19,62
H?B@njm,43,15,47
H?B@njn,47,18,47
H?B@njy,42,14,34
H?B@njz,37,17,26
H?B@nj{,38,14,23
H?B@nj|,48,16,32
H?B@nj},43,16,37
H?B@nj~,38,19,28
H?B@nn},40,18,27
H?B@nn~,41,21,28
H?B@nrm,50,15,63
H?B@nrn,49,19,51
H?B@nrs,44,12,28
H?B@nrt,46,14,30
H?B@nru,52,14,39
H?B@nrv,48,17,31
H?B@nrw,40,11,24
H?B@nrx,46,14,36
H?B@nr{,41,14,25
H?B@nr|,47,17,38
H?B@nr},49,16,54
H?B@nr~,46,19,25
H?B@nzu,44,16,36
H?B@nzv,49,19,34
H?B@nzy,46,16,40
H?B@nzz,45,19,26
H?B@nz{,44,16,25
H?B@nz|,48,18,42
H?B@nz},49,18,41
H?B@nz~,47,21,27
H?B@n~},49,20,26
H?B@n~~,50,23,27
H?B@pof,88,34,193
H?B@pov,92,44,214
H?B@po{,69,57,189
H?B@po},86,45,229
H?B@po~,91,65,229
H?B@pqF,48,12,116
H?B@pqb,70,12,71
H?B@pqf,61,13,106
H?B@pqr,76,14,80
H?B@pqs,59,9,97
H?B@pqu,63,12,105
H?B@pqv,61,17,104
H?B@pqw,39,9,69
H?B@pqy,47,10,123
H?B@pqz,80,15,92
H?B@pq{,55,10,115
H?B@pq},60,13,122
H?B@pq~,61,18,117
H?B@prB,62,8,98
H?B@prF,43,16,84
H?B@prb,75,12,95
H?B@prc,33,9,46
H?B@pre,48,12,57
H?B@prf,39,17,56
H?B@pro,14,10,60
H?B@prq,19,12,125
H?B@prr,78,14,104
H?B@prs,39,11,54
H?B@pru,55,14,29
H?B@prv,42,16,32
H?B@prw,18,11,62
H?B@pry,22,12,134
H?B@prz,75,15,120
H?B@pr{,35,14,49
H?B@pr},51,15,39
H?B@pr~,39,17,24
H?B@ps~,102,79,239
H?B@puf,66,16,113
H?B@pur,81,19,76
H?B@puv,63,22,111
H?B@puy,69,15,92
H?B@puz,87,20,85
H?B@pu{,61,13,108
H?B@pu},61,18,117
H?B@pu~,66,23,121
H?B@pvF,46,18,90
H?B@pvb,72,13,55
H?B@pvf,40,20,60
H?B@pvr,83,15,52
H?B@pvs,44,13,27
H?B@pvu,45,16,29
H?B@pvv,43,19,34
H?B@pvw,20,12,80
H?B@pvy,61,15,119
H?B@pvz,82,16,62
H?B@pv{,35,14,26
H?B@pv},35,17,28
H?B@pv~,39,20,26
H?B@pwu,89,58,249
H?B@pwy,85,48,227
H?B@pwz,91,65,229
H?B@pw|,86,81,265
H?B@pw},91,89,252
H?B@pw~,90,110,255
H?B@pye,59,11,110
H?B@pyq,60,12,108
H?B@pyr,65,18,99
H?B@pyu,60,16,119
H?B@pyv,56,22,118
H?B@pyw,60,10,98
H?B@pyx,62,13,120
H?B@pyy,65,13,117
H?B@pyz,65,19,112
H?B@py{,55,15,112
H?B@py|,56,17,137
H?B@py},57,18,135
H?B@py~,59,23,128
H?B@pzE,37,12,94
H?B@pza,37,12,29
H?B@pzb,42,14,28
H?B@pze,35,14,63
H?B@pzf,43,18,59
H?B@pzo,26,11,41
H?B@pzp,54,14,30
H?B@pzq,39,14,31
H?B@pzr,42,16,32
H?B@pzs,39,14,45
H?B@pzt,56,16,33
H?B@pzu,39,16,35
H?B@pzv,42,18,36
H?B@pzw,31,12,41
H?B@pzx,51,15,39
H?B@pzy,41,15,34
H?B@pzz,46,17,33
H?B@pz{,32,15,43
H?B@pz|,51,17,44
H?B@pz},40,17,39
H?B@pz~,40,19,26
H?B@p{~,104,128,258
H?B@p}z,67,23,120
H?B@p}{,58,17,121
H?B@p}|,54,22,134
H?B@p}},60,22,128
H?B@p}~,63,27,134
H?B@p~r,42,18,36
H?B@p~u,42,18,36
H?B@p~v,43,21,38
H?B@p~w,35,14,26
H?B@p~x,36,17,27
H?B@p~y,40,16,40
H?B@p~z,47,19,36
H?B@p~{,36,16,28
H?B@p~|,37,19,29
H?B@p~},38,19,28
H?B@p~~,40,22,28
H?B@tK|,61,25,148
H?B@tK~,67,31,154
H?B@tLV,53,15,88
H?B@tLZ,50,21,83
H?B@tL\,47,19,88
H?B@tL],35,19,100
H?B@tL^,44,24,97
H?B@tLf,65,13,90
H?B@tLr,43,18,56
H?B@tLt,51,16,63
H?B@tLu,48,17,65
H?B@tLv,52,20,68
H?B@tLx,44,15,67
H?B@tLy,44,16,66
H?B@tLz,47,19,69
H?B@tL{,41,15,70
H?B@tL|,41,18,76
H?B@tL},42,19,74
H?B@tL~,45,22,77
H?B@tMV,88,15,137
H?B@tMZ,72,25,163
H?B@tM\,77,20,163
H?B@tM^,71,28,181
H?B@tMf,90,15,126
H?B@tMr,79,18,95
H?B@tMt,76,15,101
H?B@tMv,75,21,112
H?B@tMx,68,16,98
H?B@tMz,72,21,103
H?B@tM{,56,12,114
H?B@tM|,67,19,110
H?B@tM},62,19,115
H?B@tM~,71,24,115
H?B@tNF,70,14,96
H?B@tNR,39,11,54
H?B@tNT,52,11,67
H?B@tNV,53,16,71
H?B@tNX,45,12,55
H?B@tNZ,44,15,61
H?B@tN[,45,12,55
H?B@tN\,46,14,60
H?B@tN],41,16,63
H?B@tN^,45,18,65
H?B@tNb,38,9,73
H?B@tNd,63,9,72
H?B@tNe,60,12,72
H?B@tNf,65,16,75
H?B@tNp,41,11,39
H?B@tNq,38,11,42
H?B@tNr,40,14,44
H?B@tNs,51,11,29
H?B@tNt,52,13,33
H?B@tNu,47,14,37
H?B@tNv,51,16,38
H?B@tNw,33,11,26
H?B@tNx,34,13,28
H?B@tNy,43,13,34
H?B@tNz,43,15,38
H?B@tN{,34,13,28
H?B@tN|,37,15,28
H?B@tN},35,16,29
H?B@tN~,40,18,27
H?B@t_N,67,23,207
H?B@t_f,67,8,115
H?B@t_j,71,14,122
H?B@t_n,68,21,163
H?B@t_r,73,10,85
H?B@t_v,74,15,120
H?B@t_x,44,11,134
H?B@t_y,57,11,148
H?B@t_z,66,19,115
H?B@t_{,60,11,127
H?B@t_|,59,17,140
H?B@t_},68,17,131
H?B@t_~,60,27,147
H?B@t`F,55,9,79
H?B@t`J,77,15,136
H?B@t`K,30,8,83
H?B@t`N,49,18,89
H?B@t`b,92,10,85
H?B@t`f,54,13,65
H?B@t`h,41,11,128
H?B@t`j,89,17,115
H?B@t`k,42,11,67
H?B@t`l,56,16,71
H?B@t`m,65,17,74
H?B@t`n,44,22,74
H?B@t`p,53,10,102
H?B@t`q,60,10,128
H?B@t`r,103,14,87
H?B@t`s,44,10,56
H?B@t`t,54,15,51
H?B@t`u,68,14,50
H?B@t`v,51,19,60
H?B@t`w,34,10,76
H?B@t`x,43,13,139
H?B@t`y,35,13,186
H?B@t`z,92,18,114
H?B@t`{,44,12,74
H?B@t`|,52,17,71
H?B@t`},64,17,73
H?B@t`~,47,22,66
H?B@taF,54,10,106
H?B@taJ,87,16,157
H?B@taN,70,23,183
H?B@tab,94,9,68
H?B@taf,71,11,94
H?B@tah,58,10,112
H?B@taj,93,19,108
H?B@tak,67,10,110
H?B@tal,71,12,121
H?B@tam,67,12,125
H?B@tan,66,21,134
H?B@tao,56,8,40
H?B@tap,77,9,76
H?B@tar,100,14,76
H?B@tas,63,9,78
H?B@tat,73,12,91
H?B@tau,62,10,93
H?B@tav,66,16,110
H?B@taw,48,10,72
H?B@tax,58,12,128
H?B@tay,67,12,163
H?B@taz,95,20,89
H?B@ta{,61,11,108
H?B@ta|,65,13,117
H?B@ta},66,13,116
H?B@ta~,67,22,107
H?B@tbB,78,7,80
H?B@tbF,55,13,76
H?B@tbJ,72,12,124
H?B@tbK,28,10,70
H?B@tbL,55,14,74
H?B@tbM,57,14,85
H?B@tbN,44,23,73
H?B@tbb,89,10,81
H?B@tbc,43,9,36
H?B@tbd,54,11,43
H?B@tbe,61,11,48
H?B@tbf,51,15,51
H?B@tbg,21,10,65
H?B@tbh,28,11,117
H?B@tbi,36,12,160
H?B@tbj,80,14,102
H?B@tbk,45,11,48
H?B@tbl,57,14,41
H?B@tbm,63,14,49
H?B@tbn,46,18,41
H?B@tbo,17,9,51
H?B@tbp,34,12,98
H?B@tbq,41,12,139
H?B@tbr,93,13,89
H?B@tbs,33,10,41
H?B@tbt,58,13,33
H?B@tbu,63,12,42
H?B@tbv,55,16,41
H?B@tbw,21,11,59
H?B@tbx,34,13,121
H?B@tby,39,16,169
H?B@tbz,83,16,111
H?B@tb{,38,13,47
H?B@tb|,53,15,37
H?B@tb},56,15,49
H?B@tb~,39,19,22
H?B@tc~,70,34,148
H?B@tdj,83,21,92
H?B@tdn,44,26,80
H?B@tdr,97,18,67
H?B@tdu,42,18,57
H?B@tdv,54,23,63
H?B@tdx,90,18,116
H?B@tdy,81,18,111
H?B@tdz,90,22,83
H?B@td{,42,17,67
H?B@td|,44,22,69
H?B@td},43,21,71
H?B@td~,47,26,71
H?B@tej,98,24,106
H?B@ten,73,26,139
H?B@ter,106,19,73
H?B@tev,75,22,111
H?B@tex,94,20,90
H?B@tez,98,25,85
H?B@te{,63,13,106
H?B@te|,68,22,106
H?B@te},65,22,109
H?B@te~,71,27,112
H?B@tfF,59,19,78
H?B@tfJ,74,16,92
H?B@tfN,46,27,77
H?B@tfb,85,12,59
H?B@tff,55,17,54
H?B@tfh,89,14,93
H?B@tfj,81,16,68
H?B@tfk,44,14,40
H?B@tfl,48,17,40
H?B@tfm,44,17,44
H?B@tfn,47,20,45
H?B@tfp,102,12,81
H?B@tfq,92,13,77
H?B@tfr,92,15,61
H?B@tfs,32,12,34
H?B@tft,59,15,38
H?B@tfu,33,15,36
H?B@tfv,58,18,44
H?B@tfw,39,12,75
H?B@tfx,84,15,111
H?B@tfy,82,15,113
H?B@tfz,83,17,60
H?B@tf{,35,15,25
H?B@tf|,36,18,26
H?B@tf},35,18,27
H?B@tf~,39,21,25
H?B@tgm,72,21,159
H?B@tgy,65,16,135
H?B@tgz,63,25,146
H?B@tg|,62,22,150
H?B@tg},65,24,145
H?B@tg~,59,33,160
H?B@thM,38,16,102
H?B@thi,38,17,75
H?B@thj,47,22,71
H?B@thl,55,19,80
H?B@thm,38,20,82
H?B@thn,42,25,83
H?B@thq,42,14,52
H?B@thr,43,19,55
H?B@tht,54,18,58
H?B@thu,54,18,58
H?B@thv,51,22,67
H?B@thw,43,12,62
H?B@thx,57,17,66
H?B@thy,44,17,65
H?B@thz,47,22,66
H?B@th{,41,16,69
H?B@th|,53,20,77
H?B@th},44,20,71
H?B@th~,45,25,74
H?B@tiM,53,17,182
H?B@tie,67,10,88
H?B@tii,69,12,123
H?B@tij,78,21,122
H?B@til,79,16,126
H?B@tim,64,16,141
H?B@tin,71,25,142
H?B@tiq,71,11,83
H?B@tir,79,16,97
H?B@tit,81,15,96
H?B@tiu,64,16,100
H?B@tiv,71,21,116
H?B@tiw,63,11,94
H?B@tix,69,13,113
H?B@tiy,67,13,115
H?B@tiz,71,22,103
H?B@ti{,61,16,105
H?B@ti|,67,18,125
H?B@ti},63,19,128
H?B@ti~,69,26,115
H?B@tjI,37,13,80
H?B@tjJ,44,16,80
H?B@tjM,38,16,86
H?B@tjN,41,26,83
H?B@tja,39,10,35
H?B@tjb,39,13,39
H?B@tje,50,13,54
H?B@tjf,51,17,58
H?B@tjg,38,11,42
H?B@tjh,54,14,44
H?B@tji,41,14,43
H?B@tjj,42,17,46
H?B@tjk,43,14,41
H?B@tjl,58,16,46
H?B@tjm,42,16,47
H?B@tjn,44,20,48
H?B@tjo,26,10,36
H?B@tjp,54,13,37
H?B@tjq,39,12,40
H?B@tjr,39,15,44
H?B@tjs,54,13,37
H?B@tjt,58,15,25
H?B@tju,52,15,31
H?B@tjv,54,18,33
H?B@tjw,32,12,40
H?B@tjx,52,15,38
H?B@tjy,44,15,31
H?B@tjz,45,18,33
H?B@tj{,33,15,42
H?B@tj|,54,18,40
H?B@tj},43,17,36
H?B@tj~,39,21,25
H?B@tk~,61,40,169
H?B@tln,38,29,93
H?B@tlv,51,26,73
H?B@tlz,46,26,72
H?B@tl{,40,22,73
H?B@tl|,40,25,79
H?B@tl},41,26,77
H?B@tl~,43,29,81
H?B@tmn,64,30,161
H?B@tmv,68,25,131
H?B@tmz,70,27,113
H?B@tm{,57,17,122
H?B@tm|,61,26,123
H?B@tm},61,27,122
H?B@tm~,66,31,127
H?B@tnj,41,19,52
H?B@tnk,45,17,43
H?B@tnl,44,19,49
H?B@tnm,41,20,51
H?B@tnn,42,22,55
H?B@tnr,40,17,48
H?B@tns,54,15,29
H?B@tnt,55,17,33
H?B@tnu,50,18,37
H?B@tnv,55,20,37
H?B@tnw,35,15,25
H?B@tnx,35,18,27
H?B@tny,43,19,34
H?B@tnz,45,20,37
H?B@tn{,35,17,28
H?B@tn|,36,20,29
H?B@tn},36,20,29
H?B@tn~,39,23,28
H?B@toy,51,12,147
H?B@to},65,18,151
H?B@to~,60,28,164
H?B@tpe,54,12,77
H?B@tpq,40,12,143
H?B@tpu,56,19,65
H?B@tpv,43,22,70
H?B@tpw,36,11,83
H?B@tpx,38,13,159
H?B@tpy,36,14,160
H?B@tpz,94,19,127
H?B@tp{,45,14,81
H?B@tp|,54,18,78
H?B@tp},56,18,76
H?B@tp~,45,24,75
H?B@tqe,62,9,109
H?B@tqq,65,11,133
H?B@tqu,64,13,118
H?B@tqv,66,22,108
H?B@tqw,50,11,82
H?B@tqx,59,12,145
H?B@tqy,69,13,146
H?B@tqz,97,21,103
H?B@tq{,61,12,122
H?B@tq|,66,15,129
H?B@tq},67,14,129
H?B@tq~,68,23,119
H?B@trE,50,15,91
H?B@tra,34,10,125
H?B@tre,50,13,63
H?B@trf,43,20,57
H?B@trq,35,13,134
H?B@trr,86,15,109
H?B@trs,45,12,55
H?B@trt,61,15,29
H?B@tru,56,15,34
H?B@trv,46,19,31
H?B@trw,22,12,64
H?B@trx,26,14,140
H?B@try,40,16,139
H?B@trz,83,17,124
H?B@tr{,41,14,50
H?B@tr|,58,16,38
H?B@tr},54,16,42
H?B@tr~,41,20,24
H?B@ttz,101,24,83
H?B@tt},49,22,73
H?B@tt~,49,28,76
H?B@tuz,104,26,94
H?B@tu},69,23,118
H?B@tu~,73,29,122
H?B@tvu,50,18,28
H?B@tvv,49,21,32
H?B@tvw,39,13,83
H?B@tvx,86,16,122
H?B@tvy,84,16,124
H?B@tvz,90,19,61
H?B@tv{,41,16,23
H?B@tv|,41,19,25
H?B@tv},41,19,25
H?B@tv~,43,22,25
H?B@txy,48,18,69
H?B@txz,47,23,74
H?B@tx{,41,17,77
H?B@tx|,48,21,91
H?B@tx},46,21,77
H?B@tx~,44,27,82
H?B@tyy,66,14,130
H?B@tyz,68,23,119
H?B@ty{,56,17,123
H?B@ty|,61,18,146
H?B@ty},61,20,144
H?B@ty~,64,27,133
H?B@tzq,43,15,32
H?B@tzr,43,18,35
H?B@tzu,43,17,36
H?B@tzv,43,21,38
H?B@tzw,37,13,40
H?B@tzx,52,16,44
H?B@tzy,46,16,34
H?B@tzz,46,19,37
H?B@tz{,37,16,43
H?B@tz|,53,18,48
H?B@tz},45,18,39
H?B@tz~,42,22,26
H?B@t|},47,25,81
H?B@t|~,46,31,85
H?B@t}},66,27,131
H?B@t}~,70,32,136
H?B@t~y,45,18,39
H?B@t~z,47,21,40
H?B@t~{,42,18,25
H?B@t~|,42,21,27
H?B@t~},43,21,26
H?B@t~~,44,24,27
H?B@uK|,48,22,98
H?B@uK},41,21,106
H?B@uK~,55,27,98
H?B@uMt,50,11,56
H?B@uMu,48,12,57
H?B@uMv,50,15,61
H?B@uMx,44,11,57
H?B@uMy,43,12,57
H?B@uMz,47,14,59
H?B@uM{,38,11,63
H?B@uM|,44,13,63
H?B@uM},42,14,64
H?B@uM~,46,16,66
H?B@uNF,106,33,92
H?B@uNb,40,10,70
H?B@uNd,64,13,67
H?B@uNe,60,14,70
H?B@uNf,64,20,72
H?B@uNp,41,10,40
H?B@uNq,42,10,39
H?B@uNr,40,12,46
H?B@uNs,48,10,33
H?B@uNt,51,12,35
H?B@uNu,46,13,39
H?B@uNv,49,15,41
H?B@uNw,32,10,28
H?B@uNx,35,12,28
H?B@uNy,43,12,35
H?B@uNz,43,14,39
H?B@uN{,33,12,30
H?B@uN|,39,14,27
H?B@uN},36,15,29
H?B@uN~,41,17,27
H?B@v?V,50,9,106
H?B@v?Z,62,15,163
H?B@v?[,22,9,112
H?B@v?],50,15,127
H?B@v?^,44,23,115
H?B@v?f,52,8,100
H?B@v?r,81,10,107
H?B@v?u,64,10,91
H?B@v?v,47,16,93
H?B@v?x,31,11,162
H?B@v?y,40,12,190
H?B@v?z,62,16,156
H?B@v?{,34,11,99
H?B@v?|,47,16,106
H?B@v?},52,15,128
H?B@v?~,43,22,103
H?B@vAF,55,8,87
H?B@vAR,86,8,93
H?B@vAU,68,7,68
H?B@vAV,50,9,73
H?B@vAX,33,9,138
H?B@vAY,56,11,185
H?B@vAZ,77,14,130
H?B@vA[,24,9,75
H?B@vA\,49,13,81
H?B@vA],64,15,90
H?B@vA^,41,18,81
H?B@vAb,85,7,88
H?B@vAe,61,4,55
H?B@vAf,56,7,91
H?B@vAp,47,9,98
H?B@vAq,73,7,140
H?B@vAr,94,11,87
H?B@vAs,38,8,53
H?B@vAt,49,11,48
H?B@vAu,72,11,49
H?B@vAv,47,14,56
H?B@vAw,26,9,73
H?B@vAx,36,10,136
H?B@vAy,54,12,194
H?B@vAz,84,14,112
H?B@vA{,40,10,67
H?B@vA|,48,13,65
H?B@vA},63,14,77
H?B@vA~,41,16,63
H?B@vBB,65,7,108
H?B@vBC,17,2,51
H?B@vBE,56,6,78
H?B@vBF,56,12,97
H?B@vBO,16,6,58
H?B@vBP,27,8,108
H?B@vBQ,56,8,145
H?B@vBR,77,9,106
H?B@vBS,29,10,49
H?B@vBT,51,10,59
H?B@vBU,65,11,68
H?B@vBV,48,15,67
H?B@vBW,18,9,69
H?B@vBX,19,10,140
H?B@vBY,44,15,188
H?B@vBZ,60,14,136
H?B@vB[,30,10,64
H?B@vB\,52,13,61
H?B@vB],62,14,78
H?B@vB^,44,17,59
H?B@vB_,12,4,40
H?B@vB`,39,4,92
H?B@vBa,85,7,88
H?B@vBb,80,8,110
H?B@vBc,22,5,54
H?B@vBd,51,7,82
H?B@vBe,51,8,73
H?B@vBf,55,16,97
H?B@vBo,15,7,55
H?B@vBp,29,9,106
H?B@vBq,50,9,157
H?B@vBr,82,11,102
H?B@vBs,29,9,46
H?B@vBt,55,12,37
H?B@vBu,70,11,49
H?B@vBv,49,15,48
H?B@vBw,19,10,62
H?B@vBx,25,11,132
H?B@vBy,54,21,177
H?B@vBz,67,14,129
H?B@vB{,34,11,53
H?B@vB|,52,14,39
H?B@vB},54,14,67
H?B@vB~,38,17,25
H?B@vC},39,19,110
H?B@vC~,46,26,108
H?B@vE],37,16,87
H?B@vE^,44,20,86
H?B@vEu,38,13,53
H?B@vEv,49,16,61
H?B@vEx,80,13,117
H?B@vEy,76,14,120
H?B@vEz,80,16,84
H?B@vE{,41,13,58
H?B@vE|,42,15,63
H?B@vE},41,16,63
H?B@vE~,42,18,68
H?B@vFR,69,11,89
H?B@vFU,43,15,59
H?B@vFV,47,17,76
H?B@vFX,67,13,130
H?B@vFY,57,14,139
H?B@vFZ,63,16,101
H?B@vF[,43,13,56
H?B@vF\,46,15,59
H?B@vF],41,17,62
H?B@vF^,46,19,63
H?B@vFb,64,11,105
H?B@vFe,26,11,59
H?B@vFf,58,19,105
H?B@vFp,83,11,101
H?B@vFq,79,11,92
H?B@vFr,78,13,77
H?B@vFs,30,11,37
H?B@vFt,53,14,45
H?B@vFu,30,14,40
H?B@vFv,50,17,53
H?B@vFw,37,11,78
H?B@vFx,63,14,133
H?B@vFy,64,14,132
H?B@vFz,67,16,77
H?B@vF{,35,14,26
H?B@vF|,38,16,26
H?B@vF},35,17,28
H?B@vF~,39,19,27
H?B@vG],38,20,124
H?B@vG^,45,28,123
H?B@vGv,51,19,99
H?B@vGy,36,14,94
H?B@vGz,39,23,106
H?B@vG|,49,20,113
H?B@vG},39,21,108
H?B@vG~,41,29,110
H?B@vIY,38,14,78
H?B@vIZ,46,20,74
H?B@vI\,50,18,86
H?B@vI],40,16,84
H?B@vI^,39,22,89
H?B@vIq,39,12,45
H?B@vIr,41,16,47
H?B@vIt,53,14,50
H?B@vIu,50,15,52
H?B@vIv,50,17,59
H?B@vIw,40,11,53
H?B@vIx,55,14,57
H?B@vIy,44,14,54
H?B@vIz,45,18,57
H?B@vI{,41,13,58
H?B@vI|,50,16,69
H?B@vI},45,16,59
H?B@vI~,42,20,66
H?B@vJE,57,10,98
H?B@vJQ,40,10,46
H?B@vJR,39,12,53
H?B@vJT,54,13,63
H?B@vJU,50,13,67
H?B@vJV,50,18,72
H?B@vJW,28,11,52
H?B@vJX,52,14,60
H?B@vJY,41,14,57
H?B@vJZ,41,18,61
H?B@vJ[,32,13,53
H?B@vJ\,55,16,64
H?B@vJ],43,16,61
H?B@vJ^,43,21,64
H?B@vJa,34,8,57
H?B@vJb,35,10,75
H?B@vJd,56,9,67
H?B@vJe,53,11,80
H?B@vJf,60,18,78
H?B@vJo,28,10,34
H?B@vJp,55,12,37
H?B@vJq,40,12,39
H?B@vJr,39,14,45
H?B@vJs,53,12,39
H?B@vJt,58,14,26
H?B@vJu,49,14,35
H?B@vJv,53,17,35
H?B@vJw,33,12,39
H?B@vJx,51,14,40
H?B@vJy,46,14,30
H?B@vJz,43,17,36
H?B@vJ{,34,14,42
H?B@vJ|,53,16,43
H?B@vJ},44,16,36
H?B@vJ~,39,20,26
H?B@vK~,43,37,112
H?B@vM^,40,28,92
H?B@vMv,50,21,64
H?B@vMz,46,22,60
H?B@vM{,39,16,65
H?B@vM|,42,21,65
H?B@vM},42,20,66
H?B@vM~,44,24,68
H?B@vNV,51,23,76
H?B@vNZ,41,22,65
H?B@vN[,44,16,60
H?B@vN\,46,21,61
H?B@vN],41,21,66
H?B@vN^,45,25,66
H?B@vNf,61,23,84
H?B@vNr,41,17,47
H?B@vNs,50,14,34
H?B@vNt,54,17,34
H?B@vNu,47,18,40
H?B@vNv,52,20,40
H?B@vNw,34,14,27
H?B@vNx,35,18,27
H?B@vNy,43,17,36
H?B@vNz,44,20,38
H?B@vN{,35,16,29
H?B@vN|,38,20,27
H?B@vN},37,20,28
H?B@vN~,40,23,27
H?B@v_y,38,13,209
H?B@v_z,69,20,163
H?B@v_},53,18,125
H?B@v_~,44,27,109
H?B@vaM,60,13,96
H?B@vae,61,9,62
H?B@vai,55,11,168
H?B@vam,59,17,78
H?B@van,42,20,73
H?B@vaq,64,11,141
H?B@vau,65,14,51
H?B@vav,51,17,58
H?B@vaw,29,11,77
H?B@vax,36,14,146
H?B@vay,49,14,189
H?B@vaz,96,17,112
H?B@va{,41,12,73
H?B@va|,55,16,64
H?B@va},60,16,74
H?B@va~,45,20,63
H?B@vbE,60,12,84
H?B@vbI,45,10,179
H?B@vbM,52,15,101
H?B@vbN,42,24,84
H?B@vba,45,9,138
H?B@vbe,59,12,59
H?B@vbf,51,16,59
H?B@vbg,19,11,74
H?B@vbh,22,12,134
H?B@vbi,36,15,173
H?B@vbj,79,15,116
H?B@vbk,46,12,54
H?B@vbl,58,15,47
H?B@vbm,59,15,61
H?B@vbn,46,19,47
H?B@vbo,16,10,58
H?B@vbp,28,11,117
H?B@vbq,40,12,156
H?B@vbr,91,14,105
H?B@vbs,32,11,48
H?B@vbt,60,14,38
H?B@vbu,65,13,48
H?B@vbv,55,17,48
H?B@vbw,20,12,66
H?B@vbx,24,16,140
H?B@vby,45,17,178
H?B@vbz,82,16,126
H?B@vb{,39,14,52
H?B@vb|,57,17,38
H?B@vb},57,16,55
H?B@vb~,40,20,25
H?B@vez,90,20,82
H?B@ve},42,19,67
H?B@ve~,44,23,69
H?B@vfj,72,18,86
H?B@vfm,44,18,50
H?B@vfn,45,21,53
H?B@vfr,85,16,79
H?B@vfu,34,16,40
H?B@vfv,53,19,56
H?B@vfw,38,13,84
H?B@vfx,70,17,137
H?B@vfy,71,16,137
H?B@vfz,73,18,79
H?B@vf{,39,16,25
H?B@vf|,39,19,27
H?B@vf},38,19,28
H?B@vf~,41,22,27
H?B@vg},44,23,113
H?B@vg~,47,31,114
H?B@viy,50,16,54
H?B@viz,51,21,56
H?B@vi{,45,15,60
H?B@vi|,57,18,69
H?B@vi},50,18,60
H?B@vi~,48,23,65
H?B@vji,46,15,44
H?B@vjj,46,18,48
H?B@vjk,51,15,39
H?B@vjl,62,17,49
H?B@vjm,48,17,47
H?B@vjn,47,22,50
H?B@vjq,44,13,41
H?B@vjr,43,16,46
H?B@vjs,58,14,40
H?B@vjt,62,16,27
H?B@vju,57,16,32
H?B@vjv,59,20,33
H?B@vjw,39,13,38
H?B@vjx,58,16,38
H?B@vjy,51,16,29
H?B@vjz,49,19,34
H?B@vj{,40,16,40
H?B@vj|,58,19,42
H?B@vj},50,18,34
H?B@vj~,43,22,25
H?B@vm},46,22,68
H?B@vm~,45,27,72
H?B@vnm,45,21,53
H?B@vnn,44,25,57
H?B@vnu,54,20,38
H?B@vnv,57,22,40
H?B@vny,48,19,35
H?B@vnz,47,22,39
H?B@vn{,40,18,27
H?B@vn|,41,22,27
H?B@vn},42,22,26
H?B@vn~,43,25,27
H?B@vq},51,18,75
H?B@vq~,46,21,69
H?B@vru,53,16,43
H?B@vrv,46,20,36
H?B@vrw,25,13,67
H?B@vrx,29,14,149
H?B@vry,46,16,146
H?B@vrz,65,17,156
H?B@vr{,46,14,52
H?B@vr|,55,17,47
H?B@vr},52,17,50
H?B@vr~,44,21,25
H?B@vvy,65,17,156
H?B@vvz,71,19,90
H?B@vv},43,20,27
H?B@vv~,45,23,27
H?B@vzy,50,17,35
H?B@vzz,48,20,40
H?B@vz{,42,17,43
H?B@vz|,52,19,55
H?B@vz},49,19,40
H?B@vz~,45,23,27
H?B@v~},46,23,26
H?B@v~~,47,26,27
H?B@xwv,97,113,245
H?B@xwz,94,113,248
H?B@xw},94,120,254
H?B@xw~,93,145,252
H?B@xyf,68,27,115
H?B@xyr,64,23,109
H?B@xyv,59,31,120
H?B@xyy,64,18,128
H?B@xyz,62,24,124
H?B@xy{,60,20,116
H?B@xy},61,27,137
H?B@xy~,61,33,130
H?B@xzF,59,26,80
H?B@xzb,38,16,21
H?B@xzf,51,22,55
H?B@xzq,41,16,33
H?B@xzr,38,18,24
H?B@xzs,39,16,35
H?B@xzu,44,18,34
H?B@xzv,48,20,34
H?B@xzw,33,15,27
H?B@xzy,42,17,37
H?B@xzz,43,19,23
H?B@xz{,37,17,26
H?B@xz},45,19,38
H?B@xz~,45,21,24
H?B@x{~,105,156,264
H?B@x}v,59,35,130
H?B@x}z,61,28,135
H?B@x}},59,31,134
H?B@x}~,60,37,141
H?B@x~f,48,26,62
H?B@x~r,35,21,29
H?B@x~v,48,23,37
H?B@x~y,38,19,28
H?B@x~z,42,22,26
H?B@x~{,41,18,26
H?B@x~},41,21,28
H?B@x~~,44,24,27
H?B@|ln,46,35,89
H?B@|lv,55,31,74
H?B@|lz,46,30,77
H?B@|l|,47,28,78
H?B@|l},47,29,77
H?B@|l~,50,33,79
H?B@|mn,69,40,163
H?B@|mv,71,34,135
H?B@|mz,63,31,130
H?B@|m|,63,34,127
H?B@|m~,66,39,133
H?B@|nN,45,33,92
H?B@|nf,56,23,65
H?B@|nj,43,23,53
H?B@|nl,46,21,52
H?B@|nn,48,25,53
H?B@|nr,44,21,47
H?B@|nt,52,19,41
H?B@|nu,52,20,40
H?B@|nv,56,23,40
H?B@|nx,36,20,29
H?B@|ny,38,20,27
H?B@|nz,39,23,28
H?B@|n{,39,19,27
H?B@|n|,40,22,28
H?B@|n},39,22,29
H?B@|n~,42,25,28
H?B@|ov,72,27,153
H?B@|oz,64,27,161
H?B@|o},64,25,163
H?B@|o~,61,35,174
H?B@|pf,51,19,80
H?B@|pr,47,22,66
H?B@|pv,44,26,74
H?B@|pw,44,13,69
H?B@|px,47,18,70
H?B@|pz,47,22,75
H?B@|p{,42,17,76
H?B@|p|,43,21,80
H?B@|p},54,21,85
H?B@|p~,46,27,80
H?B@|qf,69,19,122
H?B@|qr,70,22,104
H?B@|qu,61,17,132
H?B@|qv,61,26,123
H?B@|qw,62,12,108
H?B@|qx,68,14,128
H?B@|qz,69,23,118
H?B@|q{,56,17,123
H?B@|q|,65,19,141
H?B@|q},62,19,144
H?B@|q~,66,27,131
H?B@|rF,54,25,86
H?B@|rb,44,15,31
H?B@|re,47,15,73
H?B@|rf,44,21,63
H?B@|ro,31,12,27
H?B@|rr,44,18,34
H?B@|rs,43,15,32
H?B@|rt,43,17,36
H?B@|ru,52,17,43
H?B@|rv,43,21,38
H?B@|rw,37,13,25
H?B@|rx,45,16,35
H?B@|ry,49,17,46
H?B@|rz,47,19,36
H?B@|r{,37,16,27
H?B@|r|,45,18,39
H?B@|r},51,18,50
H?B@|r~,42,22,26
H?B@|tz,50,26,77
H?B@|t~,50,31,81
H?B@|uz,70,28,126
H?B@|u},63,27,134
H?B@|u~,67,33,138
H?B@|vf,47,24,65
H?B@|vr,46,20,36
H?B@|vu,49,20,33
H?B@|vv,47,23,38
H?B@|vx,44,18,40
H?B@|vz,49,22,37
H?B@|v{,42,18,25
H?B@|v|,43,21,26
H?B@|v},42,21,27
H?B@|v~,44,24,27
H?B@|xy,49,21,74
H?B@|xz,48,26,79
H?B@|x|,47,24,82
H?B@|x},53,24,76
H?B@|x~,51,30,81
H?B@|yy,64,20,141
H?B@|yz,65,27,132
H?B@|y|,62,29,149
H?B@|y},63,31,146
H?B@|y~,65,36,137
H?B@|zq,43,17,36
H?B@|zr,38,21,26
H?B@|zu,46,19,37
H?B@|zv,47,23,38
H?B@|zw,38,16,26
H?B@|zx,43,18,41
H?B@|zy,45,18,39
H?B@|zz,44,22,24
H?B@|z{,42,18,25
H?B@|z|,48,20,40
H?B@|z},49,20,39
H?B@|z~,46,24,25
H?B@||~,54,34,83
H?B@|}~,67,41,144
H?B@|~z,45,24,26
H?B@|~{,46,20,24
H?B@|~|,46,23,26
H?B@|~},46,23,26
H?B@|~~,47,26,27
H?B@~M|,46,23,67
H?B@~M},47,22,67
H?B@~M~,48,26,70
H?B@~NV,53,26,81
H?B@~NZ,44,25,67
H?B@~N\,45,23,68
H?B@~N],46,23,67
H?B@~N^,49,27,68
H?B@~Nf,73,32,75
H?B@~Nr,42,20,50
H?B@~Nt,50,19,43
H?B@~Nu,48,20,44
H?B@~Nv,52,22,45
H?B@~Nx,36,20,29
H?B@~Ny,37,20,28
H?B@~Nz,38,23,29
H?B@~N{,38,18,29
H?B@~N|,40,22,28
H?B@~N},39,22,29
H?B@~N~,41,25,29
H?B@~_n,50,30,115
H?B@~_v,53,22,107
H?B@~_z,40,24,116
H?B@~_},47,23,140
H?B@~_~,45,32,115
H?B@~aN,52,22,91
H?B@~af,57,13,70
H?B@~aj,46,18,71
H?B@~an,42,22,80
H?B@~ar,45,16,65
H?B@~au,53,15,72
H?B@~av,50,19,66
H?B@~ax,43,16,61
H?B@~ay,56,16,78
H?B@~az,43,19,66
H?B@~a{,41,15,64
H?B@~a|,42,18,68
H?B@~a},49,18,93
H?B@~a~,43,22,71
H?B@~bF,56,20,92
H?B@~bJ,49,18,83
H?B@~bN,44,26,90
H?B@~bb,46,14,52
H?B@~bf,49,18,68
H?B@~bg,44,12,42
H?B@~bh,45,15,45
H?B@~bj,42,18,52
H?B@~bk,46,15,44
H?B@~bl,43,17,52
H?B@~bm,49,17,78
H?B@~bn,42,21,56
H?B@~bo,32,11,22
H?B@~bp,43,13,56
H?B@~bq,53,14,45
H?B@~br,43,17,60
H?B@~bs,33,13,38
H?B@~bt,54,16,50
H?B@~bu,53,15,67
H?B@~bv,52,19,57
H?B@~bw,36,13,26
H?B@~bx,43,16,37
H?B@~by,42,16,70
H?B@~bz,42,19,41
H?B@~b{,37,16,27
H?B@~b|,45,18,39
H?B@~b},43,18,75
H?B@~b~,41,22,27
H?B@~e},45,22,69
H?B@~e~,48,26,70
H?B@~fj,44,21,54
H?B@~fn,46,24,56
H?B@~fr,43,22,63
H?B@~fu,36,19,41
H?B@~fv,53,22,61
H?B@~fx,41,19,42
H?B@~fy,38,20,27
H?B@~fz,46,22,40
H?B@~f{,39,18,28
H?B@~f|,42,22,26
H?B@~f},40,22,28
H?B@~f~,43,25,27
H?B@~g~,49,37,118
H?B@~iy,49,18,61
H?B@~iz,46,23,67
H?B@~i|,47,20,69
H?B@~i},51,20,65
H?B@~i~,49,25,70
H?B@~ji,45,17,50
H?B@~jj,44,21,54
H?B@~jl,49,19,51
H?B@~jm,48,19,52
H?B@~jn,48,24,54
H?B@~jq,41,15,49
H?B@~jr,42,19,51
H?B@~jt,56,18,38
H?B@~ju,53,18,41
H?B@~jv,54,22,43
H?B@~jw,40,16,24
H?B@~jx,43,18,41
H?B@~jy,47,18,37
H?B@~jz,42,22,26
H?B@~j{,42,18,25
H?B@~j|,48,21,39
H?B@~j},48,20,40
H?B@~j~,44,24,27
H?B@~m~,52,29,71
H?B@~nn,50,27,56
H?B@~nv,57,24,45
H?B@~nz,43,25,27
H?B@~n{,43,20,27
H?B@~n|,44,24,27
H?B@~n},44,24,27
H?B@~n~,45,27,28
H?B@~o},45,33,130
H?B@~qu,49,20,75
H?B@~qy,50,17,77
H?B@~q},46,19,88
H?B@~q~,44,24,76
H?B@~re,42,18,84
H?B@~rq,41,16,55
H?B@~ru,45,18,56
H?B@~rv,41,22,45
H?B@~rw,42,14,24
H?B@~rx,45,17,40
H?B@~ry,43,17,59
H?B@~rz,43,21,44
H?B@~r{,42,17,26
H?B@~r|,46,20,42
H?B@~r},45,19,62
H?B@~r~,45,23,27
H?B@~vz,49,23,42
H?B@~v},45,23,27
H?B@~v~,47,26,27
H?B@~zy,46,19,43
H?B@~zz,46,23,26
H?B@~z{,46,19,25
H?B@~z|,50,21,43
H?B@~z},49,21,44
H?B@~z~,48,25,27
H?B@~~},48,25,27
H?B@~~~,49,28,28
H?BD?oF,30,4,70
H?BD?oT,51,0,60
H?BD?oU,50,4,94
H?BD?oV,79,8,172
H?BD?o[,48,2,90
H?BD?o\,64,2,119
H?BD?o],82,14,200
H?BD?o^,89,30,214
H?BD?od,57,0,73
H?BD?os,40,6,74
H?BD?ot,84,12,112
H?BD?o{,73,8,135
H?BD?o|,90,17,153
H?BD?pD,38,0,25
H?BD?pF,46,2,72
H?BD?pP,47,3,28
H?BD?pS,33,3,24
H?BD?pT,55,6,59
H?BD?pU,45,8,61
H?BD?pV,62,11,98
H?BD?pW,34,2,48
H?BD?pX,68,6,56
H?BD?p[,49,5,86
H?BD?p\,58,10,92
H?BD?p],71,10,109
H?BD?p^,68,18,123
H?BD?p`,58,0,80
H?BD?pd,58,0,54
H?BD?pf,52,6,62
H?BD?po,36,2,70
H?BD?pp,83,5,119
H?BD?ps,50,5,57
H?BD?pt,78,10,62
H?BD?pu,46,10,48
H?BD?pv,54,15,74
H?BD?pw,48,4,128
H?BD?px,79,7,167
H?BD?p{,70,7,99
H?BD?p|,74,12,94
H?BD?p},62,12,82
H?BD?p~,60,16,93
H?BD?qD,39,0,30
H?BD?qF,41,0,64
H?BD?qP,57,1,20
H?BD?qT,78,2,70
H?BD?qU,63,4,53
H?BD?qV,85,3,104
H?BD?qX,78,5,47
H?BD?q[,62,3,89
H?BD?q\,87,6,107
H?BD?q],90,4,122
H?BD?q^,89,10,141
H?BD?qd,59,0,49
H?BD?qs,36,3,39
H?BD?qt,80,4,60
H?BD?q{,45,5,80
H?BD?q|,84,8,84
H?BD?r@,46,0,34
H?BD?rD,56,0,39
H?BD?rF,51,3,65
H?BD?rP,63,3,74
H?BD?rS,47,3,20
H?BD?rT,73,6,41
H?BD?rU,52,5,34
H?BD?rV,60,8,62
H?BD?rW,25,4,83
H?BD?rX,58,5,117
H?BD?r[,58,5,63
H?BD?r\,75,8,47
H?BD?r],60,7,54
H?BD?r^,59,11,62
H?BD?r`,73,4,49
H?BD?rd,51,2,43
H?BD?rf,43,5,42
H?BD?ro,14,3,67
H?BD?rp,65,4,111
H?BD?rs,33,4,43
H?BD?rt,70,7,33
H?BD?ru,47,7,18
H?BD?rv,48,10,26
H?BD?rw,22,6,104
H?BD?rx,85,8,123
H?BD?r{,55,6,59
H?BD?r|,60,9,48
H?BD?r},51,9,31
H?BD?r~,43,11,16
H?BD?{],78,44,248
H?BD?{^,90,74,243
H?BD?{|,74,34,192
H?BD?|U,58,16,116
H?BD?|V,66,20,123
H?BD?|\,61,21,146
H?BD?|],59,23,146
H?BD?|^,66,28,153
H?BD?|e,48,14,78
H?BD?|f,66,19,80
H?BD?|t,61,19,76
H?BD?|u,57,19,80
H?BD?|v,61,24,84
H?BD?|w,54,12,90
H?BD?|x,55,17,97
H?BD?|{,56,16,97
H?BD?||,58,21,103
H?BD?|},58,20,104
H?BD?|~,63,25,107
H?BD?}],73,18,173
H?BD?}^,82,26,180
H?BD?}t,70,12,72
H?BD?}{,60,11,97
H?BD?}|,67,17,98
H?BD?~F,65,13,92
H?BD?~T,65,11,67
H?BD?~U,60,10,73
H?BD?~V,60,13,83
H?BD?~W,51,7,63
H?BD?~X,56,11,65
H?BD?~[,57,10,65
H?BD?~\,59,13,71
H?BD?~],58,12,73
H?BD?~^,61,15,78
H?BD?~d,45,10,55
H?BD?~e,39,9,62
H?BD?~f,47,13,60
H?BD?~o,29,7,19
H?BD?~p,33,9,18
H?BD?~s,45,9,30
H?BD?~t,47,11,33
H?BD?~u,47,12,32
H?BD?~v,50,14,34
H?BD?~w,37,9,19
H?BD?~x,39,11,20
H?BD?~{,39,11,20
H?BD?~|,42,13,20
H?BD?~},41,13,21
H?BD?~~,45,15,20
H?BD@g],66,33,198
H?BD@g},70,27,153
H?BD@hN,60,16,114
H?BD@hY,63,9,98
H?BD@h\,69,13,116
H?BD@h],62,13,112
H?BD@h^,63,18,123
H?BD@hi,60,8,67
H?BD@hl,79,12,79
H?BD@hm,57,13,80
H?BD@hn,58,17,90
H?BD@h{,57,10,87
H?BD@h},55,14,87
H?BD@iM,62,4,102
H?BD@iN,77,10,120
H?BD@i[,53,6,94
H?BD@i],80,7,113
H?BD@ii,79,6,67
H?BD@il,77,5,80
H?BD@im,80,7,84
H?BD@in,77,10,103
H?BD@i{,64,7,69
H?BD@i},70,8,87
H?BD@jI,29,4,48
H?BD@jL,69,7,54
H?BD@jM,38,7,55
H?BD@jN,46,10,54
H?BD@jW,36,4,50
H?BD@jY,45,6,37
H?BD@j[,40,6,53
H?BD@j\,71,8,53
H?BD@j],43,8,45
H?BD@j^,48,10,46
H?BD@jg,35,4,42
H?BD@ji,43,5,42
H?BD@jk,38,6,46
H?BD@jl,71,7,43
H?BD@jm,42,8,38
H?BD@jn,45,10,41
H?BD@jw,40,6,42
H?BD@jy,44,7,21
H?BD@j{,45,7,44
H?BD@j|,60,9,48
H?BD@j},43,9,26
H?BD@j~,38,11,21
H?BD@wv,84,32,159
H?BD@wy,73,22,180
H?BD@wz,77,30,193
H?BD@w|,93,32,187
H?BD@w},74,34,192
H?BD@w~,77,42,206
H?BD@xV,65,18,121
H?BD@xY,64,14,126
H?BD@xZ,69,22,130
H?BD@x\,65,22,147
H?BD@x],59,19,143
H?BD@x^,63,27,148
H?BD@xf,59,16,90
H?BD@xq,62,12,80
H?BD@xr,64,18,86
H?BD@xt,73,18,89
H?BD@xu,54,17,85
H?BD@xv,54,23,92
H?BD@xw,53,10,105
H?BD@xx,72,17,106
H?BD@xy,57,15,97
H?BD@xz,59,21,102
H?BD@x{,55,15,112
H?BD@x|,72,21,117
H?BD@x},56,19,107
H?BD@x~,60,25,110
H?BD@y],75,16,149
H?BD@y^,71,23,166
H?BD@yu,75,13,88
H?BD@yv,72,17,103
H?BD@yy,70,12,98
H?BD@yz,68,16,98
H?BD@y{,61,13,94
H?BD@y|,77,15,116
H?BD@y},68,16,111
H?BD@y~,63,20,113
H?BD@zU,48,10,50
H?BD@zV,50,15,52
H?BD@zY,54,11,39
H?BD@zZ,51,15,46
H?BD@z[,35,11,71
H?BD@z\,69,14,71
H?BD@z],50,13,49
H?BD@z^,50,17,53
H?BD@za,42,8,60
H?BD@zb,47,12,62
H?BD@zd,55,7,70
H?BD@ze,41,8,61
H?BD@zf,45,14,61
H?BD@zo,35,6,47
H?BD@zp,58,9,41
H?BD@zq,51,9,36
H?BD@zr,51,13,40
H?BD@zs,35,10,51
H?BD@zt,68,11,51
H?BD@zu,47,12,32
H?BD@zv,48,15,35
H?BD@zw,38,9,57
H?BD@zx,51,12,63
H?BD@zy,46,12,26
H?BD@zz,48,15,27
H?BD@z{,41,12,59
H?BD@z|,58,14,63
H?BD@z},48,14,28
H?BD@z~,43,17,20
H?BDA_J,80,6,106
H?BDA_M,29,6,73
H?BDA_N,55,12,129
H?BDA_Y,77,7,126
H?BDA_],70,17,121
H?BDA_j,85,12,103
H?BDA_m,43,12,71
H?BDA_n,60,19,110
H?BDA_w,58,2,156
H?BDA_y,67,7,151
H?BDA_z,80,14,136
H?BDA_{,71,7,120
H?BDA_},75,14,111
H?BDA_~,67,21,121
H?BDA`I,65,4,71
H?BDA`M,50,8,74
H?BDA`Y,87,5,108
H?BDA`],71,10,99
H?BDA`i,71,7,76
H?BDA`j,93,9,78
H?BDA`k,56,6,64
H?BDA`m,60,11,57
H?BDA`n,60,14,76
H?BDA`y,89,6,125
H?BDA`},60,11,83
H?BDAaJ,81,3,56
H?BDAaM,38,2,40
H?BDAaN,54,5,69
H?BDAaY,80,3,69
H?BDAa],70,5,51
H?BDAai,53,3,34
H?BDAaj,81,5,67
H?BDAak,41,3,46
H?BDAam,37,5,35
H?BDAan,45,8,47
H?BDAaw,32,5,134
H?BDAay,64,4,102
H?BDAaz,80,7,78
H?BDAa{,66,4,70
H?BDAa},60,7,43
H?BDAa~,47,10,39
H?BDAbG,8,2,58
H?BDAbI,68,4,48
H?BDAbJ,84,4,64
H?BDAbK,44,3,33
H?BDAbM,58,5,49
H?BDAbN,52,7,76
H?BDAbY,68,5,89
H?BDAb],61,6,53
H?BDAbg,13,5,101
H?BDAbi,57,4,75
H?BDAbj,86,6,68
H?BDAbk,40,4,60
H?BDAbm,55,7,28
H?BDAbn,42,9,37
H?BDAbw,20,10,140
H?BDAby,86,5,85
H?BDAbz,78,8,82
H?BDAb{,69,5,58
H?BDAb},50,8,38
H?BDAb~,38,10,17
H?BDAkn,68,35,128
H?BDAk},66,26,136
H?BDAk~,67,33,147
H?BDAlM,56,16,117
H?BDAlN,75,19,126
H?BDAl],64,21,124
H?BDAl^,75,24,129
H?BDAlj,64,17,84
H?BDAll,68,17,80
H?BDAlm,58,17,90
H?BDAln,65,22,93
H?BDAlw,54,10,79
H?BDAlx,55,15,86
H?BDAly,52,14,90
H?BDAlz,56,19,94
H?BDAl{,56,14,86
H?BDAl|,59,19,91
H?BDAl},55,18,96
H?BDAl~,63,23,96
H?BDAmM,55,7,82
H?BDAm],61,9,73
H?BDAm^,60,12,84
H?BDAmm,39,10,61
H?BDAmn,47,14,59
H?BDAmy,45,8,43
H?BDAmz,48,10,46
H?BDAm{,44,8,44
H?BDAm|,46,10,48
H?BDAm},44,10,50
H?BDAm~,48,12,52
H?BDAnM,58,8,84
H?BDAnN,59,11,95
H?BDAnY,52,8,61
H?BDAnZ,56,11,65
H?BDAn[,57,8,56
H?BDAn\,58,11,63
H?BDAn],57,10,65
H?BDAn^,61,13,69
H?BDAng,36,6,38
H?BDAnh,39,8,41
H?BDAni,42,7,50
H?BDAnj,47,10,51
H?BDAnk,40,7,41
H?BDAnl,43,9,44
H?BDAnm,42,10,44
H?BDAnn,48,12,44
H?BDAnw,33,7,20
H?BDAnx,35,9,21
H?BDAny,42,9,27
H?BDAnz,42,11,31
H?BDAn{,34,9,22
H?BDAn|,37,11,22
H?BDAn},35,11,24
H?BDAn~,38,13,24
H?BDAoU,54,3,143
H?BDAo],58,20,172
H?BDAo^,63,29,183
H?BDAoe,31,1,82
H?BDAof,56,6,118
H?BDAor,87,13,130
H?BDAos,52,7,121
H?BDAot,78,13,119
H?BDAou,59,13,118
H?BDAov,61,20,128
H?BDAow,50,6,164
H?BDAox,59,12,226
H?BDAoy,47,11,184
H?BDAoz,78,22,176
H?BDAo{,50,11,159
H?BDAo|,82,23,147
H?BDAo},60,19,149
H?BDAo~,63,29,155
H?BDApF,51,5,104
H?BDApR,95,9,112
H?BDApT,58,9,73
H?BDApU,58,9,104
H?BDApV,63,12,115
H?BDApX,68,9,105
H?BDApY,65,10,155
H?BDApZ,96,13,155
H?BDAp[,35,9,116
H?BDAp\,59,13,108
H?BDAp],62,14,133
H?BDAp^,64,22,142
H?BDApb,79,6,104
H?BDApd,68,5,71
H?BDApe,49,6,65
H?BDApf,54,12,84
H?BDApp,79,8,143
H?BDApq,68,9,113
H?BDApr,94,14,101
H?BDAps,54,9,97
H?BDApt,81,14,70
H?BDApu,56,13,74
H?BDApv,54,19,83
H?BDApw,46,7,145
H?BDApx,57,12,207
H?BDApy,63,10,155
H?BDApz,82,17,135
H?BDAp{,53,10,129
H?BDAp|,79,17,99
H?BDAp},60,15,94
H?BDAp~,62,21,99
H?BDAqE,30,0,50
H?BDAqU,59,4,63
H?BDAqV,60,7,73
H?BDAqY,49,7,104
H?BDAqZ,96,9,93
H?BDAq[,47,7,81
H?BDAq\,78,13,59
H?BDAq],62,9,72
H?BDAq^,60,16,80
H?BDAqc,29,0,49
H?BDAqe,27,2,48
H?BDAqf,43,8,59
H?BDAqq,55,6,79
H?BDAqr,87,10,79
H?BDAqs,41,5,74
H?BDAqt,66,7,48
H?BDAqu,57,8,45
H?BDAqv,48,13,47
H?BDAqw,35,7,112
H?BDAqx,61,11,168
H?BDAqy,39,8,121
H?BDAqz,83,13,99
H?BDAq{,44,8,92
H?BDAq|,65,13,65
H?BDAq},58,11,48
H?BDAq~,51,15,46
H?BDArA,48,0,54
H?BDArE,53,1,65
H?BDArF,56,9,88
H?BDArO,25,4,69
H?BDArQ,50,6,79
H?BDArR,91,6,73
H?BDArS,58,6,48
H?BDArT,79,10,46
H?BDArU,58,8,64
H?BDArV,57,12,74
H?BDArW,25,7,94
H?BDArX,51,9,140
H?BDArY,39,8,118
H?BDArZ,85,10,109
H?BDAr[,48,8,84
H?BDAr\,81,13,49
H?BDAr],57,10,65
H?BDAr^,59,15,69
H?BDAr_,13,1,70
H?BDAr`,73,5,84
H?BDAra,47,3,78
H?BDArb,73,9,98
H?BDArc,35,2,59
H?BDArd,57,6,57
H?BDAre,44,5,50
H?BDArf,41,12,57
H?BDAro,17,5,98
H?BDArp,55,6,137
H?BDArq,39,7,97
H?BDArr,90,9,81
H?BDArs,31,7,72
H?BDArt,71,9,40
H?BDAru,59,10,27
H?BDArv,47,13,31
H?BDArw,23,10,111
H?BDArx,57,18,159
H?BDAry,47,9,113
H?BDArz,74,13,109
H?BDAr{,37,9,84
H?BDAr|,64,13,49
H?BDAr},54,12,32
H?BDAr~,42,15,18
H?BDAwv,57,26,145
H?BDAwy,50,18,160
H?BDAwz,51,28,168
H?BDAw},56,25,166
H?BDAw~,55,35,176
H?BDAxV,69,17,123
H?BDAx\,61,19,120
H?BDAx],60,21,147
H?BDAx^,64,26,157
H?BDAxf,57,16,92
H?BDAxq,61,12,81
H?BDAxr,59,18,91
H?BDAxt,84,18,78
H?BDAxu,56,17,83
H?BDAxv,55,23,91
H?BDAxw,42,10,104
H?BDAxx,78,17,100
H?BDAxy,54,15,100
H?BDAxz,55,21,106
H?BDAx{,45,15,109
H?BDAx|,78,21,111
H?BDAx},53,19,110
H?BDAx~,56,26,113
H?BDAy],56,12,88
H?BDAy^,54,17,98
H?BDAyu,40,10,58
H?BDAyv,43,15,59
H?BDAyy,46,11,47
H?BDAyz,46,15,51
H?BDAy{,34,11,72
H?BDAy|,67,14,73
H?BDAy},45,13,54
H?BDAy~,45,17,58
H?BDAzU,57,10,76
H?BDAzV,55,14,87
H?BDAzY,52,10,70
H?BDAzZ,54,15,74
H?BDAz[,43,11,67
H?BDAz\,80,15,61
H?BDAz],55,13,75
H?BDAz^,56,17,81
H?BDAza,35,7,68
H?BDAzb,43,12,66
H?BDAzd,63,7,62
H?BDAze,37,8,65
H?BDAzf,41,14,65
H?BDAzo,22,6,49
H?BDAzp,67,9,32
H?BDAzq,43,9,44
H?BDAzr,45,13,46
H?BDAzs,22,10,52
H?BDAzt,72,11,47
H?BDAzu,44,12,35
H?BDAzv,45,15,38
H?BDAzw,23,9,59
H?BDAzx,64,12,50
H?BDAzy,47,12,25
H?BDAzz,46,15,29
H?BDAz{,26,12,60
H?BDAz|,69,14,52
H?BDAz},45,14,31
H?BDAz~,39,17,24
H?BDA{},64,32,170
H?BDA{~,60,43,182
H?BDA|],67,30,150
H?BDA|^,67,34,165
H?BDA|u,54,21,94
H?BDA|v,55,28,99
H?BDA|y,53,19,110
H?BDA|z,55,25,115
H?BDA|{,54,19,109
H?BDA||,55,25,115
H?BDA|},53,23,119
H?BDA|~,57,29,122
H?BDA}},48,15,57
H?BDA}~,48,19,61
H?BDA~],56,15,83
H?BDA~^,56,19,90
H?BDA~e,41,11,68
H?BDA~f,46,17,67
H?BDA~q,48,11,45
H?BDA~r,51,15,46
H?BDA~s,44,11,36
H?BDA~t,45,14,39
H?BDA~u,45,14,39
H?BDA~v,48,17,40
H?BDA~w,38,12,20
H?BDA~x,39,15,21
H?BDA~y,49,14,27
H?BDA~z,49,17,30
H?BDA~{,39,14,22
H?BDA~|,40,17,23
H?BDA~},42,16,22
H?BDA~~,43,19,23
H?BDB?{,72,2,118
H?BDB@},60,4,86
H?BDBA[,47,2,79
H?BDBA{,71,3,70
H?BDBBW,22,12,126
H?BDBB[,55,3,77
H?BDBB],61,4,45
H?BDBBw,18,21,132
H?BDBB{,72,7,61
H?BDBB},51,5,43
H?BDBB~,36,6,18
H?BDBG^,72,27,131
H?BDBG},64,14,112
H?BDBHY,59,7,87
H?BDBH\,76,9,95
H?BDBH],63,10,97
H?BDBH^,70,14,103
H?BDBH{,55,6,79
H?BDBH},53,11,79
H?BDBIY,29,3,49
H?BDBI\,67,5,58
H?BDBI],43,5,52
H?BDBI^,51,8,51
H?BDBIw,47,2,41
H?BDBIy,42,4,34
H?BDBI{,47,4,49
H?BDBI|,59,6,56
H?BDBI},43,6,39
H?BDBI~,44,8,44
H?BDBJW,38,2,41
H?BDBJY,40,4,36
H?BDBJ[,41,4,45
H?BDBJ\,67,6,48
H?BDBJ],41,6,41
H?BDBJ^,44,8,44
H?BDBJw,43,3,34
H?BDBJy,39,5,22
H?BDBJ{,44,5,39
H?BDBJ|,55,7,46
H?BDBJ},38,7,27
H?BDBJ~,31,9,25
H?BDBL],63,16,108
H?BDBL^,72,21,111
H?BDBL{,51,12,80
H?BDBL|,53,17,86
H?BDBL},52,16,88
H?BDBL~,59,21,89
H?BDBM],41,7,62
H?BDBM^,49,11,60
H?BDBM{,38,6,44
H?BDBM|,42,8,46
H?BDBN[,42,6,40
H?BDBN\,45,8,43
H?BDBN],40,8,48
H?BDBN^,45,10,49
H?BDBNw,29,5,21
H?BDBNx,31,7,22
H?BDBN{,29,7,24
H?BDBN|,31,9,25
H?BDBN},29,9,27
H?BDBN~,31,11,28
H?BDB_M,62,10,128
H?BDB_],85,20,135
H?BDB_^,70,30,153
H?BDB_{,71,10,149
H?BDB_|,80,17,134
H?BDB`M,69,11,100
H?BDB`N,65,17,108
H?BDB`[,58,7,135
H?BDB`\,75,12,111
H?BDB`],72,12,114
H?BDB`^,69,18,117
H?BDB`h,100,9,98
H?BDB`k,70,7,94
H?BDB`l,90,11,69
H?BDB`m,70,12,78
H?BDB`n,65,16,84
H?BDB`w,49,9,172
H?BDB`x,89,8,156
H?BDB`{,79,8,122
H?BDB`|,79,13,88
H?BDB`},66,13,89
H?BDB`~,64,17,88
H?BDBaM,50,4,54
H?BDBaN,48,9,53
H?BDBa[,54,5,91
H?BDBa\,76,8,59
H?BDBa],68,8,56
H?BDBa^,55,12,53
H?BDBak,65,6,73
H?BDBal,63,7,50
H?BDBa{,71,6,88
H?BDBa|,64,9,59
H?BDBbK,68,6,61
H?BDBbL,72,7,51
H?BDBbM,61,7,52
H?BDBbN,48,11,51
H?BDBbW,26,12,142
H?BDBbX,80,6,123
H?BDBb[,62,7,85
H?BDBb\,75,9,48
H?BDBb],59,9,52
H?BDBb^,51,11,42
H?BDBbg,16,9,128
H?BDBbh,75,6,109
H?BDBbk,60,7,73
H?BDBbl,72,8,41
H?BDBbm,62,9,39
H?BDBbn,47,11,38
H?BDBbw,22,18,147
H?BDBbx,95,14,107
H?BDBb{,77,9,70
H?BDBb|,61,10,46
H?BDBb},54,10,40
H?BDBb~,40,12,18
H?BDBg},70,23,135
H?BDBg~,70,33,144
H?BDBh],64,17,123
H?BDBh^,69,25,127
H?BDBhi,64,10,76
H?BDBhj,65,16,84
H?BDBhl,89,16,82
H?BDBhm,61,15,89
H?BDBhn,64,21,95
H?BDBhy,61,13,82
H?BDBhz,59,19,91
H?BDBh{,62,13,93
H?BDBh|,81,19,95
H?BDBh},59,17,93
H?BDBh~,62,23,97
H?BDBi],47,10,63
H?BDBi^,51,16,63
H?BDBim,41,8,61
H?BDBin,47,14,59
H?BDBiy,46,9,41
H?BDBiz,49,13,42
H?BDBi{,51,10,59
H?BDBi|,70,12,61
H?BDBi},46,11,47
H?BDBi~,50,15,47
H?BDBjM,44,8,58
H?BDBjN,47,14,59
H?BDBjY,48,9,39
H?BDBjZ,48,13,43
H?BDBj[,43,9,56
H?BDBj\,76,12,55
H?BDBj],45,11,48
H?BDBj^,48,15,49
H?BDBji,45,7,47
H?BDBjj,47,12,49
H?BDBjk,39,8,52
H?BDBjl,75,10,47
H?BDBjm,42,10,44
H?BDBjn,46,14,44
H?BDBjw,44,8,44
H?BDBjx,63,10,44
H?BDBjy,44,10,24
H?BDBjz,44,13,27
H?BDBj{,48,10,46
H?BDBj|,66,12,48
H?BDBj},42,12,30
H?BDBj~,37,15,23
H?BDBlm,58,20,102
H?BDBln,62,27,106
H?BDBl},55,22,105
H?BDBl~,58,28,109
H?BDBn],44,14,54
H?BDBn^,46,18,56
H?BDBnm,42,13,49
H?BDBnn,46,17,49
H?BDBn{,35,13,22
H?BDBn|,36,16,23
H?BDBn},36,15,24
H?BDBn~,37,18,25
H?BDBp],61,16,144
H?BDBp^,62,24,152
H?BDBpe,54,10,86
H?BDBpf,55,15,95
H?BDBps,67,10,110
H?BDBpt,82,15,83
H?BDBpu,57,14,85
H?BDBpv,54,20,95
H?BDBpw,46,8,162
H?BDBpx,56,12,231
H?BDBp{,64,12,145
H?BDBp|,76,18,116
H?BDBp},60,16,106
H?BDBp~,59,22,114
H?BDBq],60,11,72
H?BDBq^,48,17,75
H?BDBq{,48,9,112
H?BDBq|,62,13,79
H?BDBrU,56,9,55
H?BDBrV,46,14,57
H?BDBr[,39,9,108
H?BDBr\,76,13,65
H?BDBr],55,12,59
H?BDBr^,49,16,55
H?BDBre,48,7,66
H?BDBrf,41,14,65
H?BDBrs,40,8,84
H?BDBrt,75,11,44
H?BDBru,58,11,35
H?BDBrv,47,14,37
H?BDBrw,24,15,117
H?BDBrx,51,25,176
H?BDBr{,47,12,95
H?BDBr|,63,14,58
H?BDBr},55,13,37
H?BDBr~,42,16,22
H?BDBxu,55,18,96
H?BDBxv,55,24,103
H?BDBxy,62,16,104
H?BDBxz,61,23,111
H?BDBx{,61,16,119
H?BDBx|,77,22,126
H?BDBx},57,20,118
H?BDBx~,59,27,122
H?BDBy},51,14,55
H?BDBy~,52,19,57
H?BDBz],48,14,58
H?BDBz^,49,19,60
H?BDBzu,46,13,39
H?BDBzv,48,17,40
H?BDBzy,50,13,27
H?BDBzz,50,16,30
H?BDBz{,47,13,60
H?BDBz|,63,16,65
H?BDBz},48,16,32
H?BDBz~,44,18,23
H?BDB|},56,24,128
H?BDB|~,59,30,132
H?BDB~},46,17,22
H?BDB~~,48,20,22
H?BDCk^,89,30,161
H?BDCk|,71,19,108
H?BDClN,58,16,96
H?BDCl\,54,13,87
H?BDCl],58,13,83
H?BDCl^,59,17,92
H?BDCll,47,12,51
H?BDClm,37,12,61
H?BDCln,44,16,60
H?BDClw,41,7,51
H?BDClx,44,10,54
H?BDCl{,42,10,56
H?BDCl|,44,13,60
H?BDCl},44,13,60
H?BDCl~,47,16,63
H?BDCmN,117,7,137
H?BDCm],96,14,130
H?BDCm^,112,17,135
H?BDCml,83,9,98
H?BDCm{,69,8,77
H?BDCm|,75,13,80
H?BDCnL,62,9,79
H?BDCnM,58,8,84
H?BDCnN,64,10,91
H?BDCnX,53,8,60
H?BDCn[,54,7,60
H?BDCn\,56,10,66
H?BDCn],56,9,67
H?BDCn^,62,12,69
H?BDCnh,41,7,40
H?BDCnk,38,6,44
H?BDCnl,44,8,44
H?BDCnm,40,9,47
H?BDCnn,48,11,45
H?BDCnw,31,6,23
H?BDCnx,33,8,24
H?BDCn{,33,8,24
H?BDCn|,36,10,24
H?BDCn},36,10,24
H?BDCn~,40,12,23
H?BDCw^,79,32,197
H?BDCwv,76,21,112
H?BDCwy,67,13,118
H?BDCwz,71,23,122
H?BDCw|,82,19,127
H?BDCw},68,20,128
H?BDCw~,70,29,135
H?BDCxV,58,14,93
H?BDCxY,60,13,81
H?BDCxZ,63,18,87
H?BDCx\,64,18,83
H?BDCx],59,16,93
H?BDCx^,58,22,102
H?BDCxf,47,13,61
H?BDCxq,48,10,52
H?BDCxr,53,16,51
H?BDCxt,71,14,59
H?BDCxu,43,14,51
H?BDCxv,45,19,53
H?BDCxw,33,9,78
H?BDCxx,69,14,73
H?BDCxy,52,13,52
H?BDCxz,50,18,58
H?BDCx{,37,13,80
H?BDCx|,69,17,82
H?BDCx},53,16,57
H?BDCx~,51,21,63
H?BDCyV,100,13,127
H?BDCyZ,84,14,166
H?BDCy\,102,20,128
H?BDCy],80,18,166
H?BDCy^,93,22,173
H?BDCyf,78,14,108
H?BDCyr,83,14,79
H?BDCyt,88,9,79
H?BDCyu,78,13,85
H?BDCyv,83,17,92
H?BDCyx,89,10,93
H?BDCyy,73,10,97
H?BDCyz,76,16,90
H?BDCy{,45,13,74
H?BDCy|,91,15,102
H?BDCy},76,14,105
H?BDCy~,78,20,98
H?BDCzF,66,12,92
H?BDCzR,57,10,65
H?BDCzT,81,13,56
H?BDCzU,57,11,75
H?BDCzV,60,14,82
H?BDCzX,77,13,53
H?BDCzY,57,10,65
H?BDCzZ,58,15,70
H?BDCz[,57,11,64
H?BDCz\,84,15,57
H?BDCz],62,13,68
H?BDCz^,62,17,75
H?BDCzb,46,12,63
H?BDCzd,67,7,58
H?BDCze,39,8,63
H?BDCzf,45,14,61
H?BDCzp,70,9,29
H?BDCzq,45,9,42
H?BDCzr,48,13,43
H?BDCzs,41,10,45
H?BDCzt,80,11,39
H?BDCzu,47,12,32
H?BDCzv,50,15,33
H?BDCzw,40,9,55
H?BDCzx,66,12,48
H?BDCzy,48,12,24
H?BDCzz,49,15,26
H?BDCz{,47,12,53
H?BDCz|,74,14,47
H?BDCz},48,14,28
H?BDCz~,44,17,19
H?BDC|],61,19,102
H?BDC|^,57,25,114
H?BDC|u,41,17,59
H?BDC|v,42,22,62
H?BDC|{,49,16,61
H?BDC||,47,21,67
H?BDC|},51,19,65
H?BDC|~,48,24,72
H?BDC}],92,28,168
H?BDC}^,102,29,181
H?BDC}{,68,14,100
H?BDC}|,73,21,102
H?BDC~U,62,13,81
H?BDC~V,69,16,84
H?BDC~[,59,13,71
H?BDC~\,62,17,75
H?BDC~],61,15,78
H?BDC~^,65,19,81
H?BDC~e,42,10,68
H?BDC~f,47,16,67
H?BDC~s,44,11,36
H?BDC~t,46,14,38
H?BDC~u,47,14,37
H?BDC~v,50,17,38
H?BDC~w,37,12,21
H?BDC~x,38,15,22
H?BDC~{,40,14,21
H?BDC~|,41,17,22
H?BDC~},43,16,21
H?BDC~~,44,19,22
H?BDDGy,60,2,82
H?BDDG},59,8,95
H?BDDHw,41,2,56
H?BDDHy,41,3,46
H?BDDH{,43,6,61
H?BDDH},42,6,51
H?BDDIY,50,4,98
H?BDDI\,86,7,105
H?BDDI],61,7,103
H?BDDIx,74,4,75
H?BDDIy,68,3,73
H?BDDIz,74,5,71
H?BDDI{,64,6,65
H?BDDI|,84,8,78
H?BDDI},69,7,84
H?BDDI~,80,9,76
H?BDDJW,41,2,47
H?BDDJX,63,3,44
H?BDDJY,37,3,40
H?BDDJ[,43,4,53
H?BDDJ\,68,5,48
H?BDDJ],38,5,45
H?BDDJw,38,3,39
H?BDDJx,52,4,43
H?BDDJy,38,4,24
H?BDDJz,39,5,28
H?BDDJ{,41,5,42
H?BDDJ|,57,6,45
H?BDDJ},39,6,27
H?BDDJ~,34,7,24
H?BDDgn,76,21,123
H?BDDgy,68,12,100
H?BDDgz,67,17,114
H?BDDg|,76,15,118
H?BDDg},66,18,114
H?BDDg~,67,23,126
H?BDDhN,45,16,71
H?BDDhY,49,9,63
H?BDDhZ,52,14,66
H?BDDh\,56,12,88
H?BDDh],44,12,76
H?BDDh^,49,18,76
H?BDDhi,41,8,51
H?BDDhj,45,12,53
H?BDDhl,70,11,62
H?BDDhm,38,12,60
H?BDDhn,42,16,62
H?BDDhw,44,7,70
H?BDDhx,66,10,68
H?BDDhy,45,10,53
H?BDDhz,45,13,59
H?BDDh{,47,11,74
H?BDDh|,62,13,81
H?BDDh},44,13,60
H?BDDh~,46,16,64
H?BDDi],76,10,134
H?BDDi^,90,14,136
H?BDDij,84,11,95
H?BDDil,83,8,89
H?BDDim,80,10,100
H?BDDin,84,13,112
H?BDDiy,74,8,83
H?BDDiz,74,12,82
H?BDDi{,70,9,75
H?BDDi|,88,10,94
H?BDDi},75,11,94
H?BDDi~,79,15,88
H?BDDjJ,44,10,56
H?BDDjL,74,8,61
H?BDDjM,39,8,63
H?BDDjN,46,12,62
H?BDDjY,43,8,45
H?BDDjZ,45,10,49
H?BDDj[,51,9,60
H?BDDj\,78,10,55
H?BDDj],42,10,52
H?BDDj^,47,12,53
H?BDDjh,69,8,44
H?BDDji,40,7,52
H?BDDjj,44,10,54
H?BDDjk,39,9,51
H?BDDjl,75,9,48
H?BDDjm,40,10,46
H?BDDjn,47,12,45
H?BDDjw,40,7,49
H?BDDjx,61,9,47
H?BDDjy,41,9,28
H?BDDjz,45,11,28
H?BDDj{,47,10,47
H?BDDj|,67,11,48
H?BDDj},41,11,32
H?BDDj~,39,13,23
H?BDDw},61,21,152
H?BDDw~,63,31,158
H?BDDx],51,17,86
H?BDDx^,50,24,91
H?BDDxu,45,15,57
H?BDDxv,45,20,61
H?BDDxy,54,14,58
H?BDDxz,51,19,65
H?BDDx{,51,14,89
H?BDDx|,64,18,98
H?BDDx},53,17,65
H?BDDx~,52,22,70
H?BDDyu,74,14,104
H?BDDyv,80,19,109
H?BDDyy,73,11,111
H?BDDyz,73,17,106
H?BDDy{,73,14,95
H?BDDy|,85,16,123
H?BDDy},73,15,122
H?BDDy~,73,22,115
H?BDDzU,45,11,61
H?BDDzV,48,16,62
H?BDDzY,50,12,50
H?BDDzZ,47,16,57
H?BDDz[,52,12,76
H?BDDz\,78,15,72
H?BDDz],47,14,59
H?BDDz^,48,18,62
H?BDDze,41,9,70
H?BDDzf,46,15,69
H?BDDzq,48,10,46
H?BDDzr,48,14,50
H?BDDzs,41,11,52
H?BDDzt,76,13,51
H?BDDzu,46,13,39
H?BDDzv,49,16,40
H?BDDzw,41,10,61
H?BDDzx,56,14,65
H?BDDzy,50,13,27
H?BDDzz,50,16,30
H?BDDz{,47,13,60
H?BDDz|,66,15,63
H?BDDz},49,15,32
H?BDDz~,45,18,22
H?BDEK],51,17,85
H?BDEKz,43,14,75
H?BDEK|,49,14,69
H?BDEK},41,13,78
H?BDEK~,50,20,74
H?BDELZ,53,10,77
H?BDEL\,55,10,75
H?BDEL],51,10,79
H?BDEL^,59,14,81
H?BDELw,37,4,49
H?BDELx,40,7,52
H?BDELy,36,7,56
H?BDELz,41,10,57
H?BDEL{,38,7,54
H?BDEL|,41,10,57
H?BDEL},39,10,59
H?BDEL~,44,13,60
H?BDEM],53,6,71
H?BDEM^,62,9,72
H?BDEMy,35,5,48
H?BDEMz,43,7,46
H?BDEM{,35,5,48
H?BDEM|,42,7,47
H?BDEM},36,7,53
H?BDEM~,44,9,51
H?BDENY,40,5,55
H?BDENZ,53,8,60
H?BDEN[,51,5,54
H?BDEN\,54,8,59
H?BDEN],51,7,63
H?BDEN^,60,10,62
H?BDENw,27,4,24
H?BDENx,29,6,25
H?BDENy,35,6,31
H?BDENz,38,8,32
H?BDEN{,28,6,26
H?BDEN|,31,8,26
H?BDEN},30,8,27
H?BDEN~,33,10,27
H?BDEgn,48,21,74
H?BDEgy,41,12,79
H?BDEgz,47,20,77
H?BDEg|,69,18,93
H?BDEg},51,17,76
H?BDEg~,54,25,77
H?BDEhN,63,16,91
H?BDEhY,61,12,67
H?BDEhZ,62,16,76
H?BDEh\,68,16,66
H?BDEh],58,15,81
H?BDEh^,61,20,87
H?BDEhi,42,8,50
H?BDEhj,48,14,48
H?BDEhl,73,12,58
H?BDEhm,45,12,53
H?BDEhn,45,18,57
H?BDEhw,42,8,60
H?BDEhx,66,12,66
H?BDEhy,47,11,50
H?BDEhz,46,16,55
H?BDEh{,43,11,66
H?BDEh|,66,15,75
H?BDEh},49,14,54
H?BDEh~,47,19,60
H?BDEi],62,10,71
H?BDEi^,63,16,77
H?BDEij,49,12,49
H?BDEim,41,8,61
H?BDEin,48,14,58
H?BDEiy,41,9,46
H?BDEiz,46,13,45
H?BDEi{,56,9,55
H?BDEi|,72,12,59
H?BDEi},45,11,48
H?BDEi~,48,15,49
H?BDEjL,82,14,57
H?BDEjM,59,11,80
H?BDEjN,63,16,86
H?BDEjY,58,9,54
H?BDEjZ,58,14,60
H?BDEj[,60,9,51
H?BDEj\,82,14,47
H?BDEj],60,11,61
H?BDEj^,63,16,64
H?BDEjh,70,8,43
H?BDEji,42,7,50
H?BDEjj,47,12,49
H?BDEjk,42,8,49
H?BDEjl,75,10,47
H?BDEjm,43,10,43
H?BDEjn,46,14,44
H?BDEjw,48,8,40
H?BDEjx,61,10,46
H?BDEjy,44,10,24
H?BDEjz,43,13,28
H?BDEj{,51,10,43
H?BDEj|,68,12,46
H?BDEj},44,12,28
H?BDEj~,38,15,22
H?BDEk},46,21,89
H?BDEk~,49,29,90
H?BDEl],57,17,94
H?BDEl^,58,23,101
H?BDElm,40,15,65
H?BDEln,43,21,66
H?BDEly,43,14,60
H?BDElz,45,19,62
H?BDEl{,44,14,59
H?BDEl|,45,19,62
H?BDEl},44,17,65
H?BDEl~,46,22,67
H?BDEmm,42,10,68
H?BDEmn,49,16,65
H?BDEm},43,13,56
H?BDEm~,48,17,55
H?BDEnM,57,12,96
H?BDEnN,64,16,100
H?BDEn],57,14,72
H?BDEn^,63,17,74
H?BDEni,42,9,57
H?BDEnj,47,14,56
H?BDEnk,39,9,48
H?BDEnl,42,13,49
H?BDEnm,41,12,51
H?BDEnn,48,16,48
H?BDEnw,33,10,22
H?BDEnx,34,13,23
H?BDEny,43,12,29
H?BDEnz,44,15,31
H?BDEn{,35,12,23
H?BDEn|,37,15,23
H?BDEn},37,14,24
H?BDEn~,39,17,24
H?BDEou,57,10,76
H?BDEov,51,16,77
H?BDEoy,35,10,159
H?BDEoz,64,17,153
H?BDEo{,38,10,132
H?BDEo|,72,18,105
H?BDEo},57,16,96
H?BDEo~,54,24,90
H?BDEpU,51,8,91
H?BDEpV,57,12,96
H?BDEpY,49,9,140
H?BDEpZ,82,12,134
H?BDEp[,38,9,113
H?BDEp\,65,16,84
H?BDEp],52,14,102
H?BDEp^,55,21,106
H?BDEpe,50,7,63
H?BDEpf,46,12,63
H?BDEpq,61,9,106
H?BDEpr,88,12,104
H?BDEps,50,8,85
H?BDEpt,72,12,60
H?BDEpu,56,12,52
H?BDEpv,46,17,54
H?BDEpw,34,8,138
H?BDEpx,47,12,201
H?BDEpy,53,10,145
H?BDEpz,71,15,138
H?BDEp{,41,10,118
H?BDEp|,71,15,82
H?BDEp},56,14,70
H?BDEp~,52,19,64
H?BDEq],55,10,91
H?BDEq^,57,17,95
H?BDEqf,47,11,63
H?BDEqr,93,10,89
H?BDEqt,73,8,51
H?BDEqu,55,9,56
H?BDEqv,49,14,54
H?BDEqx,65,13,182
H?BDEqy,53,9,133
H?BDEqz,86,13,111
H?BDEq{,51,9,109
H?BDEq|,73,14,67
H?BDEq},54,12,60
H?BDEq~,51,16,53
H?BDErF,60,13,97
H?BDErR,94,7,86
H?BDErT,80,12,58
H?BDErU,53,10,80
H?BDErV,58,13,85
H?BDErX,49,10,161
H?BDErY,39,9,132
H?BDErZ,85,12,124
H?BDEr[,54,9,102
H?BDEr\,83,14,59
H?BDEr],56,11,76
H?BDEr^,58,16,80
H?BDErb,82,11,105
H?BDErd,66,6,60
H?BDEre,49,7,65
H?BDErf,44,13,63
H?BDErp,58,7,151
H?BDErq,45,8,103
H?BDErr,89,10,96
H?BDErs,39,8,85
H?BDErt,78,10,42
H?BDEru,58,11,35
H?BDErv,50,14,34
H?BDErw,41,16,112
H?BDErx,60,25,167
H?BDEry,50,15,117
H?BDErz,76,15,119
H?BDEr{,49,13,92
H?BDEr|,72,13,50
H?BDEr},56,13,36
H?BDEr~,45,16,19
H?BDEw},55,20,93
H?BDEw~,54,28,98
H?BDEx],58,17,107
H?BDEx^,59,23,114
H?BDExu,46,15,56
H?BDExv,47,20,59
H?BDExy,49,14,63
H?BDExz,50,20,65
H?BDEx{,39,14,87
H?BDEx|,74,19,87
H?BDEx},51,17,67
H?BDEx~,50,23,71
H?BDEyu,46,11,60
H?BDEyv,51,16,59
H?BDEyy,48,12,52
H?BDEyz,49,17,54
H?BDEy},50,14,56
H?BDEy~,51,19,58
H?BDEzU,63,12,81
H?BDEzV,67,15,87
H?BDEz[,62,12,70
H?BDEz\,90,16,63
H?BDEz],63,14,77
H?BDEz^,64,19,82
H?BDEze,41,9,70
H?BDEzf,46,15,69
H?BDEzq,46,10,48
H?BDEzr,50,14,48
H?BDEzs,40,11,53
H?BDEzt,83,12,45
H?BDEzu,48,13,37
H?BDEzv,52,17,36
H?BDEzw,41,10,61
H?BDEzx,72,13,50
H?BDEzy,51,13,26
H?BDEzz,50,16,30
H?BDEz{,47,13,60
H?BDEz|,76,16,52
H?BDEz},49,15,32
H?BDEz~,43,18,24
H?BDE|},51,20,73
H?BDE|~,52,26,75
H?BDE}},48,16,64
H?BDE}~,51,21,64
H?BDE~],65,16,84
H?BDE~^,66,20,90
H?BDE~u,47,15,43
H?BDE~v,53,19,40
H?BDE~y,49,15,32
H?BDE~z,50,18,34
H?BDE~{,40,15,25
H?BDE~|,42,18,25
H?BDE~},44,17,24
H?BDE~~,45,20,25
H?BDF?{,70,9,92
H?BDF@[,46,3,104
H?BDF@w,28,11,159
H?BDF@{,74,6,90
H?BDF@},48,5,79
H?BDFA],59,4,67
H?BDFA{,78,7,75
H?BDFA|,60,5,56
H?BDFBX,85,5,100
H?BDFB[,69,4,87
H?BDFB\,71,5,45
H?BDFB],56,5,60
H?BDFBw,29,28,143
H?BDFBx,101,19,78
H?BDFB{,79,14,61
H?BDFB|,57,6,45
H?BDFB},51,6,51
H?BDFB~,34,7,24
H?BDFG},41,12,79
H?BDFG~,48,18,78
H?BDFH],42,10,69
H?BDFH^,48,15,69
H?BDFHw,46,4,60
H?BDFHx,60,7,65
H?BDFHy,39,8,52
H?BDFHz,42,10,56
H?BDFH{,46,8,67
H?BDFH|,59,10,75
H?BDFH},38,11,59
H?BDFH~,42,13,62
H?BDFI],42,7,61
H?BDFI^,49,11,60
H?BDFIy,36,6,46
H?BDFIz,43,8,45
H?BDFI{,47,7,56
H?BDFI|,66,8,58
H?BDFI},39,8,49
H?BDFI~,45,10,49
H?BDFJY,37,7,44
H?BDFJZ,41,8,47
H?BDFJ[,49,7,54
H?BDFJ\,73,8,51
H?BDFJ],37,9,50
H?BDFJ^,43,10,51
H?BDFJw,43,6,39
H?BDFJx,54,7,47
H?BDFJy,36,7,29
H?BDFJz,39,9,30
H?BDFJ{,45,8,43
H?BDFJ|,62,9,46
H?BDFJ},36,9,33
H?BDFJ~,32,11,27
H?BDFL{,36,12,60
H?BDFL|,39,18,60
H?BDFL},35,15,67
H?BDFL~,39,21,66
H?BDFN],37,11,56
H?BDFN^,43,15,54
H?BDFN{,30,10,25
H?BDFN|,31,13,26
H?BDFN},31,12,27
H?BDFN~,32,15,28
H?BDF`],58,11,87
H?BDF`^,50,17,76
H?BDF`k,56,8,96
H?BDF`l,73,10,60
H?BDF`m,62,11,59
H?BDF`n,41,15,64
H?BDF`w,31,14,175
H?BDF`x,55,8,177
H?BDF`{,55,8,129
H?BDF`|,66,12,78
H?BDF`},55,12,76
H?BDF`~,48,15,63
H?BDFa],64,10,70
H?BDFa^,48,13,69
H?BDFa{,50,7,123
H?BDFa|,68,10,65
H?BDFbM,59,9,64
H?BDFbN,43,12,65
H?BDFb[,53,7,120
H?BDFb\,78,10,55
H?BDFb],58,11,61
H?BDFb^,47,12,53
H?BDFbh,55,7,147
H?BDFbk,45,7,102
H?BDFbl,76,9,47
H?BDFbm,63,11,46
H?BDFbn,45,12,47
H?BDFbw,35,28,153
H?BDFbx,61,22,151
H?BDFb{,54,13,102
H?BDFb|,66,11,49
H?BDFb},57,12,43
H?BDFb~,39,13,23
H?BDFhm,43,13,64
H?BDFhn,44,19,67
H?BDFhy,48,12,57
H?BDFhz,48,17,61
H?BDFh{,48,13,82
H?BDFh|,71,17,80
H?BDFh},46,15,65
H?BDFh~,48,20,67
H?BDFi},45,12,55
H?BDFi~,49,16,55
H?BDFj],45,12,55
H?BDFj^,48,16,56
H?BDFji,42,8,58
H?BDFjj,45,13,59
H?BDFjk,38,10,60
H?BDFjl,82,12,49
H?BDFjm,42,11,51
H?BDFjn,48,15,49
H?BDFjy,46,11,27
H?BDFjz,47,14,29
H?BDFj{,45,12,55
H?BDFj|,74,13,48
H?BDFj},45,13,32
H?BDFj~,40,16,24
H?BDFl},46,19,70
H?BDFl~,50,25,69
H?BDFnm,44,14,54
H?BDFnn,55,19,46
H?BDFn},41,16,23
H?BDFn~,42,19,24
H?BDFpu,54,13,63
H?BDFpv,46,18,62
H?BDFp{,56,13,127
H?BDFp|,59,16,105
H?BDFp},51,15,84
H?BDFp~,50,20,74
H?BDFr],52,13,70
H?BDFr^,51,17,60
H?BDFre,48,10,74
H?BDFrf,45,16,69
H?BDFrs,48,11,84
H?BDFrt,70,12,58
H?BDFru,56,12,44
H?BDFrv,50,15,40
H?BDFrw,44,26,112
H?BDFrx,64,43,163
H?BDFr{,57,17,91
H?BDFr|,57,14,73
H?BDFr},54,14,44
H?BDFr~,47,17,21
H?BDFx},49,19,76
H?BDFx~,52,24,77
H?BDFzu,48,14,43
H?BDFzv,52,18,42
H?BDFzy,54,14,28
H?BDFzz,53,17,32
H?BDFz{,53,14,61
H?BDFz|,64,16,73
H?BDFz},51,16,35
H?BDFz~,49,19,22
H?BDF~},50,18,22
H?BDF~~,51,21,23
H?BDG{^,103,89,252
H?BDG{|,83,48,194
H?BDG|V,73,27,128
H?BDG|],66,32,149
H?BDG|^,71,38,157
H?BDG|f,69,24,75
H?BDG|t,62,25,82
H?BDG|u,62,24,83
H?BDG|v,62,31,89
H?BDG|x,57,20,105
H?BDG|{,59,20,103
H?BDG||,60,26,109
H?BDG|},61,25,109
H?BDG|~,64,32,112
H?BDG}\,89,21,178
H?BDG}],88,21,179
H?BDG}^,97,31,184
H?BDG}t,74,19,75
H?BDG}{,66,14,102
H?BDG}|,70,21,105
H?BDG~T,63,14,79
H?BDG~U,69,13,74
H?BDG~V,69,18,82
H?BDG~X,53,12,78
H?BDG~[,58,12,73
H?BDG~\,57,16,81
H?BDG~],63,15,76
H?BDG~^,65,20,80
H?BDG~d,44,11,41
H?BDG~e,42,10,44
H?BDG~f,48,15,41
H?BDG~p,33,11,21
H?BDG~s,42,11,25
H?BDG~t,43,13,28
H?BDG~u,41,13,30
H?BDG~v,44,15,31
H?BDG~w,37,10,23
H?BDG~x,37,12,26
H?BDG~{,38,12,25
H?BDG~|,40,14,26
H?BDG~},41,14,25
H?BDG~~,45,16,24
H?BDHwz,75,42,208
H?BDHw|,86,50,189
H?BDHw},74,48,203
H?BDHw~,81,60,209
H?BDHxZ,61,29,148
H?BDHx],59,27,152
H?BDHx^,61,36,158
H?BDHxr,56,22,91
H?BDHxv,57,28,97
H?BDHxx,58,20,104
H?BDHxy,48,18,116
H?BDHxz,55,24,116
H?BDHx{,54,20,108
H?BDHx|,59,26,110
H?BDHx},50,24,121
H?BDHx~,56,30,122
H?BDHy\,67,22,145
H?BDHy],83,20,157
H?BDHy^,82,32,166
H?BDHyf,84,20,116
H?BDHyt,68,16,96
H?BDHyu,80,16,96
H?BDHyv,76,22,110
H?BDHyy,66,12,117
H?BDHyz,66,19,111
H?BDHy{,61,16,105
H?BDHy|,67,22,121
H?BDHy},70,20,120
H?BDHy~,69,26,115
H?BDHzU,49,12,56
H?BDHzV,51,17,58
H?BDHzY,46,12,54
H?BDHzZ,49,16,55
H?BDHz[,48,12,52
H?BDHz\,50,15,55
H?BDHz],49,14,57
H?BDHz^,54,18,56
H?BDHzb,44,10,42
H?BDHzd,45,10,41
H?BDHzf,46,15,43
H?BDHzp,42,11,25
H?BDHzq,41,11,26
H?BDHzr,41,14,29
H?BDHzs,43,11,24
H?BDHzt,45,13,26
H?BDHzu,43,13,28
H?BDHzv,44,16,30
H?BDHzw,35,11,24
H?BDHzx,47,13,30
H?BDHzy,41,13,36
H?BDHzz,40,16,24
H?BDHz{,38,13,24
H?BDHz|,47,15,34
H?BDHz},47,15,34
H?BDHz~,44,18,23
H?BDIk},70,35,142
H?BDIk~,71,44,151
H?BDIl],66,30,132
H?BDIlj,66,23,91
H?BDIlm,63,22,95
H?BDIln,69,28,98
H?BDIl},59,23,100
H?BDImN,73,12,91
H?BDIm],65,12,79
H?BDImj,49,11,60
H?BDImn,52,13,65
H?BDImy,43,9,52
H?BDImz,45,11,56
H?BDIm{,46,9,49
H?BDIm},47,11,54
H?BDIm~,52,13,55
H?BDInJ,57,13,95
H?BDInM,64,11,90
H?BDInN,69,15,96
H?BDInY,56,10,66
H?BDIn],59,13,71
H?BDInj,44,11,36
H?BDInk,41,9,34
H?BDInm,40,11,40
H?BDInn,46,13,39
H?BDInw,32,8,25
H?BDIny,34,10,26
H?BDInz,36,12,27
H?BDIn{,34,10,26
H?BDIn},37,12,26
H?BDIn~,40,14,26
H?BDIoV,59,15,176
H?BDIoZ,69,28,178
H?BDIo\,64,28,183
H?BDIo],58,26,191
H?BDIo^,57,38,205
H?BDIof,55,13,132
H?BDIor,62,18,129
H?BDIot,58,19,132
H?BDIou,56,18,135
H?BDIov,57,25,146
H?BDIox,48,21,159
H?BDIoy,53,17,158
H?BDIoz,48,28,171
H?BDIo{,45,18,153
H?BDIo|,59,29,159
H?BDIo},54,24,169
H?BDIo~,50,35,181
H?BDIpF,56,9,115
H?BDIpR,57,13,120
H?BDIpT,62,12,116
H?BDIpU,61,13,116
H?BDIpV,60,17,132
H?BDIpX,37,12,131
H?BDIpY,64,13,132
H?BDIpZ,67,21,140
H?BDIp[,43,12,143
H?BDIp\,53,16,159
H?BDIp],58,17,153
H?BDIp^,57,28,162
H?BDIpb,52,11,77
H?BDIpd,53,11,76
H?BDIpe,48,9,69
H?BDIpf,51,15,88
H?BDIpp,56,14,73
H?BDIpr,55,18,83
H?BDIps,43,12,77
H?BDIpt,58,18,80
H?BDIpu,53,16,87
H?BDIpv,52,22,95
H?BDIpw,42,10,92
H?BDIpx,55,16,98
H?BDIpy,52,14,103
H?BDIpz,54,21,107
H?BDIp{,42,14,100
H?BDIp|,56,21,105
H?BDIp},50,18,114
H?BDIp~,52,24,119
H?BDIqF,62,5,86
H?BDIqR,50,5,75
H?BDIqT,57,6,77
H?BDIqU,60,5,75
H?BDIqV,58,8,88
H?BDIqY,60,9,74
H?BDIqZ,57,10,89
H?BDIq[,42,8,82
H?BDIq\,58,14,84
H?BDIq],59,10,87
H?BDIq^,55,16,98
H?BDIqb,42,6,62
H?BDIqd,38,5,47
H?BDIqf,45,8,68
H?BDIqq,56,7,47
H?BDIqr,45,10,53
H?BDIqs,28,7,42
H?BDIqt,40,9,47
H?BDIqu,54,9,57
H?BDIqv,44,14,59
H?BDIqw,27,8,49
H?BDIqx,42,11,51
H?BDIqy,57,10,50
H?BDIqz,43,13,56
H?BDIq{,30,10,51
H?BDIq|,43,13,56
H?BDIq},55,12,59
H?BDIq~,46,16,58
H?BDIrB,34,4,52
H?BDIrD,59,6,88
H?BDIrE,54,2,80
H?BDIrF,62,9,99
H?BDIrQ,52,7,51
H?BDIrR,50,8,74
H?BDIrS,44,7,69
H?BDIrT,62,11,70
H?BDIrU,62,9,72
H?BDIrV,54,13,89
H?BDIrW,40,8,62
H?BDIrX,54,9,81
H?BDIrY,52,10,70
H?BDIrZ,54,13,89
H?BDIr[,43,9,68
H?BDIr\,57,14,72
H?BDIr],54,11,78
H?BDIr^,55,16,83
H?BDIr`,34,4,22
H?BDIrb,37,7,44
H?BDIrc,23,4,36
H?BDIrd,37,7,44
H?BDIre,43,6,41
H?BDIrf,40,11,45
H?BDIro,17,7,20
H?BDIrp,40,9,23
H?BDIrq,53,9,22
H?BDIrr,41,11,26
H?BDIrs,28,9,23
H?BDIrt,39,11,28
H?BDIru,56,11,24
H?BDIrv,42,14,28
H?BDIrw,18,9,25
H?BDIrx,45,11,28
H?BDIry,48,11,39
H?BDIrz,43,13,34
H?BDIr{,18,11,27
H?BDIr|,43,13,34
H?BDIr},51,13,41
H?BDIr~,39,16,25
H?BDI{~,62,58,184
H?BDI|^,69,47,169
H?BDI|v,60,35,100
H?BDI|z,56,30,122
H?BDI||,59,30,119
H?BDI|},55,30,123
H?BDI|~,60,36,125
H?BDI}},52,16,60
H?BDI}~,54,20,62
H?BDI~],59,20,86
H?BDI~^,61,24,91
H?BDI~f,47,18,47
H?BDI~r,44,16,30
H?BDI~t,43,16,31
H?BDI~u,42,15,33
H?BDI~v,46,18,32
H?BDI~w,37,13,25
H?BDI~x,38,16,26
H?BDI~y,40,15,25
H?BDI~z,40,18,27
H?BDI~{,38,15,27
H?BDI~|,41,18,26
H?BDI~},43,17,25
H?BDI~~,45,20,25
H?BDJL],65,23,116
H?BDJL},55,21,93
H?BDJM^,50,12,68
H?BDJN],41,9,54
H?BDJN^,47,11,54
H?BDJNw,27,6,27
H?BDJN{,29,8,28
H?BDJN},31,10,29
H?BDJN~,33,12,30
H?BDJ_N,61,29,160
H?BDJ_\,74,30,149
H?BDJ_],84,30,150
H?BDJ_^,72,41,163
H?BDJ_l,62,21,127
H?BDJ_|,69,28,131
H?BDJ`L,68,15,107
H?BDJ`M,74,14,112
H?BDJ`N,71,21,117
H?BDJ`[,49,12,115
H?BDJ`\,63,20,121
H?BDJ`],75,17,124
H?BDJ`^,68,26,127
H?BDJ`h,68,14,68
H?BDJ`l,67,18,80
H?BDJ`m,75,15,86
H?BDJ`n,69,21,90
H?BDJ`w,60,9,74
H?BDJ`x,60,15,81
H?BDJ`{,58,13,85
H?BDJ`|,62,19,88
H?BDJ`},64,17,101
H?BDJ`~,63,23,96
H?BDJaL,47,8,55
H?BDJaN,49,10,62
H?BDJa[,39,8,52
H?BDJa\,56,12,52
H?BDJa],72,11,61
H?BDJa^,55,16,59
H?BDJal,41,9,49
H?BDJa{,48,9,39
H?BDJa|,49,12,43
H?BDJbK,34,6,50
H?BDJbL,47,11,52
H?BDJbM,66,8,58
H?BDJbN,50,14,56
H?BDJbW,36,7,34
H?BDJbX,47,10,39
H?BDJb[,34,9,41
H?BDJb\,46,12,46
H?BDJb],62,11,57
H?BDJb^,50,15,47
H?BDJbg,31,6,23
H?BDJbh,43,8,26
H?BDJbk,44,8,25
H?BDJbl,43,11,30
H?BDJbm,68,10,30
H?BDJbn,48,13,30
H?BDJbw,36,8,16
H?BDJbx,45,10,23
H?BDJb{,35,10,20
H?BDJb|,43,12,29
H?BDJb},55,12,45
H?BDJb~,37,15,23
H?BDJg|,66,37,144
H?BDJg~,65,44,157
H?BDJh],62,23,136
H?BDJh^,68,32,138
H?BDJhj,67,21,92
H?BDJhl,66,23,91
H?BDJhn,65,27,103
H?BDJhy,55,17,97
H?BDJhz,58,23,101
H?BDJh|,62,26,94
H?BDJh},56,23,103
H?BDJh~,62,29,104
H?BDJi\,55,14,61
H?BDJi],50,12,68
H?BDJi^,53,18,69
H?BDJil,40,11,57
H?BDJin,49,16,65
H?BDJiy,44,11,49
H?BDJiz,44,15,53
H?BDJi|,49,14,49
H?BDJi},47,13,52
H?BDJi~,49,17,54
H?BDJjL,48,12,60
H?BDJjM,46,10,64
H?BDJjN,48,16,66
H?BDJjY,45,11,48
H?BDJjZ,46,15,51
H?BDJj[,45,11,48
H?BDJj\,46,15,51
H?BDJj],47,13,52
H?BDJj^,51,17,52
H?BDJji,43,10,31
H?BDJjj,43,13,35
H?BDJjl,42,12,37
H?BDJjm,43,12,36
H?BDJjn,46,15,37
H?BDJjw,33,10,22
H?BDJjx,43,12,29
H?BDJjy,40,12,32
H?BDJjz,35,15,25
H?BDJj{,35,12,23
H?BDJj|,43,15,32
H?BDJj},43,14,33
H?BDJj~,38,17,25
H?BDJln,64,34,112
H?BDJl},57,29,109
H?BDJl~,62,35,111
H?BDJn],47,15,58
H?BDJn^,50,19,59
H?BDJnm,41,14,43
H?BDJnn,45,17,43
H?BDJn{,35,14,26
H?BDJn|,35,17,28
H?BDJn},38,16,26
H?BDJn~,37,19,29
H?BDJo],62,37,200
H?BDJo{,57,20,170
H?BDJpU,59,13,132
H?BDJp],60,20,158
H?BDJp^,59,30,166
H?BDJpe,54,11,89
H?BDJpf,55,16,97
H?BDJps,59,13,84
H?BDJpt,60,19,90
H?BDJpu,58,17,94
H?BDJpv,55,23,104
H?BDJpw,56,11,102
H?BDJpx,60,17,105
H?BDJp{,57,15,110
H?BDJp|,61,21,113
H?BDJp},56,19,120
H?BDJp~,57,25,126
H?BDJqU,60,6,66
H?BDJq[,36,10,71
H?BDJq],64,12,78
H?BDJq^,49,18,83
H?BDJqs,43,8,45
H?BDJq{,48,11,53
H?BDJq|,50,14,56
H?BDJrE,51,6,75
H?BDJrS,35,8,53
H?BDJrU,58,10,62
H?BDJrV,48,15,63
H?BDJr[,36,11,51
H?BDJr\,48,14,58
H?BDJr],57,13,65
H?BDJr^,51,18,59
H?BDJrc,38,7,43
H?BDJre,48,8,52
H?BDJrf,42,13,49
H?BDJrs,45,10,23
H?BDJrt,45,12,27
H?BDJru,57,12,29
H?BDJrv,47,15,28
H?BDJrw,37,10,23
H?BDJrx,49,12,29
H?BDJr{,38,12,25
H?BDJr|,48,14,34
H?BDJr},55,14,43
H?BDJr~,44,17,24
H?BDJxv,57,29,109
H?BDJxy,52,19,124
H?BDJxz,59,26,123
H?BDJx|,62,27,119
H?BDJx},53,25,130
H?BDJx~,59,32,130
H?BDJy},52,15,61
H?BDJy~,52,20,64
H?BDJz],51,15,62
H?BDJz^,54,20,62
H?BDJzu,45,14,31
H?BDJzv,47,17,32
H?BDJzy,45,14,37
H?BDJzz,42,17,26
H?BDJz{,41,14,25
H?BDJz|,48,17,37
H?BDJz},50,17,35
H?BDJz~,46,19,25
H?BDJ|},55,31,135
H?BDJ|~,60,37,137
H?BDJ~},46,18,26
H?BDJ~~,48,21,26
H?BDKl],61,18,89
H?BDKln,49,18,63
H?BDKl{,46,12,59
H?BDKl},48,15,63
H?BDKl~,51,18,66
H?BDKmN,150,6,134
H?BDKm],115,17,132
H?BDKm{,74,11,83
H?BDKnM,67,11,87
H?BDKnN,77,13,90
H?BDKn],61,12,70
H?BDKnk,40,8,36
H?BDKnm,41,10,40
H?BDKnn,49,12,37
H?BDKnw,33,7,25
H?BDKn{,35,9,26
H?BDKn},38,11,26
H?BDKn~,42,13,25
H?BDKoV,85,9,158
H?BDKo\,89,18,163
H?BDKo],70,14,196
H?BDKo^,82,26,200
H?BDKot,70,13,97
H?BDKo{,47,14,104
H?BDKo|,72,19,125
H?BDKpF,56,9,97
H?BDKpT,69,9,72
H?BDKpV,62,13,90
H?BDKpX,49,10,84
H?BDKp[,46,10,87
H?BDKp\,59,17,92
H?BDKp],59,14,95
H?BDKp^,62,22,98
H?BDKpd,43,8,49
H?BDKpf,43,11,56
H?BDKpp,48,11,40
H?BDKps,34,10,44
H?BDKpt,45,14,49
H?BDKpu,55,13,52
H?BDKpv,43,18,56
H?BDKpw,34,9,53
H?BDKpx,50,13,54
H?BDKp{,35,12,57
H?BDKp|,49,16,61
H?BDKp},55,15,70
H?BDKp~,48,20,67
H?BDKqF,60,9,99
H?BDKqU,107,5,104
H?BDKqV,108,9,123
H?BDKq[,79,9,142
H?BDKq\,95,12,146
H?BDKq],97,9,158
H?BDKq^,111,14,163
H?BDKqs,49,8,63
H?BDKqt,75,9,81
H?BDKq{,42,12,78
H?BDKq|,76,14,105
H?BDKrF,67,10,93
H?BDKrP,56,6,58
H?BDKrT,64,12,67
H?BDKrU,65,10,68
H?BDKrV,67,13,76
H?BDKrX,60,9,75
H?BDKr[,58,9,65
H?BDKr\,63,14,66
H?BDKr],63,11,69
H?BDKr^,66,16,72
H?BDKr`,36,4,20
H?BDKrd,41,8,39
H?BDKre,45,8,37
H?BDKrf,44,13,39
H?BDKrp,42,9,21
H?BDKrs,41,9,22
H?BDKrt,42,11,25
H?BDKru,56,11,24
H?BDKrv,45,14,25
H?BDKrw,33,9,23
H?BDKrx,48,11,25
H?BDKr{,35,11,24
H?BDKr|,47,13,30
H?BDKr},53,13,39
H?BDKr~,44,16,20
H?BDKwz,67,28,139
H?BDKw},69,27,138
H?BDKw~,72,37,143
H?BDKxZ,62,22,98
H?BDKx],58,21,103
H?BDKx^,61,28,107
H?BDKxr,47,18,52
H?BDKxu,43,16,58
H?BDKxv,45,21,60
H?BDKxx,49,16,61
H?BDKxy,51,15,60
H?BDKxz,49,20,66
H?BDKx{,49,15,62
H?BDKx|,50,19,66
H?BDKx},50,18,67
H?BDKx~,49,23,72
H?BDKyZ,105,17,166
H?BDKy\,91,22,163
H?BDKy],102,19,167
H?BDKy^,113,25,174
H?BDKyf,91,16,113
H?BDKyr,84,16,92
H?BDKyt,79,14,87
H?BDKyu,85,16,91
H?BDKyv,87,20,101
H?BDKyx,74,13,108
H?BDKyy,77,12,106
H?BDKyz,76,19,101
H?BDKy{,45,17,81
H?BDKy|,77,20,113
H?BDKy},82,19,109
H?BDKy~,83,25,102
H?BDKzR,56,12,64
H?BDKzU,62,14,80
H?BDKzV,68,17,84
H?BDKzX,57,14,72
H?BDKzY,55,11,77
H?BDKzZ,59,16,79
H?BDKz[,56,14,73
H?BDKz\,61,18,75
H?BDKz],64,16,74
H?BDKz^,65,20,80
H?BDKzb,43,11,42
H?BDKzd,45,9,42
H?BDKze,39,10,47
H?BDKzf,45,15,44
H?BDKzp,42,11,25
H?BDKzq,42,11,25
H?BDKzr,43,14,27
H?BDKzs,42,11,25
H?BDKzt,43,13,28
H?BDKzu,42,13,29
H?BDKzv,45,16,29
H?BDKzw,36,11,23
H?BDKzx,47,13,30
H?BDKzy,46,13,31
H?BDKzz,40,16,24
H?BDKz{,38,13,24
H?BDKz|,47,15,34
H?BDKz},47,15,34
H?BDKz~,45,18,22
H?BDK|^,62,33,115
H?BDK|v,47,24,64
H?BDK||,50,23,71
H?BDK|},52,21,71
H?BDK|~,51,26,76
H?BDK}^,117,32,187
H?BDK}|,79,25,106
H?BDK~V,74,21,87
H?BDK~\,61,20,84
H?BDK~],65,20,80
H?BDK~^,69,24,83
H?BDK~f,48,17,47
H?BDK~t,44,16,30
H?BDK~u,42,15,33
H?BDK~v,47,18,31
H?BDK~w,39,13,23
H?BDK~x,38,16,26
H?BDK~{,40,15,25
H?BDK~|,41,18,26
H?BDK~},43,17,25
H?BDK~~,46,20,24
H?BDLgz,68,23,125
H?BDLg~,71,33,130
H?BDLhZ,52,18,73
H?BDLh^,53,21,80
H?BDLhj,44,16,60
H?BDLhm,41,15,64
H?BDLhn,44,19,67
H?BDLhx,43,13,61
H?BDLhy,43,13,61
H?BDLhz,44,16,66
H?BDLh|,44,16,66
H?BDLh},44,16,66
H?BDLh~,46,19,70
H?BDLi^,94,20,146
H?BDLij,87,14,108
H?BDLil,74,14,99
H?BDLim,84,14,111
H?BDLin,89,18,121
H?BDLiy,76,10,94
H?BDLiz,77,16,89
H?BDLi|,77,17,101
H?BDLi},80,16,99
H?BDLi~,84,22,90
H?BDLjJ,43,13,64
H?BDLjM,42,10,68
H?BDLjN,48,14,68
H?BDLjY,43,10,51
H?BDLjZ,46,12,54
H?BDLj\,43,12,57
H?BDLj],44,12,56
H?BDLj^,50,14,56
H?BDLjh,39,10,35
H?BDLji,40,10,34
H?BDLjj,42,12,37
H?BDLjk,40,10,34
H?BDLjl,42,12,37
H?BDLjm,41,12,38
H?BDLjn,47,14,37
H?BDLjw,33,9,23
H?BDLjx,43,11,30
H?BDLjy,39,11,34
H?BDLjz,37,13,25
H?BDLj{,34,11,25
H?BDLj|,43,13,34
H?BDLj},42,13,35
H?BDLj~,40,15,25
H?BDLw~,64,41,165
H?BDLx^,52,29,95
H?BDLxv,45,22,68
H?BDLxy,49,16,70
H?BDLxz,50,21,73
H?BDLx|,51,20,73
H?BDLx},50,19,75
H?BDLx~,50,24,79
H?BDLyv,84,24,116
H?BDLyy,73,13,124
H?BDLyz,75,20,115
H?BDLy|,70,22,133
H?BDLy},77,22,126
H?BDLy~,78,27,119
H?BDLzV,51,18,66
H?BDLzY,48,13,59
H?BDLzZ,49,17,62
H?BDLz\,48,16,64
H?BDLz],50,15,63
H?BDLz^,53,19,64
H?BDLzf,45,17,50
H?BDLzq,42,12,30
H?BDLzr,43,15,32
H?BDLzt,46,14,30
H?BDLzu,44,14,32
H?BDLzv,47,17,32
H?BDLzw,38,12,25
H?BDLzx,49,14,33
H?BDLzy,45,14,37
H?BDLzz,43,17,25
H?BDLz{,41,14,25
H?BDLz|,49,16,37
H?BDLz},50,16,36
H?BDLz~,47,19,24
H?BDMK^,66,29,92
H?BDMK|,50,19,75
H?BDMK~,52,24,80
H?BDML^,64,19,85
H?BDML{,42,9,57
H?BDML|,43,12,62
H?BDML},44,12,61
H?BDML~,47,15,64
H?BDMM\,57,10,76
H?BDMM^,66,12,78
H?BDMM|,43,8,53
H?BDMM},41,8,55
H?BDMM~,48,10,54
H?BDMNY,35,7,57
H?BDMN\,55,11,66
H?BDMN],55,10,67
H?BDMN^,64,13,66
H?BDMNw,28,5,27
H?BDMNy,30,7,28
H?BDMN{,30,7,28
H?BDMN|,33,9,28
H?BDMN},32,9,29
H?BDMN~,35,11,29
H?BDM_N,55,17,108
H?BDM_Z,56,16,98
H?BDM_\,57,19,94
H?BDM_^,58,25,104
H?BDM_j,46,13,71
H?BDM_l,46,15,69
H?BDM_n,45,20,78
H?BDM_x,44,11,77
H?BDM_z,43,15,86
H?BDM_{,37,12,72
H?BDM_|,54,17,73
H?BDM_},59,15,94
H?BDM_~,53,22,81
H?BDM`J,54,10,89
H?BDM`L,61,10,82
H?BDM`N,60,14,96
H?BDM`X,44,8,78
H?BDM`Z,56,13,85
H?BDM`[,41,9,80
H?BDM`\,57,12,85
H?BDM`],64,12,89
H?BDM`^,59,17,92
H?BDM`h,48,9,43
H?BDM`j,44,12,54
H?BDM`k,31,9,50
H?BDM`l,45,12,53
H?BDM`m,62,12,58
H?BDM`n,44,16,60
H?BDM`w,32,7,49
H?BDM`x,45,10,53
H?BDM`y,51,10,71
H?BDM`z,45,13,59
H?BDM`{,31,10,55
H?BDM`|,44,13,60
H?BDM`},53,13,77
H?BDM`~,46,16,64
H?BDMaN,64,8,88
H?BDMaZ,59,8,76
H?BDMa\,57,9,77
H?BDMa],75,8,71
H?BDMa^,63,11,82
H?BDMah,42,7,41
H?BDMaj,46,8,56
H?BDMal,40,9,50
H?BDMam,61,8,63
H?BDMan,49,12,59
H?BDMaw,41,6,41
H?BDMax,42,8,46
H?BDMay,57,8,55
H?BDMaz,43,10,51
H?BDMa{,44,8,44
H?BDMa|,45,10,49
H?BDMa},59,10,61
H?BDMa~,48,12,52
H?BDMbH,59,6,70
H?BDMbJ,60,8,82
H?BDMbL,60,9,81
H?BDMbM,73,9,78
H?BDMbN,65,10,90
H?BDMbW,51,6,53
H?BDMbX,56,7,69
H?BDMbY,64,8,60
H?BDMbZ,58,11,75
H?BDMb[,54,8,59
H?BDMb\,59,10,63
H?BDMb],70,9,65
H?BDMb^,63,12,68
H?BDMbg,29,6,25
H?BDMbh,42,8,27
H?BDMbi,58,8,33
H?BDMbj,43,10,31
H?BDMbk,40,8,29
H?BDMbl,42,10,32
H?BDMbm,64,10,34
H?BDMbn,47,12,32
H?BDMbw,33,7,20
H?BDMbx,44,9,25
H?BDMby,50,9,45
H?BDMbz,43,11,30
H?BDMb{,32,9,24
H?BDMb|,43,11,30
H?BDMb},52,11,49
H?BDMb~,39,13,23
H?BDMgz,42,23,91
H?BDMg|,55,23,78
H?BDMg},48,21,87
H?BDMg~,51,29,88
H?BDMhZ,59,20,89
H?BDMh],57,17,94
H?BDMh^,60,24,98
H?BDMhj,45,17,58
H?BDMhm,43,14,63
H?BDMhn,45,20,65
H?BDMhx,43,14,60
H?BDMhy,43,13,61
H?BDMhz,43,18,65
H?BDMh{,47,13,57
H?BDMh|,46,18,62
H?BDMh},46,16,64
H?BDMh~,47,21,67
H?BDMi\,61,16,79
H?BDMi],64,12,80
H?BDMi^,63,18,88
H?BDMij,46,13,61
H?BDMil,42,10,56
H?BDMin,50,15,65
H?BDMiy,42,10,52
H?BDMiz,43,14,55
H?BDMi{,47,10,47
H?BDMi|,48,13,51
H?BDMi},46,12,54
H?BDMi~,49,16,55
H?BDMjL,64,17,84
H?BDMjM,62,11,92
H?BDMjN,68,18,94
H?BDMjY,54,10,68
H?BDMjZ,57,15,71
H?BDMj[,56,11,65
H?BDMj\,59,17,67
H?BDMj],60,13,70
H?BDMj^,63,18,73
H?BDMjh,39,9,36
H?BDMji,40,9,35
H?BDMjj,42,12,37
H?BDMjk,39,9,36
H?BDMjl,42,11,38
H?BDMjm,41,11,39
H?BDMjn,46,14,38
H?BDMjw,33,9,23
H?BDMjx,42,11,31
H?BDMjy,41,11,32
H?BDMjz,35,14,26
H?BDMj{,35,11,24
H?BDMj|,44,14,32
H?BDMj},43,13,34
H?BDMj~,39,16,25
H?BDMk~,52,33,95
H?BDMl^,61,30,105
H?BDMln,48,23,69
H?BDMlz,46,21,68
H?BDMl|,47,21,67
H?BDMl},48,19,68
H?BDMl~,49,24,71
H?BDMmn,52,17,71
H?BDMm},46,14,60
H?BDMm~,51,18,59
H?BDMnN,74,21,100
H?BDMn],60,18,76
H?BDMn^,65,22,78
H?BDMnj,45,14,39
H?BDMnl,43,14,41
H?BDMnm,41,13,44
H?BDMnn,48,16,41
H?BDMnw,34,11,25
H?BDMnx,35,14,26
H?BDMny,36,13,26
H?BDMnz,36,16,28
H?BDMn{,36,13,26
H?BDMn|,38,16,26
H?BDMn},39,15,26
H?BDMn~,40,18,27
H?BDMo],52,23,129
H?BDMov,46,19,91
H?BDMoz,40,20,108
H?BDMo{,33,17,93
H?BDMo|,51,22,95
H?BDMo},54,19,109
H?BDMo~,46,28,106
H?BDMpU,59,10,96
H?BDMpV,62,14,104
H?BDMpY,54,12,102
H?BDMpZ,57,17,108
H?BDMp\,52,18,112
H?BDMp],47,15,120
H?BDMp^,52,23,121
H?BDMpf,43,12,65
H?BDMpq,54,12,54
H?BDMpr,44,15,58
H?BDMps,30,11,55
H?BDMpt,43,15,59
H?BDMpu,53,14,63
H?BDMpv,41,19,66
H?BDMpw,31,10,63
H?BDMpx,47,14,65
H?BDMpy,50,13,77
H?BDMpz,45,17,73
H?BDMp{,32,13,67
H?BDMp|,46,17,72
H?BDMp},49,16,85
H?BDMp~,44,21,79
H?BDMq],58,11,100
H?BDMq^,60,17,105
H?BDMqf,46,12,74
H?BDMqr,46,11,60
H?BDMqt,41,10,53
H?BDMqu,55,10,65
H?BDMqv,46,15,65
H?BDMqx,42,12,58
H?BDMqy,54,11,61
H?BDMqz,43,14,63
H?BDMq{,45,11,56
H?BDMq|,45,14,61
H?BDMq},55,13,67
H?BDMq~,47,17,64
H?BDMrF,72,14,101
H?BDMrR,58,9,77
H?BDMrT,65,13,78
H?BDMrU,62,11,83
H?BDMrV,62,14,93
H?BDMrX,54,10,92
H?BDMrY,53,12,78
H?BDMrZ,59,13,96
H?BDMr[,56,10,77
H?BDMr\,58,15,81
H?BDMr],58,12,84
H?BDMr^,61,17,87
H?BDMrb,39,9,48
H?BDMrd,38,9,49
H?BDMre,47,10,51
H?BDMrf,41,14,49
H?BDMrp,42,10,26
H?BDMrq,54,10,27
H?BDMrr,43,12,29
H?BDMrs,42,10,26
H?BDMrt,41,12,31
H?BDMru,57,12,29
H?BDMrv,45,15,30
H?BDMrw,34,10,26
H?BDMrx,46,12,32
H?BDMry,48,12,45
H?BDMrz,45,14,37
H?BDMr{,36,12,27
H?BDMr|,45,14,37
H?BDMr},54,14,44
H?BDMr~,42,17,26
H?BDMw~,51,32,109
H?BDMx^,59,28,123
H?BDMxv,44,22,69
H?BDMxy,48,16,71
H?BDMxz,47,22,75
H?BDMx|,50,20,74
H?BDMx},48,19,77
H?BDMx~,48,25,80
H?BDMyv,49,17,69
H?BDMyy,48,13,59
H?BDMyz,45,18,65
H?BDMy},49,15,64
H?BDMy~,49,20,67
H?BDMzV,68,18,96
H?BDMz\,62,19,84
H?BDMz],64,17,84
H?BDMz^,65,22,89
H?BDMzf,43,16,53
H?BDMzq,43,12,29
H?BDMzr,43,15,32
H?BDMzt,42,15,33
H?BDMzu,43,14,33
H?BDMzv,46,17,33
H?BDMzw,38,12,25
H?BDMzx,47,14,35
H?BDMzy,48,14,34
H?BDMzz,40,17,28
H?BDMz{,39,14,27
H?BDMz|,46,17,39
H?BDMz},49,16,37
H?BDMz~,44,19,27
H?BDM|},53,22,78
H?BDM|~,55,28,79
H?BDM}},51,17,68
H?BDM}~,56,22,66
H?BDM~],68,21,87
H?BDM~^,69,25,93
H?BDM~u,43,16,37
H?BDM~v,50,19,33
H?BDM~y,43,16,26
H?BDM~z,43,19,28
H?BDM~{,41,16,28
H?BDM~|,43,19,28
H?BDM~},46,18,26
H?BDM~~,47,21,27
H?BDN?\,43,13,84
H?BDN?^,45,20,89
H?BDN?{,42,6,72
H?BDN?|,43,11,78
H?BDN@\,39,8,74
H?BDN@],55,9,90
H?BDN@^,47,13,72
H?BDN@w,38,3,49
H?BDN@x,42,6,51
H?BDN@{,37,6,56
H?BDN@|,39,9,60
H?BDN@},47,11,86
H?BDN@~,40,12,65
H?BDNA\,44,6,60
H?BDNA],65,6,72
H?BDNA^,48,9,63
H?BDNA{,39,5,44
H?BDNA|,40,7,49
H?BDNBX,39,5,44
H?BDNB[,37,5,46
H?BDNB\,39,7,50
H?BDNB],59,8,65
H?BDNB^,44,9,51
H?BDNBw,30,4,21
H?BDNBx,40,6,26
H?BDNB{,30,6,24
H?BDNB|,38,8,32
H?BDNB},51,8,58
H?BDNB~,31,10,29
H?BDNG},40,19,85
H?BDNG~,46,25,85
H?BDNH^,47,19,77
H?BDNHx,38,11,59
H?BDNHy,36,11,61
H?BDNHz,38,14,65
H?BDNH|,40,14,63
H?BDNH},38,14,65
H?BDNH~,42,17,67
H?BDNI],40,9,71
H?BDNI^,47,13,70
H?BDNIy,36,9,51
H?BDNIz,39,11,54
H?BDNI{,39,8,49
H?BDNI|,42,10,52
H?BDNI},40,10,54
H?BDNI~,45,12,55
H?BDNJY,36,8,52
H?BDNJZ,40,10,54
H?BDNJ\,38,10,56
H?BDNJ],38,10,56
H?BDNJ^,45,12,55
H?BDNJw,29,7,24
H?BDNJx,37,9,32
H?BDNJy,34,9,35
H?BDNJz,31,11,28
H?BDNJ{,31,9,25
H?BDNJ|,39,11,34
H?BDNJ},36,11,37
H?BDNJ~,33,13,29
H?BDNL|,39,21,66
H?BDNL},40,17,69
H?BDNL~,42,25,68
H?BDNN],39,12,61
H?BDNN^,44,18,58
H?BDNN{,31,11,28
H?BDNN|,31,15,29
H?BDNN},33,13,29
H?BDNN~,32,18,30
H?BDN_{,45,15,84
H?BDN`],60,15,94
H?BDN`^,48,23,83
H?BDN`k,38,12,60
H?BDN`l,41,14,65
H?BDN`m,63,13,68
H?BDN`n,41,19,70
H?BDN`w,45,9,54
H?BDN`x,46,13,58
H?BDN`{,43,12,62
H?BDN`|,45,16,65
H?BDN`},52,15,87
H?BDN`~,46,20,69
H?BDNa],72,12,72
H?BDNa^,50,17,73
H?BDNa{,44,10,50
H?BDNa|,46,13,53
H?BDNbM,63,9,72
H?BDNbN,46,15,69
H?BDNb[,42,10,52
H?BDNb\,42,13,57
H?BDNb],61,12,67
H?BDNb^,47,16,57
H?BDNbh,40,9,35
H?BDNbk,38,10,36
H?BDNbl,40,11,40
H?BDNbm,65,11,41
H?BDNbn,46,14,38
H?BDNbw,35,9,21
H?BDNbx,46,11,27
H?BDNb{,34,11,25
H?BDNb|,44,13,33
H?BDNb},56,13,51
H?BDNb~,38,16,26
H?BDNhn,44,22,74
H?BDNhy,45,15,66
H?BDNhz,46,20,69
H?BDNh|,47,20,68
H?BDNh},46,18,71
H?BDNh~,48,23,73
H?BDNi},46,14,60
H?BDNi~,48,18,62
H?BDNj],46,14,60
H?BDNj^,50,18,60
H?BDNji,43,11,37
H?BDNjj,44,14,40
H?BDNjl,43,13,42
H?BDNjm,43,13,42
H?BDNjn,48,16,41
H?BDNjy,43,13,34
H?BDNjz,38,16,26
H?BDNj{,38,13,24
H?BDNj|,47,16,33
H?BDNj},46,15,35
H?BDNj~,40,18,27
H?BDNl},48,21,75
H?BDNl~,52,27,74
H?BDNnm,41,15,49
H?BDNnn,52,19,41
H?BDNn},41,17,27
H?BDNn~,42,20,28
H?BDNpu,52,15,73
H?BDNpv,45,20,70
H?BDNp{,47,14,74
H?BDNp|,49,18,77
H?BDNp},47,17,96
H?BDNp~,49,23,81
H?BDNr],53,14,77
H?BDNr^,52,19,65
H?BDNre,48,12,57
H?BDNrf,46,16,50
H?BDNrs,45,11,28
H?BDNrt,46,13,31
H?BDNru,54,13,38
H?BDNrv,49,16,31
H?BDNrw,40,11,24
H?BDNrx,48,13,35
H?BDNr{,41,13,26
H?BDNr|,48,16,38
H?BDNr},52,15,52
H?BDNr~,47,18,25
H?BDNx},47,21,85
H?BDNx~,50,26,86
H?BDNzu,45,15,36
H?BDNzv,49,18,35
H?BDNzy,46,15,41
H?BDNzz,45,18,27
H?BDNz{,44,15,26
H?BDNz|,48,17,43
H?BDNz},51,17,40
H?BDNz~,49,20,26
H?BDN~},52,19,24
H?BDN~~,53,22,25
H?BD`wm,70,37,241
H?BD`wz,71,44,210
H?BD`w|,75,42,208
H?BD`w},68,45,212
H?BD`w~,74,57,219
H?BD`xM,60,23,164
H?BD`xi,59,19,117
H?BD`xj,58,25,127
H?BD`xm,55,23,132
H?BD`xn,52,31,142
H?BD`xq,59,15,94
H?BD`xr,59,21,102
H?BD`xt,63,21,98
H?BD`xu,51,22,96
H?BD`xv,53,28,101
H?BD`xw,51,13,105
H?BD`xx,62,20,114
H?BD`xy,55,21,106
H?BD`xz,55,26,114
H?BD`x{,48,18,116
H?BD`x|,55,24,131
H?BD`x},50,24,121
H?BD`x~,55,31,122
H?BD`yM,71,19,186
H?BD`ye,78,10,88
H?BD`yi,67,12,125
H?BD`ym,70,16,135
H?BD`yn,67,25,146
H?BD`yq,80,15,81
H?BD`yu,78,15,99
H?BD`yv,71,20,117
H?BD`yy,65,13,117
H?BD`yz,67,22,107
H?BD`y{,56,16,110
H?BD`y|,61,18,131
H?BD`y},64,19,127
H?BD`y~,65,26,119
H?BD`zE,45,12,75
H?BD`zI,46,12,72
H?BD`zM,44,17,79
H?BD`zN,46,25,79
H?BD`za,43,10,43
H?BD`ze,41,13,50
H?BD`zf,43,17,52
H?BD`zi,45,14,39
H?BD`zj,44,17,44
H?BD`zk,45,14,53
H?BD`zl,56,16,63
H?BD`zm,44,16,45
H?BD`zn,44,20,48
H?BD`zo,31,10,43
H?BD`zp,55,13,36
H?BD`zq,43,12,49
H?BD`zr,45,17,50
H?BD`zs,34,12,45
H?BD`zt,60,14,52
H?BD`zu,41,15,42
H?BD`zv,45,18,42
H?BD`zw,34,12,52
H?BD`zx,48,15,57
H?BD`zy,43,15,32
H?BD`zz,45,18,33
H?BD`z{,36,15,54
H?BD`z|,47,18,63
H?BD`z},44,17,35
H?BD`z~,40,21,24
H?BD`{~,78,73,224
H?BD`|v,56,35,104
H?BD`|z,57,32,119
H?BD`|{,53,25,117
H?BD`||,54,30,124
H?BD`|},52,31,125
H?BD`|~,57,37,127
H?BD`}},66,26,118
H?BD`}~,67,31,126
H?BD`~m,47,19,46
H?BD`~n,48,22,49
H?BD`~r,48,20,52
H?BD`~s,43,14,41
H?BD`~t,46,17,42
H?BD`~u,43,17,45
H?BD`~v,49,20,43
H?BD`~w,35,15,25
H?BD`~x,35,18,27
H?BD`~y,41,17,38
H?BD`~z,45,20,37
H?BD`~{,37,17,26
H?BD`~|,37,20,28
H?BD`~},39,20,26
H?BD`~~,41,23,26
H?BDbOV,68,15,170
H?BDbOZ,78,28,218
H?BDbO[,53,15,174
H?BDbO^,62,38,199
H?BDbOf,61,10,119
H?BDbOr,94,16,143
H?BDbOv,64,23,141
H?BDbOy,50,15,199
H?BDbOz,78,31,190
H?BDbO{,56,14,158
H?BDbO},60,26,161
H?BDbO~,57,37,172
H?BDbPR,96,12,134
H?BDbPV,65,19,120
H?BDbP],62,21,138
H?BDbPm,60,17,115
H?BDbPr,102,17,109
H?BDbPs,56,11,98
H?BDbPu,57,18,81
H?BDbPv,56,24,89
H?BDbPy,67,14,166
H?BDbP},58,20,104
H?BDbQF,64,7,69
H?BDbQR,81,8,98
H?BDbQV,51,12,57
H?BDbQY,39,12,129
H?BDbQZ,79,19,123
H?BDbQ[,37,10,85
H?BDbQ],62,15,66
H?BDbQ^,48,21,71
H?BDbQb,100,6,54
H?BDbQf,64,8,60
H?BDbQi,58,10,86
H?BDbQm,62,12,58
H?BDbQq,57,9,88
H?BDbQr,95,13,84
H?BDbQs,44,9,68
H?BDbQu,57,11,52
H?BDbQv,47,17,53
H?BDbQw,36,10,98
H?BDbQy,41,12,129
H?BDbQz,90,17,103
H?BDbQ{,50,11,82
H?BDbQ},60,15,51
H?BDbQ~,50,19,51
H?BDbRB,100,6,54
H?BDbRF,65,10,79
H?BDbRM,63,13,68
H?BDbRR,85,11,96
H?BDbRS,42,9,59
H?BDbRU,59,12,49
H?BDbRV,49,17,51
H?BDbRW,28,10,94
H?BDbRY,41,13,128
H?BDbRZ,68,18,124
H?BDbR[,42,11,77
H?BDbR],61,15,50
H?BDbR^,52,20,48
H?BDbRb,101,8,67
H?BDbRc,39,8,43
H?BDbRe,63,10,48
H?BDbRf,61,12,59
H?BDbRi,46,11,99
H?BDbRm,59,12,46
H?BDbRo,17,9,84
H?BDbRq,47,10,99
H?BDbRr,94,13,88
H?BDbRs,39,10,59
H?BDbRu,59,13,32
H?BDbRv,47,17,34
H?BDbRw,22,11,97
H?BDbRy,47,15,120
H?BDbRz,77,19,114
H?BDbR{,46,12,68
H?BDbR},54,15,36
H?BDbR~,41,19,20
H?BDbS~,60,47,178
H?BDbTv,58,30,94
H?BDbT},55,27,113
H?BDbU^,53,25,72
H?BDbUm,61,15,67
H?BDbUv,50,20,56
H?BDbUy,69,19,108
H?BDbUz,81,19,80
H?BDbU{,49,15,48
H?BDbU},50,18,52
H?BDbU~,52,22,54
H?BDbVF,68,15,85
H?BDbVR,77,14,78
H?BDbVV,52,21,53
H?BDbVZ,66,21,93
H?BDbV[,49,15,48
H?BDbV],50,20,50
H?BDbV^,53,25,50
H?BDbVb,86,11,59
H?BDbVf,64,14,65
H?BDbVi,87,14,81
H?BDbVm,58,16,52
H?BDbVr,87,16,65
H?BDbVs,47,12,32
H?BDbVu,46,15,37
H?BDbVv,49,19,37
H?BDbVw,43,12,71
H?BDbVy,69,17,124
H?BDbVz,67,19,74
H?BDbV{,39,15,21
H?BDbV},40,18,22
H?BDbV~,42,21,22
H?BDbW],64,36,199
H?BDbWv,62,30,155
H?BDbWz,53,37,176
H?BDbW|,60,33,187
H?BDbW},56,33,177
H?BDbW~,54,44,187
H?BDbXY,63,21,137
H?BDbXZ,59,29,150
H?BDbX\,69,25,158
H?BDbX],57,25,156
H?BDbX^,55,35,165
H?BDbXi,66,15,111
H?BDbXj,69,24,115
H?BDbXl,75,19,127
H?BDbXm,57,21,130
H?BDbXn,63,28,133
H?BDbXq,62,15,91
H?BDbXr,61,22,99
H?BDbXt,68,22,92
H?BDbXu,56,22,91
H?BDbXv,58,29,95
H?BDbXw,55,13,101
H?BDbXx,68,21,107
H?BDbXy,57,20,105
H?BDbXz,56,27,112
H?BDbX{,53,18,111
H?BDbX|,64,25,121
H?BDbX},50,24,121
H?BDbX~,54,33,121
H?BDbYM,63,12,81
H?BDbYU,41,9,70
H?BDbYY,44,15,71
H?BDbY],44,17,79
H?BDbY^,43,23,84
H?BDbYi,58,13,61
H?BDbYm,59,15,69
H?BDbYn,56,18,80
H?BDbYq,45,11,52
H?BDbYu,42,13,62
H?BDbYv,44,19,63
H?BDbYy,45,15,52
H?BDbYz,45,19,56
H?BDbY{,43,14,69
H?BDbY|,55,18,77
H?BDbY},47,17,56
H?BDbY~,45,21,62
H?BDbZE,67,10,77
H?BDbZI,59,10,75
H?BDbZM,59,15,82
H?BDbZN,57,21,90
H?BDbZQ,43,10,55
H?BDbZU,44,14,59
H?BDbZV,46,19,61
H?BDbZY,46,15,51
H?BDbZZ,44,19,57
H?BDbZ[,34,14,64
H?BDbZ\,63,17,70
H?BDbZ],45,17,58
H?BDbZ^,45,22,61
H?BDbZa,41,9,49
H?BDbZe,61,12,59
H?BDbZf,58,14,71
H?BDbZi,55,13,49
H?BDbZj,57,15,54
H?BDbZk,55,14,48
H?BDbZl,71,15,54
H?BDbZm,53,15,58
H?BDbZn,56,18,61
H?BDbZo,30,10,44
H?BDbZp,57,13,34
H?BDbZq,45,12,47
H?BDbZr,47,17,48
H?BDbZs,33,12,46
H?BDbZt,62,15,49
H?BDbZu,45,15,38
H?BDbZv,46,18,41
H?BDbZw,35,12,51
H?BDbZx,52,16,52
H?BDbZy,46,15,29
H?BDbZz,44,18,34
H?BDbZ{,36,15,54
H?BDbZ|,57,17,54
H?BDbZ},45,17,34
H?BDbZ~,39,21,25
H?BDb[~,54,57,193
H?BDb\^,56,46,170
H?BDb\n,64,38,138
H?BDb\v,57,36,102
H?BDb\z,57,33,118
H?BDb\{,51,24,120
H?BDb\|,52,31,125
H?BDb\},52,32,124
H?BDb\~,55,38,128
H?BDb]},47,21,60
H?BDb]~,48,25,63
H?BDb^],45,23,60
H?BDb^^,47,27,62
H?BDb^m,53,20,62
H?BDb^n,56,22,66
H?BDb^r,51,21,48
H?BDb^s,42,14,42
H?BDb^t,46,18,41
H?BDb^u,43,18,44
H?BDb^v,49,21,42
H?BDb^w,35,15,25
H?BDb^x,36,19,25
H?BDb^y,44,19,33
H?BDb^z,45,22,35
H?BDb^{,35,17,28
H?BDb^|,37,21,27
H?BDb^},38,21,26
H?BDb^~,40,24,26
H?BDb_N,62,32,181
H?BDb_j,95,22,158
H?BDb_n,72,30,150
H?BDb_z,92,20,164
H?BDb_{,62,13,145
H?BDb_},71,20,149
H?BDb_~,66,30,151
H?BDb`m,72,16,104
H?BDb`y,90,14,160
H?BDb`},65,17,100
H?BDbaJ,83,12,103
H?BDbaN,53,15,64
H?BDbaj,96,12,84
H?BDbak,51,9,72
H?BDbam,66,13,53
H?BDban,51,15,51
H?BDbaw,36,14,115
H?BDbay,73,13,118
H?BDbaz,106,13,76
H?BDba{,59,12,73
H?BDba},63,13,54
H?BDba~,52,15,45
H?BDbbJ,76,12,104
H?BDbbK,38,9,85
H?BDbbM,60,11,73
H?BDbbN,56,18,56
H?BDbbg,25,15,114
H?BDbbi,63,14,115
H?BDbbj,92,13,77
H?BDbbk,58,10,64
H?BDbbm,62,13,42
H?BDbbn,53,15,30
H?BDbbw,24,18,114
H?BDbby,83,19,106
H?BDbbz,102,14,80
H?BDbb{,61,13,56
H?BDbb},56,14,42
H?BDbb~,40,16,19
H?BDbc~,68,41,157
H?BDbd},58,23,101
H?BDbej,89,15,65
H?BDben,53,19,54
H?BDbey,93,15,74
H?BDbez,92,16,60
H?BDbe{,48,12,44
H?BDbe},47,15,50
H?BDbe~,48,19,53
H?BDbfJ,73,13,83
H?BDbfN,55,23,62
H?BDbfj,84,14,56
H?BDbfk,47,12,32
H?BDbfm,48,15,35
H?BDbfn,50,18,37
H?BDbfw,51,11,55
H?BDbfy,93,13,90
H?BDbfz,79,15,56
H?BDbf{,34,13,23
H?BDbf},35,16,24
H?BDbf~,36,19,25
H?BDbg},60,31,156
H?BDbg~,59,41,166
H?BDbhm,58,21,116
H?BDbhn,63,29,118
H?BDbhw,58,12,86
H?BDbhx,70,18,94
H?BDbhy,61,18,90
H?BDbhz,57,24,101
H?BDbh{,53,16,100
H?BDbh|,64,22,110
H?BDbh},55,22,105
H?BDbh~,59,29,107
H?BDbim,40,15,62
H?BDbin,46,19,61
H?BDbiy,43,13,48
H?BDbiz,47,17,48
H?BDbi{,43,14,60
H?BDbi|,63,15,62
H?BDbi},43,15,54
H?BDbi~,46,19,55
H?BDbjI,44,11,65
H?BDbjM,44,14,72
H?BDbjN,51,22,67
H?BDbji,44,12,35
H?BDbjj,46,15,37
H?BDbjk,45,13,46
H?BDbjl,64,14,48
H?BDbjm,42,14,42
H?BDbjn,46,18,41
H?BDbjw,36,11,44
H?BDbjx,56,13,43
H?BDbjy,41,13,30
H?BDbjz,41,16,33
H?BDbj{,37,13,48
H?BDbj|,57,16,47
H?BDbj},40,15,35
H?BDbj~,35,19,26
H?BDblz,58,31,106
H?BDbl{,58,23,101
H?BDbl|,59,29,107
H?BDbl},55,30,110
H?BDbl~,59,36,113
H?BDbm},44,20,56
H?BDbm~,46,23,59
H?BDbnm,44,19,42
H?BDbnn,47,21,44
H?BDbny,42,17,31
H?BDbnz,43,19,34
H?BDbn{,34,16,25
H?BDbn|,35,19,26
H?BDbn},34,20,26
H?BDbn~,35,22,28
H?BDbo},61,27,178
H?BDbo~,59,38,188
H?BDbpi,68,13,166
H?BDbpm,59,20,131
H?BDbpn,59,28,138
H?BDbpq,85,12,131
H?BDbpu,59,19,91
H?BDbpv,58,25,99
H?BDbpw,47,11,150
H?BDbpx,55,14,225
H?BDbpy,74,15,177
H?BDbpz,94,26,150
H?BDbp{,60,14,136
H?BDbp|,67,21,122
H?BDbp},56,21,118
H?BDbp~,58,28,122
H?BDbqi,43,11,128
H?BDbqm,60,16,64
H?BDbqn,47,20,68
H?BDbqq,69,10,89
H?BDbqu,58,12,60
H?BDbqv,47,18,61
H?BDbqy,46,12,138
H?BDbqz,94,17,114
H?BDbq{,47,12,95
H?BDbq|,59,17,74
H?BDbq},57,16,62
H?BDbq~,49,20,59
H?BDbrE,58,12,74
H?BDbrI,35,10,150
H?BDbrM,55,15,84
H?BDbrN,48,24,78
H?BDbra,54,11,91
H?BDbre,58,12,47
H?BDbrf,47,16,49
H?BDbri,44,12,126
H?BDbrj,78,15,117
H?BDbrk,53,12,75
H?BDbrl,66,15,54
H?BDbrm,58,15,47
H?BDbrn,50,19,43
H?BDbrq,54,12,103
H?BDbrr,100,14,96
H?BDbrs,39,11,67
H?BDbrt,68,14,44
H?BDbru,59,14,39
H?BDbrv,49,17,39
H?BDbrw,23,14,103
H?BDbrx,46,21,173
H?BDbry,54,18,123
H?BDbrz,81,18,125
H?BDbr{,45,14,76
H?BDbr|,59,16,53
H?BDbr},55,16,41
H?BDbr~,41,20,24
H?BDbtz,94,29,133
H?BDbt},55,28,125
H?BDbt~,59,35,127
H?BDbu},50,19,59
H?BDbu~,51,24,61
H?BDbvm,52,18,42
H?BDbvn,52,22,45
H?BDbvu,47,16,42
H?BDbvv,50,20,42
H?BDbvy,80,16,128
H?BDbvz,77,19,74
H?BDbv{,41,16,23
H?BDbv|,40,19,26
H?BDbv},40,20,25
H?BDbv~,43,22,25
H?BDbxy,59,21,115
H?BDbxz,58,28,122
H?BDbx{,53,19,123
H?BDbx|,61,25,138
H?BDbx},51,25,132
H?BDbx~,55,33,133
H?BDby},50,18,60
H?BDby~,49,23,64
H?BDbzm,48,17,47
H?BDbzn,48,22,49
H?BDbzu,48,16,41
H?BDbzv,50,20,42
H?BDbzy,48,16,32
H?BDbzz,46,19,37
H?BDbz{,41,16,55
H?BDbz|,53,20,63
H?BDbz},48,19,35
H?BDbz~,43,22,25
H?BDb|},53,33,135
H?BDb|~,58,39,137
H?BDb~},43,22,25
H?BDb~~,45,25,25
H?BDdOV,74,10,156
H?BDdOZ,86,20,154
H?BDdO],78,17,169
H?BDdO^,76,28,184
H?BDdOf,65,7,108
H?BDdOm,68,10,152
H?BDdOr,85,13,91
H?BDdOu,70,12,108
H?BDdOv,71,18,120
H?BDdOy,60,12,138
H?BDdOz,82,25,113
H?BDdO{,63,12,134
H?BDdO},68,17,131
H?BDdO~,68,31,135
H?BDdPF,57,8,85
H?BDdPM,59,12,83
H?BDdPR,80,11,107
H?BDdPU,42,10,69
H?BDdPV,48,15,69
H?BDdPY,47,12,133
H?BDdPZ,78,19,137
H?BDdP[,39,11,94
H?BDdP],56,17,83
H?BDdP^,46,26,82
H?BDdPb,95,8,67
H?BDdPe,58,9,63
H?BDdPf,58,12,73
H?BDdPi,56,10,99
H?BDdPm,56,15,73
H?BDdPq,54,10,101
H?BDdPr,92,14,98
H?BDdPs,47,11,74
H?BDdPu,54,15,51
H?BDdPv,41,20,56
H?BDdPw,33,10,113
H?BDdPy,48,13,134
H?BDdPz,81,18,125
H?BDdP{,55,12,89
H?BDdP},52,17,71
H?BDdP~,44,23,68
H?BDdQF,50,10,102
H?BDdQM,80,6,164
H?BDdQU,69,7,114
H?BDdQV,77,11,132
H?BDdQZ,102,25,126
H?BDdQ],79,13,148
H?BDdQ^,82,28,150
H?BDdQe,65,6,91
H?BDdQf,70,7,103
H?BDdQi,81,12,96
H?BDdQm,73,10,126
H?BDdQr,101,15,74
H?BDdQu,72,13,91
H?BDdQv,73,16,103
H?BDdQy,76,12,121
H?BDdQz,102,20,82
H?BDdQ{,71,11,110
H?BDdQ},73,13,109
H?BDdQ~,74,22,100
H?BDdRB,92,6,62
H?BDdRE,64,8,68
H?BDdRF,59,11,84
H?BDdRI,55,8,102
H?BDdRM,63,13,68
H?BDdRQ,55,8,91
H?BDdRR,94,10,88
H?BDdRU,53,12,55
H?BDdRV,46,17,54
H?BDdRY,53,13,116
H?BDdRZ,84,16,110
H?BDdR[,53,11,79
H?BDdR],57,15,54
H?BDdR^,49,20,51
H?BDdRa,56,8,76
H?BDdRb,102,8,66
H?BDdRe,55,11,55
H?BDdRf,59,12,61
H?BDdRi,50,11,95
H?BDdRm,58,12,47
H?BDdRq,51,11,94
H?BDdRr,99,13,83
H?BDdRs,39,10,59
H?BDdRu,57,13,34
H?BDdRv,47,17,34
H?BDdRw,36,15,92
H?BDdRy,56,19,107
H?BDdRz,92,17,101
H?BDdR{,48,14,64
H?BDdR},52,15,38
H?BDdR~,41,19,20
H?BDdS},69,30,135
H?BDdS~,71,39,142
H?BDdTZ,77,24,109
H?BDdT],49,24,81
H?BDdT^,53,31,81
H?BDdTm,61,20,75
H?BDdTu,43,20,54
H?BDdTv,46,24,56
H?BDdTy,70,18,122
H?BDdTz,80,22,93
H?BDdT{,48,17,61
H?BDdT},49,22,64
H?BDdT~,49,27,68
H?BDdUZ,102,33,129
H?BDdU^,83,36,161
H?BDdUm,90,16,122
H?BDdUv,81,23,104
H?BDdUy,99,20,85
H?BDdUz,105,25,78
H?BDdU{,68,13,101
H?BDdU},72,22,102
H?BDdU~,78,27,105
H?BDdVF,68,15,85
H?BDdVM,66,19,71
H?BDdVR,89,13,67
H?BDdVV,51,20,55
H?BDdVY,91,16,103
H?BDdVZ,86,19,75
H?BDdV[,46,15,51
H?BDdV],50,19,51
H?BDdV^,54,23,51
H?BDdVb,93,11,52
H?BDdVe,52,14,54
H?BDdVf,67,14,62
H?BDdVi,99,13,70
H?BDdVm,62,15,49
H?BDdVq,105,12,78
H?BDdVr,97,15,56
H?BDdVs,44,12,35
H?BDdVu,46,15,37
H?BDdVv,51,18,36
H?BDdVw,46,13,67
H?BDdVy,90,17,103
H?BDdVz,86,18,56
H?BDdV{,38,15,22
H?BDdV},40,18,22
H?BDdV~,43,21,21
H?BDdW],76,25,187
H?BDdW^,76,36,200
H?BDdWm,74,19,160
H?BDdWn,83,28,165
H?BDdWu,81,18,110
H?BDdWv,77,24,127
H?BDdWz,68,30,136
H?BDdW|,66,23,145
H?BDdW},68,24,142
H?BDdW~,69,37,146
H?BDdXM,57,16,95
H?BDdXN,57,21,104
H?BDdXU,43,13,76
H?BDdXV,51,18,74
H?BDdXZ,54,24,76
H?BDdX\,64,20,98
H?BDdX],45,20,89
H?BDdX^,48,29,88
H?BDdXe,62,12,69
H?BDdXf,61,15,80
H?BDdXi,59,14,71
H?BDdXj,60,19,77
H?BDdXl,66,18,85
H?BDdXm,53,18,85
H?BDdXn,53,24,91
H?BDdXr,51,19,60
H?BDdXt,65,18,60
H?BDdXu,41,18,58
H?BDdXv,44,23,59
H?BDdXw,45,12,73
H?BDdXx,61,17,76
H?BDdXy,49,17,60
H?BDdXz,48,22,65
H?BDdX{,46,16,78
H?BDdX|,58,20,87
H?BDdX},47,20,68
H?BDdX~,47,26,71
H?BDdYZ,79,28,153
H?BDdY\,86,17,157
H?BDdY],83,17,160
H?BDdY^,88,32,160
H?BDdYj,88,19,121
H?BDdYl,87,17,124
H?BDdYm,82,16,130
H?BDdYn,93,22,132
H?BDdYr,86,18,88
H?BDdYt,76,13,91
H?BDdYu,85,16,91
H?BDdYv,85,20,103
H?BDdYx,72,13,110
H?BDdYy,72,13,110
H?BDdYz,75,22,99
H?BDdY{,71,16,95
H?BDdY|,76,18,116
H?BDdY},78,19,113
H?BDdY~,81,26,103
H?BDdZJ,59,13,84
H?BDdZM,60,15,81
H?BDdZN,60,21,87
H?BDdZR,50,13,54
H?BDdZT,72,15,56
H?BDdZU,45,14,58
H?BDdZV,49,20,57
H?BDdZX,67,15,58
H?BDdZY,47,15,50
H?BDdZZ,48,19,53
H?BDdZ[,47,14,65
H?BDdZ\,69,17,64
H?BDdZ],47,17,56
H?BDdZ^,51,22,55
H?BDdZb,41,11,56
H?BDdZd,75,13,56
H?BDdZe,60,13,59
H?BDdZf,62,14,67
H?BDdZh,66,13,51
H?BDdZi,57,12,48
H?BDdZj,57,16,53
H?BDdZk,55,13,49
H?BDdZl,71,15,54
H?BDdZm,58,15,53
H?BDdZn,61,18,56
H?BDdZp,64,13,27
H?BDdZq,45,12,47
H?BDdZr,49,17,46
H?BDdZs,37,12,42
H?BDdZt,72,14,40
H?BDdZu,45,15,38
H?BDdZv,50,18,37
H?BDdZw,36,12,50
H?BDdZx,57,15,48
H?BDdZy,47,15,28
H?BDdZz,48,18,30
H?BDdZ{,40,15,50
H?BDdZ|,61,18,49
H?BDdZ},47,17,32
H?BDdZ~,43,21,21
H?BDd[~,68,45,157
H?BDd\^,46,34,96
H?BDd\n,56,29,95
H?BDd\v,44,27,64
H?BDd\z,48,26,70
H?BDd\{,46,21,68
H?BDd\|,45,25,74
H?BDd\},46,26,72
H?BDd\~,46,30,77
H?BDd]^,91,40,169
H?BDd]n,102,29,135
H?BDd]v,87,27,110
H?BDd]z,79,27,104
H?BDd]{,72,17,107
H?BDd]|,76,26,108
H?BDd]},78,26,106
H?BDd]~,82,31,111
H?BDd^V,49,22,64
H?BDd^Z,46,22,60
H?BDd^[,46,17,57
H?BDd^\,45,21,62
H?BDd^],46,21,61
H?BDd^^,48,25,63
H?BDd^f,69,16,69
H?BDd^j,61,17,57
H?BDd^k,60,16,50
H?BDd^l,62,17,56
H?BDd^m,59,19,57
H?BDd^n,65,21,58
H?BDd^r,50,19,51
H?BDd^s,43,15,40
H?BDd^t,46,17,42
H?BDd^u,43,18,44
H?BDd^v,50,20,42
H?BDd^w,36,15,24
H?BDd^x,36,18,26
H?BDd^y,45,18,33
H?BDd^z,47,20,35
H?BDd^{,37,17,26
H?BDd^|,38,20,27
H?BDd^},39,20,26
H?BDd^~,42,23,25
H?BDd_N,71,25,174
H?BDd_j,88,18,101
H?BDd_n,80,24,127
H?BDd_y,83,11,122
H?BDd_z,88,18,94
H?BDd_{,71,11,118
H?BDd_},70,15,113
H?BDd_~,72,24,120
H?BDd`J,77,17,115
H?BDd`N,53,18,73
H?BDd`i,67,12,119
H?BDd`j,85,14,105
H?BDd`k,53,12,78
H?BDd`m,59,14,71
H?BDd`n,52,17,61
H?BDd`w,34,12,130
H?BDd`y,81,14,121
H?BDd`z,94,15,99
H?BDd`{,67,11,78
H?BDd`},56,16,71
H?BDd`~,48,18,60
H?BDdaN,80,18,155
H?BDdaj,103,14,83
H?BDdam,78,11,98
H?BDdan,83,16,105
H?BDday,105,11,104
H?BDdaz,104,15,68
H?BDda{,72,10,105
H?BDda},75,12,93
H?BDda~,78,17,87
H?BDdbJ,86,13,93
H?BDdbK,46,13,84
H?BDdbM,61,11,72
H?BDdbN,53,16,61
H?BDdbi,74,11,107
H?BDdbj,95,13,74
H?BDdbk,57,12,63
H?BDdbm,62,13,42
H?BDdbn,48,15,35
H?BDdbw,34,19,115
H?BDdby,94,21,93
H?BDdbz,100,16,80
H?BDdb{,67,15,48
H?BDdb},55,14,43
H?BDdb~,40,16,19
H?BDdc},76,26,114
H?BDdc~,76,33,125
H?BDddj,84,18,80
H?BDddm,50,19,61
H?BDddn,53,25,62
H?BDddy,87,15,93
H?BDddz,84,19,79
H?BDdd{,50,14,53
H?BDdd},48,19,59
H?BDdd~,45,24,66
H?BDdej,112,21,76
H?BDden,92,23,106
H?BDdey,105,16,66
H?BDdez,108,22,62
H?BDde{,78,12,78
H?BDde},80,18,84
H?BDde~,84,24,88
H?BDdfJ,76,14,79
H?BDdfN,54,23,63
H?BDdfj,89,14,51
H?BDdfk,43,12,36
H?BDdfm,47,15,36
H?BDdfn,48,18,39
H?BDdfw,58,12,47
H?BDdfy,103,15,78
H?BDdfz,84,16,50
H?BDdf{,37,13,20
H?BDdf},36,16,23
H?BDdf~,36,19,25
H?BDdgm,74,18,139
H?BDdgz,68,22,126
H?BDdg|,65,20,131
H?BDdg},69,22,125
H?BDdg~,67,29,138
H?BDdhj,48,17,65
H?BDdhl,58,16,82
H?BDdhm,40,16,74
H?BDdhn,47,21,72
H?BDdhw,43,11,66
H?BDdhx,61,14,68
H?BDdhy,45,14,58
H?BDdhz,44,17,65
H?BDdh{,42,14,74
H?BDdh|,55,18,81
H?BDdh},42,17,67
H?BDdh~,46,20,69
H?BDdim,78,13,113
H?BDdin,86,19,116
H?BDdix,69,12,99
H?BDdiy,75,12,93
H?BDdiz,74,17,91
H?BDdi{,69,13,86
H?BDdi|,75,15,105
H?BDdi},76,16,103
H?BDdi~,80,20,96
H?BDdjM,43,12,75
H?BDdjN,52,18,70
H?BDdjh,62,12,43
H?BDdji,42,12,37
H?BDdjj,45,14,39
H?BDdjk,42,12,50
H?BDdjl,64,14,48
H?BDdjm,41,14,43
H?BDdjn,47,16,42
H?BDdjw,34,11,46
H?BDdjx,56,13,43
H?BDdjy,42,13,29
H?BDdjz,45,15,30
H?BDdj{,37,13,48
H?BDdj|,57,15,48
H?BDdj},41,15,34
H?BDdj~,40,17,23
H?BDdk~,71,40,141
H?BDdln,48,29,73
H?BDdlz,45,23,67
H?BDdl{,44,17,65
H?BDdl|,45,22,68
H?BDdl},44,22,69
H?BDdl~,46,27,71
H?BDdmz,79,23,94
H?BDdm{,76,18,88
H?BDdm|,80,21,95
H?BDdm},78,23,95
H?BDdm~,85,27,98
H?BDdnj,45,17,43
H?BDdnm,43,17,45
H?BDdnn,47,20,45
H?BDdnw,35,13,22
H?BDdnx,36,16,23
H?BDdny,42,15,33
H?BDdnz,45,18,33
H?BDdn{,34,15,26
H?BDdn|,35,18,27
H?BDdn},36,18,26
H?BDdn~,38,21,26
H?BDdov,75,19,134
H?BDdoz,80,26,134
H?BDdo{,59,13,156
H?BDdo|,66,18,150
H?BDdo},61,19,154
H?BDdo~,63,32,157
H?BDdpf,50,15,65
H?BDdpj,82,18,138
H?BDdpk,45,12,99
H?BDdpl,63,17,88
H?BDdpm,53,17,84
H?BDdpn,46,25,79
H?BDdpr,101,15,105
H?BDdps,48,13,83
H?BDdpt,67,15,61
H?BDdpu,57,16,57
H?BDdpv,44,21,61
H?BDdpw,36,11,122
H?BDdpx,41,14,197
H?BDdpy,45,14,151
H?BDdpz,87,19,134
H?BDdp{,49,14,105
H?BDdp|,61,18,86
H?BDdp},53,18,79
H?BDdp~,46,24,74
H?BDdqm,69,13,139
H?BDdqn,74,22,142
H?BDdqu,73,15,104
H?BDdqv,73,19,116
H?BDdqx,78,12,174
H?BDdqy,75,13,140
H?BDdqz,104,21,96
H?BDdq{,67,12,129
H?BDdq|,70,15,125
H?BDdq},70,14,126
H?BDdq~,72,23,115
H?BDdrM,56,15,83
H?BDdrN,48,24,78
H?BDdre,57,12,48
H?BDdrf,47,16,49
H?BDdri,46,13,123
H?BDdrj,90,15,105
H?BDdrk,48,12,80
H?BDdrl,68,15,52
H?BDdrm,57,15,48
H?BDdrn,49,19,44
H?BDdrp,49,15,144
H?BDdrq,52,13,104
H?BDdrr,104,13,93
H?BDdrs,40,13,64
H?BDdrt,72,13,41
H?BDdru,61,14,37
H?BDdrv,51,17,37
H?BDdrw,42,16,96
H?BDdrx,47,22,171
H?BDdry,53,20,122
H?BDdrz,92,18,114
H?BDdr{,44,17,74
H?BDdr|,62,16,50
H?BDdr},57,16,39
H?BDdr~,44,20,21
H?BDds~,73,40,157
H?BDdtn,50,29,81
H?BDdtv,47,25,63
H?BDdtz,89,24,95
H?BDdt{,49,18,68
H?BDdt|,48,24,72
H?BDdt},49,23,72
H?BDdt~,49,30,74
H?BDduz,111,26,87
H?BDdu},77,23,110
H?BDdu~,81,29,114
H?BDdvm,51,18,43
H?BDdvn,51,22,46
H?BDdvr,103,16,61
H?BDdvs,46,13,39
H?BDdvt,50,16,39
H?BDdvu,48,16,41
H?BDdvv,53,20,39
H?BDdvw,47,14,74
H?BDdvx,92,18,114
H?BDdvy,93,18,113
H?BDdvz,91,20,59
H?BDdv{,40,16,24
H?BDdv|,40,19,26
H?BDdv},41,19,25
H?BDdv~,43,22,25
H?BDdw},61,26,165
H?BDdw~,64,39,167
H?BDdxm,43,20,87
H?BDdxn,43,28,89
H?BDdxu,42,19,65
H?BDdxv,42,24,69
H?BDdxy,50,18,67
H?BDdxz,47,23,74
H?BDdx{,45,17,88
H?BDdx|,51,21,104
H?BDdx},46,21,77
H?BDdx~,45,27,81
H?BDdyy,72,14,124
H?BDdyz,73,23,114
H?BDdy{,69,17,110
H?BDdy|,70,18,137
H?BDdy},75,20,130
H?BDdy~,77,27,120
H?BDdzi,47,15,43
H?BDdzj,44,18,50
H?BDdzm,46,17,49
H?BDdzn,46,21,52
H?BDdzq,47,13,52
H?BDdzr,47,18,55
H?BDdzs,40,13,45
H?BDdzt,69,15,51
H?BDdzu,45,16,44
H?BDdzv,49,19,44
H?BDdzw,38,13,54
H?BDdzx,51,16,61
H?BDdzy,47,16,33
H?BDdzz,47,19,36
H?BDdz{,41,16,55
H?BDdz|,53,18,65
H?BDdz},47,18,37
H?BDdz~,43,22,25
H?BDd|},50,26,77
H?BDd|~,50,32,80
H?BDd}},80,27,117
H?BDd}~,84,32,122
H?BDd~u,47,18,47
H?BDd~v,53,22,44
H?BDd~y,45,18,39
H?BDd~z,48,21,39
H?BDd~{,42,18,25
H?BDd~|,42,21,27
H?BDd~},44,21,25
H?BDd~~,45,24,26
H?BDeK|,51,20,85
H?BDeK~,55,30,83
H?BDeLl,64,13,67
H?BDeLm,59,16,69
H?BDeLn,63,19,74
H?BDeLx,48,12,57
H?BDeLz,47,16,63
H?BDeL{,46,12,59
H?BDeL|,48,15,63
H?BDeL},45,17,64
H?BDeL~,48,20,67
H?BDeMl,62,12,58
H?BDeMm,61,13,58
H?BDeMn,66,14,63
H?BDeMx,47,10,47
H?BDeMz,49,13,50
H?BDeM{,45,10,49
H?BDeM|,47,12,53
H?BDeM},46,13,53
H?BDeM~,50,15,55
H?BDeNJ,70,13,104
H?BDeNL,75,12,100
H?BDeNM,67,16,104
H?BDeNN,80,23,101
H?BDeNh,57,9,42
H?BDeNi,48,9,39
H?BDeNj,59,11,47
H?BDeNk,58,9,41
H?BDeNl,62,11,44
H?BDeNm,57,12,48
H?BDeNn,64,14,48
H?BDeNw,33,9,23
H?BDeNx,35,11,24
H?BDeNy,44,11,29
H?BDeNz,44,13,33
H?BDeN{,34,11,25
H?BDeN|,38,13,24
H?BDeN},36,14,25
H?BDeN~,40,16,24
H?BDeON,60,17,143
H?BDeOf,54,8,88
H?BDeOj,82,12,115
H?BDeOl,66,14,96
H?BDeOn,56,20,104
H?BDeOr,71,12,115
H?BDeOt,57,11,86
H?BDeOv,47,18,79
H?BDeOx,37,11,192
H?BDeOz,61,18,155
H?BDeO{,33,11,112
H?BDeO|,57,18,107
H?BDeO},59,18,92
H?BDeO~,52,25,91
H?BDePF,59,11,119
H?BDePJ,75,9,136
H?BDePL,51,7,113
H?BDePN,61,18,130
H?BDePb,92,10,68
H?BDePd,66,9,65
H?BDePe,57,10,63
H?BDePf,58,13,72
H?BDePh,55,10,133
H?BDePj,84,14,106
H?BDePk,47,10,75
H?BDePl,69,13,74
H?BDePm,58,13,73
H?BDePn,56,19,81
H?BDePp,54,10,134
H?BDePq,60,10,106
H?BDePr,81,13,110
H?BDePs,33,10,78
H?BDePt,55,13,64
H?BDePu,54,15,51
H?BDePv,44,18,55
H?BDePw,33,9,114
H?BDePx,47,11,176
H?BDePy,54,14,140
H?BDePz,67,17,140
H?BDeP{,41,13,89
H?BDeP|,59,16,79
H?BDeP},56,16,68
H?BDeP~,48,20,67
H?BDeQF,64,9,107
H?BDeQL,66,8,97
H?BDeQM,59,6,115
H?BDeQN,65,12,121
H?BDeQd,62,7,61
H?BDeQf,59,8,65
H?BDeQj,96,11,85
H?BDeQl,65,11,68
H?BDeQm,60,11,61
H?BDeQn,56,14,73
H?BDeQp,79,12,107
H?BDeQr,94,12,86
H?BDeQt,55,11,54
H?BDeQu,53,11,56
H?BDeQv,46,15,56
H?BDeQx,60,10,164
H?BDeQy,54,12,129
H?BDeQz,85,15,110
H?BDeQ{,47,10,86
H?BDeQ|,57,13,70
H?BDeQ},58,14,54
H?BDeQ~,47,16,57
H?BDeRB,84,6,90
H?BDeRD,71,5,92
H?BDeRE,59,8,104
H?BDeRF,66,17,117
H?BDeRH,74,9,115
H?BDeRI,50,10,120
H?BDeRJ,87,12,132
H?BDeRL,67,9,104
H?BDeRM,57,11,119
H?BDeRN,63,20,121
H?BDeR`,71,8,91
H?BDeRb,97,8,71
H?BDeRd,65,11,56
H?BDeRe,58,11,52
H?BDeRf,59,12,61
H?BDeRh,60,9,123
H?BDeRi,44,10,102
H?BDeRj,90,11,94
H?BDeRk,58,10,64
H?BDeRl,70,12,48
H?BDeRm,55,11,51
H?BDeRn,57,15,54
H?BDeRp,49,10,133
H?BDeRq,52,10,94
H?BDeRr,88,13,94
H?BDeRs,36,10,62
H?BDeRt,61,12,44
H?BDeRu,57,13,34
H?BDeRv,48,15,35
H?BDeRw,36,14,93
H?BDeRx,57,20,147
H?BDeRy,52,22,108
H?BDeRz,76,18,116
H?BDeR{,44,15,67
H?BDeR|,58,14,48
H?BDeR},52,14,39
H?BDeR~,43,17,20
H?BDeS|,49,23,96
H?BDeS~,52,29,99
H?BDeTl,56,16,84
H?BDeTn,54,23,91
H?BDeTt,46,16,55
H?BDeTu,41,19,57
H?BDeTv,46,21,59
H?BDeTx,64,15,145
H?BDeTz,66,19,110
H?BDeT{,53,15,58
H?BDeT|,51,18,66
H?BDeT},48,20,67
H?BDeT~,49,23,72
H?BDeUn,61,16,77
H?BDeUt,45,13,46
H?BDeUu,43,14,60
H?BDeUv,49,17,60
H?BDeUx,85,14,111
H?BDeUz,82,17,81
H?BDeU{,47,13,52
H?BDeU|,46,15,59
H?BDeU},47,16,57
H?BDeU~,49,18,61
H?BDeVJ,80,17,131
H?BDeVN,70,24,127
H?BDeVb,83,10,63
H?BDeVd,61,13,58
H?BDeVe,52,13,55
H?BDeVf,63,14,66
H?BDeVh,88,11,96
H?BDeVj,88,13,81
H?BDeVk,57,11,49
H?BDeVl,58,14,54
H?BDeVm,56,14,56
H?BDeVn,61,17,57
H?BDeVp,81,14,87
H?BDeVq,87,13,95
H?BDeVr,84,16,68
H?BDeVs,45,12,34
H?BDeVt,47,14,37
H?BDeVu,44,15,39
H?BDeVv,50,17,38
H?BDeVw,43,12,71
H?BDeVx,70,17,123
H?BDeVy,73,17,120
H?BDeVz,71,18,71
H?BDeV{,39,14,22
H?BDeV|,42,16,22
H?BDeV},40,17,23
H?BDeV~,44,19,22
H?BDeWm,56,18,106
H?BDeWn,53,23,119
H?BDeWu,37,15,92
H?BDeWv,43,21,92
H?BDeWz,38,26,104
H?BDeW|,51,23,122
H?BDeW},44,24,100
H?BDeW~,42,32,106
H?BDeXM,60,13,136
H?BDeXN,68,21,139
H?BDeXe,61,11,71
H?BDeXf,59,14,83
H?BDeXj,59,19,78
H?BDeXl,67,17,85
H?BDeXm,54,17,85
H?BDeXn,52,23,93
H?BDeXq,42,12,66
H?BDeXr,47,18,65
H?BDeXt,57,16,70
H?BDeXu,40,17,60
H?BDeXv,42,22,62
H?BDeXw,32,12,73
H?BDeXx,56,16,82
H?BDeXy,45,17,64
H?BDeXz,44,21,70
H?BDeX{,32,15,79
H?BDeX|,55,20,90
H?BDeX},44,19,72
H?BDeX~,42,25,77
H?BDeYf,61,9,74
H?BDeYj,59,16,68
H?BDeYl,68,14,74
H?BDeYm,60,14,69
H?BDeYn,58,17,79
H?BDeYr,46,15,56
H?BDeYt,59,12,59
H?BDeYu,39,12,66
H?BDeYv,43,18,65
H?BDeYx,62,14,64
H?BDeYy,42,14,56
H?BDeYz,43,18,59
H?BDeY{,44,13,69
H?BDeY|,56,17,77
H?BDeY},46,16,58
H?BDeY~,44,20,64
H?BDeZJ,65,13,126
H?BDeZL,76,10,112
H?BDeZM,62,16,126
H?BDeZN,70,23,128
H?BDeZb,39,10,59
H?BDeZd,76,12,56
H?BDeZe,59,12,61
H?BDeZf,59,13,71
H?BDeZh,67,12,51
H?BDeZi,53,13,51
H?BDeZj,53,14,59
H?BDeZk,56,12,49
H?BDeZl,73,14,53
H?BDeZm,52,14,60
H?BDeZn,56,17,62
H?BDeZp,57,12,35
H?BDeZq,40,11,53
H?BDeZr,44,16,52
H?BDeZs,33,11,47
H?BDeZt,62,14,50
H?BDeZu,43,14,41
H?BDeZv,45,17,43
H?BDeZw,35,12,51
H?BDeZx,52,15,53
H?BDeZy,46,14,30
H?BDeZz,43,17,36
H?BDeZ{,38,14,53
H?BDeZ|,58,16,54
H?BDeZ},44,16,36
H?BDeZ~,40,20,25
H?BDe[~,51,40,101
H?BDe\n,55,30,95
H?BDe\v,48,27,60
H?BDe\z,49,26,69
H?BDe\{,46,19,70
H?BDe\|,47,25,72
H?BDe\},47,25,72
H?BDe\~,48,30,75
H?BDe]n,66,22,77
H?BDe]v,53,23,59
H?BDe]z,49,22,57
H?BDe]{,45,16,59
H?BDe]|,46,21,61
H?BDe]},49,20,59
H?BDe]~,51,24,61
H?BDe^N,77,32,129
H?BDe^f,68,17,69
H?BDe^j,60,17,58
H?BDe^k,57,14,55
H?BDe^l,60,17,58
H?BDe^m,57,18,60
H?BDe^n,61,20,63
H?BDe^r,52,21,47
H?BDe^s,44,13,41
H?BDe^t,49,17,39
H?BDe^u,45,17,43
H?BDe^v,53,20,39
H?BDe^w,36,14,25
H?BDe^x,37,18,25
H?BDe^y,47,17,32
H?BDe^z,47,20,35
H?BDe^{,37,16,27
H?BDe^|,40,20,25
H?BDe^},40,20,25
H?BDe^~,43,23,24
H?BDf?N,53,19,98
H?BDf?Z,76,16,128
H?BDf?],61,16,99
H?BDf?^,52,23,93
H?BDf?j,87,12,91
H?BDf?n,55,19,91
H?BDf?x,51,10,159
H?BDf?z,77,15,124
H?BDf?{,46,10,109
H?BDf?|,54,14,100
H?BDf?},60,14,106
H?BDf?~,50,22,84
H?BDf@J,85,11,94
H?BDf@M,66,10,74
H?BDf@N,55,17,82
H?BDf@X,57,8,144
H?BDf@Y,80,9,153
H?BDf@Z,84,13,119
H?BDf@[,35,8,100
H?BDf@\,59,12,85
H?BDf@],62,12,94
H?BDf@^,52,18,73
H?BDf@h,77,9,94
H?BDf@i,89,8,113
H?BDf@j,98,13,76
H?BDf@k,42,9,79
H?BDf@l,66,12,65
H?BDf@m,68,11,64
H?BDf@n,55,17,72
H?BDf@w,31,11,134
H?BDf@x,72,11,133
H?BDf@y,89,9,154
H?BDf@z,90,13,105
H?BDf@{,54,9,93
H?BDf@|,54,14,75
H?BDf@},56,13,87
H?BDf@~,47,16,63
H?BDfAN,56,11,76
H?BDfAZ,97,11,96
H?BDfA[,46,7,90
H?BDfA\,64,10,70
H?BDfA],67,10,79
H?BDfA^,49,15,66
H?BDfAj,102,11,63
H?BDfAl,67,10,55
H?BDfAm,75,9,48
H?BDfAn,57,12,63
H?BDfAx,77,9,130
H?BDfAy,80,8,152
H?BDfAz,102,11,82
H?BDfA{,55,8,81
H?BDfA|,60,12,58
H?BDfA},65,11,67
H?BDfA~,47,13,52
H?BDfBJ,93,10,84
H?BDfBL,65,9,69
H?BDfBM,69,9,65
H?BDfBN,58,14,72
H?BDfBX,67,8,129
H?BDfBY,74,8,146
H?BDfBZ,90,11,94
H?BDfB[,50,8,86
H?BDfB\,60,11,59
H?BDfB],64,11,68
H?BDfB^,49,13,50
H?BDfBh,74,10,103
H?BDfBi,73,8,128
H?BDfBj,101,11,80
H?BDfBk,38,9,74
H?BDfBl,69,11,52
H?BDfBm,74,10,48
H?BDfBn,62,13,55
H?BDfBw,34,19,115
H?BDfBx,82,20,106
H?BDfBy,90,24,120
H?BDfBz,98,14,84
H?BDfB{,51,13,66
H?BDfB|,54,12,46
H?BDfB},58,12,56
H?BDfB~,39,14,22
H?BDfC|,47,21,88
H?BDfC~,52,27,89
H?BDfD\,48,17,78
H?BDfD],45,19,79
H?BDfD^,52,24,78
H?BDfDl,56,14,74
H?BDfDm,42,17,61
H?BDfDn,55,20,81
H?BDfDx,91,13,104
H?BDfDy,86,14,108
H?BDfDz,78,17,87
H?BDfD{,47,13,57
H?BDfD|,46,16,64
H?BDfD},44,18,64
H?BDfD~,46,21,68
H?BDfE],43,14,73
H?BDfE^,52,18,70
H?BDfEm,41,11,56
H?BDfEn,61,14,68
H?BDfEx,100,11,84
H?BDfEy,99,12,84
H?BDfEz,93,14,61
H?BDfE{,44,11,49
H?BDfE|,46,13,53
H?BDfE},43,14,55
H?BDfE~,48,16,56
H?BDfFM,45,14,61
H?BDfFN,61,16,79
H?BDfFX,95,11,89
H?BDfFY,89,12,94
H?BDfFZ,84,14,70
H?BDfF[,42,11,51
H?BDfF\,45,13,54
H?BDfF],44,15,53
H?BDfF^,49,17,54
H?BDfFh,105,9,78
H?BDfFi,99,11,70
H?BDfFj,98,12,72
H?BDfFk,31,9,44
H?BDfFl,57,12,61
H?BDfFm,32,13,46
H?BDfFn,61,16,63
H?BDfFw,52,11,54
H?BDfFx,94,14,88
H?BDfFy,94,14,88
H?BDfFz,81,15,54
H?BDfF{,34,12,24
H?BDfF|,37,14,24
H?BDfF},35,15,25
H?BDfF~,38,17,25
H?BDfGz,47,25,84
H?BDfG|,60,22,100
H?BDfG},45,23,88
H?BDfG~,50,31,87
H?BDfHY,47,15,70
H?BDfHZ,52,23,68
H?BDfH\,63,18,88
H?BDfH],45,18,80
H?BDfH^,50,27,77
H?BDfHi,53,13,55
H?BDfHj,60,18,66
H?BDfHl,70,16,70
H?BDfHm,53,16,75
H?BDfHn,57,22,77
H?BDfHw,48,11,61
H?BDfHx,60,15,68
H?BDfHy,44,15,58
H?BDfHz,45,20,61
H?BDfH{,47,14,69
H?BDfH|,57,19,78
H?BDfH},43,18,65
H?BDfH~,45,24,66
H?BDfI],45,15,70
H?BDfI^,51,21,68
H?BDfIm,61,13,58
H?BDfIn,62,17,64
H?BDfIx,67,13,50
H?BDfIy,42,13,49
H?BDfIz,48,17,47
H?BDfI{,47,12,58
H?BDfI|,66,15,59
H?BDfI},45,15,52
H?BDfI~,48,19,53
H?BDfJM,60,13,71
H?BDfJN,62,20,74
H?BDfJX,62,13,55
H?BDfJY,43,13,48
H?BDfJZ,45,17,50
H?BDfJ[,47,12,58
H?BDfJ\,65,15,60
H?BDfJ],43,15,54
H?BDfJ^,48,20,52
H?BDfJh,65,12,43
H?BDfJi,46,11,39
H?BDfJj,54,15,48
H?BDfJk,52,11,45
H?BDfJl,72,14,44
H?BDfJm,57,13,47
H?BDfJn,61,17,48
H?BDfJw,40,11,40
H?BDfJx,55,13,44
H?BDfJy,43,13,28
H?BDfJz,43,16,31
H?BDfJ{,42,13,43
H?BDfJ|,58,16,46
H?BDfJ},42,15,33
H?BDfJ~,37,19,24
H?BDfK~,48,37,95
H?BDfL^,48,32,85
H?BDfLn,56,26,86
H?BDfLz,46,24,65
H?BDfL{,46,18,62
H?BDfL|,46,23,66
H?BDfL},44,24,67
H?BDfL~,46,28,70
H?BDfMz,48,20,52
H?BDfM{,43,15,54
H?BDfM|,44,19,57
H?BDfM},44,19,57
H?BDfM~,47,22,59
H?BDfNZ,46,20,54
H?BDfN[,44,15,53
H?BDfN\,46,19,55
H?BDfN],43,20,57
H?BDfN^,48,23,57
H?BDfNj,59,15,52
H?BDfNk,59,14,44
H?BDfNl,60,15,51
H?BDfNm,59,17,50
H?BDfNn,63,18,54
H?BDfNw,34,13,23
H?BDfNx,35,16,24
H?BDfNy,43,16,31
H?BDfNz,45,18,33
H?BDfN{,35,15,25
H?BDfN|,37,18,25
H?BDfN},36,19,25
H?BDfN~,38,21,26
H?BDfOv,49,19,88
H?BDfOz,71,22,159
H?BDfO{,43,13,126
H?BDfO|,56,22,118
H?BDfO},54,21,107
H?BDfO~,47,30,103
H?BDfPV,52,17,74
H?BDfPY,54,13,154
H?BDfPZ,71,22,159
H?BDfP[,35,12,109
H?BDfP\,62,19,101
H?BDfP],55,18,95
H?BDfP^,48,27,90
H?BDfPf,60,14,82
H?BDfPi,59,11,122
H?BDfPj,90,16,115
H?BDfPk,53,12,91
H?BDfPl,68,16,85
H?BDfPm,52,16,88
H?BDfPn,54,22,92
H?BDfPq,68,11,113
H?BDfPr,97,15,109
H?BDfPs,46,12,86
H?BDfPt,63,15,65
H?BDfPu,55,16,59
H?BDfPv,45,21,60
H?BDfPw,35,11,123
H?BDfPx,38,17,197
H?BDfPy,59,15,150
H?BDfPz,81,20,139
H?BDfP{,52,13,103
H?BDfP|,61,20,84
H?BDfP},52,18,80
H?BDfP~,48,24,72
H?BDfQ],61,16,77
H?BDfQ^,47,22,81
H?BDfQm,56,13,74
H?BDfQn,55,17,82
H?BDfQr,106,13,89
H?BDfQu,55,12,63
H?BDfQv,47,18,61
H?BDfQx,53,15,184
H?BDfQy,59,13,138
H?BDfQz,98,17,110
H?BDfQ{,45,12,97
H?BDfQ|,63,16,71
H?BDfQ},56,16,63
H?BDfQ~,48,20,60
H?BDfRM,57,14,85
H?BDfRN,57,20,91
H?BDfRU,57,13,60
H?BDfRV,48,18,60
H?BDfRX,45,15,178
H?BDfRY,46,15,135
H?BDfRZ,82,17,126
H?BDfR[,51,12,91
H?BDfR\,68,17,65
H?BDfR],58,16,61
H?BDfR^,50,21,57
H?BDfRe,56,12,64
H?BDfRf,59,13,71
H?BDfRh,48,11,149
H?BDfRi,46,13,110
H?BDfRj,97,14,99
H?BDfRk,57,11,75
H?BDfRl,72,14,54
H?BDfRm,58,13,55
H?BDfRn,59,18,58
H?BDfRp,47,16,145
H?BDfRq,54,11,104
H?BDfRr,101,13,96
H?BDfRs,39,11,67
H?BDfRt,69,13,44
H?BDfRu,57,14,41
H?BDfRv,49,18,38
H?BDfRw,39,16,99
H?BDfRx,44,26,170
H?BDfRy,54,23,118
H?BDfRz,87,19,118
H?BDfR{,45,15,75
H?BDfR|,62,18,48
H?BDfR},54,16,42
H?BDfR~,44,20,21
H?BDfS~,47,36,109
H?BDfT^,48,33,95
H?BDfTn,57,27,96
H?BDfTv,46,25,64
H?BDfTz,77,23,108
H?BDfT{,50,18,67
H?BDfT|,48,23,73
H?BDfT},48,23,73
H?BDfT~,48,28,77
H?BDfUz,92,20,80
H?BDfU},47,19,62
H?BDfU~,48,23,65
H?BDfVZ,79,21,92
H?BDfV],49,20,59
H?BDfV^,50,24,62
H?BDfVj,96,16,83
H?BDfVm,59,16,60
H?BDfVn,63,19,62
H?BDfVr,95,17,68
H?BDfVs,46,13,39
H?BDfVt,47,16,42
H?BDfVu,45,16,44
H?BDfVv,50,19,43
H?BDfVw,46,14,75
H?BDfVx,77,19,128
H?BDfVy,84,18,122
H?BDfVz,79,19,72
H?BDfV{,40,16,24
H?BDfV|,41,19,25
H?BDfV},41,19,25
H?BDfV~,43,22,25
H?BDfW},49,26,105
H?BDfW~,48,34,110
H?BDfX],47,22,96
H?BDfX^,47,30,99
H?BDfXm,54,19,95
H?BDfXn,56,25,99
H?BDfXu,46,19,61
H?BDfXv,47,24,64
H?BDfXy,51,19,65
H?BDfXz,50,24,70
H?BDfX{,51,17,82
H?BDfX|,63,22,91
H?BDfX},49,21,74
H?BDfX~,48,28,77
H?BDfYu,45,14,67
H?BDfYv,48,20,67
H?BDfYy,47,16,57
H?BDfYz,48,21,59
H?BDfY{,47,15,73
H?BDfY|,63,18,79
H?BDfY},50,18,60
H?BDfY~,49,23,64
H?BDfZY,48,16,56
H?BDfZZ,46,20,62
H?BDfZ[,51,15,69
H?BDfZ\,71,18,71
H?BDfZ],47,18,63
H?BDfZ^,47,24,65
H?BDfZi,59,13,54
H?BDfZj,59,16,60
H?BDfZk,61,14,51
H?BDfZl,78,16,56
H?BDfZm,59,16,60
H?BDfZn,61,20,63
H?BDfZq,46,13,53
H?BDfZr,49,18,53
H?BDfZs,38,13,47
H?BDfZt,70,15,50
H?BDfZu,47,16,42
H?BDfZv,50,20,42
H?BDfZw,40,13,52
H?BDfZx,60,16,52
H?BDfZy,50,16,30
H?BDfZz,48,19,35
H?BDfZ{,43,16,53
H?BDfZ|,64,19,53
H?BDfZ},49,18,35
H?BDfZ~,43,22,25
H?BDf\},49,27,77
H?BDf\~,49,33,80
H?BDf]},50,22,64
H?BDf]~,51,27,66
H?BDf^],48,23,65
H?BDf^^,49,28,67
H?BDf^m,62,20,62
H?BDf^n,65,22,66
H?BDf^u,46,19,47
H?BDf^v,52,23,44
H?BDf^y,49,19,34
H?BDf^z,49,22,37
H?BDf^{,40,18,27
H?BDf^|,41,22,27
H?BDf^},43,22,25
H?BDf^~,44,25,26
H?BDf_},58,17,107
H?BDf_~,46,26,96
H?BDf`m,60,15,81
H?BDf`n,49,20,71
H?BDf`w,32,18,142
H?BDf`x,52,16,166
H?BDf`y,73,14,160
H?BDf`z,93,16,115
H?BDf`{,54,12,103
H?BDf`|,57,17,80
H?BDf`},55,16,83
H?BDf`~,48,19,68
H?BDfam,65,15,63
H?BDfan,46,16,64
H?BDfay,69,13,152
H?BDfaz,104,14,92
H?BDfa{,47,12,97
H?BDfa|,62,14,64
H?BDfa},62,15,63
H?BDfa~,46,16,58
H?BDfbM,57,13,86
H?BDfbN,50,19,71
H?BDfbi,52,13,143
H?BDfbj,91,14,91
H?BDfbk,47,11,85
H?BDfbl,63,14,49
H?BDfbm,62,15,49
H?BDfbn,48,16,41
H?BDfbw,37,25,120
H?BDfbx,57,24,143
H?BDfby,69,24,131
H?BDfbz,95,17,98
H?BDfb{,50,16,74
H?BDfb|,58,15,47
H?BDfb},59,16,45
H?BDfb~,40,17,23
H?BDfdz,89,21,85
H?BDfd{,47,15,64
H?BDfd|,48,20,67
H?BDfd},45,20,70
H?BDfd~,47,25,72
H?BDfe},45,16,59
H?BDfe~,47,20,61
H?BDffm,46,16,43
H?BDffn,49,19,44
H?BDffw,48,14,64
H?BDffx,94,17,99
H?BDffy,95,16,99
H?BDffz,88,17,55
H?BDff{,37,14,24
H?BDff|,38,17,25
H?BDff},38,17,25
H?BDff~,39,20,26
H?BDfhy,48,16,62
H?BDfhz,48,21,66
H?BDfh{,47,15,78
H?BDfh|,62,20,83
H?BDfh},45,19,71
H?BDfh~,48,25,71
H?BDfi},47,16,57
H?BDfi~,49,20,59
H?BDfjm,45,15,45
H?BDfjn,48,19,45
H?BDfjw,40,12,46
H?BDfjx,61,14,45
H?BDfjy,46,14,30
H?BDfjz,47,17,32
H?BDfj{,43,14,48
H?BDfj|,65,16,47
H?BDfj},45,16,35
H?BDfj~,40,20,25
H?BDfl},45,25,74
H?BDfl~,50,31,72
H?BDfny,45,17,34
H?BDfnz,50,20,32
H?BDfn{,40,17,23
H?BDfn|,40,20,25
H?BDfn},40,20,25
H?BDfn~,41,23,26
H?BDfpu,53,17,70
H?BDfpv,43,22,70
H?BDfpy,62,18,160
H?BDfpz,77,21,158
H?BDfp{,51,15,114
H?BDfp|,53,20,103
H?BDfp},47,19,94
H?BDfp~,45,25,83
H?BDfq},52,17,75
H?BDfq~,47,21,68
H?BDfrm,53,16,59
H?BDfrn,48,20,51
H?BDfru,56,15,49
H?BDfrv,49,18,45
H?BDfrw,43,21,101
H?BDfrx,52,32,172
H?BDfry,60,28,120
H?BDfrz,76,22,140
H?BDfr{,49,18,77
H?BDfr|,52,17,67
H?BDfr},52,17,50
H?BDfr~,44,21,25
H?BDft},45,25,83
H?BDft~,48,30,84
H?BDfvy,80,21,137
H?BDfvz,76,21,83
H?BDfv},44,20,26
H?BDfv~,46,23,26
H?BDfx},45,23,85
H?BDfx~,47,29,86
H?BDfzy,50,17,35
H?BDfzz,47,20,41
H?BDfz{,46,17,56
H?BDfz|,54,19,71
H?BDfz},49,19,40
H?BDfz~,46,23,26
H?BDf~},48,23,24
H?BDf~~,49,26,25
H?BDhwn,83,73,250
H?BDhwz,66,58,226
H?BDhw|,79,60,211
H?BDhw},69,60,221
H?BDhw~,71,76,228
H?BDhxN,66,43,176
H?BDhxj,59,33,133
H?BDhxm,53,31,141
H?BDhxn,56,39,145
H?BDhxr,54,28,100
H?BDhxt,55,29,98
H?BDhxu,50,29,103
H?BDhxv,53,35,107
H?BDhxx,54,24,117
H?BDhxy,49,24,122
H?BDhxz,53,31,124
H?BDhx{,50,25,120
H?BDhx|,52,31,125
H?BDhx},49,32,127
H?BDhx~,56,38,127
H?BDhyN,87,43,192
H?BDhyf,80,22,106
H?BDhyj,78,26,134
H?BDhym,77,23,138
H?BDhyn,74,34,147
H?BDhyr,76,21,111
H?BDhyt,66,23,106
H?BDhyu,78,22,108
H?BDhyv,73,29,122
H?BDhyy,65,18,127
H?BDhyz,65,26,119
H?BDhy{,57,21,118
H?BDhy|,65,28,132
H?BDhy},66,27,132
H?BDhy~,68,34,122
H?BDhzF,54,21,79
H?BDhzJ,55,21,74
H?BDhzN,48,30,82
H?BDhzb,42,15,27
H?BDhzd,46,16,50
H?BDhzf,47,20,53
H?BDhzi,43,16,46
H?BDhzj,47,20,45
H?BDhzk,44,16,45
H?BDhzl,44,18,50
H?BDhzm,46,18,48
H?BDhzn,49,22,48
H?BDhzp,39,14,31
H?BDhzq,40,15,29
H?BDhzr,41,18,31
H?BDhzs,39,15,30
H?BDhzt,43,17,30
H?BDhzu,42,17,31
H?BDhzv,45,20,31
H?BDhzw,35,15,25
H?BDhzx,45,17,34
H?BDhzy,41,17,38
H?BDhzz,39,21,25
H?BDhz{,38,17,25
H?BDhz|,45,19,38
H?BDhz},46,19,37
H?BDhz~,42,23,25
H?BDjW^,60,61,224
H?BDjWz,46,43,196
H?BDjW},53,44,188
H?BDjW~,53,56,195
H?BDjXV,66,30,142
H?BDjX],55,32,168
H?BDjXm,51,28,145
H?BDjXr,53,30,99
H?BDjXu,54,29,99
H?BDjXv,55,36,104
H?BDjX},49,31,128
H?BDjYZ,45,23,82
H?BDjY],43,19,88
H?BDjY^,42,25,93
H?BDjYm,57,18,79
H?BDjYr,43,19,64
H?BDjYu,41,15,70
H?BDjYv,44,20,71
H?BDjYy,45,18,57
H?BDjYz,41,22,65
H?BDjY},46,20,62
H?BDjY~,44,24,68
H?BDjZF,68,16,98
H?BDjZM,60,17,91
H?BDjZR,42,15,55
H?BDjZV,45,21,69
H?BDjZZ,40,22,66
H?BDjZ],43,19,66
H?BDjZ^,44,24,68
H?BDjZb,38,14,52
H?BDjZe,57,15,71
H?BDjZf,57,17,80
H?BDjZi,45,14,67
H?BDjZm,52,17,66
H?BDjZr,39,18,33
H?BDjZu,41,17,32
H?BDjZv,42,20,34
H?BDjZw,35,15,25
H?BDjZy,43,17,36
H?BDjZz,35,21,29
H?BDjZ{,35,17,28
H?BDjZ},43,19,40
H?BDjZ~,39,23,28
H?BDj]z,44,25,67
H?BDj]},46,23,67
H?BDj]~,48,27,69
H?BDj^V,48,26,70
H?BDj^Z,41,26,69
H?BDj^^,47,28,69
H?BDj^f,58,23,84
H?BDj^m,54,22,68
H?BDj^r,44,21,31
H?BDj^v,46,23,33
H?BDj^y,36,21,28
H?BDj^z,36,24,30
H?BDj^{,36,19,30
H?BDj^},38,23,29
H?BDj^~,40,26,29
H?BDjgz,50,40,176
H?BDjg~,58,53,174
H?BDjh},55,31,109
H?BDjij,47,20,59
H?BDjin,48,22,65
H?BDjiy,43,16,53
H?BDjiz,44,20,56
H?BDji},45,18,57
H?BDji~,47,22,59
H?BDjjJ,46,20,74
H?BDjjN,50,25,75
H?BDjjj,43,19,43
H?BDjjk,40,17,41
H?BDjjm,43,17,45
H?BDjjn,47,21,44
H?BDjjw,32,14,24
H?BDjjy,40,16,34
H?BDjjz,34,20,26
H?BDjj{,34,16,25
H?BDjj},41,18,37
H?BDjj~,36,22,27
H?BDjmn,45,26,73
H?BDjmz,43,23,62
H?BDjm},45,21,62
H?BDjm~,47,25,64
H?BDjnN,48,29,83
H?BDjnj,43,21,48
H?BDjnn,47,23,49
H?BDjnz,35,22,28
H?BDjn{,36,18,26
H?BDjn},35,21,29
H?BDjn~,35,24,31
H?BDjon,61,46,208
H?BDjov,66,30,170
H?BDjoz,57,38,190
H?BDjo},56,36,193
H?BDjo~,55,48,201
H?BDjpN,66,39,180
H?BDjpf,59,23,114
H?BDjpj,59,29,137
H?BDjpm,55,24,146
H?BDjpn,53,33,154
H?BDjpr,60,26,96
H?BDjpu,57,23,102
H?BDjpv,54,29,112
H?BDjpw,57,14,111
H?BDjpx,61,21,113
H?BDjpy,56,21,118
H?BDjpz,60,28,120
H?BDjp{,53,19,123
H?BDjp|,58,25,125
H?BDjp},53,25,130
H?BDjp~,54,32,135
H?BDjqN,53,23,89
H?BDjqf,51,13,62
H?BDjqj,49,19,67
H?BDjqm,60,19,71
H?BDjqn,46,23,75
H?BDjqr,48,16,62
H?BDjqu,58,14,68
H?BDjqv,47,19,69
H?BDjqw,46,12,54
H?BDjqz,49,21,58
H?BDjq{,46,15,59
H?BDjq|,48,18,62
H?BDjq},58,20,66
H?BDjq~,50,25,61
H?BDjrF,54,20,80
H?BDjrJ,51,17,82
H?BDjrM,55,18,92
H?BDjrN,49,25,86
H?BDjrb,43,14,27
H?BDjre,58,14,54
H?BDjrf,47,18,55
H?BDjrg,45,12,41
H?BDjrj,47,18,47
H?BDjrk,51,15,39
H?BDjrl,49,17,46
H?BDjrm,57,17,54
H?BDjrn,48,22,49
H?BDjro,30,11,24
H?BDjrr,45,16,29
H?BDjrs,44,16,24
H?BDjrt,45,16,29
H?BDjru,60,16,29
H?BDjrv,49,19,28
H?BDjrw,39,13,23
H?BDjrx,50,16,30
H?BDjry,52,16,44
H?BDjrz,48,19,35
H?BDjr{,40,16,24
H?BDjr|,50,18,34
H?BDjr},56,18,45
H?BDjr~,44,22,24
H?BDjtz,60,37,124
H?BDjt},49,34,138
H?BDjt~,52,42,140
H?BDjuz,50,23,63
H?BDju},49,22,65
H?BDju~,51,27,66
H?BDjvN,47,31,92
H?BDjvf,47,22,59
H?BDjvj,47,21,51
H?BDjvm,49,21,49
H?BDjvn,48,25,53
H?BDjvr,45,19,32
H?BDjvu,46,19,31
H?BDjvv,49,22,31
H?BDjvz,49,23,36
H?BDjv{,40,18,27
H?BDjv|,42,22,26
H?BDjv},41,23,26
H?BDjv~,44,25,26
H?BDjxy,50,25,133
H?BDjxz,52,33,136
H?BDjx|,57,33,131
H?BDjx},52,33,136
H?BDjx~,55,41,138
H?BDjyy,47,20,61
H?BDjy},51,22,63
H?BDjy~,50,27,67
H?BDjzi,44,17,51
H?BDjzm,48,19,52
H?BDjzn,49,24,53
H?BDjzq,44,16,30
H?BDjzu,46,18,32
H?BDjzv,48,21,33
H?BDjzy,44,18,40
H?BDjzz,42,22,26
H?BDjz{,42,18,25
H?BDjz|,48,21,39
H?BDjz},48,21,39
H?BDjz~,45,24,26
H?BDj|~,55,49,143
H?BDj~},44,24,27
H?BDj~~,46,27,27
H?BDlW^,79,47,210
H?BDlWv,79,33,135
H?BDlWz,64,37,151
H?BDlW},68,33,151
H?BDlW~,68,46,156
H?BDlXV,50,21,83
H?BDlXZ,54,29,82
H?BDlX^,47,32,97
H?BDlXf,62,18,89
H?BDlXm,55,21,92
H?BDlXr,45,23,58
H?BDlXv,43,26,66
H?BDlXy,47,20,68
H?BDlXz,46,26,72
H?BDlX{,47,19,69
H?BDlX},47,23,74
H?BDlX~,47,29,77
H?BDlYV,94,21,145
H?BDlYZ,89,32,159
H?BDlY],86,24,170
H?BDlY^,91,39,170
H?BDlYf,85,19,112
H?BDlYm,85,22,140
H?BDlYr,81,22,105
H?BDlYu,81,23,104
H?BDlYv,82,28,114
H?BDlYy,76,20,114
H?BDlYz,74,28,108
H?BDlY{,71,22,103
H?BDlY},77,27,121
H?BDlY~,80,34,110
H?BDlZF,66,18,98
H?BDlZM,61,18,89
H?BDlZR,47,15,50
H?BDlZV,47,22,66
H?BDlZY,46,17,57
H?BDlZZ,48,22,58
H?BDlZ[,44,16,60
H?BDlZ],46,19,63
H?BDlZ^,51,24,61
H?BDlZb,39,14,51
H?BDlZe,59,16,68
H?BDlZf,62,17,75
H?BDlZi,53,14,59
H?BDlZm,60,18,57
H?BDlZq,42,15,27
H?BDlZr,43,18,29
H?BDlZs,40,15,29
H?BDlZu,42,17,31
H?BDlZv,46,20,30
H?BDlZw,37,15,23
H?BDlZy,46,17,33
H?BDlZz,39,21,25
H?BDlZ{,39,17,24
H?BDlZ},46,19,37
H?BDlZ~,43,23,24
H?BDl\^,43,38,106
H?BDl\z,45,31,77
H?BDl\},46,29,78
H?BDl\~,46,34,82
H?BDl]^,97,47,176
H?BDl]z,78,33,113
H?BDl]},77,34,113
H?BDl]~,84,39,115
H?BDl^V,48,25,71
H?BDl^Z,41,26,69
H?BDl^],44,23,69
H?BDl^^,47,28,69
H?BDl^f,70,20,75
H?BDl^m,61,21,62
H?BDl^r,45,21,30
H?BDl^u,41,20,35
H?BDl^v,48,23,31
H?BDl^y,37,20,28
H?BDl^z,38,23,29
H?BDl^{,38,19,28
H?BDl^},39,22,29
H?BDl^~,42,25,28
H?BDlgn,75,43,155
H?BDlgz,63,30,141
H?BDlg~,63,41,148
H?BDlhj,44,22,74
H?BDlhn,45,25,80
H?BDlhy,40,18,68
H?BDlhz,42,21,72
H?BDlh{,42,18,66
H?BDlh},41,21,73
H?BDlh~,44,24,76
H?BDliN,97,35,167
H?BDlij,86,22,113
H?BDlin,86,28,124
H?BDliy,74,16,105
H?BDliz,73,23,100
H?BDli{,68,21,93
H?BDli},75,24,111
H?BDli~,79,31,100
H?BDljJ,45,21,74
H?BDljN,48,21,81
H?BDlji,38,15,45
H?BDljj,43,17,45
H?BDljk,38,15,45
H?BDljm,41,17,47
H?BDljn,47,19,46
H?BDljw,32,14,24
H?BDljy,40,16,34
H?BDljz,38,18,24
H?BDlj{,34,16,25
H?BDlj},41,18,37
H?BDlj~,40,20,25
H?BDlln,46,31,83
H?BDllz,44,27,73
H?BDll},47,25,72
H?BDll~,46,30,77
H?BDlmn,94,31,130
H?BDlmz,78,26,106
H?BDlm},78,30,102
H?BDlm~,84,34,106
H?BDlnN,49,26,85
H?BDlnj,43,20,49
H?BDlnn,47,22,50
H?BDlny,36,18,26
H?BDlnz,37,21,27
H?BDln{,37,17,26
H?BDln},37,20,28
H?BDln~,37,23,30
H?BDlon,75,38,181
H?BDlov,79,26,142
H?BDloz,67,31,154
H?BDlo|,66,26,160
H?BDlo~,64,38,168
H?BDlpN,52,29,99
H?BDlpf,48,18,74
H?BDlpj,50,23,77
H?BDlpl,42,20,88
H?BDlpn,46,28,86
H?BDlpr,45,20,61
H?BDlpt,43,19,64
H?BDlpv,42,24,69
H?BDlpx,49,18,68
H?BDlpz,48,23,73
H?BDlp{,44,17,74
H?BDlp|,46,21,77
H?BDlp},53,21,86
H?BDlp~,46,27,80
H?BDlqN,95,35,192
H?BDlqf,84,17,107
H?BDlqj,82,22,134
H?BDlqm,79,19,140
H?BDlqn,82,28,145
H?BDlqr,83,20,105
H?BDlqu,80,18,110
H?BDlqv,80,23,121
H?BDlqx,74,14,122
H?BDlqz,76,23,111
H?BDlq{,68,19,109
H?BDlq|,75,20,130
H?BDlq},74,20,131
H?BDlq~,78,28,118
H?BDlrF,52,20,82
H?BDlrJ,49,17,84
H?BDlrN,46,27,87
H?BDlrb,42,14,28
H?BDlrf,46,18,56
H?BDlrj,45,18,49
H?BDlrk,46,15,44
H?BDlrl,45,17,50
H?BDlrm,60,17,51
H?BDlrn,48,21,50
H?BDlrp,43,13,28
H?BDlrr,43,16,31
H?BDlrs,44,15,25
H?BDlrt,45,16,29
H?BDlru,61,16,28
H?BDlrv,48,19,29
H?BDlrw,37,13,25
H?BDlrx,46,16,34
H?BDlry,54,17,41
H?BDlrz,48,19,35
H?BDlr{,38,16,26
H?BDlr|,46,18,38
H?BDlr},58,18,43
H?BDlr~,43,22,25
H?BDlt|,46,29,78
H?BDlt~,47,32,83
H?BDluz,80,28,116
H?BDlu},74,28,122
H?BDlu~,79,34,125
H?BDlvN,46,29,95
H?BDlvf,47,20,61
H?BDlvj,45,20,54
H?BDlvn,47,24,55
H?BDlvr,44,18,34
H?BDlvt,45,19,32
H?BDlvv,49,21,32
H?BDlvx,46,20,36
H?BDlvz,48,22,38
H?BDlv{,40,18,27
H?BDlv|,41,21,28
H?BDlv},41,21,28
H?BDlv~,43,24,28
H?BDlw~,62,50,176
H?BDlxn,47,32,91
H?BDlxv,44,27,73
H?BDlxy,47,21,76
H?BDlxz,47,27,79
H?BDlx|,48,24,81
H?BDlx},49,24,80
H?BDlx~,48,30,84
H?BDlyy,72,20,133
H?BDlyz,72,28,124
H?BDly|,73,29,138
H?BDly},74,30,136
H?BDly~,76,36,126
H?BDlzi,45,17,50
H?BDlzj,46,21,52
H?BDlzm,47,19,53
H?BDlzn,48,23,55
H?BDlzq,43,16,31
H?BDlzr,43,19,34
H?BDlzt,45,18,33
H?BDlzu,45,18,33
H?BDlzv,48,21,33
H?BDlzw,39,16,25
H?BDlzx,46,18,38
H?BDlzy,45,18,39
H?BDlzz,42,22,26
H?BDlz{,42,18,25
H?BDlz|,46,20,42
H?BDlz},49,20,39
H?BDlz~,45,24,26
H?BDl|~,52,35,84
H?BDl}~,83,41,128
H?BDl~v,51,23,34
H?BDl~z,43,24,28
H?BDl~{,44,20,26
H?BDl~|,44,23,28
H?BDl~},45,23,27
H?BDl~~,46,26,28
H?BDm\|,47,28,78
H?BDm\~,46,33,83
H?BDm]|,44,25,67
H?BDm]~,48,26,70
H?BDm^N,83,41,131
H?BDm^f,73,22,70
H?BDm^j,54,22,68
H?BDm^l,62,19,63
H?BDm^n,64,24,65
H?BDm^r,48,20,28
H?BDm^t,45,20,31
H?BDm^u,43,19,34
H?BDm^v,49,22,31
H?BDm^x,37,20,28
H?BDm^z,37,23,30
H?BDm^{,37,18,30
H?BDm^|,39,22,29
H?BDm^},39,22,29
H?BDm^~,41,25,29
H?BDnL|,46,26,72
H?BDnL},45,26,73
H?BDnL~,47,31,75
H?BDnM|,44,21,63
H?BDnM},44,20,64
H?BDnM~,48,24,64
H?BDnNZ,44,23,61
H?BDnN\,44,21,63
H?BDnN],43,21,64
H?BDnN^,49,25,62
H?BDnNj,57,19,59
H?BDnNl,59,18,58
H?BDnNm,58,20,57
H?BDnNn,64,22,58
H?BDnNx,35,18,27
H?BDnNy,35,18,27
H?BDnNz,36,21,28
H?BDnN{,37,17,26
H?BDnN|,38,20,27
H?BDnN},36,20,29
H?BDnN~,38,23,29
H?BDnO^,49,40,121
H?BDnOn,57,30,123
H?BDnOv,46,23,99
H?BDnOz,40,27,113
H?BDnO|,45,26,109
H?BDnO},52,26,117
H?BDnO~,44,35,113
H?BDnPN,57,24,115
H?BDnPV,47,19,88
H?BDnPZ,48,26,91
H?BDnP\,42,22,101
H?BDnP],51,22,107
H?BDnP^,42,30,104
H?BDnPf,60,16,93
H?BDnPj,58,21,89
H?BDnPl,53,19,96
H?BDnPm,46,18,104
H?BDnPn,52,25,103
H?BDnPr,44,21,61
H?BDnPt,40,19,67
H?BDnPu,54,19,67
H?BDnPv,41,24,70
H?BDnPx,48,18,69
H?BDnPy,51,18,81
H?BDnPz,45,23,76
H?BDnP{,46,17,72
H?BDnP|,46,21,77
H?BDnP},49,21,90
H?BDnP~,44,27,82
H?BDnQN,66,18,98
H?BDnQV,49,14,77
H?BDnQZ,47,20,83
H?BDnQ],59,19,87
H?BDnQ^,42,25,93
H?BDnQf,68,11,77
H?BDnQj,60,17,77
H?BDnQm,56,16,82
H?BDnQn,61,20,84
H?BDnQr,45,16,65
H?BDnQu,54,14,72
H?BDnQv,44,19,72
H?BDnQx,43,16,61
H?BDnQy,55,17,63
H?BDnQz,43,20,65
H?BDnQ{,43,15,62
H?BDnQ|,43,18,67
H?BDnQ},54,19,71
H?BDnQ~,45,23,68
H?BDnRF,70,17,95
H?BDnRJ,59,15,94
H?BDnRM,59,16,93
H?BDnRN,58,22,100
H?BDnRR,43,14,55
H?BDnRV,44,20,71
H?BDnRX,44,16,60
H?BDnRY,53,16,66
H?BDnRZ,42,20,66
H?BDnR[,47,15,58
H?BDnR\,43,18,67
H?BDnR],54,18,72
H?BDnR^,43,23,70
H?BDnRb,41,12,64
H?BDnRe,59,14,70
H?BDnRf,60,15,79
H?BDnRh,55,13,72
H?BDnRi,51,15,60
H?BDnRj,57,17,76
H?BDnRk,55,13,58
H?BDnRl,58,16,61
H?BDnRm,55,15,65
H?BDnRn,61,19,64
H?BDnRp,41,13,30
H?BDnRq,54,14,30
H?BDnRr,42,16,32
H?BDnRs,41,15,28
H?BDnRt,41,16,33
H?BDnRu,57,16,32
H?BDnRv,45,19,32
H?BDnRw,36,13,26
H?BDnRx,46,16,34
H?BDnRy,48,16,48
H?BDnRz,44,19,39
H?BDnR{,38,16,26
H?BDnR|,46,18,38
H?BDnR},53,18,48
H?BDnR~,42,22,26
H?BDnT|,45,27,81
H?BDnT},44,27,82
H?BDnT~,45,32,85
H?BDnU},44,22,70
H?BDnU~,47,26,71
H?BDnVZ,42,24,70
H?BDnV],44,23,69
H?BDnV^,44,27,73
H?BDnVj,56,23,81
H?BDnVm,56,20,68
H?BDnVn,60,24,69
H?BDnVr,45,19,32
H?BDnVt,44,20,32
H?BDnVu,43,19,34
H?BDnVv,48,22,32
H?BDnVx,45,19,38
H?BDnVy,38,20,27
H?BDnVz,47,22,39
H?BDnV{,37,18,30
H?BDnV|,40,22,28
H?BDnV},39,22,29
H?BDnV~,42,25,28
H?BDnW~,48,39,117
H?BDnX^,46,33,108
H?BDnXn,56,28,108
H?BDnXv,44,27,73
H?BDnXy,48,21,75
H?BDnXz,46,28,79
H?BDnX|,49,24,80
H?BDnX},48,24,81
H?BDnX~,47,31,84
H?BDnYv,47,21,76
H?BDnYy,48,19,61
H?BDnYz,45,24,67
H?BDnY|,44,20,72
H?BDnY},48,21,67
H?BDnY~,47,26,71
H?BDnZY,44,18,66
H?BDnZZ,42,23,71
H?BDnZ\,46,20,70
H?BDnZ],45,20,71
H?BDnZ^,46,26,72
H?BDnZi,54,15,66
H?BDnZj,56,19,69
H?BDnZl,60,18,66
H?BDnZm,61,18,65
H?BDnZn,63,22,68
H?BDnZq,43,16,31
H?BDnZr,42,19,35
H?BDnZt,42,18,36
H?BDnZu,43,18,35
H?BDnZv,46,21,35
H?BDnZw,40,16,24
H?BDnZx,47,18,37
H?BDnZy,47,18,37
H?BDnZz,40,22,28
H?BDnZ{,40,18,27
H?BDnZ|,46,21,41
H?BDnZ},47,20,41
H?BDnZ~,43,24,28
H?BDn\~,50,36,85
H?BDn]~,51,29,72
H?BDn^^,49,30,73
H?BDn^n,67,26,69
H?BDn^v,50,24,34
H?BDn^z,41,25,29
H?BDn^{,41,20,29
H?BDn^|,42,24,29
H?BDn^},43,24,28
H?BDn^~,44,27,29
H?BDn_n,44,30,108
H?BDn_z,37,24,107
H?BDn_~,42,32,106
H?BDn`N,45,26,97
H?BDn`j,44,22,74
H?BDn`n,41,26,83
H?BDn`x,43,16,67
H?BDn`z,41,21,73
H?BDn`{,38,17,71
H?BDn`|,40,19,76
H?BDn`},49,19,97
H?BDn`~,42,25,77
H?BDnaN,48,20,86
H?BDnaj,44,16,66
H?BDnan,43,20,72
H?BDnaz,41,17,62
H?BDna{,41,13,58
H?BDna|,42,16,62
H?BDna},60,16,74
H?BDna~,44,20,64
H?BDnbJ,44,16,80
H?BDnbN,46,23,81
H?BDnbj,43,16,46
H?BDnbk,39,14,45
H?BDnbl,39,15,51
H?BDnbm,61,15,59
H?BDnbn,43,19,50
H?BDnbw,33,12,25
H?BDnbx,42,14,34
H?BDnby,57,17,46
H?BDnbz,43,17,36
H?BDnb{,34,14,27
H?BDnb|,41,16,39
H?BDnb},57,16,55
H?BDnb~,37,20,28
H?BDnd|,44,25,75
H?BDnd},43,25,76
H?BDnd~,46,30,77
H?BDne},44,20,64
H?BDne~,48,24,64
H?BDnfn,46,22,51
H?BDnfx,44,17,35
H?BDnfy,36,18,26
H?BDnfz,47,20,35
H?BDnf{,37,17,26
H?BDnf|,38,20,27
H?BDnf},37,20,28
H?BDnf~,39,23,28
H?BDnhy,44,20,71
H?BDnhz,45,26,73
H?BDnh|,46,23,75
H?BDnh},45,23,76
H?BDnh~,47,29,77
H?BDniy,46,17,57
H?BDni},47,19,62
H?BDni~,48,23,65
H?BDnji,42,16,47
H?BDnjm,45,18,49
H?BDnjn,48,22,49
H?BDnjw,37,15,23
H?BDnjx,44,17,35
H?BDnjy,45,17,34
H?BDnjz,39,21,25
H?BDnj{,39,17,24
H?BDnj|,46,19,37
H?BDnj},46,19,37
H?BDnj~,40,23,27
H?BDnl~,51,34,77
H?BDnnz,41,23,26
H?BDnn{,41,19,25
H?BDnn|,41,22,27
H?BDnn},40,22,28
H?BDnn~,41,25,29
H?BDnpm,50,22,104
H?BDnpu,54,20,76
H?BDnpv,43,25,76
H?BDnpy,51,19,90
H?BDnpz,47,24,82
H?BDnp{,46,18,80
H?BDnp|,48,22,83
H?BDnp},47,22,101
H?BDnp~,46,29,87
H?BDnqm,59,21,80
H?BDnqu,57,16,77
H?BDnqy,55,19,70
H?BDnq},54,21,78
H?BDnq~,49,26,69
H?BDnrM,52,22,102
H?BDnre,57,16,62
H?BDnri,48,16,64
H?BDnrm,53,18,65
H?BDnrn,47,23,56
H?BDnrq,53,15,37
H?BDnru,57,17,38
H?BDnrv,49,20,33
H?BDnrw,42,14,24
H?BDnrx,48,17,37
H?BDnry,48,17,54
H?BDnrz,46,21,41
H?BDnr{,43,17,25
H?BDnr|,49,20,39
H?BDnr},53,19,54
H?BDnr~,47,23,25
H?BDnt~,47,34,90
H?BDnvz,49,23,42
H?BDnv},45,23,27
H?BDnv~,47,26,27
H?BDnx},46,26,90
H?BDnx~,48,32,91
H?BDnzy,45,19,44
H?BDnzz,45,23,27
H?BDnz{,45,19,26
H?BDnz|,49,21,44
H?BDnz},49,21,44
H?BDnz~,48,25,27
H?BDn~},49,25,26
H?BDn~~,50,28,27
H?BDrov,66,28,191
H?BDroz,84,31,230
H?BDro},59,29,197
H?BDro~,57,41,206
H?BDrpu,58,21,116
H?BDrpy,69,16,200
H?BDrp},60,22,126
H?BDrqf,53,14,68
H?BDrqr,93,17,115
H?BDrqu,61,19,55
H?BDrqv,51,20,57
H?BDrqy,44,14,152
H?BDrqz,101,18,121
H?BDrq{,52,14,69
H?BDrq},61,18,65
H?BDrq~,54,21,61
H?BDrrF,57,26,82
H?BDrrb,77,14,119
H?BDrrc,49,12,51
H?BDrre,56,14,65
H?BDrrf,51,21,56
H?BDrro,22,12,64
H?BDrrq,41,16,138
H?BDrrr,88,16,120
H?BDrrs,55,13,52
H?BDrru,62,16,34
H?BDrrv,54,20,28
H?BDrrw,28,13,64
H?BDrry,48,20,140
H?BDrrz,85,19,134
H?BDrr{,49,14,49
H?BDrr},59,17,43
H?BDrr~,47,21,22
H?BDrt},57,30,134
H?BDru},52,20,64
H?BDru~,53,26,65
H?BDrvf,50,24,62
H?BDrvr,88,19,63
H?BDrvu,54,19,29
H?BDrvv,53,22,33
H?BDrvy,84,17,137
H?BDrvz,89,22,69
H?BDrv{,47,17,21
H?BDrv},45,21,24
H?BDrv~,48,23,24
H?BDrw~,54,52,217
H?BDrxy,61,22,125
H?BDrx{,52,20,136
H?BDrx|,57,26,138
H?BDrx},55,26,140
H?BDrx~,56,37,141
H?BDryv,47,22,67
H?BDryy,55,17,56
H?BDryz,54,22,60
H?BDry{,49,16,63
H?BDry|,55,19,79
H?BDry},54,19,63
H?BDry~,52,24,68
H?BDrze,48,18,62
H?BDrzf,50,23,63
H?BDrzq,51,16,29
H?BDrzs,52,16,44
H?BDrzt,56,18,45
H?BDrzu,51,18,33
H?BDrzv,50,22,36
H?BDrzy,54,17,31
H?BDrzz,52,20,36
H?BDrz{,46,17,39
H?BDrz|,52,21,53
H?BDrz},52,20,36
H?BDrz~,48,23,24
H?BDr|~,58,44,145
H?BDr}~,52,30,70
H?BDr~v,50,25,39
H?BDr~{,46,20,24
H?BDr~|,47,24,24
H?BDr~},48,23,24
H?BDr~~,50,26,24
H?BDtov,75,26,151
H?BDtoz,84,27,149
H?BDto},66,20,166
H?BDto~,66,33,171
H?BDtpf,51,18,81
H?BDtpr,92,19,129
H?BDtpv,47,24,73
H?BDtpw,40,12,88
H?BDtpz,97,20,139
H?BDtp{,53,14,83
H?BDtp},59,19,82
H?BDtp~,51,25,77
H?BDtqf,79,17,114
H?BDtqr,107,21,93
H?BDtqu,74,14,122
H?BDtqv,75,23,112
H?BDtqy,81,13,153
H?BDtqz,110,22,106
H?BDtq{,71,13,126
H?BDtq},76,16,133
H?BDtq~,77,24,123
H?BDtrF,54,26,85
H?BDtrb,94,15,101
H?BDtre,58,14,63
H?BDtrf,48,21,59
H?BDtrr,99,16,109
H?BDtrs,50,13,57
H?BDtru,63,16,33
H?BDtrv,50,20,32
H?BDtrw,46,14,60
H?BDtry,50,20,138
H?BDtrz,94,19,125
H?BDtr{,50,15,47
H?BDtr},61,17,41
H?BDtr~,47,21,22
H?BDttz,103,26,92
H?BDtt~,54,31,77
H?BDtuz,117,27,96
H?BDtu},77,24,123
H?BDtu~,82,31,125
H?BDtvf,49,23,64
H?BDtvr,101,18,51
H?BDtvu,52,19,31
H?BDtvv,51,22,35
H?BDtvz,98,22,60
H?BDtv{,45,17,23
H?BDtv},45,20,25
H?BDtv~,47,23,25
H?BDtx},51,22,80
H?BDtx~,50,28,84
H?BDtyy,76,15,134
H?BDty{,67,20,123
H?BDty|,73,20,147
H?BDty},75,22,143
H?BDty~,77,29,132
H?BDtze,46,16,66
H?BDtzq,47,16,33
H?BDtzu,47,18,37
H?BDtzv,46,22,40
H?BDtzy,50,17,35
H?BDtzz,48,20,40
H?BDtz{,45,17,40
H?BDtz|,57,19,50
H?BDtz},50,19,39
H?BDtz~,46,23,26
H?BDt}~,82,36,134
H?BDt~},47,22,26
H?BDt~~,48,25,27
H?BDvG^,50,39,121
H?BDvGv,55,21,106
H?BDvGz,44,27,109
H?BDvG~,44,33,115
H?BDvHV,56,18,94
H?BDvHZ,51,24,90
H?BDvH],44,21,100
H?BDvH^,45,29,102
H?BDvHf,72,17,93
H?BDvHr,44,20,62
H?BDvHv,53,23,74
H?BDvHy,50,17,68
H?BDvHz,48,22,74
H?BDvH{,47,16,72
H?BDvH|,51,20,89
H?BDvH},48,20,76
H?BDvH~,46,27,80
H?BDvIV,55,12,87
H?BDvIZ,50,21,79
H?BDvI\,53,19,93
H?BDvI],44,17,89
H?BDvI^,44,23,93
H?BDvIf,71,11,87
H?BDvIr,44,17,51
H?BDvIt,57,15,54
H?BDvIv,53,18,64
H?BDvIy,46,15,59
H?BDvIz,47,19,62
H?BDvI{,47,14,59
H?BDvI|,53,17,74
H?BDvI},49,17,62
H?BDvI~,46,21,69
H?BDvJF,76,17,102
H?BDvJR,41,13,58
H?BDvJT,56,14,70
H?BDvJU,53,14,73
H?BDvJV,54,19,77
H?BDvJY,45,15,60
H?BDvJZ,44,19,65
H?BDvJ[,48,14,58
H?BDvJ\,55,17,72
H?BDvJ],46,17,65
H?BDvJ^,46,23,67
H?BDvJb,37,11,82
H?BDvJd,67,12,77
H?BDvJe,62,13,81
H?BDvJf,70,22,76
H?BDvJq,43,13,42
H?BDvJr,42,15,48
H?BDvJs,55,13,44
H?BDvJt,59,15,31
H?BDvJu,52,15,38
H?BDvJv,57,18,37
H?BDvJw,39,13,38
H?BDvJx,52,15,45
H?BDvJy,49,15,32
H?BDvJz,46,18,38
H?BDvJ{,40,15,41
H?BDvJ|,56,17,46
H?BDvJ},48,17,37
H?BDvJ~,44,21,25
H?BDvL~,49,32,81
H?BDvM|,46,22,68
H?BDvM~,48,26,70
H?BDvNV,56,24,80
H?BDvNZ,45,23,68
H?BDvN\,49,22,65
H?BDvN],45,23,68
H?BDvN^,49,27,68
H?BDvNf,74,29,77
H?BDvNr,45,18,49
H?BDvNt,57,18,37
H?BDvNu,51,19,42
H?BDvNv,58,21,40
H?BDvNy,47,18,37
H?BDvNz,48,22,38
H?BDvN{,40,17,28
H?BDvN|,42,22,26
H?BDvN},42,21,27
H?BDvN~,45,24,26
H?BDv_n,50,31,114
H?BDv_v,56,19,107
H?BDv_z,73,23,174
H?BDv_|,50,22,123
H?BDv_~,46,31,115
H?BDv`N,52,28,100
H?BDv`f,57,16,81
H?BDv`j,79,19,157
H?BDv`l,53,18,94
H?BDv`n,46,26,88
H?BDv`r,98,16,124
H?BDv`t,56,17,67
H?BDv`u,60,17,77
H?BDv`v,53,22,75
H?BDv`y,58,14,213
H?BDv`z,86,20,150
H?BDv`{,48,15,87
H?BDv`|,53,19,88
H?BDv`},55,19,102
H?BDv`~,48,25,80
H?BDvaN,50,23,92
H?BDvaf,56,12,72
H?BDvaj,96,17,127
H?BDval,54,16,80
H?BDvan,45,21,78
H?BDvar,108,14,102
H?BDvat,57,15,54
H?BDvau,66,14,60
H?BDvav,53,18,64
H?BDvax,54,16,155
H?BDvay,56,14,200
H?BDvaz,98,18,124
H?BDva{,45,13,77
H?BDva|,55,18,71
H?BDva},59,17,84
H?BDva~,47,21,68
H?BDvbF,58,20,90
H?BDvbJ,75,17,148
H?BDvbL,53,16,96
H?BDvbN,45,25,90
H?BDvbb,92,14,104
H?BDvbd,55,13,58
H?BDvbf,53,17,65
H?BDvbh,41,15,139
H?BDvbj,86,18,120
H?BDvbk,48,13,59
H?BDvbl,57,16,55
H?BDvbm,60,16,68
H?BDvbn,48,20,51
H?BDvbp,47,14,121
H?BDvbq,45,17,162
H?BDvbr,98,18,109
H?BDvbs,37,13,48
H?BDvbt,59,15,46
H?BDvbu,69,14,52
H?BDvbv,59,18,51
H?BDvbw,41,15,64
H?BDvbx,44,26,138
H?BDvby,50,32,174
H?BDvbz,83,22,133
H?BDvb{,44,16,52
H?BDvb|,57,17,45
H?BDvb},57,17,62
H?BDvb~,44,21,25
H?BDvd|,49,24,80
H?BDvd},47,25,81
H?BDvd~,49,30,83
H?BDve|,45,21,70
H?BDve},45,20,71
H?BDve~,47,25,72
H?BDvfj,88,20,79
H?BDvfl,48,19,52
H?BDvfn,48,23,55
H?BDvfr,96,20,76
H?BDvft,58,17,53
H?BDvfu,38,17,41
H?BDvfv,61,21,54
H?BDvfx,81,22,135
H?BDvfy,83,21,134
H?BDvfz,86,22,72
H?BDvf{,43,17,25
H?BDvf|,42,21,27
H?BDvf},42,20,28
H?BDvf~,45,23,27
H?BDvhy,56,19,69
H?BDvh},53,22,78
H?BDvh~,52,30,80
H?BDvin,49,23,81
H?BDviv,58,20,66
H?BDviy,51,17,60
H?BDvi{,50,16,62
H?BDvi|,60,19,74
H?BDvi},53,19,64
H?BDvi~,51,24,69
H?BDvjM,48,19,93
H?BDvje,54,15,66
H?BDvji,49,16,47
H?BDvjk,53,16,43
H?BDvjl,61,18,57
H?BDvjm,51,18,50
H?BDvjn,50,24,52
H?BDvjq,47,14,44
H?BDvjs,60,15,45
H?BDvjt,63,17,32
H?BDvju,60,17,35
H?BDvjv,63,21,35
H?BDvjy,53,17,32
H?BDvjz,51,20,37
H?BDvj{,45,17,40
H?BDvj|,58,21,47
H?BDvj},53,19,36
H?BDvj~,47,23,25
H?BDvm~,49,30,73
H?BDvnn,48,28,57
H?BDvnv,65,23,38
H?BDvn{,44,19,27
H?BDvn|,44,24,27
H?BDvn},46,23,26
H?BDvn~,47,26,27
H?BDvo~,49,40,115
H?BDvpv,48,25,80
H?BDvpy,56,19,181
H?BDvp{,52,15,93
H?BDvp|,52,20,98
H?BDvp},53,20,97
H?BDvp~,51,26,85
H?BDvqv,47,21,68
H?BDvqy,55,18,167
H?BDvqz,92,21,142
H?BDvq{,49,17,78
H?BDvq|,54,18,81
H?BDvq},54,18,81
H?BDvq~,49,22,73
H?BDvre,51,16,77
H?BDvrf,48,23,65
H?BDvrq,44,25,139
H?BDvrs,52,15,61
H?BDvrt,57,17,45
H?BDvru,56,17,46
H?BDvrv,49,21,38
H?BDvrw,47,17,64
H?BDvrx,53,32,136
H?BDvry,52,32,137
H?BDvrz,73,25,154
H?BDvr{,53,17,49
H?BDvr|,54,18,54
H?BDvr},55,18,53
H?BDvr~,49,22,24
H?BDvt~,52,33,86
H?BDvu~,50,28,74
H?BDvvv,50,24,40
H?BDvvz,80,25,85
H?BDvv{,49,18,23
H?BDvv|,47,22,26
H?BDvv},48,21,26
H?BDvv~,50,24,26
H?BDvy},53,20,71
H?BDvy~,52,25,75
H?BDvz{,48,18,42
H?BDvz|,56,20,57
H?BDvz},54,20,40
H?BDvz~,49,25,26
H?BDv~},51,24,25
H?BDv~~,52,27,26
H?BDzw~,57,66,219
H?BDzyv,51,24,69
H?BDzyz,53,24,67
H?BDzy},57,21,66
H?BDzy~,55,27,70
H?BDzzf,53,26,65
H?BDzzr,44,22,24
H?BDzzv,52,24,38
H?BDzzw,45,17,23
H?BDzzz,49,23,23
H?BDzz{,49,19,22
H?BDzz},53,23,38
H?BDzz~,51,25,24
H?BDz~v,51,27,42
H?BDz~z,50,26,24
H?BDz~~,52,28,25
H?BD|w~,64,54,188
H?BD|xv,46,31,85
H?BD|xz,51,28,83
H?BD|x},54,25,83
H?BD|x~,53,31,87
H?BD|yv,77,36,125
H?BD|yz,76,29,133
H?BD|y},73,35,147
H?BD|y~,76,40,136
H?BD|zf,47,26,71
H?BD|zr,42,22,26
H?BD|zv,47,25,42
H?BD|zw,45,17,23
H?BD|zy,47,19,42
H?BD|zz,48,23,24
H?BD|z{,49,19,22
H?BD|z},52,21,41
H?BD|z~,50,25,25
H?BD||~,55,37,88
H?BD|}~,82,45,139
H?BD|~v,49,27,44
H?BD|~z,49,25,26
H?BD|~},50,24,26
H?BD|~~,51,27,27
H?BD~g~,53,41,122
H?BD~hn,51,33,96
H?BD~hv,56,28,86
H?BD~hz,51,30,81
H?BD~h|,54,25,83
H?BD~h},54,25,83
H?BD~h~,53,33,85
H?BD~in,50,26,86
H?BD~iv,59,22,72
H?BD~iz,50,24,70
H?BD~i|,48,22,74
H?BD~i},52,22,70
H?BD~i~,50,28,74
H?BD~jN,50,30,100
H?BD~jf,61,22,70
H?BD~jj,47,22,57
H?BD~jl,50,20,56
H?BD~jn,50,26,57
H?BD~jr,46,20,53
H?BD~jt,59,19,41
H?BD~ju,58,21,40
H?BD~jv,61,23,42
H?BD~jw,44,17,24
H?BD~jx,47,19,42
H?BD~jy,51,19,38
H?BD~jz,46,23,26
H?BD~j{,46,19,25
H?BD~j|,50,23,41
H?BD~j},51,22,41
H?BD~j~,48,25,27
H?BD~nn,50,30,60
H?BD~nv,65,27,41
H?BD~nz,47,26,27
H?BD~n|,47,25,28
H?BD~n},48,25,27
H?BD~n~,49,28,28
H?BD~o~,49,47,120
H?BD~pv,44,29,89
H?BD~pz,49,27,86
H?BD~p|,51,23,88
H?BD~p},48,23,109
H?BD~p~,49,32,90
H?BD~qv,47,23,74
H?BD~qz,48,21,75
H?BD~q},52,20,90
H?BD~q~,49,26,77
H?BD~rf,48,27,69
H?BD~rr,44,21,43
H?BD~ru,52,19,55
H?BD~rv,45,24,45
H?BD~rw,47,15,23
H?BD~rx,50,18,40
H?BD~ry,48,19,59
H?BD~rz,47,23,44
H?BD~r{,47,18,25
H?BD~r|,49,22,43
H?BD~r},50,21,62
H?BD~r~,49,25,26
H?BD~vz,51,24,45
H?BD~v},50,24,26
H?BD~v~,52,27,26
H?BD~x},52,28,91
H?BD~x~,54,34,92
H?BD~y},55,22,75
H?BD~zu,48,22,44
H?BD~zy,49,21,44
H?BD~zz,50,24,26
H?BD~z{,51,20,24
H?BD~z|,53,24,43
H?BD~z},53,24,43
H?BD~z~,52,26,27
H?BD~~~,54,29,27
H?BE@aH,66,0,50
H?BE@aL,58,0,74
H?BE@ah,94,2,65
H?BE@ak,57,2,55
H?BE@al,87,5,52
H?BE@aw,42,2,140
H?BE@ax,95,6,106
H?BE@a{,91,4,95
H?BE@a|,78,8,68
H?BE@bH,92,4,36
H?BE@bL,44,2,59
H?BE@bN,36,4,56
H?BE@bg,12,10,92
H?BE@bh,86,5,89
H?BE@bk,53,3,56
H?BE@bl,70,6,44
H?BE@bm,52,4,24
H?BE@bn,43,7,38
H?BE@bw,20,14,156
H?BE@bx,113,21,75
H?BE@b{,86,5,74
H?BE@b|,59,11,50
H?BE@b},52,6,38
H?BE@b~,40,8,17
H?BE@qd,66,3,66
H?BE@qp,74,5,128
H?BE@qs,49,6,105
H?BE@qt,78,10,66
H?BE@qw,42,6,122
H?BE@qx,67,11,175
H?BE@q{,40,8,144
H?BE@q|,78,14,90
H?BE@rD,39,3,70
H?BE@rF,28,0,84
H?BE@r_,14,2,62
H?BE@r`,82,4,85
H?BE@rc,20,2,76
H?BE@rd,57,5,68
H?BE@re,32,4,52
H?BE@rf,33,12,65
H?BE@ro,26,6,98
H?BE@rp,49,7,153
H?BE@rs,22,7,103
H?BE@rt,73,9,50
H?BE@ru,54,8,34
H?BE@rv,39,11,41
H?BE@rw,29,12,115
H?BE@rx,68,27,152
H?BE@r{,21,9,126
H?BE@r|,66,15,59
H?BE@r},52,10,36
H?BE@r~,39,13,23
H?BEDhi,44,6,50
H?BEDhj,45,12,53
H?BEDhl,80,10,64
H?BEDhy,48,8,52
H?BEDhz,45,13,59
H?BEDh{,45,8,79
H?BEDh|,71,12,86
H?BEDil,95,10,71
H?BEDi{,69,8,79
H?BEDi|,90,12,80
H?BEDjJ,40,11,79
H?BEDjL,67,8,75
H?BEDjM,33,6,81
H?BEDjN,38,14,80
H?BEDji,43,7,49
H?BEDjj,44,12,52
H?BEDjk,46,7,57
H?BEDjl,85,10,49
H?BEDjm,44,8,44
H?BEDjn,47,12,45
H?BEDjw,45,9,54
H?BEDjx,66,11,53
H?BEDjy,45,9,24
H?BEDjz,45,12,27
H?BEDj{,56,10,51
H?BEDj|,77,12,51
H?BEDj},45,10,29
H?BEDj~,40,13,22
H?BEDou,48,5,112
H?BEDov,48,10,122
H?BEDo{,35,8,185
H?BEDo|,54,15,152
H?BEDo},50,13,132
H?BEDo~,52,22,136
H?BEDpe,43,4,73
H?BEDpf,39,9,73
H?BEDps,46,9,110
H?BEDpt,65,11,80
H?BEDpu,52,8,60
H?BEDpv,41,13,63
H?BEDpw,38,10,144
H?BEDpx,70,16,200
H?BEDp{,31,9,155
H?BEDp|,61,13,108
H?BEDp},51,10,79
H?BEDp~,46,15,74
H?BEDqf,44,7,92
H?BEDqt,74,11,83
H?BEDqu,49,8,75
H?BEDqv,46,12,85
H?BEDqx,75,16,208
H?BEDq{,58,11,152
H?BEDq|,75,14,107
H?BEDq},52,12,90
H?BEDq~,52,16,97
H?BEDrF,35,12,93
H?BEDrd,57,7,79
H?BEDre,43,7,71
H?BEDrf,36,14,70
H?BEDrp,58,13,157
H?BEDrs,40,10,106
H?BEDrt,69,12,62
H?BEDru,53,9,42
H?BEDrv,42,12,44
H?BEDrw,46,25,111
H?BEDrx,75,48,143
H?BEDr{,42,20,120
H?BEDr|,63,15,72
H?BEDr},52,11,42
H?BEDr~,41,14,25
H?BEDxy,52,10,64
H?BEDxz,49,16,70
H?BEDx{,36,12,106
H?BEDx|,64,17,114
H?BEDy{,65,11,106
H?BEDy|,85,16,109
H?BEDze,39,8,73
H?BEDzf,40,16,74
H?BEDzq,47,9,48
H?BEDzr,46,13,53
H?BEDzs,40,10,67
H?BEDzt,79,13,62
H?BEDzu,47,10,41
H?BEDzv,48,14,43
H?BEDzy,52,11,27
H?BEDzz,51,14,31
H?BEDz{,46,15,74
H?BEDz|,69,18,73
H?BEDz},50,14,32
H?BEDz~,46,15,24
H?BEEM{,25,4,51
H?BEEM|,31,8,49
H?BEENw,22,2,26
H?BEENx,24,4,27
H?BEEN{,24,3,28
H?BEEN|,26,5,29
H?BEEN},28,4,28
H?BEEN~,30,6,29
H?BEFG},41,10,81
H?BEFG~,47,15,82
H?BEFI],38,6,66
H?BEFI^,42,10,69
H?BEFIy,38,5,45
H?BEFIz,40,7,49
H?BEFI{,51,7,63
H?BEFI|,67,8,69
H?BEFI},41,7,48
H?BEFI~,44,8,52
H?BEFJW,43,6,50
H?BEFJY,36,5,59
H?BEFJZ,42,9,59
H?BEFJ[,43,7,60
H?BEFJ\,78,8,57
H?BEFJ],38,7,54
H?BEFJ^,45,9,54
H?BEFJw,43,9,47
H?BEFJx,58,9,53
H?BEFJy,37,6,29
H?BEFJz,40,8,30
H?BEFJ{,52,10,46
H?BEFJ|,73,10,47
H?BEFJ},39,7,32
H?BEFJ~,35,9,26
H?BEFN],36,8,64
H?BEFN^,45,13,59
H?BEFN{,31,9,25
H?BEFN|,32,12,26
H?BEFN},35,10,25
H?BEFN~,36,13,26
H?BEF_m,64,8,78
H?BEF_n,42,15,86
H?BEF_},56,8,104
H?BEF_~,54,14,88
H?BEFaN,39,13,78
H?BEFal,84,7,52
H?BEFam,66,7,48
H?BEFan,45,9,54
H?BEFa{,55,9,152
H?BEFa|,79,9,68
H?BEFa},60,8,62
H?BEFa~,50,9,53
H?BEFbL,73,8,69
H?BEFbM,54,8,78
H?BEFbN,40,12,80
H?BEFbh,56,9,155
H?BEFbk,63,8,116
H?BEFbl,89,8,47
H?BEFbm,71,9,40
H?BEFbn,51,9,44
H?BEFbw,58,44,138
H?BEFbx,73,35,139
H?BEFb{,57,23,128
H?BEFb|,79,11,50
H?BEFb},60,10,42
H?BEFb~,42,10,23
H?BEFim,43,8,57
H?BEFin,44,13,60
H?BEFi},48,10,54
H?BEFi~,49,14,57
H?BEFjM,35,7,90
H?BEFjN,40,15,89
H?BEFji,42,8,58
H?BEFjj,43,13,61
H?BEFjk,44,8,68
H?BEFjl,93,12,51
H?BEFjm,45,9,50
H?BEFjn,49,13,50
H?BEFjy,47,10,27
H?BEFjz,47,13,30
H?BEFj{,50,12,64
H?BEFj|,85,14,51
H?BEFj},48,11,31
H?BEFj~,43,14,23
H?BEFnm,48,10,54
H?BEFnn,57,15,48
H?BEFn},46,12,22
H?BEFn~,47,15,23
H?BEFo},50,18,114
H?BEFo~,57,30,93
H?BEFqu,49,9,59
H?BEFqv,46,13,53
H?BEFq{,53,19,138
H?BEFq|,63,15,102
H?BEFq},48,11,76
H?BEFq~,51,15,62
H?BEFre,45,12,75
H?BEFrf,44,18,68
H?BEFrs,50,17,102
H?BEFrt,70,14,70
H?BEFru,52,10,50
H?BEFrv,49,13,43
H?BEFrw,54,38,104
H?BEFrx,92,76,117
H?BEFr{,53,31,111
H?BEFr|,63,17,80
H?BEFr},51,12,49
H?BEFr~,48,15,22
H?BEFy},51,16,61
H?BEFy~,54,19,63
H?BEFzu,51,11,43
H?BEFzv,54,15,43
H?BEFzy,56,12,28
H?BEFzz,55,15,32
H?BEFz{,56,18,70
H?BEFz|,70,22,78
H?BEFz},55,13,34
H?BEFz~,53,16,21
H?BEF~},56,14,20
H?BEF~~,57,17,21
H?BEHk},70,48,168
H?BEHk~,78,56,174
H?BEHmm,67,12,77
H?BEHmn,66,17,86
H?BEHmx,48,10,85
H?BEHm{,54,10,79
H?BEHm|,58,14,82
H?BEHm},60,13,81
H?BEHm~,63,18,84
H?BEHnL,40,11,59
H?BEHnM,46,8,56
H?BEHnN,48,14,58
H?BEHnh,42,9,33
H?BEHnk,44,9,31
H?BEHnl,43,11,37
H?BEHnm,43,11,37
H?BEHnn,45,13,40
H?BEHnw,32,8,25
H?BEHnx,34,10,26
H?BEHn{,34,10,26
H?BEHn|,36,12,27
H?BEHn},38,12,25
H?BEHn~,40,14,26
H?BEHof,51,12,157
H?BEHot,56,10,154
H?BEHou,52,20,170
H?BEHov,52,26,186
H?BEHo{,40,12,179
H?BEHo|,58,21,185
H?BEHo},55,28,203
H?BEHo~,65,48,195
H?BEHqF,30,0,66
H?BEHqd,47,4,69
H?BEHqe,36,2,58
H?BEHqf,46,6,80
H?BEHqp,48,8,54
H?BEHqs,41,7,62
H?BEHqt,53,11,68
H?BEHqu,51,9,72
H?BEHqv,47,13,83
H?BEHqw,36,6,68
H?BEHqx,51,10,71
H?BEHq{,39,9,82
H?BEHq|,56,13,85
H?BEHq},47,11,96
H?BEHq~,50,15,100
H?BEHrD,26,0,62
H?BEHrF,34,4,61
H?BEHr`,31,5,24
H?BEHrc,16,3,37
H?BEHrd,33,6,49
H?BEHre,36,4,41
H?BEHrf,36,10,50
H?BEHro,16,6,22
H?BEHrp,38,8,26
H?BEHrs,28,8,24
H?BEHrt,38,10,30
H?BEHru,56,10,25
H?BEHrv,40,13,31
H?BEHrw,18,8,26
H?BEHrx,45,10,29
H?BEHr{,18,10,28
H?BEHr|,42,12,36
H?BEHr},52,12,41
H?BEHr~,39,15,26
H?BEH{~,92,75,185
H?BEH}v,54,24,87
H?BEH}|,57,20,99
H?BEH}},56,19,101
H?BEH}~,59,23,105
H?BEH~f,46,18,48
H?BEH~t,42,15,33
H?BEH~u,43,14,33
H?BEH~v,44,17,35
H?BEH~w,36,12,27
H?BEH~x,36,15,29
H?BEH~{,39,14,27
H?BEH~|,38,17,30
H?BEH~},45,16,24
H?BEH~~,43,19,28
H?BEL_N,54,16,119
H?BEL_l,70,12,88
H?BEL_m,72,12,96
H?BEL_n,64,18,105
H?BEL_{,49,11,94
H?BEL_|,60,18,102
H?BEL_},63,15,114
H?BEL_~,60,26,109
H?BEL`L,41,7,60
H?BEL`N,40,11,69
H?BEL`h,51,8,41
H?BEL`k,38,7,45
H?BEL`l,49,11,50
H?BEL`m,68,10,54
H?BEL`n,46,16,58
H?BEL`w,35,6,47
H?BEL`x,45,10,53
H?BEL`{,35,9,52
H?BEL`|,47,13,57
H?BEL`},55,13,75
H?BEL`~,46,17,63
H?BELaM,67,3,74
H?BELaN,67,8,95
H?BELal,70,11,62
H?BELam,78,10,66
H?BELan,69,14,73
H?BELaw,58,6,57
H?BELax,54,10,68
H?BELa{,62,9,61
H?BELa|,64,12,67
H?BELa},66,12,78
H?BELa~,64,14,76
H?BELbL,37,6,57
H?BELbM,53,4,51
H?BELbN,42,11,57
H?BELbg,32,5,23
H?BELbh,43,7,27
H?BELbk,42,7,28
H?BELbl,42,9,33
H?BELbm,66,9,33
H?BELbn,44,12,35
H?BELbw,33,7,20
H?BELbx,45,9,24
H?BELb{,34,9,22
H?BELb|,44,11,29
H?BELb},55,11,46
H?BELb~,39,14,22
H?BELln,48,22,70
H?BELl},49,18,68
H?BELl~,49,23,72
H?BELmn,72,21,89
H?BELm},61,18,86
H?BELm~,67,22,87
H?BELnN,46,17,67
H?BELnl,43,14,41
H?BELnm,43,13,42
H?BELnn,47,16,42
H?BELnw,34,11,25
H?BELnx,35,14,26
H?BELn{,36,13,26
H?BELn|,36,16,28
H?BELn},40,15,25
H?BELn~,39,18,28
H?BELou,52,11,117
H?BELo},49,17,144
H?BELo~,51,29,145
H?BELpf,43,10,67
H?BELpt,43,13,61
H?BELpu,54,12,64
H?BELpv,42,17,67
H?BELpw,34,8,62
H?BELpx,48,12,66
H?BELp{,32,11,69
H?BELp|,47,15,73
H?BELp},49,14,87
H?BELp~,45,20,79
H?BELqf,49,7,88
H?BELqt,56,12,75
H?BELqu,55,10,78
H?BELqv,52,14,88
H?BELqx,54,12,88
H?BELq{,58,10,86
H?BELq|,59,14,92
H?BELq},56,12,97
H?BELq~,56,16,104
H?BELrF,39,12,70
H?BELrd,36,7,53
H?BELre,46,7,55
H?BELrf,38,12,54
H?BELrp,42,9,27
H?BELrs,43,9,26
H?BELrt,42,11,31
H?BELru,57,11,30
H?BELrv,45,14,31
H?BELrw,37,9,24
H?BELrx,48,11,31
H?BELr{,37,11,27
H?BELr|,46,13,37
H?BELr},55,13,44
H?BELr~,44,16,25
H?BELxv,47,20,68
H?BELxy,46,14,75
H?BELxz,47,20,77
H?BELx|,51,18,75
H?BELx},51,17,76
H?BELx~,51,23,79
H?BELyv,62,18,85
H?BELyy,52,14,99
H?BELyz,61,17,98
H?BELy|,62,19,95
H?BELy},56,18,102
H?BELy~,62,23,102
H?BELzf,46,16,50
H?BELzq,44,11,29
H?BELzr,44,14,32
H?BELzt,44,13,33
H?BELzu,46,13,31
H?BELzv,47,16,33
H?BELzw,37,11,27
H?BELzx,48,13,35
H?BELzy,44,13,39
H?BELzz,41,16,28
H?BELz{,40,13,27
H?BELz|,47,16,39
H?BELz},51,16,35
H?BELz~,46,18,26
H?BEL|},54,20,79
H?BEL|~,53,26,83
H?BEL}},59,20,108
H?BEL}~,62,26,110
H?BEL~u,44,15,37
H?BEL~v,47,18,37
H?BEL~{,40,16,29
H?BEL~|,43,18,29
H?BEL~},46,17,27
H?BEL~~,48,20,27
H?BEMK~,48,18,78
H?BEMM},33,11,52
H?BEMM~,41,10,53
H?BEMNw,24,2,29
H?BEMN{,26,4,30
H?BEMN},28,6,31
H?BEMN~,30,8,32
H?BEN?\,38,14,74
H?BEN?^,36,21,83
H?BEN?|,42,12,78
H?BEN?},48,11,106
H?BEN?~,51,18,75
H?BENA\,38,7,55
H?BENA],62,7,61
H?BENA^,40,10,60
H?BENAx,34,6,48
H?BENA{,36,6,46
H?BENA|,38,8,50
H?BENA},50,8,74
H?BENA~,42,10,52
H?BENBW,26,4,33
H?BENBX,36,6,38
H?BENB[,34,6,40
H?BENB\,36,8,44
H?BENB],63,8,50
H?BENB^,40,10,46
H?BENBw,27,5,23
H?BENBx,38,7,27
H?BENB{,28,7,25
H?BENB|,38,9,31
H?BENB},50,9,58
H?BENB~,33,11,26
H?BENG~,48,23,85
H?BENI^,42,12,66
H?BENIy,35,7,54
H?BENIz,37,9,58
H?BENI|,40,9,55
H?BENI},40,9,55
H?BENI~,44,11,57
H?BENJY,33,7,48
H?BENJZ,35,9,52
H?BENJ\,38,9,49
H?BENJ],36,9,51
H?BENJ^,43,11,50
H?BENJw,28,6,26
H?BENJx,36,8,34
H?BENJy,33,8,37
H?BENJz,32,10,28
H?BENJ{,30,8,27
H?BENJ|,40,10,34
H?BENJ},38,10,36
H?BENJ~,35,12,28
H?BENM},43,11,58
H?BENM~,44,18,58
H?BENN],36,10,58
H?BENN^,43,16,53
H?BENN{,32,10,28
H?BENN|,32,14,29
H?BENN},35,12,28
H?BENN~,34,17,29
H?BEN_},59,16,107
H?BEN_~,50,26,92
H?BENam,67,11,54
H?BENan,43,16,58
H?BENa{,46,9,49
H?BENa|,47,12,53
H?BENa},58,11,71
H?BENa~,47,15,58
H?BENbK,33,5,62
H?BENbL,35,7,68
H?BENbM,54,6,72
H?BENbN,39,12,69
H?BENbh,42,8,34
H?BENbk,41,8,35
H?BENbl,41,10,40
H?BENbm,67,10,40
H?BENbn,44,13,41
H?BENbw,35,8,22
H?BENbx,46,10,28
H?BENb{,36,10,24
H?BENb|,45,12,33
H?BENb},61,12,47
H?BENb~,41,15,24
H?BENi},47,13,60
H?BENi~,48,17,63
H?BENjN,42,16,72
H?BENji,41,10,40
H?BENjj,40,13,45
H?BENjl,42,12,44
H?BENjm,44,12,42
H?BENjn,47,15,43
H?BENjy,45,12,33
H?BENjz,39,15,26
H?BENj{,38,12,25
H?BENj|,47,14,35
H?BENj},48,14,34
H?BENj~,42,17,26
H?BENnm,44,14,47
H?BENnn,53,18,41
H?BENn},42,16,27
H?BENn~,43,19,28
H?BENq},48,13,83
H?BENq~,49,18,69
H?BENre,46,10,61
H?BENrf,43,14,55
H?BENrs,46,10,28
H?BENrt,46,12,32
H?BENru,56,12,37
H?BENrv,50,15,31
H?BENrw,40,10,25
H?BENrx,50,12,34
H?BENr{,41,12,27
H?BENr|,49,15,38
H?BENr},54,14,51
H?BENr~,48,17,25
H?BENzu,47,14,35
H?BENzv,50,17,35
H?BENzy,46,14,42
H?BENzz,45,17,28
H?BENz{,44,14,27
H?BENz|,48,16,44
H?BENz},53,16,39
H?BENz~,50,19,26
H?BEN~},54,18,23
H?BEN~~,55,21,24
H?BF@w],52,47,265
H?BF@w^,62,64,266
H?BF@w|,58,38,240
H?BF@w},65,43,200
H?BF@w~,68,54,208
H?BF@yU,59,9,112
H?BF@yV,60,12,123
H?BF@yZ,53,18,139
H?BF@y\,60,18,160
H?BF@y],53,16,141
H?BF@y^,51,24,150
H?BF@yf,51,10,95
H?BF@yr,53,14,89
H?BF@yt,59,14,96
H?BF@yu,48,13,82
H?BF@yv,47,17,90
H?BF@yw,44,10,102
H?BF@yx,56,15,111
H?BF@yy,51,13,90
H?BF@yz,49,17,99
H?BF@y{,47,13,108
H?BF@y|,53,17,125
H?BF@y},47,15,103
H?BF@y~,48,20,108
H?BF@zF,43,13,76
H?BF@zQ,44,9,55
H?BF@zR,44,12,61
H?BF@zT,55,13,88
H?BF@zU,41,12,64
H?BF@zV,41,17,68
H?BF@zW,33,10,74
H?BF@zX,49,14,91
H?BF@zY,48,13,51
H?BF@zZ,44,17,59
H?BF@z[,31,13,82
H?BF@z\,52,16,97
H?BF@z],43,15,62
H?BF@z^,44,19,65
H?BF@za,39,10,72
H?BF@zb,44,14,74
H?BF@zd,43,11,90
H?BF@ze,35,10,75
H?BF@zf,38,16,76
H?BF@zo,31,8,57
H?BF@zp,56,11,50
H?BF@zq,43,11,50
H?BF@zr,42,16,54
H?BF@zs,31,11,62
H?BF@zt,55,14,71
H?BF@zu,42,14,42
H?BF@zv,42,17,46
H?BF@zw,33,11,68
H?BF@zx,44,15,76
H?BF@zy,41,14,35
H?BF@zz,40,17,39
H?BF@z{,34,14,72
H?BF@z|,43,16,85
H?BF@z},44,16,36
H?BF@z~,39,19,27
H?BF@{~,75,71,206
H?BF@}^,55,34,151
H?BF@}v,52,22,91
H?BF@}z,54,21,101
H?BF@}{,45,15,105
H?BF@}|,52,19,105
H?BF@}},51,19,106
H?BF@}~,53,23,111
H?BF@~V,46,20,69
H?BF@~Z,48,19,61
H?BF@~[,44,15,61
H?BF@~\,44,19,65
H?BF@~],47,17,64
H?BF@~^,48,21,67
H?BF@~f,43,22,75
H?BF@~r,47,18,55
H?BF@~s,41,13,44
H?BF@~t,44,16,45
H?BF@~u,43,16,46
H?BF@~v,46,19,47
H?BF@~w,36,14,25
H?BF@~x,34,17,29
H?BF@~y,41,16,39
H?BF@~z,43,19,40
H?BF@~{,37,16,27
H?BF@~|,37,19,29
H?BF@~},43,18,24
H?BF@~~,42,21,27
H?BFCw],56,24,172
H?BFCwu,56,16,108
H?BFCw},50,22,138
H?BFCw~,51,30,144
H?BFCxU,61,12,92
H?BFCx\,74,20,114
H?BFCx],52,18,112
H?BFCx^,51,25,120
H?BFCxe,34,10,77
H?BFCxu,39,16,62
H?BFCxv,39,21,66
H?BFCxy,46,15,65
H?BFCxz,43,20,72
H?BFCx{,32,15,93
H?BFCx|,56,19,105
H?BFCx},43,18,74
H?BFCx~,42,23,79
H?BFCy\,85,16,146
H?BFCy],62,19,140
H?BFCy^,70,24,144
H?BFCyu,55,13,75
H?BFCyv,56,17,81
H?BFCyy,56,13,85
H?BFCyz,54,17,94
H?BFCy{,56,13,99
H?BFCy|,70,17,108
H?BFCy},53,15,97
H?BFCy~,56,20,100
H?BFCzF,65,13,109
H?BFCzR,54,13,77
H?BFCzT,82,15,83
H?BFCzU,57,13,86
H?BFCzV,58,16,95
H?BFCzX,72,15,82
H?BFCzY,54,12,77
H?BFCzZ,55,17,82
H?BFCz[,56,13,87
H?BFCz\,82,17,83
H?BFCz],56,15,83
H?BFCz^,60,19,86
H?BFCze,35,10,75
H?BFCzf,39,16,75
H?BFCzq,40,11,53
H?BFCzr,41,16,55
H?BFCzs,36,11,57
H?BFCzt,68,14,58
H?BFCzu,43,14,41
H?BFCzv,44,17,44
H?BFCzw,35,11,66
H?BFCzx,56,15,64
H?BFCzy,45,14,31
H?BFCzz,43,17,36
H?BFCz{,40,14,66
H?BFCz|,61,16,67
H?BFCz},45,16,35
H?BFCz~,41,19,25
H?BFC|^,53,32,125
H?BFC|},49,21,74
H?BFC|~,47,26,80
H?BFC}^,71,35,149
H?BFC}},57,19,100
H?BFC}~,60,23,104
H?BFC~V,64,22,96
H?BFC~Z,58,21,86
H?BFC~[,56,15,83
H?BFC~\,59,19,87
H?BFC~],60,19,86
H?BFC~^,63,23,90
H?BFC~u,46,16,43
H?BFC~v,49,19,44
H?BFC~y,49,16,31
H?BFC~z,49,19,34
H?BFC~{,38,16,26
H?BFC~|,40,19,26
H?BFC~},44,18,23
H?BFC~~,45,21,24
H?BFDg^,62,30,155
H?BFDg},51,20,124
H?BFDg~,56,29,125
H?BFDhN,44,19,81
H?BFDhZ,46,20,77
H?BFDh\,62,17,103
H?BFDh],41,16,86
H?BFDh^,44,24,86
H?BFDhl,70,14,72
H?BFDhm,39,15,66
H?BFDhn,41,21,68
H?BFDhy,44,13,60
H?BFDhz,41,18,67
H?BFDh{,47,14,82
H?BFDh|,59,17,92
H?BFDh},42,16,68
H?BFDh~,44,21,70
H?BFDiN,64,15,125
H?BFDiZ,59,17,119
H?BFDi\,79,16,126
H?BFDi],58,13,124
H?BFDi^,64,21,125
H?BFDil,81,12,87
H?BFDim,56,11,89
H?BFDin,61,15,93
H?BFDiy,59,11,73
H?BFDiz,55,15,84
H?BFDi{,55,11,90
H?BFDi|,69,15,98
H?BFDi},56,13,85
H?BFDi~,60,17,88
H?BFDjJ,43,13,64
H?BFDjL,73,12,71
H?BFDjM,39,11,70
H?BFDjN,44,17,69
H?BFDjX,67,12,64
H?BFDjY,44,11,49
H?BFDjZ,44,15,53
H?BFDj[,48,11,71
H?BFDj\,70,14,70
H?BFDj],42,13,57
H?BFDj^,47,17,56
H?BFDjh,73,10,49
H?BFDji,39,10,59
H?BFDjj,41,16,60
H?BFDjk,35,9,64
H?BFDjl,79,12,52
H?BFDjm,42,12,50
H?BFDjn,47,16,49
H?BFDjw,37,10,57
H?BFDjx,64,12,50
H?BFDjy,42,12,30
H?BFDjz,42,15,33
H?BFDj{,43,12,57
H?BFDj|,63,15,57
H?BFDj},41,14,35
H?BFDj~,37,17,26
H?BFDl^,44,28,93
H?BFDln,40,24,76
H?BFDl{,44,17,65
H?BFDl|,43,22,70
H?BFDl},44,20,71
H?BFDl~,44,25,75
H?BFDm^,67,28,130
H?BFDmn,67,21,94
H?BFDm{,53,14,87
H?BFDm|,55,18,92
H?BFDm},57,18,90
H?BFDm~,61,22,93
H?BFDnN,44,19,77
H?BFDnZ,44,18,58
H?BFDn[,42,14,56
H?BFDn\,43,18,59
H?BFDn],43,16,61
H?BFDn^,46,20,62
H?BFDnj,41,17,68
H?BFDnk,41,12,51
H?BFDnl,43,16,53
H?BFDnm,40,15,57
H?BFDnn,45,19,56
H?BFDnw,34,13,23
H?BFDnx,34,16,25
H?BFDny,43,15,32
H?BFDnz,44,18,34
H?BFDn{,34,15,26
H?BFDn|,35,18,27
H?BFDn},38,17,25
H?BFDn~,38,20,27
H?BFDo^,51,33,182
H?BFDo},47,19,144
H?BFDo~,50,27,148
H?BFDpV,46,15,82
H?BFDpZ,61,17,174
H?BFDp[,29,11,142
H?BFDp\,54,17,125
H?BFDp],51,16,101
H?BFDp^,45,24,96
H?BFDpf,40,14,78
H?BFDps,44,11,113
H?BFDpt,63,14,79
H?BFDpu,53,14,63
H?BFDpv,41,19,66
H?BFDpw,33,10,152
H?BFDpx,65,13,216
H?BFDpy,40,12,158
H?BFDpz,72,17,151
H?BFDp{,47,12,137
H?BFDp|,54,17,109
H?BFDp},47,16,87
H?BFDp~,43,21,80
H?BFDqV,58,11,126
H?BFDqZ,84,18,178
H?BFDq\,68,17,153
H?BFDq],53,14,143
H?BFDq^,53,21,151
H?BFDqf,49,10,97
H?BFDqt,70,13,86
H?BFDqu,52,12,79
H?BFDqv,50,16,88
H?BFDqx,72,13,223
H?BFDqy,70,11,157
H?BFDqz,87,17,136
H?BFDq{,54,12,144
H?BFDq|,62,16,117
H?BFDq},49,14,102
H?BFDq~,49,18,109
H?BFDrF,42,13,77
H?BFDrR,86,12,110
H?BFDrT,63,12,81
H?BFDrU,52,11,67
H?BFDrV,42,16,68
H?BFDrX,54,20,192
H?BFDrY,41,13,142
H?BFDrZ,70,18,137
H?BFDr[,47,12,123
H?BFDr\,62,15,88
H?BFDr],51,14,70
H?BFDr^,45,18,65
H?BFDrb,90,14,112
H?BFDrd,53,9,82
H?BFDre,44,9,79
H?BFDrf,38,16,76
H?BFDrp,58,13,163
H?BFDrq,51,13,105
H?BFDrr,88,15,107
H?BFDrs,36,10,97
H?BFDrt,69,14,57
H?BFDru,54,13,45
H?BFDrv,43,16,46
H?BFDrw,39,25,118
H?BFDrx,63,39,168
H?BFDry,51,21,123
H?BFDrz,73,21,130
H?BFDr{,41,17,107
H?BFDr|,54,15,75
H?BFDr},52,15,45
H?BFDr~,41,18,26
H?BFDt^,50,27,99
H?BFDtv,43,22,70
H?BFDtz,74,21,113
H?BFDt{,49,16,70
H?BFDt|,46,22,76
H?BFDt},47,19,78
H?BFDt~,46,25,82
H?BFDu^,64,27,149
H?BFDuv,59,20,86
H?BFDuz,90,21,113
H?BFDu{,56,15,94
H?BFDu|,56,19,101
H?BFDu},55,18,103
H?BFDu~,58,23,106
H?BFDvV,44,18,73
H?BFDvZ,76,19,97
H?BFDv[,47,14,59
H?BFDv\,45,19,64
H?BFDv],48,16,64
H?BFDv^,49,21,66
H?BFDvf,39,19,82
H?BFDvr,88,16,76
H?BFDvs,44,12,42
H?BFDvt,43,15,47
H?BFDvu,44,15,46
H?BFDvv,46,19,47
H?BFDvw,45,14,76
H?BFDvx,76,20,128
H?BFDvy,76,20,128
H?BFDvz,75,21,74
H?BFDv{,40,15,25
H?BFDv|,40,18,27
H?BFDv},41,18,26
H?BFDv~,44,20,26
H?BFDx],48,20,97
H?BFDx^,47,27,102
H?BFDx{,50,16,99
H?BFDx|,53,20,119
H?BFDx},49,19,76
H?BFDx~,49,25,79
H?BFDy],57,17,151
H?BFDy^,63,25,152
H?BFDy{,55,14,111
H?BFDy|,64,18,126
H?BFDy},52,16,108
H?BFDy~,57,21,109
H?BFDzU,44,13,69
H?BFDzV,45,18,72
H?BFDzY,50,14,56
H?BFDzZ,46,18,64
H?BFDz[,49,14,87
H?BFDz\,66,17,93
H?BFDz],46,16,66
H?BFDz^,48,21,67
H?BFDze,37,11,82
H?BFDzf,40,18,82
H?BFDzq,46,12,54
H?BFDzr,45,17,58
H?BFDzs,37,12,63
H?BFDzt,67,15,68
H?BFDzu,45,15,45
H?BFDzv,47,19,46
H?BFDzw,38,12,70
H?BFDzx,54,15,75
H?BFDzy,46,15,35
H?BFDzz,45,18,39
H?BFDz{,43,15,70
H?BFDz|,55,18,80
H?BFDz},47,18,37
H?BFDz~,44,20,26
H?BFD|},50,22,81
H?BFD|~,49,28,85
H?BFD}},55,20,112
H?BFD}~,58,24,116
H?BFD~],48,18,70
H?BFD~^,49,23,72
H?BFD~u,45,17,50
H?BFD~v,49,21,49
H?BFD~y,42,18,42
H?BFD~z,45,20,43
H?BFD~{,39,18,28
H?BFD~|,42,20,28
H?BFD~},45,19,26
H?BFD~~,47,22,26
H?BFE_N,49,18,113
H?BFE_j,78,12,100
H?BFE_n,41,20,82
H?BFE_z,60,14,142
H?BFE_{,43,9,135
H?BFE_},46,14,108
H?BFE_~,47,21,88
H?BFEaN,52,11,97
H?BFEa],60,10,84
H?BFEaj,93,10,73
H?BFEak,49,9,92
H?BFEam,56,11,54
H?BFEan,41,13,54
H?BFEaw,40,15,165
H?BFEay,73,12,131
H?BFEaz,86,13,96
H?BFEa{,66,8,106
H?BFEa},51,11,68
H?BFEa~,43,13,56
H?BFEbI,60,13,107
H?BFEbJ,98,8,84
H?BFEbK,49,7,97
H?BFEbM,63,11,86
H?BFEbN,56,11,98
H?BFEbY,59,15,124
H?BFEb],67,11,66
H?BFEbg,30,15,135
H?BFEbi,66,10,111
H?BFEbj,96,10,86
H?BFEbk,50,8,96
H?BFEbm,61,11,48
H?BFEbn,45,13,46
H?BFEbw,32,30,154
H?BFEby,81,26,101
H?BFEbz,96,16,84
H?BFEb{,66,19,84
H?BFEb},52,12,48
H?BFEb~,40,14,21
H?BFEc~,48,26,94
H?BFEen,43,14,60
H?BFEez,77,13,78
H?BFEe{,44,10,50
H?BFEe},43,12,57
H?BFEe~,45,14,61
H?BFEfJ,94,9,84
H?BFEfM,49,13,92
H?BFEfN,68,14,98
H?BFEf],61,12,70
H?BFEfi,103,9,80
H?BFEfj,91,11,67
H?BFEfk,41,9,46
H?BFEfm,41,12,51
H?BFEfn,48,14,50
H?BFEfw,53,11,53
H?BFEfy,96,15,85
H?BFEfz,83,15,52
H?BFEf{,34,11,25
H?BFEf},37,13,25
H?BFEf~,40,15,25
H?BFEg],59,22,106
H?BFEgm,39,19,85
H?BFEg},47,20,89
H?BFEg~,49,29,90
H?BFEi],58,13,85
H?BFEi^,60,20,89
H?BFEim,41,11,56
H?BFEin,44,16,57
H?BFEiy,42,11,51
H?BFEiz,42,15,55
H?BFEi{,51,11,68
H?BFEi|,62,14,78
H?BFEi},43,13,56
H?BFEi~,44,17,59
H?BFEjI,43,8,89
H?BFEjL,82,18,87
H?BFEjM,56,12,97
H?BFEjN,61,18,101
H?BFEjY,59,11,62
H?BFEjZ,56,17,70
H?BFEj[,59,11,74
H?BFEj\,80,17,72
H?BFEj],60,13,70
H?BFEj^,64,19,71
H?BFEjg,40,8,51
H?BFEji,39,9,60
H?BFEjj,45,15,57
H?BFEjk,41,9,58
H?BFEjl,79,12,52
H?BFEjm,42,12,50
H?BFEjn,47,16,49
H?BFEjw,43,10,51
H?BFEjx,60,12,54
H?BFEjy,43,12,29
H?BFEjz,43,15,32
H?BFEj{,49,12,51
H?BFEj|,63,15,57
H?BFEj},43,14,33
H?BFEj~,39,17,24
H?BFEm},43,15,62
H?BFEm~,45,19,64
H?BFEnN,69,20,106
H?BFEn[,56,15,72
H?BFEn\,59,17,78
H?BFEn],60,19,75
H?BFEn^,67,21,77
H?BFEnm,40,14,58
H?BFEnn,48,18,54
H?BFEny,43,14,33
H?BFEnz,45,17,34
H?BFEn{,35,14,26
H?BFEn|,37,17,26
H?BFEn},39,16,25
H?BFEn~,40,19,26
H?BFEo},47,19,116
H?BFEo~,49,28,103
H?BFEq],48,14,107
H?BFEq^,53,21,108
H?BFEqu,53,12,52
H?BFEqv,44,16,52
H?BFEqy,57,13,140
H?BFEqz,74,18,133
H?BFEq{,49,12,121
H?BFEq|,62,15,88
H?BFEq},50,14,71
H?BFEq~,48,18,62
H?BFErF,56,20,111
H?BFErT,73,15,92
H?BFErU,50,13,93
H?BFErV,57,15,97
H?BFErX,62,12,186
H?BFErY,45,11,139
H?BFErZ,90,16,132
H?BFEr[,52,13,130
H?BFEr\,78,16,88
H?BFEr],55,13,86
H?BFEr^,59,18,88
H?BFEra,64,16,96
H?BFErc,39,12,92
H?BFEre,47,9,76
H?BFErf,42,15,73
H?BFEro,38,8,110
H?BFErq,57,10,102
H?BFErr,92,12,106
H?BFErs,36,10,97
H?BFErt,74,12,54
H?BFEru,56,13,43
H?BFErv,48,16,41
H?BFErw,43,23,116
H?BFErx,63,37,170
H?BFEry,55,22,118
H?BFErz,79,21,124
H?BFEr{,42,20,103
H?BFEr|,63,16,65
H?BFEr},53,15,44
H?BFEr~,46,18,21
H?BFEu},48,16,64
H?BFEu~,47,20,69
H?BFEvV,65,19,98
H?BFEvZ,89,20,116
H?BFEv[,60,13,81
H?BFEv\,59,18,88
H?BFEv],61,17,87
H?BFEv^,63,22,91
H?BFEvu,44,15,46
H?BFEvv,47,18,47
H?BFEvy,81,21,122
H?BFEvz,79,21,70
H?BFEv{,40,15,25
H?BFEv|,41,18,26
H?BFEv},43,17,25
H?BFEv~,45,20,25
H?BFEy},46,16,66
H?BFEy~,46,21,69
H?BFEz[,62,14,92
H?BFEz\,90,18,87
H?BFEz],64,16,85
H?BFEz^,67,21,88
H?BFEzu,45,15,45
H?BFEzv,48,19,45
H?BFEzy,47,15,34
H?BFEzz,45,18,39
H?BFEz{,44,15,69
H?BFEz|,67,18,68
H?BFEz},48,17,37
H?BFEz~,44,20,26
H?BFE~],68,20,88
H?BFE~^,71,24,92
H?BFE~},45,19,26
H?BFE~~,46,22,27
H?BFF?{,74,10,106
H?BFFAw,34,23,163
H?BFFAy,109,11,100
H?BFFA{,78,10,88
H?BFFA},52,8,72
H?BFFBW,32,24,154
H?BFFBY,100,10,99
H?BFFBZ,88,8,84
H?BFFB[,68,7,101
H?BFFB],63,8,61
H?BFFBw,29,41,150
H?BFFBy,118,30,68
H?BFFBz,95,15,72
H?BFFB{,82,23,63
H?BFFB},55,9,53
H?BFFB~,34,10,26
H?BFFC~,48,22,86
H?BFFE],42,11,67
H?BFFE^,48,15,67
H?BFFEz,74,11,71
H?BFFE{,36,10,50
H?BFFE},39,11,54
H?BFFE~,42,12,58
H?BFFFY,90,10,80
H?BFFFZ,82,10,64
H?BFFF[,34,8,54
H?BFFF],41,10,53
H?BFFF^,46,12,54
H?BFFFw,51,13,44
H?BFFFy,92,15,75
H?BFFFz,78,13,49
H?BFFF{,29,9,27
H?BFFF},31,11,28
H?BFFF~,33,13,29
H?BFFG^,42,27,99
H?BFFG},37,15,92
H?BFFG~,43,22,91
H?BFFIZ,41,12,67
H?BFFI\,60,10,86
H?BFFI],39,10,71
H?BFFI^,45,15,70
H?BFFIy,35,9,52
H?BFFIz,37,11,56
H?BFFI{,42,11,67
H?BFFI|,54,12,77
H?BFFI},35,11,58
H?BFFI~,39,13,60
H?BFFJX,62,9,61
H?BFFJY,36,9,51
H?BFFJZ,39,11,54
H?BFFJ[,42,11,67
H?BFFJ\,65,11,67
H?BFFJ],36,11,57
H?BFFJ^,42,13,57
H?BFFJw,36,10,50
H?BFFJx,52,10,55
H?BFFJy,37,10,31
H?BFFJz,40,12,32
H?BFFJ{,44,12,48
H?BFFJ|,58,12,56
H?BFFJ},36,12,36
H?BFFJ~,33,14,28
H?BFFM^,44,21,75
H?BFFM},36,13,63
H?BFFM~,39,19,62
H?BFFNZ,40,16,56
H?BFFN[,34,11,59
H?BFFN\,38,15,59
H?BFFN],37,13,62
H?BFFN^,42,18,60
H?BFFNy,36,12,36
H?BFFNz,40,16,34
H?BFFN{,30,12,28
H?BFFN|,31,15,29
H?BFFN},33,14,28
H?BFFN~,33,18,29
H?BFF_^,48,32,102
H?BFF_},51,15,116
H?BFF_~,46,23,99
H?BFFaN,41,16,75
H?BFFaZ,89,11,121
H?BFFa\,65,11,93
H?BFFa],58,12,86
H?BFFa^,47,16,77
H?BFFam,62,12,58
H?BFFan,40,14,63
H?BFFay,66,13,155
H?BFFaz,91,14,105
H?BFFa{,50,9,136
H?BFFa|,64,12,78
H?BFFa},55,13,72
H?BFFa~,45,14,61
H?BFFbI,67,10,121
H?BFFbJ,98,10,96
H?BFFbL,75,10,71
H?BFFbM,59,12,73
H?BFFbN,42,14,74
H?BFFbX,62,9,176
H?BFFbY,55,9,157
H?BFFbZ,91,12,107
H?BFFb[,47,9,139
H?BFFb\,70,12,72
H?BFFb],60,14,66
H?BFFb^,46,14,60
H?BFFbg,35,24,139
H?BFFbh,62,9,157
H?BFFbi,64,11,129
H?BFFbj,100,11,97
H?BFFbk,37,10,121
H?BFFbl,80,11,52
H?BFFbm,66,14,50
H?BFFbn,46,14,52
H?BFFbw,38,42,154
H?BFFbx,66,32,154
H?BFFby,66,27,131
H?BFFbz,94,17,99
H?BFFb{,51,20,111
H?BFFb|,63,13,59
H?BFFb},59,15,46
H?BFFb~,40,15,25
H?BFFe^,48,21,81
H?BFFe},46,14,60
H?BFFe~,46,18,64
H?BFFfN,45,17,78
H?BFFfZ,91,16,73
H?BFFf[,40,12,60
H?BFFf\,42,16,62
H?BFFf],45,14,61
H?BFFf^,47,18,63
H?BFFfj,99,14,69
H?BFFfk,40,10,54
H?BFFfl,42,14,56
H?BFFfm,41,13,58
H?BFFfn,45,17,58
H?BFFfw,50,13,63
H?BFFfx,90,18,102
H?BFFfy,93,17,100
H?BFFfz,89,17,54
H?BFFf{,37,13,25
H?BFFf|,38,16,26
H?BFFf},40,15,25
H?BFFf~,41,18,26
H?BFFi],44,14,82
H?BFFi^,46,21,83
H?BFFi},43,14,63
H?BFFi~,46,18,64
H?BFFjM,42,11,77
H?BFFjN,46,17,77
H?BFFjY,44,12,56
H?BFFjZ,43,16,61
H?BFFj[,47,12,81
H?BFFj\,77,15,73
H?BFFj],44,14,62
H?BFFj^,48,18,62
H?BFFjk,39,10,68
H?BFFjl,87,13,54
H?BFFjm,44,13,55
H?BFFjn,50,17,53
H?BFFjy,46,13,31
H?BFFjz,46,16,34
H?BFFj{,44,13,63
H?BFFj|,70,15,59
H?BFFj},46,15,35
H?BFFj~,42,18,25
H?BFFn],46,17,65
H?BFFn^,52,22,62
H?BFFnm,42,16,62
H?BFFnn,53,21,54
H?BFFn{,39,16,25
H?BFFn|,40,19,26
H?BFFn},42,18,25
H?BFFn~,43,21,26
H?BFFq],48,18,99
H?BFFq^,47,26,87
H?BFFq},44,15,85
H?BFFq~,43,19,74
H?BFFrU,52,14,74
H?BFFrV,45,19,71
H?BFFrY,50,20,140
H?BFFrZ,76,23,141
H?BFFr[,50,18,127
H?BFFr\,63,16,97
H?BFFr],48,15,81
H?BFFr^,46,19,71
H?BFFre,45,14,84
H?BFFrf,42,20,78
H?BFFrs,43,15,96
H?BFFrt,68,13,69
H?BFFru,53,14,53
H?BFFrv,46,17,49
H?BFFrw,45,38,112
H?BFFrx,76,60,152
H?BFFry,62,31,115
H?BFFrz,75,26,137
H?BFFr{,48,25,103
H?BFFr|,52,16,85
H?BFFr},51,16,52
H?BFFr~,45,19,26
H?BFFv],49,17,70
H?BFFv^,50,22,72
H?BFFvu,46,16,50
H?BFFvv,50,20,49
H?BFFvy,75,26,137
H?BFFvz,73,24,83
H?BFFv{,44,16,25
H?BFFv|,44,19,27
H?BFFv},46,18,26
H?BFFv~,48,21,26
H?BFFz],45,17,74
H?BFFz^,49,22,73
H?BFFz{,48,16,72
H?BFFz|,55,18,89
H?BFFz},49,18,41
H?BFFz~,48,21,26
H?BFF~},52,20,23
H?BFF~~,53,23,24
H?BFHw^,76,85,259
H?BFHwz,61,58,211
H?BFHw},66,60,204
H?BFHw~,71,74,207
H?BFHyV,68,20,122
H?BFHyZ,55,28,142
H?BFHy],57,27,141
H?BFHy^,56,35,149
H?BFHyr,52,20,82
H?BFHyt,52,19,83
H?BFHyu,53,19,82
H?BFHyv,54,23,88
H?BFHyx,52,17,96
H?BFHyy,45,17,103
H?BFHyz,51,22,103
H?BFHy|,53,21,102
H?BFHy},51,21,104
H?BFHy~,53,27,107
H?BFHzF,47,16,80
H?BFHzR,41,14,57
H?BFHzT,45,16,65
H?BFHzU,45,16,65
H?BFHzV,44,21,70
H?BFHzX,41,16,63
H?BFHzY,42,16,62
H?BFHzZ,41,21,66
H?BFHz\,45,18,65
H?BFHz],46,18,64
H?BFHz^,47,23,66
H?BFHzb,39,13,52
H?BFHzd,37,14,53
H?BFHze,39,13,52
H?BFHzf,41,19,52
H?BFHzp,38,14,32
H?BFHzq,41,14,29
H?BFHzr,38,17,35
H?BFHzt,39,16,35
H?BFHzu,43,16,31
H?BFHzv,42,19,35
H?BFHzw,34,14,27
H?BFHzx,43,16,37
H?BFHzy,39,16,41
H?BFHzz,37,20,28
H?BFHz{,37,16,27
H?BFHz|,44,18,40
H?BFHz},47,18,37
H?BFHz~,41,22,27
H?BFKw^,69,42,183
H?BFKwv,59,29,122
H?BFKwz,46,32,147
H?BFKw},51,31,143
H?BFKw~,52,40,148
H?BFKxV,67,20,108
H?BFKxZ,54,28,114
H?BFKx],59,24,113
H?BFKx^,58,32,120
H?BFKxf,43,17,70
H?BFKxr,40,23,63
H?BFKxt,40,20,66
H?BFKxu,41,20,65
H?BFKxv,40,25,70
H?BFKxy,45,19,71
H?BFKxz,42,25,77
H?BFKx{,47,18,70
H?BFKx|,45,22,77
H?BFKx},46,22,76
H?BFKx~,44,28,81
H?BFKyV,85,15,121
H?BFKyZ,79,23,136
H?BFKy],69,21,148
H?BFKy^,78,29,148
H?BFKyf,63,13,80
H?BFKyr,56,20,78
H?BFKyt,58,19,77
H?BFKyu,57,19,78
H?BFKyv,60,23,82
H?BFKyy,52,17,96
H?BFKyz,54,22,100
H?BFKy|,58,22,96
H?BFKy},55,21,100
H?BFKy~,59,27,101
H?BFKzF,80,15,109
H?BFKzR,56,15,72
H?BFKzT,62,18,89
H?BFKzU,65,18,86
H?BFKzV,68,21,93
H?BFKzX,54,17,83
H?BFKzY,49,15,90
H?BFKzZ,54,21,90
H?BFKz\,59,21,85
H?BFKz],58,20,87
H?BFKz^,64,25,87
H?BFKzb,40,13,51
H?BFKzd,37,13,54
H?BFKze,38,12,54
H?BFKzf,41,18,53
H?BFKzq,41,14,29
H?BFKzr,37,17,36
H?BFKzt,38,16,36
H?BFKzu,41,16,33
H?BFKzv,41,19,36
H?BFKzw,35,14,26
H?BFKzx,44,16,36
H?BFKzy,44,16,36
H?BFKzz,36,20,29
H?BFKz{,36,16,28
H?BFKz|,44,18,40
H?BFKz},46,18,38
H?BFKz~,41,22,27
H?BFLgz,52,31,127
H?BFLg~,60,39,126
H?BFLhZ,47,28,79
H?BFLh^,49,30,86
H?BFLhj,42,22,66
H?BFLhl,41,19,70
H?BFLhn,42,25,73
H?BFLhx,41,18,67
H?BFLhy,43,18,65
H?BFLhz,42,24,69
H?BFLh{,43,18,65
H?BFLh|,43,21,71
H?BFLh},45,21,69
H?BFLh~,45,27,72
H?BFLiZ,69,25,116
H?BFLi^,69,29,127
H?BFLij,63,19,87
H?BFLil,60,18,91
H?BFLin,62,24,96
H?BFLix,56,16,82
H?BFLiy,58,16,80
H?BFLiz,58,21,86
H?BFLi{,54,16,84
H?BFLi|,57,20,88
H?BFLi},60,21,84
H?BFLi~,63,25,88
H?BFLjJ,43,16,71
H?BFLjL,45,15,70
H?BFLjN,46,21,73
H?BFLjX,40,15,57
H?BFLjY,42,15,55
H?BFLjZ,43,20,57
H?BFLj[,41,14,57
H?BFLj\,43,17,60
H?BFLj],45,17,58
H?BFLj^,49,22,57
H?BFLjh,37,13,41
H?BFLji,39,13,39
H?BFLjj,38,16,44
H?BFLjk,39,14,38
H?BFLjl,42,15,41
H?BFLjm,41,15,42
H?BFLjn,44,18,43
H?BFLjw,33,13,24
H?BFLjx,42,15,33
H?BFLjy,41,15,34
H?BFLjz,35,19,26
H?BFLj{,35,15,25
H?BFLj|,42,17,37
H?BFLj},44,17,35
H?BFLj~,38,21,26
H?BFLx^,49,34,104
H?BFLxz,47,27,79
H?BFLx|,51,23,79
H?BFLx},51,23,79
H?BFLx~,50,30,82
H?BFLy^,66,36,153
H?BFLyz,58,24,105
H?BFLy|,57,23,107
H?BFLy},57,22,108
H?BFLy~,60,28,110
H?BFLzV,49,22,73
H?BFLzY,45,17,66
H?BFLzZ,45,22,69
H?BFLz\,48,19,69
H?BFLz],48,19,69
H?BFLz^,50,25,69
H?BFLzf,42,21,57
H?BFLzq,43,15,32
H?BFLzr,41,18,37
H?BFLzt,42,17,37
H?BFLzu,45,17,34
H?BFLzv,46,20,36
H?BFLzw,39,15,26
H?BFLzx,48,17,37
H?BFLzy,44,17,41
H?BFLzz,42,21,27
H?BFLz{,42,17,26
H?BFLz|,48,20,40
H?BFLz},50,20,38
H?BFLz~,46,23,26
H?BFL|~,50,35,86
H?BFL}~,60,34,115
H?BFL~^,50,29,73
H?BFL~v,49,23,36
H?BFL~z,43,24,28
H?BFL~{,42,20,28
H?BFL~|,44,23,28
H?BFL~},44,23,28
H?BFL~~,46,26,28
H?BFMgn,48,28,93
H?BFMgz,42,30,96
H?BFMg~,48,36,96
H?BFMij,45,17,55
H?BFMin,45,19,62
H?BFMiz,42,19,59
H?BFMi{,44,13,55
H?BFMi},45,16,59
H?BFMi~,46,21,61
H?BFMjJ,58,18,104
H?BFMjM,58,21,101
H?BFMjN,64,28,103
H?BFMj],62,18,74
H?BFMji,39,12,40
H?BFMjj,40,15,43
H?BFMjk,40,12,39
H?BFMjm,42,14,42
H?BFMjn,47,17,41
H?BFMjw,34,12,24
H?BFMjy,43,14,33
H?BFMjz,36,18,26
H?BFMj{,36,14,25
H?BFMj},45,16,35
H?BFMj~,40,20,25
H?BFMm~,48,24,64
H?BFMnN,81,30,99
H?BFMnj,43,17,45
H?BFMnm,40,16,49
H?BFMnn,49,19,44
H?BFMnz,37,20,28
H?BFMn{,38,16,26
H?BFMn},39,19,27
H?BFMn~,41,22,27
H?BFMo^,52,38,148
H?BFMov,44,23,101
H?BFMoz,39,27,114
H?BFMo},45,25,125
H?BFMo~,43,35,114
H?BFMqV,66,13,103
H?BFMqZ,59,19,104
H?BFMq],51,16,115
H?BFMq^,56,24,115
H?BFMqf,40,12,65
H?BFMqr,42,17,53
H?BFMqu,54,15,57
H?BFMqv,40,19,61
H?BFMqy,50,15,70
H?BFMqz,43,19,66
H?BFMq{,46,14,60
H?BFMq|,45,17,66
H?BFMq},51,17,76
H?BFMq~,43,22,71
H?BFMrF,77,16,111
H?BFMrR,61,12,83
H?BFMrU,63,16,90
H?BFMrV,65,18,99
H?BFMrX,52,14,102
H?BFMrY,51,16,87
H?BFMrZ,58,18,104
H?BFMr[,56,12,86
H?BFMr\,59,19,87
H?BFMr],57,16,92
H?BFMr^,63,22,91
H?BFMrb,38,11,55
H?BFMre,46,13,58
H?BFMrf,38,18,56
H?BFMrq,54,13,31
H?BFMrr,39,15,36
H?BFMrs,42,13,29
H?BFMrt,39,15,36
H?BFMru,58,15,32
H?BFMrv,43,18,35
H?BFMrw,36,13,26
H?BFMrx,46,15,35
H?BFMry,49,15,48
H?BFMrz,43,18,41
H?BFMr{,38,15,27
H?BFMr|,45,17,40
H?BFMr},55,17,47
H?BFMr~,42,21,27
H?BFMu},46,22,68
H?BFMu~,46,26,72
H?BFMvZ,58,27,107
H?BFMv],61,23,92
H?BFMv^,66,29,92
H?BFMvu,45,18,33
H?BFMvv,48,21,33
H?BFMvy,38,19,28
H?BFMvz,46,21,41
H?BFMv{,37,17,31
H?BFMv|,40,21,29
H?BFMv},40,21,29
H?BFMv~,43,24,28
H?BFMy},48,19,69
H?BFMy~,47,25,72
H?BFMzY,58,16,91
H?BFMzZ,60,22,94
H?BFMz\,62,23,91
H?BFMz],66,21,89
H?BFMz^,69,27,91
H?BFMzq,42,15,33
H?BFMzu,42,17,37
H?BFMzv,44,20,38
H?BFMzy,47,17,38
H?BFMzz,40,21,29
H?BFMz{,40,17,28
H?BFMz|,46,20,42
H?BFMz},49,19,40
H?BFMz~,44,23,28
H?BFM~^,73,33,92
H?BFM~},43,23,29
H?BFM~~,44,26,30
H?BFNGz,35,25,96
H?BFNG~,43,31,94
H?BFNIZ,40,18,72
H?BFNI^,44,19,77
H?BFNIz,36,15,61
H?BFNI},36,14,62
H?BFNI~,41,16,63
H?BFNJY,33,12,59
H?BFNJZ,38,14,60
H?BFNJ],36,14,62
H?BFNJ^,44,16,60
H?BFNJw,29,11,25
H?BFNJy,36,13,35
H?BFNJz,33,15,27
H?BFNJ{,31,13,26
H?BFNJ},38,15,37
H?BFNJ~,35,17,28
H?BFNM~,39,26,63
H?BFNNZ,40,20,60
H?BFNN],37,19,64
H?BFNN^,42,24,62
H?BFNNy,32,15,28
H?BFNNz,32,18,30
H?BFNN{,33,14,28
H?BFNN},33,18,29
H?BFNN~,32,22,31
H?BFN_^,48,39,109
H?BFN_n,42,28,99
H?BFN_z,42,26,100
H?BFN_},54,23,119
H?BFN_~,46,34,100
H?BFNaN,44,18,81
H?BFNaZ,49,20,71
H?BFNa\,41,16,83
H?BFNa^,46,24,80
H?BFNaj,43,15,59
H?BFNan,40,19,67
H?BFNay,60,14,66
H?BFNaz,44,18,58
H?BFNa{,40,13,59
H?BFNa|,43,16,61
H?BFNa},57,16,77
H?BFNa~,45,21,62
H?BFNbJ,42,13,75
H?BFNbL,43,14,73
H?BFNbN,45,20,75
H?BFNbX,41,14,57
H?BFNbZ,43,18,59
H?BFNb[,40,13,59
H?BFNb\,41,16,63
H?BFNb],66,16,68
H?BFNb^,46,21,61
H?BFNbh,41,12,38
H?BFNbj,39,14,45
H?BFNbk,38,12,41
H?BFNbl,40,14,44
H?BFNbm,67,14,45
H?BFNbn,44,17,44
H?BFNbw,35,12,23
H?BFNbx,44,14,32
H?BFNby,59,16,45
H?BFNbz,45,17,34
H?BFNb{,36,14,25
H?BFNb|,43,16,37
H?BFNb},62,16,50
H?BFNb~,40,20,25
H?BFNe},44,20,64
H?BFNe~,45,24,67
H?BFNfZ,44,21,63
H?BFNf\,39,20,69
H?BFNf],44,20,64
H?BFNf^,45,24,67
H?BFNfj,41,16,48
H?BFNfm,41,16,48
H?BFNfn,46,19,47
H?BFNfx,44,16,36
H?BFNfy,37,17,26
H?BFNfz,48,19,35
H?BFNf{,38,16,26
H?BFNf|,38,19,28
H?BFNf},39,19,27
H?BFNf~,40,22,28
H?BFNi^,47,26,87
H?BFNi},45,18,65
H?BFNi~,46,23,67
H?BFNjN,47,22,81
H?BFNjY,42,16,62
H?BFNjZ,42,21,65
H?BFNj\,42,18,68
H?BFNj],45,18,65
H?BFNj^,48,23,65
H?BFNji,42,14,42
H?BFNjj,41,17,47
H?BFNjl,45,16,44
H?BFNjm,44,16,45
H?BFNjn,48,19,45
H?BFNjw,38,14,23
H?BFNjx,44,16,36
H?BFNjy,45,16,35
H?BFNjz,39,20,26
H?BFNj{,40,16,24
H?BFNj|,45,18,39
H?BFNj},48,18,36
H?BFNj~,41,22,27
H?BFNn^,53,27,64
H?BFNnn,53,22,44
H?BFNnz,41,22,27
H?BFNn{,41,18,26
H?BFNn|,41,21,28
H?BFNn},42,21,27
H?BFNn~,43,24,28
H?BFNq^,47,30,93
H?BFNq},49,18,86
H?BFNq~,47,24,73
H?BFNrU,56,17,77
H?BFNrV,48,22,74
H?BFNrY,50,16,78
H?BFNrZ,45,20,71
H?BFNr[,48,16,64
H?BFNr\,47,18,71
H?BFNr],52,18,83
H?BFNr^,47,24,73
H?BFNre,47,16,63
H?BFNrq,54,14,37
H?BFNru,58,16,38
H?BFNrv,49,19,34
H?BFNrw,42,14,24
H?BFNrx,50,16,36
H?BFNry,49,16,54
H?BFNrz,47,20,41
H?BFNr{,43,16,26
H?BFNr|,50,19,39
H?BFNr},55,18,53
H?BFNr~,48,22,25
H?BFNv^,49,28,75
H?BFNvz,49,22,43
H?BFNv},47,22,26
H?BFNv~,49,25,26
H?BFNz],46,20,78
H?BFNz^,50,26,76
H?BFNzy,46,18,44
H?BFNzz,46,22,27
H?BFNz{,46,18,26
H?BFNz|,50,20,44
H?BFNz},52,20,42
H?BFNz~,50,24,26
H?BFN~},51,24,25
H?BFN~~,52,27,26
H?BFdx{,48,18,94
H?BFdx|,48,22,117
H?BFdx},48,22,83
H?BFdx~,47,29,86
H?BFdy{,50,16,110
H?BFdy|,57,20,127
H?BFdy},50,20,117
H?BFdy~,52,26,120
H?BFdzi,46,16,50
H?BFdzm,45,18,56
H?BFdzn,45,23,58
H?BFdzq,45,14,61
H?BFdzr,46,18,64
H?BFdzs,39,14,52
H?BFdzt,62,16,66
H?BFdzu,47,17,48
H?BFdzv,49,21,49
H?BFdzw,41,14,57
H?BFdzx,51,17,68
H?BFdzy,47,17,38
H?BFdzz,45,20,43
H?BFdz{,44,17,58
H?BFdz|,52,21,71
H?BFdz},47,20,41
H?BFdz~,45,23,27
H?BFd|~,49,34,88
H?BFd}~,57,32,120
H?BFd~v,51,24,51
H?BFd~z,48,23,43
H?BFd~{,42,20,28
H?BFd~|,44,23,28
H?BFd~},45,23,27
H?BFd~~,47,26,27
H?BFfO^,54,42,114
H?BFfOv,47,21,100
H?BFfOz,54,23,193
H?BFfO},45,22,128
H?BFfO~,45,33,114
H?BFfQV,49,14,77
H?BFfQZ,83,19,153
H?BFfQ^,45,25,90
H?BFfQf,59,11,86
H?BFfQm,53,15,86
H?BFfQr,98,14,112
H?BFfQv,43,19,58
H?BFfQy,52,18,155
H?BFfQz,87,20,133
H?BFfQ{,47,13,105
H?BFfQ},52,17,75
H?BFfQ~,47,22,67
H?BFfRF,61,16,105
H?BFfRM,57,15,96
H?BFfRR,94,12,118
H?BFfRV,44,19,72
H?BFfRY,44,15,151
H?BFfRZ,88,18,134
H?BFfR[,47,13,105
H?BFfR],57,17,70
H?BFfR^,48,22,66
H?BFfRb,107,10,91
H?BFfRe,53,14,76
H?BFfRf,57,14,83
H?BFfRi,44,12,126
H?BFfRm,59,15,61
H?BFfRq,48,12,122
H?BFfRr,98,15,112
H?BFfRs,37,12,77
H?BFfRu,58,15,47
H?BFfRv,48,19,45
H?BFfRw,45,21,99
H?BFfRy,45,27,136
H?BFfRz,89,21,128
H?BFfR{,44,18,82
H?BFfR},56,17,46
H?BFfR~,47,21,22
H?BFfU},44,21,71
H?BFfU~,44,25,75
H?BFfVZ,89,24,91
H?BFfV],42,21,73
H?BFfV^,43,25,76
H?BFfVm,58,18,68
H?BFfVu,43,17,52
H?BFfVv,48,20,51
H?BFfVy,85,22,131
H?BFfVz,88,22,70
H?BFfV{,39,17,29
H?BFfV},40,20,30
H?BFfV~,42,23,30
H?BFfW~,48,37,119
H?BFfYv,44,21,63
H?BFfYz,47,22,67
H?BFfY{,50,16,78
H?BFfY|,60,19,91
H?BFfY},48,19,69
H?BFfY~,47,25,72
H?BFfZY,44,17,67
H?BFfZ[,50,16,78
H?BFfZ\,66,19,85
H?BFfZ],43,19,74
H?BFfZ^,43,25,76
H?BFfZi,59,14,62
H?BFfZk,60,15,60
H?BFfZl,75,17,68
H?BFfZm,60,17,67
H?BFfZn,63,21,69
H?BFfZq,43,14,63
H?BFfZr,46,18,64
H?BFfZs,39,14,52
H?BFfZt,71,16,57
H?BFfZu,46,17,49
H?BFfZv,49,21,49
H?BFfZw,40,14,58
H?BFfZx,58,17,61
H?BFfZy,48,17,37
H?BFfZz,46,20,42
H?BFfZ{,46,17,56
H?BFfZ|,62,21,61
H?BFfZ},48,19,41
H?BFfZ~,44,23,28
H?BFf]~,47,29,76
H?BFf^^,43,29,80
H?BFf^n,67,25,70
H?BFf^v,50,24,52
H?BFf^z,48,23,43
H?BFf^{,40,19,31
H?BFf^|,41,23,31
H?BFf^},43,23,29
H?BFf^~,44,26,30
H?BFf_n,45,31,106
H?BFf_z,72,18,162
H?BFf_~,44,28,108
H?BFfaN,46,23,85
H?BFfaj,97,14,113
H?BFfan,45,18,72
H?BFfaz,95,17,113
H?BFfa{,44,12,112
H?BFfa},58,16,76
H?BFfa~,45,17,66
H?BFfbJ,90,16,118
H?BFfbN,46,20,84
H?BFfbj,94,15,101
H?BFfbk,40,12,102
H?BFfbm,65,17,53
H?BFfbn,45,17,50
H?BFfbw,44,36,116
H?BFfby,50,31,159
H?BFfbz,92,20,112
H?BFfb{,43,19,88
H?BFfb},63,18,47
H?BFfb~,42,18,25
H?BFfe~,44,22,70
H?BFffj,97,19,60
H?BFffn,45,20,54
H?BFffy,92,20,112
H?BFffz,94,20,56
H?BFff{,40,15,25
H?BFff},41,18,26
H?BFff~,41,21,28
H?BFfi},45,17,66
H?BFfi~,48,22,66
H?BFfjm,43,16,53
H?BFfjn,46,20,53
H?BFfjy,48,15,33
H?BFfjz,49,18,35
H?BFfj{,45,15,52
H?BFfj|,68,17,51
H?BFfj},47,17,38
H?BFfj~,44,21,25
H?BFfn{,43,18,24
H?BFfn|,43,21,26
H?BFfn},44,21,25
H?BFfn~,45,24,26
H?BFfq},49,18,86
H?BFfq~,46,23,75
H?BFfri,45,22,141
H?BFfrm,53,17,66
H?BFfrn,47,21,58
H?BFfrq,51,21,123
H?BFfrs,40,19,76
H?BFfrt,67,15,62
H?BFfru,58,16,54
H?BFfrv,50,19,50
H?BFfrw,48,30,98
H?BFfrx,57,48,167
H?BFfry,48,36,137
H?BFfrz,78,26,148
H?BFfr{,49,22,82
H?BFfr|,53,18,73
H?BFfr},55,18,53
H?BFfr~,48,22,25
H?BFfvv,53,22,51
H?BFfvz,80,24,86
H?BFfv{,46,18,26
H?BFfv|,45,21,29
H?BFfv},46,21,28
H?BFfv~,48,24,28
H?BFfz{,50,18,58
H?BFfz|,56,20,76
H?BFfz},49,20,45
H?BFfz~,48,24,28
H?BFf~},50,24,26
H?BFf~~,51,27,27
H?BFnW~,51,41,124
H?BFnY^,48,29,103
H?BFnYv,45,23,68
H?BFnYz,49,26,69
H?BFnY},50,21,73
H?BFnY~,49,28,75
H?BFnZV,49,23,81
H?BFnZZ,42,24,78
H?BFnZ],46,21,77
H?BFnZ^,46,28,78
H?BFnZf,71,19,86
H?BFnZm,65,21,67
H?BFnZr,44,20,38
H?BFnZu,45,19,38
H?BFnZv,48,23,37
H?BFnZw,43,17,25
H?BFnZy,49,19,40
H?BFnZz,43,23,29
H?BFnZ{,43,19,28
H?BFnZ},48,22,44
H?BFnZ~,45,25,30
H?BFn^^,47,33,80
H?BFn^z,44,26,30
H?BFn^},45,25,30
H?BFn^~,46,28,31
H?BFng~,52,40,112
H?BFnin,51,26,76
H?BFniz,51,23,62
H?BFni~,52,25,67
H?BFnjN,52,27,91
H?BFnjj,47,21,51
H?BFnjn,51,23,52
H?BFnjw,44,16,20
H?BFnjy,50,18,34
H?BFnjz,46,22,22
H?BFnj{,46,18,21
H?BFnj},52,20,36
H?BFnj~,46,24,25
H?BFnnn,57,27,49
H?BFnnz,47,24,24
H?BFnn},46,23,26
H?BFnn~,47,26,27
H?BFno~,50,47,119
H?BFnqn,51,28,83
H?BFnqv,47,22,67
H?BFnqz,51,23,70
H?BFnq~,51,27,74
H?BFnrN,51,31,98
H?BFnrf,53,22,61
H?BFnrj,47,20,59
H?BFnrm,58,19,67
H?BFnrn,50,25,58
H?BFnrr,47,18,37
H?BFnru,62,18,39
H?BFnrv,53,22,33
H?BFnrw,46,15,24
H?BFnrx,52,18,38
H?BFnrz,50,22,42
H?BFnr{,47,18,25
H?BFnr|,53,21,40
H?BFnr},56,21,56
H?BFnr~,50,24,26
H?BFnvz,50,24,46
H?BFnv},48,24,28
H?BFnv~,50,27,28
H?BFnzm,48,21,64
H?BFnzu,49,20,39
H?BFnzy,49,20,45
H?BFnzz,49,24,27
H?BFnz{,49,20,26
H?BFnz|,53,22,45
H?BFnz},52,23,45
H?BFnz~,51,26,28
H?BFn~~,52,29,29
H?BFvo~,49,53,114
H?BFvqv,47,23,74
H?BFvqz,74,26,170
H?BFvq~,49,24,79
H?BFvrf,49,27,68
H?BFvrr,74,28,150
H?BFvru,53,19,54
H?BFvrv,48,22,44
H?BFvrw,51,21,64
H?BFvry,59,44,131
H?BFvrz,61,31,174
H?BFvr{,57,22,47
H?BFvr},53,19,61
H?BFvr~,53,23,24
H?BFvvz,67,27,106
H?BFvv},52,22,26
H?BFvv~,54,25,26
H?BFvzy,54,19,41
H?BFvz{,53,19,42
H?BFvz|,56,21,63
H?BFvz},55,22,43
H?BFvz~,54,25,26
H?BFv~~,56,28,26
H?BF~y~,57,30,81
H?BF~zv,54,26,46
H?BF~zz,55,25,25
H?BF~z{,55,21,24
H?BF~z},59,23,44
H?BF~z~,57,27,26
H?BF~~~,58,30,27
H?Bcqwy,53,32,181
H?Bcqw|,53,42,190
H?Bcqw~,47,55,202
H?Bcqx\,77,34,183
H?Bcqx^,69,49,197
H?Bcqxq,50,26,106
H?Bcqxr,49,30,116
H?Bcqxv,49,37,122
H?Bcqxy,51,25,119
H?Bcqxz,52,31,125
H?Bcqx|,53,31,124
H?Bcqx},45,32,131
H?Bcqx~,51,39,131
H?BcqyY,66,16,100
H?Bcqy\,54,18,124
H?Bcqy^,56,29,125
H?Bcqyq,39,18,55
H?Bcqyv,38,26,64
H?Bcqyy,45,19,56
H?Bcqyz,43,26,59
H?Bcqy|,47,24,73
H?Bcqy},43,23,62
H?Bcqy~,41,30,65
H?BcqzQ,67,14,75
H?BcqzU,64,16,88
H?BcqzV,62,20,83
H?BcqzY,68,15,85
H?BcqzZ,67,18,80
H?Bcqz[,55,16,83
H?Bcqz\,57,19,104
H?Bcqz],62,21,97
H?Bcqz^,63,23,90
H?Bcqza,38,16,30
H?Bcqze,39,17,64
H?Bcqzf,42,23,63
H?Bcqzq,43,17,30
H?Bcqzr,39,21,36
H?Bcqzs,43,17,45
H?Bcqzt,51,20,41
H?Bcqzu,42,19,35
H?Bcqzv,40,24,38
H?Bcqzw,34,15,41
H?Bcqzx,47,20,45
H?Bcqzy,44,18,34
H?Bcqzz,43,23,36
H?Bcqz{,34,18,44
H?Bcqz|,45,23,51
H?Bcqz},42,21,39
H?Bcqz~,38,25,27
H?Bcr_N,63,40,222
H?Bcr_],60,27,225
H?Bcr`F,54,14,100
H?Bcr`L,59,21,167
H?Bcr`M,68,21,171
H?Bcr`N,57,30,179
H?Bcr`U,64,14,138
H?Bcr`],58,28,166
H?Bcr`d,42,14,100
H?Bcr`e,61,15,104
H?Bcr`f,52,20,110
H?Bcr`k,43,15,124
H?Bcr`l,58,24,128
H?Bcr`m,60,24,140
H?Bcr`n,49,33,143
H?Bcr`u,57,19,106
H?Bcr`{,54,16,126
H?Bcr`},53,25,132
H?BcraF,49,11,48
H?BcraL,50,14,92
H?BcraM,49,13,94
H?BcraN,44,18,92
H?BcraT,48,12,72
H?BcraU,61,10,73
H?BcraV,52,13,78
H?BcraY,34,14,147
H?Bcra\,47,16,91
H?Bcra],55,17,96
H?Bcra^,41,25,84
H?BcrbD,53,11,44
H?BcrbE,65,12,43
H?BcrbF,53,13,51
H?BcrbK,26,13,52
H?BcrbL,51,16,59
H?BcrbM,63,18,59
H?BcrbN,40,20,60
H?BcrbQ,48,13,107
H?BcrbT,52,15,37
H?BcrbU,63,15,39
H?BcrbV,51,17,44
H?BcrbW,27,13,64
H?BcrbY,44,15,137
H?Bcrb[,43,14,55
H?Bcrb\,51,17,52
H?Bcrb],62,18,55
H?Bcrb^,42,21,49
H?Bcrb_,14,10,42
H?Bcrbc,29,12,43
H?Bcrbd,52,14,51
H?Bcrbe,60,14,56
H?Bcrbf,49,19,58
H?Bcrbg,18,13,60
H?Bcrbi,33,17,132
H?Bcrbk,32,14,52
H?Bcrbl,56,17,47
H?Bcrbm,63,17,55
H?Bcrbn,44,21,47
H?Bcrbo,16,12,44
H?Bcrbq,34,13,122
H?Bcrbs,30,13,48
H?Bcrbt,56,16,40
H?Bcrbu,60,15,51
H?Bcrbv,53,19,48
H?Bcrbw,18,14,52
H?Bcrby,39,21,135
H?Bcrb{,35,17,53
H?Bcrb|,52,18,42
H?Bcrb},56,18,54
H?Bcrb~,37,23,25
H?Bcrhl,60,30,135
H?Bcrhm,50,30,145
H?Bcrhn,53,39,148
H?Bcrh},49,32,127
H?BcriN,45,23,97
H?BcriV,56,17,81
H?BcriY,40,17,83
H?Bcri\,49,20,96
H?Bcri^,44,29,87
H?BcrjI,40,16,56
H?BcrjL,53,18,64
H?BcrjM,43,18,59
H?BcrjN,42,22,64
H?BcrjQ,39,14,38
H?BcrjT,54,17,41
H?BcrjV,53,19,48
H?BcrjY,46,17,42
H?Bcrj\,53,19,56
H?Bcrj],47,20,45
H?Bcrj^,45,23,51
H?Bcrja,41,14,36
H?Bcrjd,55,16,55
H?Bcrje,53,17,56
H?Bcrjf,53,20,62
H?Bcrji,44,17,44
H?Bcrjl,58,19,51
H?Bcrjm,46,19,47
H?Bcrjn,45,23,51
H?Bcrjq,42,15,41
H?Bcrjt,60,18,27
H?Bcrju,54,18,33
H?Bcrjv,57,21,34
H?Bcrjw,35,15,40
H?Bcrjy,47,18,31
H?Bcrj{,36,18,42
H?Bcrj|,56,20,43
H?Bcrj},46,21,35
H?Bcrj~,39,25,26
H?Bcrl],48,48,176
H?Bcrl^,48,59,182
H?Bcrln,48,49,158
H?Bcrlu,49,31,115
H?Bcrlv,48,43,133
H?Bcrl},46,40,135
H?Bcrl~,50,46,138
H?Bcrm],40,29,91
H?BcrnM,38,22,68
H?BcrnU,49,22,49
H?Bcrn],43,23,53
H?Bcrn^,43,26,57
H?Bcrne,49,24,62
H?Bcrnm,42,23,54
H?Bcrnn,44,26,56
H?Bcrnu,49,23,40
H?Bcrnv,53,24,42
H?Bcrny,44,21,37
H?Bcrnz,44,24,40
H?Bcrn{,36,20,29
H?Bcrn|,38,24,28
H?Bcrn},37,25,28
H?Bcrn~,39,28,28
H?BcrpU,56,18,164
H?BcrpV,63,25,167
H?Bcrp[,53,16,169
H?Bcrp\,60,29,166
H?Bcrpe,50,17,129
H?Bcrpf,56,24,130
H?Bcrps,57,16,123
H?Bcrpt,63,25,107
H?Bcrpu,53,25,117
H?Bcrpv,55,32,121
H?Bcrpw,50,14,104
H?Bcrpx,54,18,168
H?Bcrp{,59,18,133
H?Bcrp|,62,26,120
H?Bcrp},52,26,130
H?Bcrp~,57,34,130
H?Bcrq[,41,14,85
H?BcrrE,58,13,55
H?BcrrS,44,14,54
H?BcrrU,60,19,41
H?BcrrV,46,20,46
H?Bcrr[,48,16,56
H?Bcrr\,57,19,52
H?Bcrrc,32,14,52
H?Bcrre,53,16,66
H?Bcrrf,48,22,58
H?Bcrrs,52,15,53
H?Bcrrt,63,18,31
H?Bcrru,59,18,35
H?Bcrrv,49,22,31
H?Bcrrw,24,15,51
H?Bcrrx,43,20,113
H?Bcrr{,42,18,52
H?Bcrr|,58,19,42
H?Bcrr},57,19,43
H?Bcrr~,42,24,24
H?Bcrx^,51,50,188
H?Bcrxv,52,38,131
H?Bcrxy,58,26,124
H?Bcrxz,57,33,131
H?Bcrx|,57,32,132
H?Bcrx},52,33,136
H?Bcrx~,54,41,139
H?Bcrz],49,21,49
H?Bcrz^,47,25,54
H?Bcrzu,48,20,34
H?Bcrzv,47,24,37
H?Bcrzy,51,19,32
H?Bcrzz,49,22,37
H?Bcrz{,41,19,42
H?Bcrz|,54,22,50
H?Bcrz},48,23,37
H?Bcrz~,43,26,26
H?Bcr|},48,42,144
H?Bcr|~,51,48,148
H?Bcr~},42,27,26
H?Bcr~~,44,30,26
H?BcsxZ,60,20,130
H?Bcsx],55,24,131
H?Bcsx^,54,29,142
H?Bcsxr,40,21,74
H?Bcsxu,37,22,76
H?Bcsxv,41,25,78
H?Bcsxx,51,19,80
H?Bcsxy,45,19,71
H?Bcsxz,43,22,79
H?Bcsx{,38,20,77
H?Bcsx|,45,25,90
H?Bcsx},40,24,80
H?Bcsx~,42,27,84
H?Bcsy\,106,34,211
H?Bcsy],109,42,200
H?Bcsy^,112,49,203
H?BcszR,66,17,71
H?BcszU,66,17,85
H?BcszV,67,20,78
H?BcszY,65,15,88
H?BcszZ,67,18,80
H?Bcsz[,56,15,83
H?Bcsz\,58,18,104
H?Bcsz],59,20,101
H?Bcsz^,65,23,88
H?Bcszb,42,18,30
H?Bcsze,37,17,66
H?Bcszf,42,21,65
H?Bcszq,40,17,33
H?Bcszr,40,19,37
H?Bcszs,38,17,50
H?Bcszt,53,19,40
H?Bcszu,39,19,38
H?Bcszv,41,21,40
H?Bcszw,33,15,42
H?Bcszx,48,18,46
H?Bcszy,42,18,36
H?Bcszz,46,20,36
H?Bcsz{,33,18,45
H?Bcsz|,48,20,51
H?Bcsz},40,21,41
H?Bcsz~,41,23,26
H?Bcu_\,56,17,143
H?Bcu_f,53,11,92
H?Bcu_l,54,20,108
H?Bcu_m,51,20,111
H?Bcu_n,46,26,110
H?Bcu_t,52,17,87
H?Bcu_u,67,16,85
H?Bcu_v,53,21,95
H?Bcu_{,42,15,99
H?Bcu_|,47,25,110
H?Bcu`F,50,10,94
H?Bcu`L,70,15,131
H?Bcu`T,65,13,98
H?Bcu`U,62,12,91
H?Bcu`V,65,17,110
H?Bcu`[,58,13,109
H?Bcu`\,60,18,117
H?Bcu`d,38,13,69
H?Bcu`e,60,13,71
H?Bcu`f,50,17,76
H?Bcu`h,29,14,126
H?Bcu`k,28,14,75
H?Bcu`l,52,20,82
H?Bcu`m,57,20,91
H?Bcu`n,41,28,81
H?Bcu`p,30,13,113
H?Bcu`s,42,13,65
H?Bcu`t,53,19,58
H?Bcu`u,60,18,65
H?Bcu`v,49,24,67
H?Bcu`w,30,13,74
H?Bcu`x,34,15,133
H?Bcu`{,45,16,79
H?Bcu`|,51,21,78
H?Bcu`},53,21,91
H?Bcu`~,43,28,73
H?BcuaF,51,11,81
H?BcuaL,70,12,122
H?BcuaT,69,10,86
H?Bcua\,61,15,106
H?Bcuad,53,11,56
H?Bcuae,70,11,51
H?Bcuaf,53,13,64
H?Bcuak,41,13,63
H?Bcual,55,18,67
H?Bcuam,64,18,72
H?Bcuan,43,23,69
H?Bcuat,53,17,47
H?Bcuau,70,15,45
H?Bcuav,52,20,54
H?Bcua{,43,14,69
H?Bcua|,52,19,64
H?BcubD,53,9,81
H?BcubE,65,8,70
H?BcubF,56,12,88
H?BcubK,47,13,84
H?BcubL,73,15,94
H?BcubT,70,15,71
H?BcubU,62,12,82
H?BcubV,69,15,85
H?Bcub[,60,13,83
H?Bcub\,64,16,88
H?Bcubc,41,12,43
H?Bcubd,51,14,52
H?Bcube,63,14,53
H?Bcubf,50,19,57
H?Bcubh,36,14,104
H?Bcubk,43,14,55
H?Bcubl,57,17,46
H?Bcubm,63,17,55
H?Bcubn,45,21,46
H?Bcubp,32,13,98
H?Bcubs,34,13,44
H?Bcubt,57,16,39
H?Bcubu,65,15,46
H?Bcubv,55,19,46
H?Bcubw,33,14,51
H?Bcubx,40,18,107
H?Bcub{,37,18,50
H?Bcub|,53,18,41
H?Bcub},55,18,55
H?Bcub~,40,23,22
H?Bcugz,44,32,104
H?Bcug|,49,31,115
H?Bcug},39,32,109
H?Bcug~,42,40,110
H?BcuhZ,68,28,114
H?Bcuh\,63,23,124
H?Bcuh],64,26,120
H?Bcuh^,65,34,126
H?Bcuhj,40,27,83
H?Bcuhm,39,24,87
H?Bcuhn,41,32,87
H?Bcuhr,39,23,64
H?Bcuhv,49,28,73
H?Bcuhx,56,21,73
H?Bcuhy,45,21,69
H?Bcuhz,44,26,74
H?Bcuh{,43,21,71
H?Bcuh|,51,25,84
H?Bcuh},43,26,75
H?Bcuh~,42,32,79
H?BcuiZ,67,23,106
H?Bcui\,67,18,111
H?Bcui],75,23,98
H?Bcui^,68,28,114
H?Bcuij,45,23,67
H?Bcuil,54,21,75
H?Bcuim,39,21,75
H?Bcuin,42,26,76
H?Bcuir,42,20,50
H?Bcuit,55,20,51
H?Bcuiv,53,23,59
H?Bcuiy,43,19,58
H?Bcuiz,46,23,59
H?Bcui{,42,19,59
H?Bcui|,54,22,68
H?Bcui},43,23,62
H?Bcui~,44,27,65
H?BcujL,82,16,98
H?BcujM,48,17,103
H?BcujN,82,20,108
H?BcujR,75,19,75
H?BcujT,82,17,70
H?BcujU,69,17,83
H?BcujV,77,20,85
H?BcujY,70,16,82
H?BcujZ,73,20,72
H?Bcuj[,64,16,74
H?Bcuj\,69,19,92
H?Bcuj],69,22,89
H?Bcuj^,75,23,78
H?Bcujf,51,20,64
H?Bcuji,42,17,46
H?Bcujj,41,20,51
H?Bcujk,43,17,45
H?Bcujl,57,19,52
H?Bcujm,42,19,51
H?Bcujn,43,23,53
H?Bcujq,40,15,43
H?Bcujr,40,18,47
H?Bcujs,54,16,42
H?Bcujt,58,18,29
H?Bcuju,52,18,35
H?Bcujv,55,21,36
H?Bcujw,34,15,41
H?Bcujx,53,18,41
H?Bcujy,45,18,33
H?Bcujz,46,21,35
H?Bcuj{,35,18,43
H?Bcuj|,54,21,44
H?Bcuj},43,21,38
H?Bcuj~,40,25,25
H?Bculn,40,36,94
H?Bculv,50,32,78
H?Bcul|,44,30,79
H?Bcul},43,31,79
H?Bcul~,42,36,84
H?Bcumm,36,24,84
H?Bcumn,39,29,85
H?Bcumv,53,26,65
H?BcunU,72,18,78
H?BcunV,79,19,97
H?Bcunm,41,22,56
H?Bcunn,42,25,59
H?Bcunu,51,22,39
H?Bcunv,57,23,39
H?Bcun{,37,20,28
H?Bcun|,38,23,29
H?Bcun},37,24,29
H?Bcun~,40,27,28
H?Bcuw~,41,41,122
H?Bcux^,59,36,145
H?Bcuxv,42,31,80
H?Bcuxy,48,22,74
H?Bcuxz,46,27,80
H?Bcux|,51,26,93
H?Bcux},44,27,82
H?Bcux~,44,33,85
H?Bcuy^,62,30,132
H?Bcuyv,40,26,70
H?Bcuy|,49,23,81
H?Bcuy},44,24,68
H?Bcuy~,42,29,73
H?BcuzV,69,22,85
H?Bcuz\,60,20,112
H?Bcuz],65,24,103
H?Bcuz^,67,25,95
H?Bcuzf,42,24,70
H?Bcuzq,44,18,34
H?Bcuzr,41,21,40
H?Bcuzt,56,20,43
H?Bcuzu,42,20,40
H?Bcuzv,42,24,42
H?Bcuzy,46,19,37
H?Bcuzz,46,22,40
H?Bcuz{,39,19,44
H?Bcuz|,52,21,53
H?Bcuz},44,22,42
H?Bcuz~,42,26,27
H?Bcv?V,49,17,114
H?Bcv?\,45,20,130
H?Bcv?],38,19,151
H?Bcv?^,40,29,127
H?Bcv@F,53,14,98
H?Bcv@T,51,14,79
H?Bcv@U,67,13,88
H?Bcv@V,49,17,90
H?Bcv@Y,52,16,166
H?Bcv@[,24,14,92
H?Bcv@\,43,20,105
H?Bcv@],57,21,118
H?Bcv@^,38,27,100
H?Bcv@d,38,10,92
H?Bcv@e,47,9,87
H?Bcv@f,59,18,103
H?Bcv@q,63,13,128
H?Bcv@s,27,13,68
H?Bcv@t,52,17,61
H?Bcv@u,63,17,76
H?Bcv@v,48,22,70
H?Bcv@w,28,13,76
H?Bcv@y,65,16,157
H?Bcv@{,30,15,81
H?Bcv@|,49,19,82
H?Bcv@},52,22,106
H?Bcv@~,41,24,79
H?BcvAF,55,18,81
H?BcvAT,46,13,73
H?BcvAU,62,10,84
H?BcvAV,48,13,82
H?BcvA\,46,16,92
H?BcvA],56,15,111
H?BcvA^,40,21,89
H?BcvBD,53,13,74
H?BcvBE,56,8,68
H?BcvBF,60,15,93
H?BcvBT,49,15,40
H?BcvBU,69,14,47
H?BcvBV,48,17,47
H?BcvBY,60,15,135
H?BcvB[,41,14,57
H?BcvB\,47,17,56
H?BcvB],67,17,66
H?BcvB^,40,19,53
H?BcvBa,73,11,70
H?BcvBd,54,15,85
H?BcvBe,52,12,80
H?BcvBf,60,24,98
H?BcvBq,52,12,118
H?BcvBs,31,13,47
H?BcvBt,55,16,41
H?BcvBu,66,15,59
H?BcvBv,49,19,52
H?BcvBw,31,14,53
H?BcvBy,65,29,116
H?BcvB{,35,16,54
H?BcvB|,51,18,43
H?BcvB},55,18,71
H?BcvB~,40,21,24
H?BcvG^,43,34,133
H?BcvH\,47,24,109
H?BcvH],41,26,98
H?BcvH^,39,33,104
H?BcvHu,48,22,70
H?BcvHv,49,26,75
H?BcvHy,45,19,71
H?BcvH{,31,19,70
H?BcvH|,53,23,84
H?BcvH},44,24,76
H?BcvH~,42,30,81
H?BcvIV,52,14,88
H?BcvI\,48,17,100
H?BcvI],39,20,91
H?BcvI^,41,26,93
H?BcvJT,52,16,44
H?BcvJV,49,18,53
H?BcvJY,43,16,46
H?BcvJ\,51,18,59
H?BcvJ],44,19,49
H?BcvJ^,41,22,56
H?BcvJd,66,12,66
H?BcvJe,64,14,78
H?BcvJf,71,23,74
H?BcvJq,40,15,43
H?BcvJt,59,17,29
H?BcvJu,49,17,39
H?BcvJv,53,20,39
H?BcvJw,35,15,40
H?BcvJy,47,17,32
H?BcvJ{,36,17,43
H?BcvJ|,55,19,45
H?BcvJ},44,20,38
H?BcvJ~,40,24,26
H?BcvL^,42,40,105
H?BcvLv,49,31,80
H?BcvLz,45,29,79
H?BcvL|,45,29,79
H?BcvL},42,30,81
H?BcvL~,43,35,84
H?BcvM],40,26,94
H?BcvM^,43,32,95
H?BcvNV,52,21,55
H?BcvN],41,22,56
H?BcvN^,42,25,59
H?BcvNf,73,30,77
H?BcvNu,49,21,42
H?BcvNv,55,23,41
H?BcvNy,44,20,38
H?BcvNz,45,23,40
H?BcvN{,37,19,29
H?BcvN|,39,23,28
H?BcvN},38,24,28
H?BcvN~,40,27,28
H?Bcv_],50,29,145
H?Bcv_^,46,38,126
H?Bcv`M,57,22,117
H?Bcv`N,45,28,107
H?Bcv`U,59,15,95
H?Bcv`V,54,19,95
H?Bcv`Y,42,15,181
H?Bcv`Z,65,25,150
H?Bcv`[,40,15,99
H?Bcv`\,48,24,108
H?Bcv`],51,24,120
H?Bcv`^,42,32,102
H?Bcv`e,56,14,86
H?Bcv`f,53,18,83
H?Bcv`i,47,16,161
H?Bcv`j,56,23,146
H?Bcv`l,54,21,90
H?Bcv`m,53,21,106
H?Bcv`n,42,29,89
H?Bcv`q,47,16,145
H?Bcv`r,72,18,120
H?Bcv`s,41,14,75
H?Bcv`t,56,20,64
H?Bcv`u,58,19,77
H?Bcv`v,52,25,73
H?Bcv`w,33,14,79
H?Bcv`x,37,18,140
H?Bcv`y,53,17,170
H?Bcv`z,64,23,137
H?Bcv`{,48,17,85
H?Bcv`|,55,22,83
H?Bcv`},52,22,102
H?Bcv`~,45,29,79
H?BcvaN,46,23,96
H?BcvaV,55,14,85
H?BcvaZ,66,18,141
H?Bcva\,52,17,96
H?Bcva],52,18,110
H?Bcva^,44,26,90
H?BcvbF,55,14,57
H?BcvbJ,72,17,106
H?BcvbL,54,17,64
H?BcvbM,60,18,72
H?BcvbN,42,21,65
H?BcvbR,80,16,86
H?BcvbT,55,16,41
H?BcvbU,65,16,45
H?BcvbV,53,18,49
H?BcvbX,48,16,116
H?BcvbY,50,15,145
H?BcvbZ,76,19,97
H?Bcvb[,43,15,62
H?Bcvb\,55,18,55
H?Bcvb],58,18,68
H?Bcvb^,44,22,53
H?Bcvbb,67,15,100
H?Bcvbd,54,15,57
H?Bcvbe,60,15,65
H?Bcvbf,50,20,65
H?Bcvbh,39,16,110
H?Bcvbi,42,17,136
H?Bcvbj,63,18,111
H?Bcvbk,47,15,58
H?Bcvbl,58,18,52
H?Bcvbm,58,18,68
H?Bcvbn,43,23,53
H?Bcvbp,41,14,99
H?Bcvbq,43,14,125
H?Bcvbr,74,17,104
H?Bcvbs,36,14,48
H?Bcvbt,60,17,43
H?Bcvbu,65,16,54
H?Bcvbv,56,20,52
H?Bcvbw,37,15,53
H?Bcvbx,43,21,112
H?Bcvby,50,27,131
H?Bcvbz,67,19,118
H?Bcvb{,40,19,53
H?Bcvb|,56,20,43
H?Bcvb},55,19,62
H?Bcvb~,42,24,24
H?Bcvh^,45,37,105
H?Bcvhn,46,33,91
H?Bcvhv,55,29,76
H?Bcvhy,51,22,71
H?Bcvhz,50,28,75
H?Bcvh|,59,26,85
H?Bcvh},49,27,77
H?Bcvh~,48,34,80
H?Bcvi^,46,30,94
H?BcvjN,44,23,69
H?BcvjV,56,20,52
H?BcvjY,48,18,46
H?BcvjZ,49,22,48
H?Bcvj],48,21,50
H?Bcvj^,46,25,55
H?Bcvjf,57,21,66
H?Bcvji,46,18,48
H?Bcvjj,45,21,53
H?Bcvjl,62,20,54
H?Bcvjm,47,20,52
H?Bcvjn,46,25,55
H?Bcvjq,45,16,44
H?Bcvjr,44,19,49
H?Bcvjt,64,19,29
H?Bcvju,57,19,36
H?Bcvjv,60,23,36
H?Bcvjy,50,19,33
H?Bcvjz,49,22,37
H?Bcvj{,41,19,42
H?Bcvj|,59,22,45
H?Bcvj},49,22,37
H?Bcvj~,43,26,26
H?Bcvl},46,33,83
H?Bcvl~,45,39,87
H?Bcvn],44,24,58
H?Bcvn^,43,28,62
H?Bcvnm,44,24,58
H?Bcvnn,43,28,62
H?Bcvnu,54,23,42
H?Bcvnv,59,25,42
H?Bcvn},42,26,27
H?Bcvn~,43,29,28
H?Bcvpu,47,22,91
H?Bcvpv,43,28,82
H?Bcvp{,49,17,94
H?Bcvp|,53,23,94
H?Bcvp},49,23,98
H?Bcvp~,46,30,86
H?BcvrU,54,18,56
H?BcvrV,43,21,55
H?Bcvr[,44,18,66
H?Bcvr\,51,19,66
H?Bcvre,47,18,79
H?Bcvrf,45,24,67
H?Bcvrs,47,17,64
H?Bcvrt,57,19,43
H?Bcvru,51,20,48
H?Bcvrv,45,23,40
H?Bcvrw,42,16,54
H?Bcvrx,50,26,111
H?Bcvr{,45,21,53
H?Bcvr|,52,20,54
H?Bcvr},52,20,54
H?Bcvr~,45,25,25
H?Bcvx},45,29,88
H?Bcvx~,47,35,89
H?Bcvz],47,22,57
H?Bcvz^,46,26,61
H?Bcvzu,45,21,42
H?Bcvzv,46,25,43
H?Bcvzy,52,20,36
H?Bcvzz,49,23,42
H?Bcvz{,44,20,44
H?Bcvz|,54,22,57
H?Bcvz},49,23,42
H?Bcvz~,46,27,27
H?Bcv~},46,28,26
H?Bcv~~,47,31,27
H?Bczln,48,63,159
H?Bczl},46,50,138
H?Bczm^,44,43,93
H?BcznN,42,33,69
H?BcznV,51,26,59
H?Bczn\,42,30,54
H?Bczn],45,26,55
H?Bczn^,46,30,57
H?Bcznf,49,28,76
H?Bcznl,44,27,55
H?Bcznm,44,26,56
H?Bcznn,47,30,56
H?Bcznt,51,24,44
H?Bcznu,50,25,44
H?Bcznv,54,27,45
H?Bczny,38,25,27
H?Bczn|,39,28,28
H?Bczn},38,28,29
H?Bczn~,40,31,29
H?BczpV,56,35,181
H?Bczp\,52,40,180
H?Bczpf,52,31,141
H?Bczpt,53,31,124
H?Bczpu,46,31,131
H?Bczpv,46,38,137
H?Bczpx,62,26,120
H?Bczp{,49,26,133
H?Bczp|,55,33,133
H?Bczp},45,32,144
H?Bczp~,46,40,148
H?Bczq\,42,23,95
H?BczrF,50,19,59
H?BczrT,44,19,49
H?BczrU,55,19,54
H?BczrV,45,22,52
H?Bczr[,44,18,50
H?Bczr\,45,21,53
H?Bczrd,45,20,63
H?Bczre,48,20,76
H?Bczrf,45,25,66
H?Bczrs,50,18,28
H?Bczrt,48,20,34
H?Bczru,53,20,46
H?Bczrv,46,24,38
H?Bczrw,41,16,23
H?Bczrx,50,19,33
H?Bczr{,41,19,25
H?Bczr|,48,22,38
H?Bczr},50,21,55
H?Bczr~,43,26,26
H?Bczxz,50,42,142
H?Bczx|,55,43,136
H?Bczx},47,42,145
H?Bczx~,49,51,147
H?Bczy^,46,38,96
H?Bczz\,46,25,55
H?Bczz],49,25,52
H?Bczz^,47,29,57
H?Bczzu,48,24,36
H?Bczzv,48,28,38
H?Bczzy,45,22,41
H?Bczzz,43,27,25
H?Bczz{,42,24,24
H?Bczz|,49,27,38
H?Bczz},48,27,39
H?Bczz~,44,30,26
H?Bcz|~,48,60,152
H?Bcz~},43,30,27
H?Bcz~~,45,33,27
H?Bc}l|,45,37,80
H?Bc}l},46,36,80
H?Bc}l~,45,43,83
H?Bc}mn,42,38,82
H?Bc}m|,43,32,69
H?Bc}nV,82,27,99
H?Bc}n\,70,29,88
H?Bc}nl,44,26,56
H?Bc}nm,44,25,57
H?Bc}nn,46,30,57
H?Bc}nt,55,23,41
H?Bc}nu,54,24,41
H?Bc}nv,59,27,40
H?Bc}n{,38,24,28
H?Bc}n|,39,27,29
H?Bc}n},38,27,30
H?Bc}n~,41,30,29
H?Bc}xz,43,36,83
H?Bc}x},44,35,83
H?Bc}x~,44,41,86
H?Bc}y|,42,29,73
H?Bc}y},47,29,68
H?Bc}y~,45,34,73
H?Bc}z\,64,32,108
H?Bc}z],66,32,106
H?Bc}z^,68,33,97
H?Bc}zr,36,26,28
H?Bc}zu,43,25,40
H?Bc}zv,44,29,41
H?Bc}zy,41,24,43
H?Bc}zz,42,27,26
H?Bc}z{,40,24,26
H?Bc}z|,46,26,42
H?Bc}z},45,28,41
H?Bc}z~,43,30,27
H?Bc~L|,45,36,81
H?Bc~L~,46,41,84
H?Bc~M^,46,40,94
H?Bc~N\,44,27,55
H?Bc~N^,46,29,58
H?Bc~Nf,76,37,79
H?Bc~Nt,53,23,43
H?Bc~Nu,51,24,44
H?Bc~Nv,55,26,45
H?Bc~Ny,38,24,28
H?Bc~N|,40,27,28
H?Bc~N},38,27,30
H?Bc~N~,41,30,29
H?Bc~_^,47,46,131
H?Bc~`N,47,34,111
H?Bc~`V,55,23,102
H?Bc~`Z,41,28,107
H?Bc~`\,39,33,104
H?Bc~`^,41,39,107
H?Bc~`f,52,22,91
H?Bc~`j,39,30,91
H?Bc~`l,43,27,90
H?Bc~`n,42,34,94
H?Bc~`r,43,25,82
H?Bc~`t,53,25,72
H?Bc~`u,51,22,92
H?Bc~`v,49,29,82
H?Bc~`x,49,22,73
H?Bc~`y,47,22,107
H?Bc~`z,44,27,82
H?Bc~`{,45,24,75
H?Bc~`|,44,29,80
H?Bc~`},43,28,116
H?Bc~`~,42,35,85
H?Bc~aN,47,30,99
H?Bc~aV,58,18,89
H?Bc~aZ,40,22,98
H?Bc~a\,41,22,97
H?Bc~a^,43,30,97
H?Bc~bF,57,16,62
H?Bc~bJ,43,19,66
H?Bc~bL,43,20,65
H?Bc~bN,42,24,70
H?Bc~bR,44,18,58
H?Bc~bT,52,18,50
H?Bc~bV,53,20,55
H?Bc~bX,43,18,51
H?Bc~bY,56,18,70
H?Bc~bZ,42,20,57
H?Bc~b[,41,19,52
H?Bc~b\,40,22,57
H?Bc~b],54,21,78
H?Bc~b^,41,25,60
H?Bc~bb,43,18,59
H?Bc~bd,52,18,65
H?Bc~be,59,17,74
H?Bc~bf,51,22,71
H?Bc~bh,46,18,48
H?Bc~bi,48,19,77
H?Bc~bj,41,21,57
H?Bc~bk,49,18,45
H?Bc~bl,45,20,54
H?Bc~bm,56,20,77
H?Bc~bn,43,25,58
H?Bc~bp,46,16,58
H?Bc~bq,59,18,43
H?Bc~br,45,20,63
H?Bc~bs,36,16,38
H?Bc~bt,57,19,52
H?Bc~bu,60,18,66
H?Bc~bv,56,22,58
H?Bc~bw,39,16,25
H?Bc~bx,45,19,38
H?Bc~by,47,19,70
H?Bc~bz,43,22,43
H?Bc~b{,40,19,26
H?Bc~b|,45,24,39
H?Bc~b},49,23,72
H?Bc~b~,42,26,27
H?Bc~hz,46,34,82
H?Bc~h|,49,32,81
H?Bc~h},48,32,82
H?Bc~h~,47,39,85
H?Bc~i^,45,36,99
H?Bc~jZ,44,25,57
H?Bc~j\,44,24,58
H?Bc~j],47,24,55
H?Bc~j^,45,28,60
H?Bc~jj,44,25,57
H?Bc~jl,47,23,56
H?Bc~jm,46,23,57
H?Bc~jn,46,28,59
H?Bc~jr,43,23,53
H?Bc~jt,59,22,38
H?Bc~ju,55,22,42
H?Bc~jv,58,26,42
H?Bc~jy,46,22,40
H?Bc~jz,42,26,27
H?Bc~j{,41,23,26
H?Bc~j|,48,26,40
H?Bc~j},48,25,41
H?Bc~j~,43,29,28
H?Bc~l~,49,44,87
H?Bc~n^,48,31,61
H?Bc~nn,48,31,61
H?Bc~nv,61,28,44
H?Bc~n},43,29,28
H?Bc~n~,44,32,29
H?Bc~pu,44,26,100
H?Bc~pv,41,32,89
H?Bc~p{,44,23,86
H?Bc~p|,45,28,89
H?Bc~p},42,27,111
H?Bc~p~,43,35,93
H?Bc~rU,53,20,63
H?Bc~rV,42,23,61
H?Bc~r[,40,19,60
H?Bc~r\,41,22,63
H?Bc~re,44,22,87
H?Bc~rf,42,27,75
H?Bc~rs,45,19,38
H?Bc~rt,44,21,43
H?Bc~ru,48,21,57
H?Bc~rv,42,25,47
H?Bc~rw,44,17,24
H?Bc~rx,47,20,41
H?Bc~r{,44,20,26
H?Bc~r|,45,24,45
H?Bc~r},47,22,64
H?Bc~r~,46,27,27
H?Bc~x~,47,41,92
H?Bc~z^,46,30,64
H?Bc~zv,47,29,44
H?Bc~zy,45,23,46
H?Bc~zz,46,28,26
H?Bc~z|,50,27,43
H?Bc~z},49,27,44
H?Bc~z~,47,31,27
H?Bc~~},47,31,27
H?Bc~~~,48,34,28
H?Be`{},62,74,216
H?Be`{~,65,89,220
H?Be`}m,50,36,122
H?Be`}u,50,31,84
H?Be`}v,52,34,90
H?Be`}|,50,32,105
H?Be`}},44,37,106
H?Be`}~,49,39,110
H?Be`~M,44,24,60
H?Be`~m,44,26,49
H?Be`~n,45,29,52
H?Be`~t,44,22,46
H?Be`~u,42,22,48
H?Be`~v,47,25,47
H?Be`~w,34,18,28
H?Be`~x,35,23,27
H?Be`~{,36,21,28
H?Be`~|,37,25,28
H?Be`~},38,26,26
H?Be`~~,39,29,27
H?Becw},43,37,145
H?Becx],58,28,124
H?Becxm,41,24,85
H?Becxn,40,33,87
H?Becxu,39,24,63
H?Becxv,39,30,66
H?Becxy,47,21,67
H?Becx{,42,22,86
H?Becx|,47,27,102
H?Becx},41,27,76
H?Becx~,38,34,81
H?Becy],69,28,169
H?Becym,55,24,116
H?Becyn,56,30,122
H?Becyv,57,27,81
H?Becy{,51,21,93
H?Becy},49,26,101
H?BeczM,73,16,107
H?BeczT,68,15,86
H?BeczU,77,16,76
H?BeczV,72,18,92
H?Becz[,62,17,75
H?Becz],65,23,92
H?Becze,40,17,55
H?Beczf,43,21,56
H?Beczi,46,17,42
H?Beczk,45,17,58
H?Beczl,61,19,64
H?Beczm,45,19,48
H?Beczn,44,23,52
H?Beczq,43,15,54
H?Beczs,34,16,48
H?Beczt,64,19,52
H?Beczu,43,18,44
H?Beczv,46,22,44
H?Beczw,35,15,55
H?Beczy,45,18,33
H?Becz{,37,18,57
H?Becz|,53,24,59
H?Becz},44,22,36
H?Becz~,39,25,26
H?Bed[~,48,55,152
H?Bed\^,45,43,99
H?Bed\n,48,37,107
H?Bed\v,43,33,68
H?Bed\z,42,32,79
H?Bed\|,44,31,78
H?Bed\},43,33,77
H?Bed\~,43,38,81
H?Bed]],56,40,144
H?Bed]^,58,47,150
H?Bed]n,66,37,121
H?Bed]v,59,33,84
H?Bed]z,52,30,105
H?Bed]|,55,30,102
H?Bed]},52,32,103
H?Bed]~,57,36,105
H?Bed^V,46,25,57
H?Bed^Z,45,23,51
H?Bed^\,43,23,53
H?Bed^],46,23,50
H?Bed^^,47,26,53
H?Bed^e,59,21,74
H?Bed^f,61,23,81
H?Bed^j,54,23,67
H?Bed^l,55,21,68
H?Bed^m,54,24,66
H?Bed^n,58,25,70
H?Bed^r,46,24,58
H?Bed^t,45,21,46
H?Bed^u,43,21,48
H?Bed^v,49,24,46
H?Bed^w,36,18,26
H?Bed^x,36,22,27
H?Bed^y,43,22,37
H?Bed^z,43,25,40
H?Bed^{,37,20,28
H?Bed^|,39,24,27
H?Bed^},38,25,27
H?Bed^~,40,28,27
H?Bed_N,57,33,162
H?Bed_m,63,19,134
H?Bed_},55,21,132
H?Bed`M,54,17,85
H?Bed`N,46,23,87
H?Bed`m,54,17,85
H?Bed`n,42,22,76
H?Bed`w,33,18,105
H?Bed`{,48,15,106
H?Bed`},51,19,84
H?Bed`~,45,21,69
H?BedaM,76,18,122
H?BedaN,64,22,135
H?Bedam,66,15,101
H?Beda},63,16,89
H?BedbM,63,15,52
H?BedbN,41,18,53
H?Bedb[,46,15,82
H?Bedbk,46,14,83
H?Bedbm,60,16,50
H?Bedbn,46,18,41
H?Bedbw,36,23,84
H?Bedb{,41,22,77
H?Bedb},54,17,49
H?Bedb~,36,19,25
H?Bedh\,56,27,99
H?Bedh^,45,32,88
H?Bedhn,44,29,77
H?Bedhy,43,18,65
H?Bedh|,56,23,86
H?Bedh},40,23,72
H?Bedh~,41,29,74
H?Bedin,62,26,107
H?Bedi},54,22,89
H?BedjL,69,17,54
H?BedjN,45,20,55
H?BedjY,41,15,42
H?Bedj\,70,17,48
H?Bedj],43,18,44
H?Bedj^,45,21,46
H?Bedji,42,15,41
H?Bedjl,64,17,54
H?Bedjm,41,17,47
H?Bedjn,44,21,47
H?Bedjw,34,14,50
H?Bedjy,43,16,31
H?Bedj{,37,16,52
H?Bedj|,59,20,49
H?Bedj},42,19,35
H?Bedj~,35,23,27
H?Bedl},41,32,71
H?Bedl~,43,35,75
H?Bedm},57,30,89
H?Bedm~,61,34,92
H?Bednm,42,23,47
H?Bednn,45,24,50
H?Bednw,34,17,24
H?Bednx,35,20,25
H?Bedn{,34,20,26
H?Bedn|,35,22,28
H?Bedn},34,25,26
H?Bedn~,35,26,29
H?Bedom,49,23,166
H?Bedou,50,19,126
H?Bedo},43,29,153
H?Bedo~,47,38,155
H?BedpM,56,22,104
H?Bedp[,43,15,124
H?Bedpe,53,15,75
H?Bedpm,52,21,92
H?Bedpn,43,29,88
H?Bedps,44,14,98
H?Bedpt,58,18,78
H?Bedpu,56,20,64
H?Bedpv,43,25,67
H?Bedpw,34,14,106
H?Bedpx,53,16,171
H?Bedp{,48,17,115
H?Bedp|,55,23,98
H?Bedp},50,22,88
H?Bedp~,45,29,79
H?Bedqm,53,21,121
H?Bedqn,52,27,129
H?Bedqt,66,17,85
H?Bedqu,55,20,79
H?Bedqv,56,24,85
H?Bedqx,60,16,179
H?Bedq{,55,15,125
H?Bedq|,64,22,106
H?Bedq},49,22,105
H?Bedq~,51,28,108
H?BedrM,59,17,59
H?BedrN,43,21,64
H?Bedr[,45,15,90
H?Bedr\,54,19,71
H?Bedre,53,15,58
H?Bedrf,42,20,58
H?Bedrk,47,15,88
H?Bedrl,64,18,62
H?Bedrm,55,18,55
H?Bedrn,45,22,52
H?Bedrp,39,14,129
H?Bedrs,37,14,75
H?Bedrt,63,17,55
H?Bedru,57,17,46
H?Bedrv,46,20,46
H?Bedrw,37,18,80
H?Bedrx,45,28,135
H?Bedr{,40,20,84
H?Bedr|,56,19,61
H?Bedr},54,19,46
H?Bedr~,41,24,25
H?Bedxv,43,29,72
H?Bedxy,50,22,72
H?Bedxz,47,28,78
H?Bedx|,54,28,105
H?Bedx},47,27,79
H?Bedx~,46,34,82
H?Bedyv,57,28,91
H?Bedyy,54,22,100
H?Bedyz,53,27,107
H?Bedy|,68,26,110
H?Bedy},52,27,108
H?Bedy~,55,33,110
H?Bedz],46,22,51
H?Bedz^,45,26,55
H?Bedzm,46,20,53
H?Bedzn,46,25,55
H?Bedzq,45,16,59
H?Bedzr,44,21,63
H?Bedzt,63,19,62
H?Bedzu,44,19,49
H?Bedzv,46,23,50
H?Bedzw,39,16,57
H?Bedzx,54,20,62
H?Bedzy,48,19,35
H?Bedzz,46,22,40
H?Bedz{,42,19,58
H?Bedz|,58,24,62
H?Bedz},47,23,38
H?Bedz~,43,26,26
H?Bed|},46,34,82
H?Bed|~,45,40,86
H?Bed}},54,34,110
H?Bed}~,57,38,114
H?Bed~u,43,23,53
H?Bed~v,48,27,51
H?Bed~{,40,23,27
H?Bed~|,42,26,27
H?Bed~},42,27,26
H?Bed~~,44,30,26
H?BeeOf,54,10,101
H?BeeOm,55,18,107
H?BeeOu,42,16,86
H?BeeOv,44,22,90
H?BeeO{,38,15,116
H?BeeO},49,24,109
H?BeeO~,42,36,102
H?BeeQF,47,9,94
H?BeeQM,72,8,129
H?BeeQ[,50,12,94
H?BeeQe,57,10,65
H?BeeQf,57,12,75
H?BeeQm,57,16,70
H?BeeQs,47,12,73
H?BeeQu,53,17,47
H?BeeQv,41,21,50
H?BeeQ{,54,14,86
H?BeeQ},50,19,66
H?BeeQ~,44,25,59
H?BeeRE,52,8,90
H?BeeRF,54,9,102
H?BeeRM,82,12,110
H?BeeRS,32,11,78
H?BeeR[,40,13,77
H?BeeRc,37,11,51
H?BeeRe,56,16,60
H?BeeRf,60,15,68
H?BeeRm,59,16,51
H?BeeRo,30,12,66
H?BeeRs,40,13,64
H?BeeRu,58,16,38
H?BeeRv,49,19,37
H?BeeRw,33,18,75
H?BeeR{,49,19,67
H?BeeR},52,18,42
H?BeeR~,42,23,20
H?BeeW},44,32,104
H?BeeW~,45,42,105
H?BeeY],73,23,100
H?BeeYm,54,20,80
H?BeeYn,52,25,88
H?BeeYu,42,21,49
H?BeeYv,45,24,51
H?BeeYy,48,19,53
H?BeeY{,46,19,70
H?BeeY|,61,22,77
H?BeeY},46,23,59
H?BeeY~,45,28,63
H?BeeZM,92,16,113
H?BeeZT,77,15,77
H?BeeZU,59,17,67
H?BeeZV,85,17,80
H?BeeZ[,38,16,58
H?BeeZ],78,22,80
H?BeeZe,56,19,68
H?BeeZf,61,20,73
H?BeeZi,58,15,53
H?BeeZk,56,16,54
H?BeeZl,73,18,59
H?BeeZm,57,19,59
H?BeeZn,61,21,62
H?BeeZq,45,15,52
H?BeeZs,36,15,47
H?BeeZt,75,17,43
H?BeeZu,47,18,40
H?BeeZv,52,21,39
H?BeeZw,37,15,53
H?BeeZy,48,18,30
H?BeeZ{,41,18,53
H?BeeZ|,66,22,48
H?BeeZ},49,21,32
H?BeeZ~,44,25,21
H?Bee[~,45,48,111
H?Bee]m,59,25,81
H?Bee]n,56,28,92
H?Bee]u,39,25,56
H?Bee]v,44,27,57
H?Bee]|,44,26,66
H?Bee]},45,27,64
H?Bee]~,45,31,68
H?Bee^N,114,27,99
H?Bee^\,79,23,74
H?Bee^f,67,22,76
H?Bee^l,61,20,63
H?Bee^m,58,22,64
H?Bee^n,66,23,64
H?Bee^t,46,20,46
H?Bee^u,44,20,48
H?Bee^v,51,23,45
H?Bee^w,38,18,24
H?Bee^x,37,21,27
H?Bee^{,39,20,26
H?Bee^|,40,23,27
H?Bee^},40,24,26
H?Bee^~,43,27,25
H?Beegz,40,25,103
H?Beeg~,44,34,102
H?Beei],71,21,90
H?Beei^,71,23,102
H?Beein,47,22,66
H?Beeix,58,15,67
H?Beeiy,43,15,54
H?Beeiz,41,17,62
H?Beei|,57,19,74
H?Beei},40,19,61
H?Beei~,43,21,64
H?BeejM,49,15,105
H?BeejN,89,18,103
H?BeejY,72,16,81
H?BeejZ,75,18,75
H?Beej[,71,14,71
H?Beej\,76,16,90
H?Beej],75,20,87
H?Beej^,82,21,77
H?Beeji,42,15,41
H?Beejj,43,17,45
H?Beejl,65,17,53
H?Beejm,41,17,47
H?Beejn,47,19,46
H?Beejw,34,14,50
H?Beejx,58,16,46
H?Beejy,42,16,32
H?Beejz,44,18,34
H?Beej{,38,16,51
H?Beej|,61,19,48
H?Beej},42,19,35
H?Beej~,39,21,25
H?Beew~,39,46,119
H?Beeyv,43,25,60
H?Beeyy,49,20,59
H?Beeyz,44,24,68
H?Beey|,57,23,90
H?Beey},43,25,68
H?Beey~,42,30,72
H?BeezV,81,21,93
H?BeezY,70,16,94
H?BeezZ,70,19,87
H?Beez\,74,18,100
H?Beez],71,24,97
H?Beez^,75,26,86
H?Beezf,44,22,62
H?Beezi,48,18,46
H?Beezj,43,21,55
H?Beezl,67,20,66
H?Beezm,45,20,54
H?Beezn,45,24,57
H?Beezq,45,16,59
H?Beezr,44,21,63
H?Beezt,74,18,52
H?Beezu,45,19,48
H?Beezv,49,22,48
H?Beezw,39,16,57
H?Beezx,53,19,64
H?Beezy,48,19,35
H?Beezz,46,22,40
H?Beez{,42,19,58
H?Beez|,61,22,61
H?Beez},47,23,38
H?Beez~,42,27,26
H?Bef?N,51,28,108
H?Bef?\,61,20,111
H?Bef?],56,20,116
H?Bef?^,49,28,105
H?Bef?l,52,18,95
H?Bef?m,66,18,92
H?Bef?n,49,27,104
H?Bef?{,35,13,120
H?Bef?|,50,18,114
H?Bef?},57,18,120
H?Bef?~,48,26,94
H?BefAL,62,14,78
H?BefAM,74,12,68
H?BefAN,51,17,88
H?BefA[,46,11,99
H?BefA\,54,14,88
H?BefA],64,15,90
H?BefA^,47,21,72
H?BefAk,42,12,78
H?BefAl,64,14,66
H?BefAm,69,14,61
H?BefAn,53,19,71
H?BefAy,66,13,129
H?BefA{,51,12,93
H?BefA|,54,16,70
H?BefA},59,16,79
H?BefA~,44,17,59
H?BefBI,53,12,111
H?BefBL,64,14,66
H?BefBM,76,14,54
H?BefBN,53,16,74
H?BefBW,42,15,99
H?BefBY,61,12,122
H?BefB[,56,12,75
H?BefB\,62,17,47
H?BefB],70,15,55
H?BefB^,45,17,43
H?BefBg,31,14,76
H?BefBi,44,12,124
H?BefBk,40,12,80
H?BefBl,66,15,62
H?BefBm,75,14,54
H?BefBn,59,17,64
H?BefBw,32,22,89
H?BefBy,68,30,98
H?BefB{,48,20,72
H?BefB|,56,16,48
H?BefB},63,16,56
H?BefB~,40,18,22
H?BefG},45,28,95
H?BefG~,48,38,94
H?BefI\,65,20,83
H?BefI^,50,28,72
H?BefIn,57,24,73
H?BefIy,41,16,55
H?BefI{,46,16,64
H?BefI|,60,20,70
H?BefI},42,20,58
H?BefI~,43,25,60
H?BefJL,72,19,52
H?BefJN,60,21,59
H?BefJY,39,15,44
H?BefJ\,72,17,46
H?BefJ],45,18,42
H?BefJ^,47,21,44
H?BefJi,45,14,45
H?BefJl,73,20,47
H?BefJm,56,18,52
H?BefJn,60,23,52
H?BefJw,39,14,45
H?BefJy,43,16,31
H?BefJ{,42,16,47
H?BefJ|,61,20,47
H?BefJ},43,19,34
H?BefJ~,37,23,25
H?BefK~,45,45,102
H?BefM],41,28,81
H?BefMz,42,23,63
H?BefM|,44,23,61
H?BefM},41,25,62
H?BefM~,44,28,64
H?BefNM,57,21,62
H?BefN],42,21,49
H?BefN^,46,23,50
H?BefNm,57,23,55
H?BefNn,64,23,57
H?BefNw,35,16,24
H?BefNx,36,19,25
H?BefNy,42,19,35
H?BefNz,44,21,37
H?BefN{,36,18,26
H?BefN|,38,21,26
H?BefN},36,23,26
H?BefN~,38,25,27
H?BefO],54,30,126
H?BefOm,46,20,129
H?BefOu,55,19,95
H?BefOv,46,25,97
H?BefOz,53,25,177
H?BefO|,50,25,135
H?BefO},44,25,126
H?BefO~,42,37,113
H?BefQ],53,21,91
H?BefQ^,44,29,87
H?BefQm,49,17,88
H?BefQn,51,23,91
H?BefQr,84,16,96
H?BefQt,61,16,63
H?BefQu,55,18,53
H?BefQv,43,22,55
H?BefQx,47,18,160
H?BefQy,48,17,130
H?BefQz,63,20,125
H?BefQ{,47,15,103
H?BefQ|,59,21,80
H?BefQ},50,20,74
H?BefQ~,44,26,66
H?BefRE,55,10,67
H?BefRM,56,15,69
H?BefRN,56,18,76
H?BefRR,93,15,74
H?BefRS,40,14,76
H?BefRT,63,16,47
H?BefRU,55,15,56
H?BefRV,45,20,55
H?BefRX,46,16,148
H?BefRY,47,17,116
H?BefRZ,76,18,98
H?BefR[,46,15,89
H?BefR\,62,19,63
H?BefR],56,18,54
H?BefR^,46,22,51
H?BefRa,32,13,99
H?BefRb,82,13,87
H?BefRd,67,17,72
H?BefRe,53,16,74
H?BefRf,57,16,81
H?BefRh,45,14,123
H?BefRi,37,16,101
H?BefRj,82,17,96
H?BefRk,56,14,84
H?BefRl,73,17,60
H?BefRm,56,17,62
H?BefRn,58,20,66
H?BefRo,34,13,70
H?BefRp,40,17,125
H?BefRq,41,15,98
H?BefRr,88,16,91
H?BefRs,36,14,76
H?BefRt,68,16,51
H?BefRu,59,17,44
H?BefRv,49,20,43
H?BefRw,38,19,78
H?BefRx,43,30,135
H?BefRy,45,27,104
H?BefRz,68,19,117
H?BefR{,41,20,83
H?BefR|,62,20,54
H?BefR},54,19,46
H?BefR~,44,24,22
H?BefW~,45,43,116
H?BefYv,44,25,59
H?BefYy,47,20,61
H?BefYz,46,25,65
H?BefY|,65,24,81
H?BefY},46,24,66
H?BefY~,45,30,69
H?BefZV,43,22,63
H?BefZY,44,18,50
H?BefZZ,45,22,52
H?BefZ],47,21,51
H?BefZ^,46,25,55
H?BefZf,64,21,80
H?BefZl,79,19,62
H?BefZm,57,20,67
H?BefZn,61,23,69
H?BefZq,42,16,62
H?BefZr,44,21,63
H?BefZt,70,18,56
H?BefZu,45,19,48
H?BefZv,48,23,48
H?BefZw,38,16,58
H?BefZx,64,19,53
H?BefZy,47,19,36
H?BefZz,46,22,40
H?BefZ{,43,19,57
H?BefZ|,68,23,53
H?BefZ},49,22,37
H?BefZ~,43,26,26
H?Bef]},46,29,69
H?Bef]~,46,34,72
H?Bef^],48,24,54
H?Bef^^,49,28,56
H?Bef^m,60,25,68
H?Bef^n,67,25,70
H?Bef^u,45,22,52
H?Bef^v,51,26,49
H?Bef^y,46,23,39
H?Bef^z,46,26,42
H?Bef^{,41,21,28
H?Bef^|,42,25,28
H?Bef^},42,26,27
H?Bef^~,43,29,28
H?Bef_m,58,22,115
H?Bef_},54,20,122
H?Bef_~,44,30,106
H?Befam,58,17,79
H?Befan,42,20,73
H?Befa{,44,15,109
H?Befa|,56,18,76
H?Befa},54,18,78
H?Befa~,44,19,65
H?BefbM,66,18,56
H?BefbN,42,19,59
H?Befb[,44,15,95
H?Befb\,65,17,53
H?Befbk,42,15,97
H?Befbl,64,17,54
H?Befbm,63,19,53
H?Befbn,44,19,49
H?Befbw,36,28,90
H?Befbx,43,27,125
H?Befb{,40,25,85
H?Befb|,59,18,51
H?Befb},60,20,48
H?Befb~,40,20,25
H?Befi},43,21,64
H?Befi~,44,26,66
H?Befj],46,19,47
H?Befj^,46,22,51
H?Befjm,45,18,49
H?Befjn,46,22,51
H?Befjy,46,17,33
H?Befjz,46,20,36
H?Befj{,42,17,53
H?Befj|,66,20,50
H?Befj},47,20,35
H?Befj~,40,24,26
H?Befn},40,24,26
H?Befn~,41,27,27
H?Befq},46,21,86
H?Befq~,43,27,74
H?Befrm,51,19,66
H?Befrn,44,23,59
H?Befrs,40,17,78
H?Befrt,62,17,65
H?Befru,56,18,54
H?Befrv,47,21,51
H?Befrw,40,24,80
H?Befrx,53,41,127
H?Befr{,43,25,85
H?Befr|,55,20,69
H?Befr},52,20,54
H?Befr~,45,25,25
H?Befzu,46,20,53
H?Befzv,50,24,52
H?Befzy,50,20,38
H?Befzz,47,23,44
H?Befz{,47,20,59
H?Befz|,60,24,68
H?Befz},50,23,41
H?Befz~,47,27,26
H?Bef~},48,28,24
H?Bef~~,49,31,25
H?Bell},43,34,76
H?Bell~,45,39,78
H?Belm},54,36,97
H?Belnm,41,23,55
H?Belnn,45,26,55
H?Beln{,35,22,28
H?Beln},35,25,30
H?Beln~,36,28,31
H?Belon,56,44,172
H?Belov,58,31,136
H?Belo|,54,36,150
H?Belo},46,36,158
H?Belo~,50,45,160
H?BelpN,48,36,108
H?Belp\,44,31,101
H?Belpf,50,22,78
H?Belpl,46,26,88
H?Belpn,47,33,90
H?Belpt,43,25,67
H?Belpu,60,24,66
H?Belpv,44,29,71
H?Belpx,52,22,70
H?Belp{,50,22,72
H?Belp|,50,27,76
H?Belp},54,26,90
H?Belp~,49,34,79
H?BelqN,66,40,166
H?Belq\,57,33,150
H?Belqf,63,20,97
H?Belql,61,25,122
H?Belqm,59,25,124
H?Belqn,59,32,130
H?Belqt,58,25,82
H?Belqu,59,24,82
H?Belqv,56,28,92
H?Belqx,58,22,96
H?Belq{,55,23,98
H?Belq|,58,27,102
H?Belq},56,26,105
H?Belq~,56,32,110
H?BelrF,49,16,55
H?BelrL,45,19,64
H?BelrM,59,19,66
H?BelrN,45,23,68
H?BelrT,41,18,46
H?Belr[,45,18,49
H?Belr\,45,21,53
H?Belrd,44,18,58
H?Belre,56,17,62
H?Belrf,44,21,63
H?Belrk,50,18,44
H?Belrl,48,20,51
H?Belrm,57,20,59
H?Belrn,47,25,54
H?Belrp,44,16,30
H?Belrs,45,17,28
H?Belrt,44,19,33
H?Belru,61,19,32
H?Belrv,47,22,33
H?Belrw,41,16,23
H?Belrx,50,19,33
H?Belr{,41,19,25
H?Belr|,49,22,37
H?Belr},58,21,47
H?Belr~,44,26,25
H?Belxz,48,34,80
H?Belx|,49,32,81
H?Belx},49,32,81
H?Belx~,48,39,84
H?Belyz,56,33,109
H?Bely|,56,34,108
H?Bely},54,33,111
H?Bely~,56,40,113
H?BelzV,44,25,67
H?Belz\,44,24,58
H?Belz],48,24,54
H?Belz^,47,28,58
H?Belzl,47,23,56
H?Belzm,46,23,57
H?Belzn,47,28,58
H?Belzr,42,24,36
H?Belzt,45,22,35
H?Belzu,45,22,35
H?Belzv,47,25,36
H?Belzx,48,22,38
H?Belzy,46,21,41
H?Belzz,42,26,27
H?Belz{,41,23,26
H?Belz|,48,26,40
H?Belz},49,26,39
H?Belz~,44,29,27
H?Bel|~,48,45,87
H?Bel}~,55,47,118
H?Bel~v,50,28,36
H?Bel~|,43,29,28
H?Bel~},43,29,28
H?Bel~~,45,32,28
H?Bem]v,42,32,62
H?Bem]},44,31,69
H?Bem]~,44,37,71
H?Bem^m,62,25,66
H?Bem^u,42,22,38
H?Bem^v,49,27,32
H?Bem^{,38,23,29
H?Bem^},39,26,30
H?Bem^~,42,29,29
H?Bemyz,44,29,71
H?Bemy~,44,33,75
H?BemzZ,75,23,89
H?Bemz\,71,30,103
H?Bemz^,79,31,88
H?Bemzj,42,25,59
H?Bemzn,45,27,61
H?Bemzr,43,23,36
H?Bemzt,44,22,36
H?Bemzu,44,22,36
H?Bemzv,47,25,36
H?Bemzx,44,22,42
H?Bemzy,43,22,43
H?Bemzz,41,26,28
H?Bemz|,45,25,44
H?Bemz},47,26,41
H?Bemz~,43,29,28
H?BenM^,43,37,90
H?BenM|,41,27,68
H?BenM~,44,31,69
H?BenNN,69,22,69
H?BenN\,40,23,56
H?BenN^,44,25,57
H?BenNl,61,20,63
H?BenNm,60,24,60
H?BenNn,68,24,61
H?BenNy,35,21,29
H?BenN{,36,21,28
H?BenN|,36,24,30
H?BenN},36,24,30
H?BenN~,37,27,31
H?BenO^,49,50,125
H?BenOn,56,37,132
H?BenOv,48,29,103
H?BenOz,41,33,118
H?BenO|,44,34,114
H?BenO~,44,43,117
H?BenQN,62,28,105
H?BenQV,47,20,83
H?BenQZ,41,25,94
H?BenQ\,43,27,90
H?BenQ^,44,33,93
H?BenQf,63,18,87
H?BenQj,59,22,84
H?BenQl,56,22,87
H?BenQm,52,19,94
H?BenQn,56,26,94
H?BenQr,42,22,56
H?BenQt,42,21,57
H?BenQv,41,25,62
H?BenQx,47,20,61
H?BenQz,44,24,68
H?BenQ|,46,24,66
H?BenQ},52,23,78
H?BenQ~,44,29,71
H?BenRF,69,17,68
H?BenRJ,61,18,71
H?BenRL,59,19,72
H?BenRM,58,17,75
H?BenRN,62,20,78
H?BenRR,42,18,60
H?BenRT,41,18,46
H?BenRV,42,21,65
H?BenRX,42,18,52
H?BenRZ,42,20,57
H?BenR[,45,18,49
H?BenR\,42,21,56
H?BenR],56,20,60
H?BenR^,44,24,58
H?BenRb,40,16,70
H?BenRd,59,20,75
H?BenRe,61,20,73
H?BenRf,64,21,80
H?BenRh,58,16,76
H?BenRj,61,20,79
H?BenRk,59,16,60
H?BenRl,60,19,65
H?BenRm,59,18,67
H?BenRn,64,22,67
H?BenRp,42,16,32
H?BenRq,56,18,31
H?BenRr,42,19,35
H?BenRs,45,17,28
H?BenRt,42,19,35
H?BenRu,61,19,32
H?BenRv,46,22,34
H?BenRw,39,16,25
H?BenRx,46,19,37
H?BenRy,52,19,48
H?BenRz,44,22,42
H?BenR{,41,19,25
H?BenR|,48,22,38
H?BenR},57,21,48
H?BenR~,43,26,26
H?BenYz,45,29,70
H?BenY~,45,33,74
H?BenZV,42,23,71
H?BenZZ,42,24,60
H?BenZ\,42,23,61
H?BenZ],45,23,58
H?BenZ^,44,27,62
H?BenZl,63,21,69
H?BenZm,63,21,69
H?BenZn,67,25,70
H?BenZr,41,23,38
H?BenZt,43,21,38
H?BenZu,43,21,38
H?BenZv,46,24,38
H?BenZx,47,21,40
H?BenZy,46,21,41
H?BenZz,41,25,29
H?BenZ{,40,22,28
H?BenZ|,47,25,42
H?BenZ},48,24,42
H?BenZ~,43,28,29
H?Ben]~,48,38,74
H?Ben^^,48,31,61
H?Ben^n,71,30,70
H?Ben^v,51,27,36
H?Ben^z,42,28,30
H?Ben^|,42,28,30
H?Ben^},43,28,29
H?Ben^~,44,31,30
H?Ben_n,45,37,113
H?Ben_|,39,29,112
H?Ben_~,42,39,111
H?BenaN,46,27,92
H?Bena\,39,24,87
H?Benal,38,19,78
H?Benan,42,26,76
H?Bena{,41,17,62
H?Bena|,41,21,66
H?Bena},55,20,85
H?Bena~,42,26,68
H?BenbL,41,17,62
H?BenbN,42,21,65
H?Benb[,43,16,46
H?Benb\,41,19,52
H?Benbk,42,16,47
H?Benbl,40,18,54
H?Benbm,65,18,61
H?Benbn,43,22,54
H?Benbw,36,15,24
H?Benbx,44,17,35
H?Benb{,37,17,26
H?Benb|,44,20,38
H?Benb},63,19,54
H?Benb~,39,24,27
H?Beni},43,26,67
H?Beni~,45,31,68
H?Benj],44,22,53
H?Benj^,45,25,56
H?Benjm,43,21,55
H?Benjn,46,25,55
H?Benjy,45,21,36
H?Benjz,39,25,26
H?Benj{,39,21,25
H?Benj|,48,23,37
H?Benj},47,23,38
H?Benj~,40,27,28
H?Benn},41,26,28
H?Benn~,42,29,29
H?Benqu,57,22,65
H?Benq{,47,21,68
H?Benq},52,24,86
H?Benq~,47,31,74
H?BenrM,60,22,71
H?Benr[,44,19,56
H?Benre,55,20,69
H?Benrk,48,19,52
H?Benrm,55,21,68
H?Benrn,46,26,61
H?Benrs,44,18,34
H?Benrt,44,20,38
H?Benru,60,20,39
H?Benrv,48,23,37
H?Benrw,44,17,24
H?Benrx,50,20,38
H?Benr{,45,20,25
H?Benr|,49,24,41
H?Benr},58,22,53
H?Benr~,48,27,25
H?Benzv,50,26,38
H?Benzy,47,22,45
H?Benzz,46,27,27
H?Benz|,50,26,44
H?Benz},51,26,43
H?Benz~,48,30,27
H?Ben~},49,30,26
H?Ben~~,50,33,27
H?Beto^,60,52,192
H?BetpV,52,22,102
H?BetpZ,70,24,162
H?Betp[,46,17,102
H?Betp^,50,33,104
H?Betpf,54,21,85
H?Betpr,57,22,145
H?Betps,51,16,83
H?Betpv,50,28,75
H?Betpw,42,15,78
H?Betpy,57,18,149
H?Betpz,65,25,148
H?Betp{,55,17,88
H?Betp},56,23,91
H?Betp~,53,30,79
H?BetqV,63,21,156
H?BetqZ,87,26,175
H?Betq^,56,35,164
H?Betqu,56,22,98
H?Betqy,63,19,158
H?Betq},54,23,110
H?BetrF,51,17,60
H?BetrR,73,18,101
H?BetrV,48,21,50
H?BetrY,57,16,119
H?BetrZ,80,19,105
H?Betr[,52,17,59
H?Betr],58,20,58
H?Betr^,50,23,53
H?Betrb,58,18,116
H?Betre,53,17,74
H?Betrf,50,23,63
H?Betrq,41,18,117
H?Betrr,65,21,118
H?Betrs,54,16,58
H?Betru,58,19,42
H?Betrv,50,23,35
H?Betrw,45,16,51
H?Betry,50,25,112
H?Betrz,65,20,131
H?Betr{,48,20,51
H?Betr},56,20,50
H?Betr~,46,25,24
H?Bettz,66,33,117
H?Bett~,52,36,83
H?Betu},56,29,113
H?Betv^,49,27,57
H?Betvf,49,26,69
H?Betvr,70,23,69
H?Betvu,51,22,35
H?Betvv,49,25,40
H?Betvy,65,22,129
H?Betvz,70,28,73
H?Betv{,47,20,23
H?Betv},45,24,26
H?Betv~,47,27,26
H?Betw},44,40,171
H?Betx],48,32,107
H?Betxu,49,26,78
H?Betxy,57,23,73
H?Betxz,53,29,80
H?Betx|,51,27,102
H?Betx},52,28,82
H?Betx~,51,36,84
H?Bety],54,36,165
H?Betyu,51,27,109
H?Betyy,57,23,107
H?Betyz,54,29,115
H?Bety|,58,27,113
H?Bety},52,28,118
H?Bety~,53,37,119
H?BetzU,47,20,52
H?BetzV,46,23,57
H?BetzY,52,19,48
H?BetzZ,51,23,52
H?Betz\,52,21,71
H?Betz],50,22,54
H?Betz^,48,26,59
H?Betze,47,21,68
H?Betzf,48,26,70
H?Betzq,50,19,33
H?Betzr,47,22,39
H?Betzt,56,21,49
H?Betzu,49,21,38
H?Betzv,48,25,41
H?Betzw,46,17,39
H?Betzx,52,20,54
H?Betzy,53,20,35
H?Betzz,51,23,40
H?Betz{,45,20,43
H?Betz|,53,24,56
H?Betz},50,24,40
H?Betz~,47,27,26
H?Bet|~,50,43,87
H?Bet}~,57,43,120
H?Bet~^,47,32,61
H?Bet~v,47,29,44
H?Bet~z,50,28,42
H?Bet~{,45,24,26
H?Bet~|,46,28,26
H?Bet~},46,28,26
H?Bet~~,48,31,26
H?Beuo^,68,46,156
H?Beuov,49,28,115
H?Beuoz,65,26,181
H?Beuo{,49,17,114
H?Beuo~,46,38,120
H?BeuqV,74,16,120
H?BeuqZ,88,21,116
H?Beuq^,69,27,128
H?Beuqf,50,18,76
H?Beuqr,75,20,113
H?Beuqv,46,25,65
H?Beuqz,78,23,120
H?Beuq{,51,16,77
H?Beuq},56,21,76
H?Beuq~,49,27,68
H?BeurF,62,17,101
H?BeurR,90,17,73
H?BeurV,76,19,81
H?BeurY,83,16,111
H?BeurZ,94,18,80
H?Beur[,70,15,95
H?Beur],72,18,102
H?Beur^,75,21,91
H?Beurb,78,18,96
H?Beurf,48,23,65
H?Beurr,83,19,102
H?Beurs,48,16,64
H?Beuru,60,19,40
H?Beurv,48,23,37
H?Beurw,44,16,52
H?Beury,51,26,110
H?Beurz,80,22,114
H?Beur{,47,21,51
H?Beur},58,20,48
H?Beur~,48,25,22
H?Beuuz,82,26,90
H?Beuu~,50,32,70
H?BeuvZ,100,20,84
H?Beuv^,82,25,91
H?Beuvf,47,25,72
H?Beuvr,83,21,58
H?Beuvv,47,25,42
H?Beuvy,79,20,117
H?Beuvz,84,24,63
H?Beuv{,45,20,25
H?Beuv},45,23,27
H?Beuv~,46,27,27
H?Beuw},45,34,125
H?Beuy],68,27,129
H?Beuyu,45,23,68
H?Beuy},47,25,72
H?Beuy~,46,30,76
H?BeuzU,75,20,97
H?BeuzY,78,17,97
H?BeuzZ,77,20,90
H?Beuz\,71,21,112
H?Beuz],75,24,105
H?Beuz^,77,25,96
H?Beuze,43,19,74
H?Beuzq,46,19,37
H?Beuzr,42,22,44
H?Beuzu,44,21,43
H?Beuzv,43,25,46
H?Beuzw,46,17,39
H?Beuzx,51,20,55
H?Beuzy,49,20,39
H?Beuzz,47,23,44
H?Beuz{,46,20,42
H?Beuz|,55,22,56
H?Beuz},47,23,44
H?Beuz~,45,27,28
H?Beu~^,82,30,97
H?Beu~z,48,28,44
H?Beu~{,45,23,27
H?Beu~|,45,26,29
H?Beu~},45,27,28
H?Beu~~,46,30,29
H?BevM},45,28,71
H?BevM~,46,32,74
H?BevN\,42,23,61
H?BevN],43,23,60
H?BevN^,43,27,63
H?BevNf,80,35,77
H?BevNr,42,21,56
H?BevNt,58,21,40
H?BevNu,52,22,45
H?BevNv,60,24,42
H?BevNx,41,22,27
H?BevNy,47,21,40
H?BevNz,48,25,41
H?BevN{,41,20,29
H?BevN|,42,25,28
H?BevN},42,25,28
H?BevN~,44,28,28
H?Bev_^,48,49,127
H?Bev_n,50,38,120
H?Bev_v,57,26,112
H?Bev_z,57,26,189
H?Bev_~,45,38,121
H?BevaN,47,30,99
H?BevaV,56,17,92
H?BevaZ,73,22,145
H?Beva^,44,30,96
H?Bevaf,56,16,78
H?Bevaj,63,20,141
H?Bevam,57,20,99
H?Bevan,44,27,82
H?Bevar,74,17,119
H?Bevav,55,23,66
H?Bevay,53,16,171
H?Bevaz,68,22,131
H?Beva{,48,17,79
H?Beva|,52,21,80
H?Beva},55,21,94
H?Beva~,46,27,71
H?BevbF,56,15,64
H?BevbJ,77,18,113
H?BevbM,64,18,78
H?BevbN,43,22,71
H?BevbR,82,16,97
H?BevbV,54,19,55
H?BevbX,50,17,125
H?BevbY,48,16,160
H?BevbZ,80,19,105
H?Bevb[,46,16,66
H?Bevb\,52,20,64
H?Bevb],61,19,73
H?Bevb^,44,23,59
H?Bevbb,73,16,106
H?Bevbe,64,16,70
H?Bevbf,52,21,71
H?Bevbh,40,16,120
H?Bevbi,40,18,150
H?Bevbj,67,20,117
H?Bevbk,48,16,64
H?Bevbl,55,19,62
H?Bevbm,61,19,73
H?Bevbn,43,24,59
H?Bevbp,44,15,106
H?Bevbq,42,15,138
H?Bevbr,76,20,112
H?Bevbs,41,15,49
H?Bevbt,60,18,50
H?Bevbu,70,17,57
H?Bevbv,59,21,56
H?Bevbw,42,16,54
H?Bevbx,45,26,116
H?Bevby,49,35,137
H?Bevbz,69,20,127
H?Bevb{,45,21,53
H?Bevb|,56,20,50
H?Bevb},57,20,67
H?Bevb~,45,25,25
H?Beve~,46,31,75
H?Bevf^,43,26,64
H?Bevfj,69,21,90
H?Bevfm,45,23,58
H?Bevfn,43,27,63
H?Bevfr,79,22,86
H?Bevfu,40,20,42
H?Bevfv,61,24,59
H?Bevfx,65,21,130
H?Bevfy,69,21,126
H?Bevfz,73,24,74
H?Bevf{,44,20,26
H?Bevf|,43,24,28
H?Bevf},43,23,29
H?Bevf~,45,27,28
H?Bevi],47,28,95
H?Beviy,53,21,62
H?Bevi},50,25,69
H?Bevi~,49,32,71
H?BevjM,45,20,71
H?BevjU,56,20,52
H?BevjY,48,19,52
H?BevjZ,49,23,54
H?Bevj\,56,21,67
H?Bevj],48,22,56
H?Bevj^,46,26,61
H?Bevji,47,19,53
H?Bevjj,45,22,59
H?Bevjl,59,21,64
H?Bevjm,47,21,58
H?Bevjn,46,27,60
H?Bevjq,46,17,49
H?Bevjr,45,20,54
H?Bevjt,64,20,35
H?Bevju,58,20,41
H?Bevjv,62,24,40
H?Bevjw,45,17,40
H?Bevjx,56,20,50
H?Bevjy,51,20,37
H?Bevjz,50,23,41
H?Bevj{,44,20,44
H?Bevj|,58,24,51
H?Bevj},50,23,41
H?Bevj~,46,27,27
H?Bevn^,44,31,65
H?Bevnn,44,31,65
H?Bevnv,66,26,41
H?Bevnz,48,27,45
H?Bevn{,44,22,29
H?Bevn|,44,27,29
H?Bevn},45,27,28
H?Bevn~,46,30,29
H?Bevqy,55,22,144
H?Bevq},52,22,88
H?Bevq~,49,28,75
H?BevrY,54,21,129
H?Bevr],53,20,71
H?Bevr^,47,24,62
H?Bevre,50,20,83
H?Bevrq,43,24,120
H?Bevru,53,21,52
H?Bevrv,47,24,43
H?Bevrw,48,17,54
H?Bevrx,58,33,107
H?Bevry,54,34,110
H?Bevrz,63,21,144
H?Bevr{,50,24,52
H?Bevr|,54,21,58
H?Bevr},54,21,58
H?Bevr~,49,26,25
H?Bevvz,70,27,83
H?Bevv},49,24,27
H?Bevv~,50,28,27
H?Bevzy,55,21,38
H?Bevzz,51,25,44
H?Bevz{,48,21,45
H?Bevz|,57,23,60
H?Bevz},52,24,44
H?Bevz~,49,29,27
H?Bev~},50,29,26
H?Bev~~,51,32,27
H?Be|x^,49,47,113
H?Be|xv,49,39,83
H?Be|xz,51,37,83
H?Be|x},53,34,84
H?Be|x~,52,42,86
H?Be|y^,57,56,172
H?Be|y},52,38,119
H?Be|zV,47,28,58
H?Be|zZ,48,27,58
H?Be|z],50,26,57
H?Be|z^,48,31,61
H?Be|zf,49,32,71
H?Be|zr,42,27,26
H?Be|zv,50,29,41
H?Be|zy,48,23,43
H?Be|zz,47,28,25
H?Be|z{,46,25,24
H?Be|z},51,29,40
H?Be|z~,48,31,26
H?Be||~,51,48,90
H?Be|~v,49,32,45
H?Be|~z,48,31,26
H?Be|~},47,31,27
H?Be|~~,49,34,27
H?Be}w~,45,54,129
H?Be}y^,68,48,136
H?Be}yv,43,34,75
H?Be}yz,46,31,75
H?Be}y~,46,35,79
H?Be}zV,80,32,86
H?Be}zZ,74,26,98
H?Be}z],72,35,109
H?Be}z^,75,36,98
H?Be}zf,43,32,77
H?Be}zr,39,27,29
H?Be}zv,44,29,47
H?Be}zy,44,23,47
H?Be}zz,45,28,27
H?Be}z{,47,25,23
H?Be}z},48,27,45
H?Be}z~,46,31,28
H?Be}}~,48,40,80
H?Be}~^,83,38,99
H?Be}~v,46,31,49
H?Be}~z,46,30,29
H?Be}~},46,30,29
H?Be}~~,47,33,30
H?Be~nn,47,34,66
H?Be~nv,68,31,41
H?Be~nz,46,30,29
H?Be~n|,45,30,30
H?Be~n},46,30,29
H?Be~n~,47,33,30
H?Be~o~,45,60,123
H?Be~q^,45,44,101
H?Be~qv,45,30,77
H?Be~qz,48,28,76
H?Be~q},49,25,97
H?Be~q~,46,34,80
H?Be~rV,44,24,65
H?Be~rZ,47,22,64
H?Be~r],53,22,77
H?Be~r^,45,28,67
H?Be~rf,45,31,76
H?Be~rr,43,24,47
H?Be~ru,54,22,57
H?Be~rv,44,27,49
H?Be~rw,48,18,24
H?Be~rx,51,21,42
H?Be~ry,50,22,61
H?Be~rz,48,26,46
H?Be~r{,48,21,26
H?Be~r|,48,26,46
H?Be~r},53,24,63
H?Be~r~,49,29,27
H?Be~vz,51,28,47
H?Be~v},50,28,27
H?Be~v~,51,32,27
H?Be~zy,48,25,47
H?Be~zz,49,29,27
H?Be~z|,52,30,44
H?Be~z},52,30,44
H?Be~z~,50,32,28
H?Be~~~,52,35,28
H?BfC|^,48,38,135
H?BfC|v,43,28,73
H?BfC||,44,27,82
H?BfC|},45,25,83
H?BfC|~,46,30,86
H?BfC}],76,48,148
H?BfC}^,75,50,164
H?BfC~V,58,22,64
H?BfC~\,55,21,77
H?BfC~],54,21,78
H?BfC~^,55,23,84
H?BfC~e,38,20,82
H?BfC~f,41,28,81
H?BfC~t,44,20,48
H?BfC~u,43,20,49
H?BfC~v,47,23,49
H?BfC~w,33,18,29
H?BfC~x,36,21,28
H?BfC~{,37,20,28
H?BfC~|,39,23,28
H?BfC~},43,22,25
H?BfC~~,44,25,26
H?BfEm],60,23,97
H?BfEmn,39,23,73
H?BfEm},42,20,66
H?BfEm~,43,24,69
H?BfEnM,48,18,88
H?BfEnN,72,22,86
H?BfEn],60,20,64
H?BfEn^,65,22,66
H?BfEnl,41,20,59
H?BfEnm,38,19,63
H?BfEnn,44,23,61
H?BfEnw,34,17,24
H?BfEnx,35,20,25
H?BfEn{,36,19,25
H?BfEn|,36,22,27
H?BfEn},40,21,24
H?BfEn~,39,24,27
H?BfEo],42,28,154
H?BfEou,52,17,100
H?BfEo},40,23,132
H?BfEo~,40,33,119
H?BfEq],44,19,117
H?BfEq^,45,25,122
H?BfEqf,35,14,81
H?BfEqt,62,16,76
H?BfEqu,51,16,59
H?BfEqv,39,20,61
H?BfEqx,64,15,161
H?BfEq{,46,16,133
H?BfEq|,57,21,98
H?BfEq},44,18,82
H?BfEq~,41,22,73
H?BfErE,42,12,78
H?BfErF,33,12,85
H?BfErT,69,15,70
H?BfErU,51,16,59
H?BfErV,50,18,67
H?BfErX,61,17,162
H?BfEr[,57,17,121
H?BfEr\,67,18,91
H?BfEr],46,18,80
H?BfEr^,47,20,86
H?BfErc,40,19,97
H?BfErd,55,13,88
H?BfEre,42,13,88
H?BfErf,35,20,85
H?BfErp,52,13,131
H?BfErs,42,14,98
H?BfErt,68,18,64
H?BfEru,53,17,50
H?BfErv,41,20,51
H?BfErw,35,23,92
H?BfErx,64,36,124
H?BfEr{,43,25,108
H?BfEr|,59,19,75
H?BfEr},49,19,51
H?BfEr~,42,22,26
H?BfEyv,41,22,65
H?BfEyy,48,18,62
H?BfEyz,43,23,70
H?BfEy|,61,25,101
H?BfEy},44,20,72
H?BfEy~,44,25,75
H?BfEzV,59,20,65
H?BfEzY,56,18,70
H?BfEzZ,57,21,75
H?BfEz\,78,20,89
H?BfEz],53,20,80
H?BfEz^,59,23,80
H?BfEzf,35,23,92
H?BfEzq,43,16,61
H?BfEzr,40,20,68
H?BfEzt,72,20,68
H?BfEzu,42,19,51
H?BfEzv,44,23,52
H?BfEzw,39,16,73
H?BfEzx,58,21,74
H?BfEzy,46,19,37
H?BfEzz,43,22,43
H?BfEz{,43,19,74
H?BfEz|,66,24,72
H?BfEz},47,22,39
H?BfEz~,45,24,26
H?BfE}},46,22,76
H?BfE}~,45,27,80
H?BfE~],56,22,84
H?BfE~^,59,24,88
H?BfE~u,43,21,55
H?BfE~v,47,25,54
H?BfE~{,40,22,28
H?BfE~|,43,24,28
H?BfE~},46,23,26
H?BfE~~,48,26,26
H?BfFBW,27,31,118
H?BfFB[,80,12,88
H?BfFB],56,13,61
H?BfFBw,27,42,99
H?BfFB{,87,31,64
H?BfFB},61,14,51
H?BfFB~,36,15,24
H?BfFI^,43,21,76
H?BfFJY,32,13,46
H?BfFJ\,61,15,64
H?BfFJ],34,15,49
H?BfFJ^,38,17,50
H?BfFJw,38,18,48
H?BfFJy,36,14,34
H?BfFJ{,45,17,50
H?BfFJ|,65,16,54
H?BfFJ},39,16,35
H?BfFJ~,35,18,27
H?BfFN],35,17,53
H?BfFN^,37,23,52
H?BfFN{,32,16,27
H?BfFN|,32,20,28
H?BfFN},35,18,27
H?BfFN~,34,23,28
H?BfF_],64,28,116
H?BfFa],52,16,100
H?BfFa^,46,21,83
H?BfFbM,62,17,64
H?BfFbN,39,18,69
H?BfFb[,58,13,125
H?BfFb\,67,17,66
H?BfFb],55,18,62
H?BfFb^,43,18,51
H?BfFbg,36,24,96
H?BfFbh,44,13,138
H?BfFbk,49,13,120
H?BfFbl,82,15,57
H?BfFbm,67,19,54
H?BfFbn,45,18,57
H?BfFbw,36,38,108
H?BfFbx,63,33,114
H?BfFb{,60,29,106
H?BfFb|,69,17,58
H?BfFb},63,20,45
H?BfFb~,43,19,23
H?BfFj],43,18,51
H?BfFj^,43,21,55
H?BfFji,42,14,70
H?BfFjj,43,19,73
H?BfFjl,88,17,60
H?BfFjm,43,17,60
H?BfFjn,47,21,60
H?BfFjy,46,17,33
H?BfFjz,44,20,38
H?BfFj{,45,17,66
H?BfFj|,76,19,58
H?BfFj},50,19,33
H?BfFj~,43,22,25
H?BfFnm,40,20,68
H?BfFnn,51,25,60
H?BfFn},43,22,25
H?BfFn~,44,25,26
H?BfFr],43,19,74
H?BfFr^,40,22,64
H?BfFre,44,20,90
H?BfFrf,39,26,85
H?BfFrs,48,21,96
H?BfFrt,70,17,73
H?BfFru,54,18,56
H?BfFrv,44,21,54
H?BfFrw,38,34,88
H?BfFrx,74,57,107
H?BfFr{,48,35,104
H?BfFr|,58,20,84
H?BfFr},50,20,56
H?BfFr~,47,23,25
H?BfFzu,45,20,54
H?BfFzv,49,24,53
H?BfFzy,48,20,40
H?BfFzz,45,23,46
H?BfFz{,50,20,74
H?BfFz|,67,22,82
H?BfFz},51,22,41
H?BfFz~,50,25,25
H?BfF~},54,24,22
H?BfF~~,55,27,23
H?BfMo^,49,45,162
H?BfMov,47,26,107
H?BfMo|,43,31,118
H?BfMo~,43,40,121
H?BfMqV,58,16,106
H?BfMq\,54,25,113
H?BfMq],50,22,120
H?BfMq^,51,30,123
H?BfMqf,40,14,72
H?BfMqt,40,20,60
H?BfMqv,40,23,65
H?BfMqx,48,18,62
H?BfMq|,46,22,68
H?BfMq},52,21,80
H?BfMq~,44,28,72
H?BfMrF,38,13,75
H?BfMrT,55,18,62
H?BfMrU,59,17,59
H?BfMrV,56,19,69
H?BfMrX,52,21,71
H?BfMr[,56,17,71
H?BfMr\,55,22,76
H?BfMr],56,19,78
H?BfMr^,55,23,84
H?BfMrd,33,15,64
H?BfMre,46,14,66
H?BfMrf,36,21,63
H?BfMrp,41,16,33
H?BfMrs,41,16,33
H?BfMrt,39,18,39
H?BfMru,59,18,35
H?BfMrv,43,21,38
H?BfMrw,41,16,23
H?BfMrx,49,18,35
H?BfMr{,40,18,27
H?BfMr|,46,21,41
H?BfMr},57,20,49
H?BfMr~,44,25,26
H?BfM}~,47,37,76
H?BfM~^,59,34,87
H?BfM~v,49,27,38
H?BfM~|,42,28,30
H?BfM~},43,28,29
H?BfM~~,45,31,29
H?BfNN^,37,29,53
H?BfNN},34,21,30
H?BfNN~,33,24,33
H?BfN_^,49,45,116
H?BfNaN,43,24,87
H?BfNa\,42,23,85
H?BfNa^,46,31,83
H?BfNbL,42,16,54
H?BfNbN,41,20,59
H?BfNb\,42,19,51
H?BfNb],61,18,65
H?BfNb^,44,23,52
H?BfNbh,43,15,40
H?BfNbk,42,15,41
H?BfNbl,42,17,46
H?BfNbm,73,17,45
H?BfNbn,46,20,46
H?BfNbw,38,15,22
H?BfNbx,44,17,35
H?BfNb{,39,17,24
H?BfNb|,45,20,37
H?BfNb},68,19,49
H?BfNb~,42,24,24
H?BfNj^,44,25,57
H?BfNjj,42,20,50
H?BfNjl,44,19,49
H?BfNjm,44,19,49
H?BfNjn,48,22,49
H?BfNjy,45,19,38
H?BfNjz,40,23,27
H?BfNj|,46,22,40
H?BfNj},49,22,37
H?BfNj~,42,26,27
H?BfNnn,54,25,47
H?BfNn},42,25,28
H?BfNn~,43,28,29
H?BfNr],51,20,73
H?BfNr^,45,26,62
H?BfNre,48,18,69
H?BfNrf,40,24,64
H?BfNrs,43,17,36
H?BfNrt,42,19,41
H?BfNru,60,19,40
H?BfNrv,47,22,39
H?BfNrw,44,17,24
H?BfNrx,52,19,37
H?BfNr{,45,19,26
H?BfNr|,49,23,42
H?BfNr},58,21,54
H?BfNr~,49,26,25
H?BfNzv,51,25,38
H?BfNzy,46,21,47
H?BfNzz,47,26,27
H?BfNz|,51,25,44
H?BfNz},52,25,43
H?BfNz~,49,29,27
H?BfN~},51,29,25
H?BfN~~,52,32,26
H?Bfey],45,30,129
H?Bfeyn,44,31,87
H?Bfeyu,43,23,62
H?Bfeyz,46,26,72
H?Bfey|,54,24,102
H?Bfey},46,25,73
H?Bfey~,45,31,76
H?BfezM,53,22,112
H?BfezN,59,26,113
H?BfezU,59,19,66
H?BfezZ,50,22,90
H?Bfez\,63,21,96
H?Bfez],52,22,88
H?Bfez^,54,26,91
H?Bfeze,42,19,67
H?Bfezf,43,23,70
H?Bfezi,48,19,52
H?Bfezj,43,22,61
H?Bfezl,64,21,77
H?Bfezm,44,21,61
H?Bfezn,43,27,63
H?Bfezq,47,17,64
H?Bfezr,46,21,69
H?Bfezt,66,19,68
H?Bfezu,46,20,53
H?Bfezv,48,24,54
H?Bfezw,43,17,59
H?Bfezx,56,20,68
H?Bfezy,47,20,41
H?Bfezz,45,23,46
H?Bfez{,46,20,60
H?Bfez|,58,24,70
H?Bfez},47,24,43
H?Bfez~,45,27,28
H?Bfe}~,45,36,79
H?Bfe~^,56,31,93
H?Bfe~n,43,31,66
H?Bfe~v,49,28,56
H?Bfe~z,46,27,47
H?Bfe~{,42,24,29
H?Bfe~|,44,27,29
H?Bfe~},44,28,28
H?Bfe~~,46,31,28
H?BffO^,48,49,127
H?BffQV,47,18,85
H?BffQZ,60,25,155
H?BffQ^,43,32,95
H?BffRF,62,14,78
H?BffRR,89,16,90
H?BffRV,43,20,49
H?BffRZ,69,21,114
H?BffR[,48,16,96
H?BffR],52,20,64
H?BffR^,45,24,57
H?BffRb,90,14,92
H?BffRf,62,17,86
H?BffRm,62,18,64
H?BffRq,46,15,104
H?BffRr,91,18,99
H?BffRs,41,15,79
H?BffRu,62,19,47
H?BffRv,50,21,48
H?BffRw,43,22,79
H?BffRy,45,30,112
H?BffRz,71,22,123
H?BffR{,45,23,85
H?BffR},57,21,48
H?BffR~,48,25,22
H?BffV^,42,26,65
H?BffVv,49,23,54
H?BffVz,71,22,78
H?BffV{,41,20,29
H?BffV},41,23,31
H?BffV~,43,27,30
H?BffZ],46,22,58
H?BffZ^,45,27,61
H?BffZe,60,23,82
H?BffZi,62,17,65
H?BffZj,61,20,72
H?BffZl,79,20,71
H?BffZm,61,20,72
H?BffZn,66,24,72
H?BffZq,45,17,66
H?BffZu,47,20,52
H?BffZv,50,24,52
H?BffZy,46,20,42
H?BffZz,45,23,46
H?BffZ{,47,20,59
H?BffZ|,67,24,61
H?BffZ},49,23,42
H?BffZ~,44,27,29
H?Bff^n,68,28,75
H?Bff^},43,27,30
H?Bff^~,44,30,31
H?Bff_^,44,49,117
H?BffaN,46,30,89
H?BffaZ,71,18,136
H?Bffa^,45,25,90
H?BffbJ,84,17,94
H?BffbM,64,19,67
H?BffbN,44,21,63
H?BffbZ,75,19,98
H?Bffb[,44,16,105
H?Bffb],61,20,63
H?Bffb^,45,20,54
H?Bffbg,39,26,103
H?Bffbi,41,19,135
H?Bffbj,85,18,89
H?Bffbk,42,16,107
H?Bffbm,69,21,54
H?Bffbn,44,20,55
H?Bffbw,40,35,90
H?Bffby,47,32,129
H?Bffbz,74,19,111
H?Bffb{,43,28,89
H?Bffb},67,22,47
H?Bffb~,46,21,23
H?Bfff^,44,24,58
H?Bfffj,90,19,61
H?Bfffm,46,20,53
H?Bfffn,44,23,59
H?Bfffy,76,18,110
H?Bfffz,81,20,61
H?Bfff{,44,18,23
H?Bfff},44,21,25
H?Bfff~,44,25,26
H?BffjN,46,25,65
H?Bffj],45,20,54
H?Bffj^,46,24,56
H?Bffjj,45,20,54
H?Bffjl,75,19,59
H?Bffjm,45,19,55
H?Bffjn,46,23,57
H?Bffjw,43,16,53
H?Bffjx,73,18,45
H?Bffjy,48,18,36
H?Bffjz,48,21,39
H?Bffj{,47,18,54
H?Bffj|,73,20,51
H?Bffj},50,21,37
H?Bffj~,46,25,24
H?Bffnn,50,27,56
H?Bffnz,52,24,38
H?Bffn{,45,21,24
H?Bffn|,45,24,26
H?Bffn},45,25,25
H?Bffn~,46,28,26
H?BffrN,44,29,71
H?Bffr],51,20,73
H?Bffr^,45,25,63
H?Bffrf,44,25,67
H?Bffri,43,23,121
H?Bffrj,67,20,129
H?Bffrk,45,20,105
H?Bffrl,63,20,79
H?Bffrm,54,20,70
H?Bffrn,43,25,65
H?Bffrq,47,22,107
H?Bffru,61,19,56
H?Bffrv,50,22,54
H?Bffrw,45,29,79
H?Bffrx,57,52,125
H?Bffry,48,35,115
H?Bffrz,68,21,139
H?Bffr{,48,29,85
H?Bffr|,58,21,73
H?Bffr},57,21,55
H?Bffr~,50,26,24
H?Bffvn,44,28,68
H?Bffvz,72,23,85
H?Bffv},48,24,28
H?Bffv~,49,28,28
H?Bffzm,44,22,67
H?Bffzn,45,28,67
H?Bffzy,50,21,43
H?Bffzz,47,24,49
H?Bffz{,52,21,60
H?Bffz|,62,23,75
H?Bffz},51,24,45
H?Bffz~,49,28,28
H?Bff~},50,29,26
H?Bff~~,51,32,27
H?Bfmy^,57,43,128
H?Bfmyv,45,30,69
H?Bfmyz,48,32,72
H?Bfmy|,50,29,73
H?Bfmy},50,29,73
H?Bfmy~,49,36,75
H?BfmzN,64,33,112
H?BfmzV,63,25,74
H?BfmzZ,57,28,86
H?Bfmz\,56,27,88
H?Bfmz],56,28,87
H?Bfmz^,58,33,89
H?Bfmzf,46,26,72
H?Bfmzj,44,26,63
H?Bfmzl,47,24,62
H?Bfmzm,47,24,62
H?Bfmzn,47,30,63
H?Bfmzr,44,24,40
H?Bfmzt,47,23,38
H?Bfmzu,48,23,37
H?Bfmzv,50,27,37
H?Bfmzx,48,23,43
H?Bfmzy,46,22,46
H?Bfmzz,45,27,28
H?Bfmz{,44,24,27
H?Bfmz|,50,27,43
H?Bfmz},49,28,43
H?Bfmz~,46,30,29
H?BfnZZ,45,27,61
H?BfnZ^,46,30,64
H?BfnZf,74,21,92
H?BfnZm,65,24,73
H?BfnZr,44,23,41
H?BfnZu,47,22,39
H?BfnZv,50,26,38
H?BfnZz,43,26,31
H?BfnZ},48,26,46
H?BfnZ~,44,29,32
H?Bfn^z,44,29,32
H?Bfn^~,45,32,33
H?BfnjZ,45,24,57
H?Bfnj^,49,27,57
H?Bfnjj,45,24,57
H?Bfnjn,49,26,58
H?Bfnjy,48,21,39
H?Bfnjz,46,25,24
H?Bfnj{,45,22,23
H?Bfnj},52,24,38
H?Bfnj~,47,28,25
H?Bfnnn,57,30,53
H?Bfnnz,47,27,26
H?Bfnn},47,27,26
H?Bfnn~,48,30,27
H?Bfnq^,47,45,98
H?BfnrN,47,30,75
H?BfnrV,46,23,57
H?BfnrZ,49,24,60
H?Bfnr^,47,29,64
H?Bfnrf,49,26,69
H?Bfnrj,44,23,66
H?Bfnrl,46,22,65
H?Bfnrm,57,22,73
H?Bfnrn,45,28,67
H?Bfnrr,47,21,40
H?Bfnru,65,21,40
H?Bfnrv,52,25,37
H?Bfnrw,47,18,25
H?Bfnrx,51,21,42
H?Bfnry,53,23,57
H?Bfnrz,50,25,45
H?Bfnr{,48,21,26
H?Bfnr|,50,25,45
H?Bfnr},58,24,58
H?Bfnr~,50,28,27
H?Bfnvz,50,27,49
H?Bfnv},49,27,29
H?Bfnv~,50,31,29
H?Bfnzn,48,31,68
H?Bfnzy,48,23,49
H?Bfnzz,49,28,28
H?Bfnz|,53,27,46
H?Bfnz},52,28,46
H?Bfnz~,50,31,29
H?Bfn~~,51,34,30
H?Bfvq^,48,50,92
H?BfvrV,48,24,61
H?BfvrZ,65,23,140
H?Bfvr^,49,26,65
H?Bfvrf,50,31,71
H?Bfvrr,65,21,142
H?Bfvrv,48,25,47
H?Bfvrw,51,18,57
H?Bfvry,62,45,102
H?Bfvrz,61,22,157
H?Bfvr{,53,30,50
H?Bfvr},55,22,63
H?Bfvr~,54,27,24
H?Bfvvz,66,24,99
H?Bfvv~,55,29,26
H?Bfvzy,57,22,41
H?Bfvzz,54,26,46
H?Bfvz{,53,22,45
H?Bfvz|,59,24,64
H?Bfvz},54,26,46
H?Bfvz~,55,29,26
H?Bfv~~,56,33,26
H?Bf~z^,54,34,66
H?Bf~zv,54,31,47
H?Bf~zz,55,30,25
H?Bf~z},59,29,44
H?Bf~z~,56,33,26
H?Bf~~~,57,36,27
H?BvUov,57,28,119
H?BvUo},52,27,142
H?BvUo~,54,39,123
H?BvUq],50,23,131
H?BvUqf,51,18,67
H?BvUqu,53,22,78
H?BvUqv,51,26,67
H?BvUq{,54,17,82
H?BvUq},52,22,88
H?BvUq~,53,28,71
H?BvUrF,47,18,71
H?BvUrU,55,19,79
H?BvUr],52,20,90
H?BvUre,54,21,44
H?BvUrf,48,22,38
H?BvUrk,53,18,65
H?BvUrs,55,17,64
H?BvUru,54,21,51
H?BvUrv,49,24,41
H?BvUrw,51,17,34
H?BvUr{,51,22,53
H?BvUr},51,21,61
H?BvUr~,48,26,26
H?BvUyy,58,22,64
H?BvUy|,53,25,93
H?BvUy},53,27,72
H?BvUy~,52,34,74
H?BvUz],53,24,94
H?BvUzi,52,20,36
H?BvUzl,57,22,54
H?BvUzm,50,23,41
H?BvUzn,48,26,46
H?BvUzq,52,20,36
H?BvUzu,47,22,45
H?BvUzv,47,27,46
H?BvUzy,55,21,38
H?BvUz{,47,21,46
H?BvUz|,54,27,59
H?BvUz},51,25,44
H?BvUz~,49,28,28
H?BvU}},52,36,72
H?BvU}~,51,41,76
H?BvU~],54,32,94
H?BvU~^,57,38,94
H?BvU~u,48,27,45
H?BvU~v,47,31,48
H?BvU~|,48,29,28
H?BvU~},48,29,28
H?BvU~~,50,32,28
H?BvVZ],47,24,62
H?BvVZ^,46,28,66
H?BvVZj,78,21,63
H?BvVZl,75,20,85
H?BvVZm,75,25,80
H?BvVZn,80,29,62
H?BvVZq,46,20,42
H?BvVZr,41,23,50
H?BvVZu,43,22,49
H?BvVZv,42,27,51
H?BvVZy,50,21,43
H?BvVZz,46,25,49
H?BvVZ{,49,21,44
H?BvVZ|,59,25,56
H?BvVZ},47,24,49
H?BvVZ~,46,28,31
H?BvVj\,58,22,72
H?BvVj^,49,30,61
H?BvVji,46,20,42
H?BvVjl,59,22,52
H?BvVjm,47,23,44
H?BvVjn,45,26,49
H?BvVjt,69,21,36
H?BvVjv,67,26,40
H?BvVjy,51,21,42
H?BvVj|,59,27,54
H?BvVj},50,24,46
H?BvVj~,47,28,30
H?BvVnm,44,26,50
H?BvVnn,43,31,52
H?BvVnv,71,29,40
H?BvVn},46,28,31
H?BvVn~,47,31,32
H?BvVq],48,30,120
H?BvVrU,50,20,74
H?BvVr[,51,20,73
H?BvVr],51,21,80
H?BvVr^,50,26,64
H?BvVre,52,20,54
H?BvVrf,47,23,44
H?BvVrk,51,23,70
H?BvVrl,53,21,59
H?BvVrs,51,21,72
H?BvVrt,55,22,56
H?BvVru,52,21,60
H?BvVrv,47,25,48
H?BvVrw,54,18,36
H?BvVrx,59,31,81
H?BvVr{,54,26,53
H?BvVr|,53,22,65
H?BvVr},52,22,66
H?BvVr~,51,27,27
H?BvVzn,48,28,50
H?BvVzv,46,30,50
H?BvVzy,56,22,42
H?BvVzz,51,27,48
H?BvVz|,57,28,62
H?BvVz},53,25,48
H?BvVz~,51,30,29
H?BvV~},52,30,28
H?BvV~~,53,33,29
H?Bv]}~,50,46,80
H?Bv]~v,47,33,52
H?Bv]~},49,32,29
H?Bv]~~,51,35,29
H?Bv^q^,48,51,101
H?Bv^rV,47,27,66
H?Bv^r\,49,26,65
H?Bv^r],54,23,83
H?Bv^r^,47,33,67
H?Bv^rf,46,25,49
H?Bv^rl,44,25,51
H?Bv^rt,46,23,51
H?Bv^rv,45,29,52
H?Bv^rx,53,23,44
H?Bv^r{,50,22,28
H?Bv^r|,49,28,49
H?Bv^r},57,26,64
H?Bv^r~,50,31,29
H?Bv^zz,50,30,30
H?Bv^z|,51,31,50
H?Bv^z},51,31,50
H?Bv^z~,52,33,30
H?Bv^~~,54,36,30
H?BvfO^,55,60,123
H?BvfQN,54,38,112
H?BvfQV,50,19,91
H?BvfQ\,54,23,127
H?BvfQ],54,23,110
H?BvfQ^,48,33,99
H?BvfRF,46,17,49
H?BvfRL,62,19,89
H?BvfRM,53,19,81
H?BvfRN,53,25,84
H?BvfRT,67,18,59
H?BvfRU,60,18,50
H?BvfRV,45,21,53
H?BvfRX,52,17,118
H?BvfR\,63,20,79
H?BvfR],57,20,67
H?BvfR^,49,25,59
H?BvfRd,73,17,54
H?BvfRe,63,18,47
H?BvfRf,44,20,55
H?BvfRh,50,17,137
H?BvfRk,59,17,111
H?BvfRl,68,20,56
H?BvfRm,58,22,46
H?BvfRn,56,24,53
H?BvfRp,46,16,98
H?BvfRs,51,16,77
H?BvfRt,75,18,60
H?BvfRu,65,19,52
H?BvfRv,50,22,54
H?BvfRw,49,20,50
H?BvfRx,55,30,95
H?BvfR{,51,25,86
H?BvfR|,64,21,67
H?BvfR},60,21,52
H?BvfR~,50,26,24
H?Bvf^^,45,32,70
H?Bvf^m,52,28,60
H?Bvf^n,55,30,62
H?Bvf^v,52,29,59
H?Bvf^|,46,28,31
H?Bvf^},45,29,31
H?Bvf^~,47,32,31
H?BvfaN,47,39,90
H?BvfbM,66,20,74
H?BvfbN,48,23,65
H?Bvfbm,70,22,44
H?Bvfbn,48,21,39
H?Bvfbw,48,36,44
H?Bvfb{,52,30,88
H?Bvfb},74,24,46
H?Bvfb~,54,22,19
H?Bvfji,50,18,34
H?Bvfjn,47,25,42
H?Bvfjy,54,19,35
H?Bvfj|,80,21,51
H?Bvfj},53,22,39
H?Bvfj~,52,26,22
H?Bvfnm,47,25,42
H?Bvfn},52,26,22
H?Bvfn~,53,29,23
H?BvfrM,53,22,87
H?Bvfre,61,19,56
H?Bvfrm,58,21,54
H?Bvfrn,50,26,44
H?Bvfrs,53,22,78
H?Bvfrt,80,19,63
H?Bvfru,68,20,56
H?Bvfrv,55,23,55
H?Bvfrw,52,26,48
H?Bvfrx,64,43,83
H?Bvfr{,55,33,83
H?Bvfr|,68,22,70
H?Bvfr},63,22,55
H?Bvfr~,56,27,22
H?Bvfzv,58,26,56
H?Bvfzy,52,22,46
H?Bvfzz,49,25,52
H?Bvfz|,70,24,74
H?Bvfz},49,25,52
H?Bvfz~,50,29,31
H?Bvf~},50,30,30
H?Bvf~~,51,33,31
H?Bvn^n,58,36,60
H?Bvn^|,47,31,32
H?Bvn^},46,31,33
H?Bvn^~,48,34,33
H?Bvnnn,60,30,36
H?Bvnn},53,28,24
H?Bvnn~,54,31,25
H?BvnrN,49,34,77
H?Bvnrf,51,24,39
H?Bvnrl,49,24,47
H?Bvnrm,57,23,60
H?Bvnrn,48,28,50
H?Bvnrt,53,22,39
H?Bvnru,72,22,39
H?Bvnrv,58,27,35
H?Bvnrx,51,23,46
H?Bvnr{,49,22,29
H?Bvnr|,51,26,49
H?Bvnr},60,26,61
H?Bvnr~,51,29,30
H?Bvnzz,50,29,31
H?Bvnz|,51,28,53
H?Bvnz},50,30,52
H?Bvnz~,51,32,32
H?Bvn~~,52,35,33
H?BvvrN,52,37,71
H?Bvvrf,51,25,44
H?Bvvrj,61,22,117
H?Bvvrk,50,26,76
H?Bvvrn,51,27,48
H?Bvvrr,64,22,114
H?Bvvrs,49,27,76
H?Bvvrv,49,26,51
H?Bvvrw,57,19,38
H?Bvvry,62,40,78
H?Bvvrz,61,23,126
H?Bvvr{,56,33,51
H?Bvvr},57,23,67
H?Bvvr~,56,28,26
H?Bvvvz,65,25,86
H?Bvvv~,55,32,28
H?Bvvzm,49,27,50
H?Bvvzu,49,24,53
H?Bvvzy,58,23,45
H?Bvvzz,55,28,49
H?Bvvz|,62,27,65
H?Bvvz},55,28,49
H?Bvvz~,56,31,28
H?Bvv~~,57,34,29
H?Bv~zn,53,33,52
H?Bv~zv,52,32,54
H?Bv~zz,56,31,28
H?Bv~z},58,30,50
H?Bv~z~,58,34,28
H?Bv~~~,59,37,29
H?B~vrf,54,27,24
H?B~vru,59,25,63
H?B~vrv,56,28,26
H?B~vrw,60,20,20
H?B~vr{,63,41,43
H?B~vr},66,24,64
H?B~vr~,63,29,23
H?B~vzy,64,24,44
H?B~vz|,69,26,66
H?B~vz},63,29,46
H?B~vz~,64,31,25
H?B~v~},64,32,24
H?B~v~~,65,35,25
H?B~~~~,66,38,26
H?`@?bo,0,0,0
H?`@?bw,17,0,28
H?`@?b{,34,4,28
H?`@?b},45,6,12
H?`@?b~,40,8,0
H?`@CRo,29,0,1
H?`@CRs,39,1,14
H?`@CRu,47,6,10
H?`@CRw,29,1,20
H?`@CRx,51,6,39
H?`@CR{,37,2,33
H?`@CR|,47,7,18
H?`@CR},37,12,17
H?`@CR~,35,7,6
H?`@C`o,0,0,0
H?`@C`s,26,0,43
H?`@C`u,50,0,82
H?`@C`w,16,2,62
H?`@C`{,66,0,38
H?`@C`},63,8,28
H?`@Cb_,0,0,0
H?`@Cb`,3,8,79
H?`@Cbc,25,0,38
H?`@Cbd,74,6,70
H?`@Cbe,82,0,56
H?`@Cbf,109,9,71
H?`@Cbg,10,0,35
H?`@Cbk,44,0,28
H?`@Cbm,55,7,19
H?`@Cbo,5,6,53
H?`@Cbp,11,10,124
H?`@Cbs,32,4,111
H?`@Cbt,82,3,107
H?`@Cbu,87,9,124
H?`@Cbv,88,21,100
H?`@Cbw,13,2,75
H?`@Cbx,55,6,51
H?`@Cb{,52,2,45
H?`@Cb|,53,8,19
H?`@Cb},49,12,23
H?`@Cb~,39,8,5
H?`@Cpd,49,0,17
H?`@Cpf,56,0,25
H?`@Cps,48,0,18
H?`@Cpt,65,2,23
H?`@Cpu,47,5,20
H?`@Cpv,47,9,28
H?`@Cr`,67,4,14
H?`@Crc,47,0,19
H?`@Crd,61,1,26
H?`@Cre,52,1,37
H?`@Crf,52,7,40
H?`@Crg,13,1,36
H?`@Crh,82,2,18
H?`@Crk,43,0,37
H?`@Crl,64,2,24
H?`@Crm,51,6,31
H?`@Crn,45,9,30
H?`@Cro,12,1,47
H?`@Crp,71,3,38
H?`@Crs,45,1,35
H?`@Crt,67,2,21
H?`@Cru,54,6,24
H?`@Crv,49,8,21
H?`@Crw,13,0,57
H?`@Crx,72,4,52
H?`@Cr{,48,3,39
H?`@Cr|,60,6,22
H?`@Cr},42,7,29
H?`@Cr~,38,9,9
H?`@EOu,31,0,23
H?`@EOv,62,3,25
H?`@EPq,69,0,15
H?`@EPr,86,3,46
H?`@EPs,50,0,16
H?`@EPt,62,1,17
H?`@EPu,51,5,16
H?`@EPv,49,6,22
H?`@EQq,54,1,23
H?`@EQr,74,2,36
H?`@EQs,55,0,22
H?`@EQt,61,1,18
H?`@EQu,56,3,31
H?`@EQv,56,5,27
H?`@EQw,28,1,36
H?`@EQx,83,1,24
H?`@EQy,55,2,47
H?`@EQz,76,5,36
H?`@EQ{,55,0,33
H?`@EQ|,62,5,23
H?`@EQ},51,6,31
H?`@EQ~,48,6,30
H?`@ERo,20,0,46
H?`@ERp,63,1,48
H?`@ERq,67,2,39
H?`@ERr,81,6,53
H?`@ERs,46,1,25
H?`@ERt,61,2,18
H?`@ERu,50,5,22
H?`@ERv,43,7,22
H?`@ERw,19,1,57
H?`@ERx,74,4,50
H?`@ERy,69,3,48
H?`@ERz,85,7,51
H?`@ER{,45,4,32
H?`@ER|,55,7,18
H?`@ER},40,7,25
H?`@ER~,36,7,9
H?`@EYy,47,4,26
H?`@EYz,52,7,25
H?`@EZq,46,2,29
H?`@EZr,53,7,24
H?`@EZw,32,2,20
H?`@EZx,59,3,18
H?`@EZy,39,5,16
H?`@EZz,39,7,19
H?`@EZ{,34,4,22
H?`@EZ|,62,5,21
H?`@EZ},40,6,19
H?`@EZ~,36,8,12
H?`@E_i,44,2,8
H?`@E_j,72,2,38
H?`@E_k,54,2,34
H?`@E_l,64,3,24
H?`@E_m,57,2,40
H?`@E_n,61,3,36
H?`@E_q,19,0,59
H?`@E_r,97,3,104
H?`@E_w,29,0,66
H?`@E_x,64,0,50
H?`@E_y,65,0,71
H?`@E_z,86,2,47
H?`@E_{,58,0,54
H?`@E_|,77,1,30
H?`@E_},73,4,44
H?`@E_~,57,9,42
H?`@E`h,51,10,47
H?`@E`i,88,4,60
H?`@E`j,93,2,58
H?`@E`w,23,0,96
H?`@E`x,54,5,77
H?`@E`y,72,2,96
H?`@E`z,91,6,68
H?`@Eab,97,8,111
H?`@Eah,67,0,28
H?`@Eai,89,0,13
H?`@Eaj,86,1,33
H?`@Eak,52,1,45
H?`@Eal,65,1,22
H?`@Eam,67,2,41
H?`@Ean,54,5,40
H?`@Eap,14,10,126
H?`@Eaq,33,8,148
H?`@Ear,93,12,175
H?`@Eaw,31,2,75
H?`@Eax,82,1,43
H?`@Eay,54,2,88
H?`@Eaz,82,6,42
H?`@Ea{,47,1,69
H?`@Ea|,73,4,23
H?`@Ea},57,7,44
H?`@Ea~,48,8,35
H?`@Eb_,4,4,56
H?`@Eb`,17,16,117
H?`@Eba,28,0,147
H?`@Ebb,104,16,168
H?`@Ebg,24,0,72
H?`@Ebh,67,8,44
H?`@Ebi,68,2,74
H?`@Ebj,99,2,49
H?`@Ebk,38,2,56
H?`@Ebl,65,1,24
H?`@Ebm,63,6,30
H?`@Ebn,45,9,30
H?`@Ebo,6,14,76
H?`@Ebp,15,24,164
H?`@Ebq,24,18,183
H?`@Ebr,96,26,228
H?`@Ebw,21,2,105
H?`@Ebx,61,9,74
H?`@Eby,62,7,96
H?`@Ebz,86,8,62
H?`@Eb{,36,3,71
H?`@Eb|,60,8,20
H?`@Eb},48,9,34
H?`@Eb~,37,8,11
H?`@Eou,63,3,44
H?`@Eov,61,8,39
H?`@Epe,54,1,35
H?`@Epf,64,7,28
H?`@Epq,80,2,58
H?`@Epr,100,4,61
H?`@Epu,58,6,32
H?`@Epv,51,9,31
H?`@Eqe,58,3,49
H?`@Eqf,61,7,42
H?`@Eqi,80,0,32
H?`@Eqj,95,3,37
H?`@Eqk,42,2,52
H?`@Eql,67,2,30
H?`@Eqm,60,2,48
H?`@Eqn,52,7,49
H?`@Eqq,58,1,58
H?`@Eqr,90,3,47
H?`@Equ,61,3,44
H?`@Eqv,52,10,42
H?`@Eqw,36,0,55
H?`@Eqx,97,2,45
H?`@Eqy,53,3,74
H?`@Eqz,90,7,46
H?`@Eq{,39,3,68
H?`@Eq|,73,6,31
H?`@Eq},54,7,43
H?`@Eq~,48,10,40
H?`@Era,69,2,64
H?`@Erb,100,4,66
H?`@Erc,40,2,46
H?`@Erd,69,2,28
H?`@Ere,58,2,50
H?`@Erf,55,7,46
H?`@Erg,21,1,55
H?`@Erh,87,3,46
H?`@Eri,58,2,70
H?`@Erj,104,4,57
H?`@Erk,28,4,58
H?`@Erl,65,4,31
H?`@Erm,54,7,35
H?`@Ern,46,10,35
H?`@Ero,20,1,67
H?`@Erp,59,2,83
H?`@Erq,58,3,71
H?`@Err,94,6,68
H?`@Ers,30,3,57
H?`@Ert,71,3,25
H?`@Eru,52,7,32
H?`@Erv,47,9,28
H?`@Erw,22,2,75
H?`@Erx,67,6,87
H?`@Ery,60,5,79
H?`@Erz,95,8,66
H?`@Er{,30,7,62
H?`@Er|,63,7,26
H?`@Er},47,8,29
H?`@Er~,37,10,13
H?`@Eyy,48,10,33
H?`@Eyz,49,14,35
H?`@Ezi,48,5,43
H?`@Ezj,52,9,43
H?`@Ezk,24,4,42
H?`@Ezl,70,6,34
H?`@Ezm,44,11,36
H?`@Ezn,49,15,34
H?`@Ezy,42,11,17
H?`@Ezz,42,13,20
H?`@Ez{,21,10,41
H?`@Ez|,68,12,24
H?`@Ez},42,12,21
H?`@Ez~,35,14,15
H?`@F?],63,3,51
H?`@F?^,63,7,40
H?`@F?{,73,3,60
H?`@F?|,74,4,39
H?`@F@w,28,7,105
H?`@F@x,62,4,78
H?`@FA[,46,5,61
H?`@FA\,59,4,33
H?`@FA],64,4,62
H?`@FA^,62,7,41
H?`@FA{,65,6,73
H?`@FA|,67,7,36
H?`@FBW,30,9,81
H?`@FBX,74,6,46
H?`@FB[,44,8,68
H?`@FB\,59,7,24
H?`@FB],55,9,57
H?`@FB^,53,10,33
H?`@FBo,6,30,90
H?`@FBp,24,21,165
H?`@FBw,29,13,110
H?`@FBx,77,8,68
H?`@FB{,55,13,72
H?`@FB|,62,9,28
H?`@FB},51,9,48
H?`@FB~,39,10,16
H?`@FPu,52,4,32
H?`@FPv,49,5,30
H?`@FQ],59,2,49
H?`@FQ^,56,5,47
H?`@FQ{,57,1,62
H?`@FQ|,71,4,35
H?`@FRU,53,2,44
H?`@FRV,53,4,39
H?`@FR[,43,4,52
H?`@FR\,58,6,26
H?`@FR],48,5,43
H?`@FR^,47,6,38
H?`@FRs,47,4,49
H?`@FRt,64,6,29
H?`@FRu,45,5,34
H?`@FRv,42,6,30
H?`@FRw,22,2,75
H?`@FRx,73,9,78
H?`@FR{,48,4,58
H?`@FR|,62,6,28
H?`@FR},41,6,31
H?`@FR~,33,7,16
H?`@FZ],43,7,41
H?`@FZ^,45,10,43
H?`@FZy,37,6,22
H?`@FZz,39,8,23
H?`@FZ{,36,6,42
H?`@FZ|,67,7,30
H?`@FZ},38,7,25
H?`@FZ~,33,9,18
H?`@F^},33,12,15
H?`@F^~,34,14,16
H?`@F_],73,3,56
H?`@F_^,65,7,48
H?`@F_{,62,0,88
H?`@F_|,83,1,48
H?`@F`w,25,0,128
H?`@F`x,44,0,126
H?`@FaM,66,1,53
H?`@FaN,61,5,44
H?`@Fa[,48,1,77
H?`@Fa\,69,2,39
H?`@Fa],65,2,65
H?`@Fa^,58,6,53
H?`@Fak,65,0,70
H?`@Fal,74,1,35
H?`@Fa{,56,2,96
H?`@Fa|,74,5,41
H?`@FbK,72,0,40
H?`@FbL,68,1,30
H?`@FbM,64,1,56
H?`@FbN,54,4,50
H?`@Fb[,41,3,86
H?`@Fb\,61,6,32
H?`@Fb],53,6,58
H?`@Fb^,50,7,41
H?`@Fbg,27,0,101
H?`@Fbh,59,3,91
H?`@Fbk,44,3,83
H?`@Fbl,73,4,33
H?`@Fbm,57,6,45
H?`@Fbn,47,7,37
H?`@Fbo,8,30,90
H?`@Fbp,25,30,206
H?`@Fbw,24,6,130
H?`@Fbx,40,8,128
H?`@Fb{,45,6,93
H?`@Fb|,64,7,33
H?`@Fb},45,7,46
H?`@Fb~,38,8,14
H?`@Fpu,58,7,39
H?`@Fpv,48,13,37
H?`@Fq],57,4,69
H?`@Fq^,53,11,62
H?`@Fq{,50,2,92
H?`@Fq|,73,8,49
H?`@FrM,57,3,60
H?`@FrN,52,8,57
H?`@FrU,56,4,57
H?`@FrV,50,12,50
H?`@Fr[,36,5,80
H?`@Fr\,63,8,37
H?`@Fr],48,8,56
H?`@Fr^,48,12,45
H?`@Fre,56,3,61
H?`@Frf,52,9,56
H?`@Frk,42,3,76
H?`@Frl,70,6,44
H?`@Frm,49,8,47
H?`@Frn,47,11,40
H?`@Frs,42,4,74
H?`@Frt,69,7,41
H?`@Fru,47,8,43
H?`@Frv,44,12,34
H?`@Frw,22,4,95
H?`@Frx,43,10,139
H?`@Fr{,41,8,81
H?`@Fr|,63,10,39
H?`@Fr},43,9,38
H?`@Fr~,38,11,15
H?`@Fz],44,12,49
H?`@Fz^,47,16,49
H?`@Fzm,41,11,46
H?`@Fzn,47,15,43
H?`@Fzy,40,12,23
H?`@Fzz,41,14,25
H?`@Fz{,38,12,48
H?`@Fz|,63,13,44
H?`@Fz},40,13,27
H?`@Fz~,38,15,15
H?`@F~},39,14,15
H?`@F~~,40,16,16
H?`@`b_,4,2,38
H?`@`ba,8,2,134
H?`@`bg,21,0,70
H?`@`bi,71,0,55
H?`@`bk,66,0,34
H?`@`bm,66,6,24
H?`@`bo,6,14,46
H?`@`bq,6,3,159
H?`@`br,108,8,164
H?`@`bw,16,6,86
H?`@`by,71,2,67
H?`@`bz,88,6,49
H?`@`b{,66,8,34
H?`@`b},52,7,32
H?`@`b~,38,8,10
H?`@`fB,113,11,37
H?`@`fI,72,0,40
H?`@`fJ,72,2,46
H?`@`fM,54,0,45
H?`@`fN,56,10,51
H?`@`fa,119,3,116
H?`@`fb,135,4,37
H?`@`fg,42,0,14
H?`@`fi,86,1,33
H?`@`fj,81,2,27
H?`@`fk,47,4,15
H?`@`fm,50,7,21
H?`@`fn,51,9,24
H?`@`fo,7,1,97
H?`@`fq,124,1,147
H?`@`fr,135,8,55
H?`@`fw,42,2,26
H?`@`fy,85,3,44
H?`@`fz,78,6,24
H?`@`f{,33,6,13
H?`@`f},34,8,14
H?`@`f~,39,10,11
H?`@cTF,73,8,90
H?`@cTd,74,2,34
H?`@cTe,67,2,21
H?`@cTf,73,4,44
H?`@cTp,83,2,41
H?`@cTq,84,0,28
H?`@cTr,88,2,30
H?`@cTs,28,2,30
H?`@cTt,49,4,31
H?`@cTu,41,6,30
H?`@cTv,50,8,33
H?`@cVD,71,1,80
H?`@cVE,71,12,70
H?`@cVF,74,10,106
H?`@cVH,79,1,40
H?`@cVI,68,2,56
H?`@cVJ,80,10,54
H?`@cVK,51,4,73
H?`@cVL,63,0,81
H?`@cVM,63,11,86
H?`@cVN,71,13,92
H?`@cV`,85,1,34
H?`@cVa,75,1,36
H?`@cVb,77,1,30
H?`@cVc,64,2,24
H?`@cVd,68,3,39
H?`@cVe,65,3,31
H?`@cVf,65,7,48
H?`@cVg,34,0,22
H?`@cVh,91,1,34
H?`@cVi,75,2,31
H?`@cVj,88,3,29
H?`@cVk,58,3,27
H?`@cVl,62,8,26
H?`@cVm,54,5,37
H?`@cVn,60,10,34
H?`@cVo,30,0,33
H?`@cVp,85,2,43
H?`@cVq,86,2,42
H?`@cVr,87,4,30
H?`@cVs,45,4,23
H?`@cVt,46,7,25
H?`@cVu,46,7,25
H?`@cVv,47,10,27
H?`@cVw,29,0,41
H?`@cVx,89,12,42
H?`@cVy,78,6,48
H?`@cVz,77,9,22
H?`@cV{,32,9,11
H?`@cV|,34,8,14
H?`@cV},33,11,12
H?`@cV~,37,10,13
H?`@dDF,98,2,60
H?`@dDJ,73,5,42
H?`@dDL,63,2,55
H?`@dDM,53,2,45
H?`@dDN,63,6,63
H?`@dDR,108,0,67
H?`@dDT,92,1,60
H?`@dDU,98,4,51
H?`@dDV,98,4,68
H?`@dDX,82,1,52
H?`@dDY,85,0,50
H?`@dDZ,84,1,45
H?`@dD[,35,1,52
H?`@dD\,55,3,50
H?`@dD],48,4,56
H?`@dD^,53,6,58
H?`@dDb,126,0,30
H?`@dDd,109,0,43
H?`@dDe,96,1,39
H?`@dDf,113,3,55
H?`@dDh,85,1,34
H?`@dDi,78,0,34
H?`@dDj,83,0,34
H?`@dDk,51,0,29
H?`@dDl,62,2,46
H?`@dDm,54,2,32
H?`@dDn,63,6,51
H?`@dDp,117,2,133
H?`@dDq,120,3,129
H?`@dDr,138,0,54
H?`@dDs,51,1,38
H?`@dDt,95,3,52
H?`@dDu,96,4,50
H?`@dDv,103,7,55
H?`@dDw,44,0,37
H?`@dDx,90,2,48
H?`@dDy,87,0,53
H?`@dDz,87,4,41
H?`@dD{,45,3,36
H?`@dD|,46,5,40
H?`@dD},45,7,39
H?`@dD~,49,9,40
H?`@dFB,114,5,63
H?`@dFD,118,0,71
H?`@dFE,100,2,69
H?`@dFF,121,2,87
H?`@dFH,91,0,37
H?`@dFI,69,1,42
H?`@dFJ,79,1,46
H?`@dFK,39,0,42
H?`@dFL,61,1,59
H?`@dFM,53,5,41
H?`@dFN,59,8,65
H?`@dFP,83,10,187
H?`@dFQ,87,9,184
H?`@dFR,93,5,109
H?`@dFS,64,4,42
H?`@dFT,102,7,78
H?`@dFU,100,9,78
H?`@dFV,102,11,91
H?`@dFW,37,0,35
H?`@dFX,86,1,53
H?`@dFY,79,2,49
H?`@dFZ,81,3,37
H?`@dF[,46,6,32
H?`@dF\,47,7,37
H?`@dF],46,9,36
H?`@dF^,48,10,40
H?`@dF`,133,1,118
H?`@dFa,121,5,126
H?`@dFb,135,3,62
H?`@dFc,55,1,43
H?`@dFd,125,1,74
H?`@dFe,110,2,58
H?`@dFf,134,4,82
H?`@dFg,37,0,27
H?`@dFh,93,0,42
H?`@dFi,77,1,39
H?`@dFj,86,2,42
H?`@dFk,31,2,33
H?`@dFl,59,6,43
H?`@dFm,33,5,34
H?`@dFn,60,9,48
H?`@dFo,15,4,109
H?`@dFp,101,9,205
H?`@dFq,100,12,203
H?`@dFr,111,10,99
H?`@dFs,54,5,40
H?`@dFt,100,10,70
H?`@dFu,98,9,73
H?`@dFv,109,13,73
H?`@dFw,35,1,34
H?`@dFx,91,6,46
H?`@dFy,82,4,46
H?`@dFz,77,7,24
H?`@dF{,31,8,13
H?`@dF|,34,7,15
H?`@dF},32,10,14
H?`@dF~,38,9,13
H?`@dPE,48,0,24
H?`@dPQ,58,0,26
H?`@dPS,42,0,18
H?`@dPT,72,4,45
H?`@dPU,42,3,36
H?`@dPV,58,8,42
H?`@dPd,83,2,23
H?`@dPe,72,2,25
H?`@dPf,79,4,38
H?`@dPq,74,0,30
H?`@dPr,101,3,46
H?`@dPs,61,2,37
H?`@dPt,70,4,34
H?`@dPu,56,6,26
H?`@dPv,49,9,33
H?`@dRA,56,3,32
H?`@dRD,56,2,46
H?`@dRE,76,2,52
H?`@dRF,71,6,66
H?`@dRH,73,1,22
H?`@dRI,53,0,51
H?`@dRJ,91,1,52
H?`@dRK,48,0,40
H?`@dRL,52,3,44
H?`@dRM,68,3,50
H?`@dRN,65,8,59
H?`@dRQ,59,0,49
H?`@dRR,98,2,50
H?`@dRS,54,1,44
H?`@dRT,75,3,42
H?`@dRU,63,3,42
H?`@dRV,54,8,42
H?`@dRW,25,0,65
H?`@dRX,64,0,86
H?`@dRY,56,0,64
H?`@dRZ,98,5,51
H?`@dR[,52,3,53
H?`@dR\,71,7,39
H?`@dR],55,7,42
H?`@dR^,50,11,37
H?`@dR_,12,0,42
H?`@dRa,59,0,37
H?`@dRb,97,0,38
H?`@dRc,49,1,22
H?`@dRd,76,2,32
H?`@dRe,70,2,38
H?`@dRf,72,3,45
H?`@dRg,22,0,55
H?`@dRh,70,4,38
H?`@dRi,55,0,44
H?`@dRj,99,2,39
H?`@dRk,62,3,35
H?`@dRl,69,6,24
H?`@dRm,58,4,34
H?`@dRn,64,8,32
H?`@dRo,16,0,65
H?`@dRp,62,1,77
H?`@dRq,54,1,55
H?`@dRr,100,4,50
H?`@dRs,54,4,38
H?`@dRt,58,4,42
H?`@dRu,58,7,26
H?`@dRv,49,8,27
H?`@dRw,17,1,72
H?`@dRx,68,5,81
H?`@dRy,59,3,59
H?`@dRz,103,7,46
H?`@dR{,57,5,42
H?`@dR|,54,8,36
H?`@dR},46,8,30
H?`@dR~,37,10,13
H?`@dTV,59,11,47
H?`@dTf,80,6,46
H?`@dTs,44,4,36
H?`@dTt,48,7,36
H?`@dTu,47,8,36
H?`@dTv,51,11,36
H?`@dVF,69,10,77
H?`@dVJ,84,4,52
H?`@dVK,60,5,56
H?`@dVL,62,7,63
H?`@dVM,62,10,60
H?`@dVN,59,11,73
H?`@dVS,48,3,45
H?`@dVT,54,7,43
H?`@dVU,49,5,50
H?`@dVV,53,10,49
H?`@dVW,29,1,50
H?`@dVX,89,4,61
H?`@dVY,80,4,59
H?`@dVZ,87,6,39
H?`@dV[,47,7,37
H?`@dV\,50,10,38
H?`@dV],46,10,42
H?`@dV^,49,13,43
H?`@dVc,60,3,36
H?`@dVd,70,3,47
H?`@dVe,60,5,43
H?`@dVf,68,4,58
H?`@dVg,36,0,27
H?`@dVh,98,1,41
H?`@dVi,82,2,36
H?`@dVj,92,3,37
H?`@dVk,58,6,32
H?`@dVl,60,7,37
H?`@dVm,55,8,41
H?`@dVn,60,9,43
H?`@dVo,29,1,40
H?`@dVp,93,2,48
H?`@dVq,84,4,55
H?`@dVr,89,4,39
H?`@dVs,45,4,29
H?`@dVt,47,6,31
H?`@dVu,46,7,31
H?`@dVv,49,9,32
H?`@dVw,28,2,47
H?`@dVx,95,6,55
H?`@dVy,81,8,55
H?`@dVz,84,7,26
H?`@dV{,32,7,17
H?`@dV|,34,9,17
H?`@dV},33,9,18
H?`@dV~,37,11,16
H?`@d`E,63,0,105
H?`@d`I,61,7,76
H?`@d`K,38,2,44
H?`@d`L,59,2,60
H?`@d`M,56,6,59
H?`@d`N,55,7,58
H?`@d`d,91,3,104
H?`@d`e,83,1,114
H?`@d`f,101,6,83
H?`@d`h,51,5,79
H?`@d`i,62,0,82
H?`@d`j,99,1,50
H?`@d`k,60,1,60
H?`@d`l,71,2,47
H?`@d`m,71,2,47
H?`@d`n,51,3,50
H?`@d`o,12,10,56
H?`@d`p,14,4,157
H?`@d`q,33,2,161
H?`@d`r,147,2,139
H?`@d`s,30,8,115
H?`@d`t,80,6,134
H?`@d`u,80,4,136
H?`@d`v,106,11,81
H?`@d`w,20,0,97
H?`@d`x,48,7,95
H?`@d`y,55,0,105
H?`@d`z,99,4,62
H?`@d`{,63,4,65
H?`@d`|,57,4,56
H?`@d`},60,6,51
H?`@d`~,47,7,44
H?`@dbA,15,8,159
H?`@dbD,54,9,167
H?`@dbE,77,8,155
H?`@dbF,87,15,140
H?`@dbH,55,0,89
H?`@dbI,43,1,100
H?`@dbJ,85,2,63
H?`@dbK,37,0,73
H?`@dbL,57,1,62
H?`@dbM,60,1,71
H?`@dbN,53,5,59
H?`@db`,9,11,172
H?`@dba,18,11,171
H?`@dbb,103,9,203
H?`@dbc,30,8,132
H?`@dbd,67,11,153
H?`@dbe,80,10,152
H?`@dbf,104,14,122
H?`@dbg,22,0,95
H?`@dbh,47,4,89
H?`@dbi,45,2,93
H?`@dbj,94,3,46
H?`@dbk,57,4,59
H?`@dbl,66,6,32
H?`@dbm,60,6,38
H?`@dbn,47,7,30
H?`@dbo,7,24,57
H?`@dbp,11,11,194
H?`@dbq,19,20,186
H?`@dbr,114,15,221
H?`@dbs,25,18,122
H?`@dbt,76,17,159
H?`@dbu,88,14,162
H?`@dbv,112,20,115
H?`@dbw,17,5,98
H?`@dbx,48,9,97
H?`@dby,46,4,104
H?`@dbz,97,6,53
H?`@db{,54,8,55
H?`@db|,53,7,38
H?`@db},54,7,37
H?`@db~,37,8,15
H?`@ddN,59,10,61
H?`@ddf,109,4,63
H?`@ddj,88,2,42
H?`@ddk,47,2,47
H?`@ddl,51,6,47
H?`@ddm,50,4,50
H?`@ddn,52,8,52
H?`@ddr,168,3,45
H?`@dds,56,2,42
H?`@ddt,107,4,54
H?`@ddu,104,4,57
H?`@ddv,113,8,59
H?`@ddw,39,2,49
H?`@ddx,90,5,59
H?`@ddy,85,2,67
H?`@ddz,89,6,49
H?`@dd{,45,4,42
H?`@dd|,45,7,46
H?`@dd},45,8,45
H?`@dd~,47,11,47
H?`@dfF,97,12,119
H?`@dfJ,81,3,48
H?`@dfK,45,0,54
H?`@dfL,55,6,56
H?`@dfM,48,6,63
H?`@dfN,56,11,59
H?`@dfb,127,7,86
H?`@dfc,65,4,41
H?`@dfd,116,7,69
H?`@dfe,109,7,76
H?`@dff,115,8,85
H?`@dfg,32,2,36
H?`@dfh,94,3,46
H?`@dfi,83,3,46
H?`@dfj,86,3,31
H?`@dfk,46,6,26
H?`@dfl,49,8,27
H?`@dfm,46,8,30
H?`@dfn,49,10,31
H?`@dfo,16,8,120
H?`@dfp,121,11,218
H?`@dfq,119,14,217
H?`@dfr,133,13,96
H?`@dfs,58,6,44
H?`@dft,115,9,71
H?`@dfu,111,9,75
H?`@dfv,122,14,74
H?`@dfw,29,5,43
H?`@dfx,92,6,58
H?`@dfy,80,8,56
H?`@dfz,83,7,27
H?`@df{,32,7,17
H?`@df|,33,9,18
H?`@df},33,9,18
H?`@df~,37,11,16
H?`@dps,58,4,58
H?`@dpt,75,6,36
H?`@dpu,60,8,36
H?`@dpv,48,11,39
H?`@drK,40,2,78
H?`@drL,61,5,64
H?`@drM,58,5,67
H?`@drN,50,12,64
H?`@drc,60,3,45
H?`@drd,74,4,39
H?`@dre,62,4,38
H?`@drf,50,7,41
H?`@drg,18,1,81
H?`@drh,37,6,111
H?`@dri,36,1,84
H?`@drj,93,5,58
H?`@drk,56,5,56
H?`@drl,70,9,33
H?`@drm,54,8,36
H?`@drn,44,11,35
H?`@drq,38,3,80
H?`@drr,95,5,68
H?`@drs,48,5,51
H?`@drt,61,6,45
H?`@dru,55,8,35
H?`@drv,45,10,35
H?`@drw,14,4,81
H?`@drx,39,6,123
H?`@dry,39,6,87
H?`@drz,97,8,64
H?`@dr{,50,6,56
H?`@dr|,56,11,38
H?`@dr},50,9,31
H?`@dr~,36,12,16
H?`@dtu,50,12,36
H?`@dtv,51,16,38
H?`@dvM,50,12,64
H?`@dvN,53,17,65
H?`@dve,52,7,39
H?`@dvf,52,10,43
H?`@dvi,85,5,54
H?`@dvj,92,7,31
H?`@dvk,49,10,25
H?`@dvl,50,13,27
H?`@dvm,48,12,30
H?`@dvn,47,15,34
H?`@dvs,47,8,29
H?`@dvt,48,10,32
H?`@dvu,48,11,31
H?`@dvv,47,14,35
H?`@dvw,27,6,51
H?`@dvx,100,8,61
H?`@dvy,84,12,60
H?`@dvz,92,12,22
H?`@dv{,34,11,15
H?`@dv|,35,13,16
H?`@dv},35,13,16
H?`@dv~,36,17,15
H?`@eCN,63,3,114
H?`@eCl,57,5,58
H?`@eCm,50,5,45
H?`@eCn,64,6,62
H?`@eCx,76,8,60
H?`@eCy,84,7,53
H?`@eCz,74,9,47
H?`@eC{,34,7,58
H?`@eC|,53,10,57
H?`@eC},48,8,64
H?`@eC~,55,11,64
H?`@eDJ,67,3,98
H?`@eDh,85,5,54
H?`@eDi,87,4,53
H?`@eDj,85,6,49
H?`@eDw,53,7,50
H?`@eDx,85,10,70
H?`@eDy,84,11,81
H?`@eDz,80,13,63
H?`@eEJ,66,7,67
H?`@eEL,61,4,95
H?`@eEM,44,6,67
H?`@eEN,62,13,125
H?`@eEh,80,6,34
H?`@eEi,76,5,39
H?`@eEj,70,10,37
H?`@eEk,49,6,35
H?`@eEl,58,7,56
H?`@eEm,51,9,39
H?`@eEn,60,10,62
H?`@eEp,71,15,202
H?`@eEq,78,12,198
H?`@eEr,92,13,111
H?`@eEw,35,7,48
H?`@eEx,75,8,57
H?`@eEy,76,11,53
H?`@eEz,74,12,35
H?`@eE{,47,8,41
H?`@eE|,49,9,46
H?`@eE},47,12,45
H?`@eE~,52,13,47
H?`@eFB,106,4,100
H?`@eFH,73,4,84
H?`@eFI,67,7,62
H?`@eFJ,72,12,105
H?`@eFK,22,6,52
H?`@eFL,54,9,108
H?`@eFM,30,12,58
H?`@eFN,62,22,125
H?`@eF`,128,7,161
H?`@eFa,103,8,177
H?`@eFb,118,7,109
H?`@eFg,44,5,41
H?`@eFh,90,9,61
H?`@eFi,89,7,54
H?`@eFj,87,11,56
H?`@eFk,31,9,37
H?`@eFl,57,10,53
H?`@eFm,34,13,37
H?`@eFn,58,14,58
H?`@eFo,16,8,129
H?`@eFp,75,21,264
H?`@eFq,69,21,270
H?`@eFr,83,21,149
H?`@eFw,42,9,48
H?`@eFx,83,11,74
H?`@eFy,80,13,75
H?`@eFz,77,14,39
H?`@eF{,38,11,16
H?`@eF|,39,12,19
H?`@eF},39,14,17
H?`@eF~,42,15,18
H?`@eOe,43,0,23
H?`@eOu,33,0,39
H?`@eOv,59,4,45
H?`@ePe,70,3,26
H?`@ePf,71,3,47
H?`@ePq,86,0,26
H?`@ePr,97,3,65
H?`@ePs,48,2,40
H?`@ePt,69,3,36
H?`@ePu,52,6,30
H?`@ePv,50,7,34
H?`@eQE,52,0,81
H?`@eQI,55,0,40
H?`@eQM,59,1,76
H?`@eQN,64,3,86
H?`@eQe,69,0,41
H?`@eQf,69,1,51
H?`@eQi,69,0,35
H?`@eQj,91,2,33
H?`@eQk,41,0,39
H?`@eQl,61,2,36
H?`@eQm,66,2,42
H?`@eQn,66,4,50
H?`@eQq,62,3,39
H?`@eQr,88,2,50
H?`@eQs,49,0,50
H?`@eQt,65,1,42
H?`@eQu,61,2,45
H?`@eQv,56,4,44
H?`@eQw,28,0,71
H?`@eQx,66,2,92
H?`@eQy,61,2,67
H?`@eQz,90,7,46
H?`@eQ{,50,2,56
H?`@eQ|,60,4,53
H?`@eQ},57,7,40
H?`@eQ~,46,8,44
H?`@eRA,46,2,48
H?`@eRE,57,0,87
H?`@eRF,65,2,104
H?`@eRI,49,2,75
H?`@eRJ,83,3,74
H?`@eRM,62,0,82
H?`@eRN,67,2,91
H?`@eR_,11,0,43
H?`@eRa,62,1,54
H?`@eRb,99,0,51
H?`@eRc,30,1,25
H?`@eRd,63,2,34
H?`@eRe,72,2,36
H?`@eRf,67,4,49
H?`@eRg,18,1,58
H?`@eRh,60,5,47
H?`@eRi,62,1,57
H?`@eRj,102,2,50
H?`@eRk,42,3,36
H?`@eRl,62,5,23
H?`@eRm,54,4,38
H?`@eRn,59,8,37
H?`@eRo,17,0,73
H?`@eRp,54,1,99
H?`@eRq,68,2,62
H?`@eRr,95,7,66
H?`@eRs,39,3,42
H?`@eRt,58,4,42
H?`@eRu,56,6,29
H?`@eRv,47,7,30
H?`@eRw,18,1,80
H?`@eRx,60,6,102
H?`@eRy,68,3,73
H?`@eRz,97,9,63
H?`@eR{,39,5,47
H?`@eR|,53,7,38
H?`@eR},49,7,28
H?`@eR~,36,9,15
H?`@eTs,43,3,38
H?`@eTt,48,4,39
H?`@eTu,45,7,39
H?`@eTv,50,8,40
H?`@eUN,61,12,114
H?`@eUk,60,1,49
H?`@eUl,60,3,57
H?`@eUm,60,3,57
H?`@eUn,60,5,65
H?`@eUs,43,1,40
H?`@eUt,48,2,41
H?`@eUu,49,3,52
H?`@eUv,55,5,52
H?`@eUw,31,0,59
H?`@eUx,75,4,64
H?`@eUy,76,5,62
H?`@eUz,73,8,39
H?`@eU{,45,4,42
H?`@eU|,45,5,48
H?`@eU},44,8,46
H?`@eU~,45,9,51
H?`@eVF,63,14,132
H?`@eVJ,75,12,93
H?`@eVK,50,3,91
H?`@eVL,57,0,103
H?`@eVM,57,9,110
H?`@eVN,61,14,117
H?`@eVc,58,2,39
H?`@eVd,64,3,53
H?`@eVe,60,3,45
H?`@eVf,62,5,63
H?`@eVg,41,1,38
H?`@eVh,88,2,64
H?`@eVi,89,3,51
H?`@eVj,88,4,52
H?`@eVk,56,4,36
H?`@eVl,56,7,41
H?`@eVm,50,6,48
H?`@eVn,55,9,48
H?`@eVo,40,0,48
H?`@eVp,79,3,74
H?`@eVq,82,5,81
H?`@eVr,77,7,59
H?`@eVs,44,4,30
H?`@eVt,46,5,33
H?`@eVu,44,7,33
H?`@eVv,46,8,36
H?`@eVw,37,1,58
H?`@eVx,79,5,85
H?`@eVy,78,7,84
H?`@eVz,76,8,42
H?`@eV{,32,7,17
H?`@eV|,36,8,16
H?`@eV},33,9,18
H?`@eV~,38,10,16
H?`@eYy,47,6,38
H?`@eYz,48,9,41
H?`@eZM,52,4,104
H?`@eZN,58,2,116
H?`@eZi,57,2,37
H?`@eZj,56,3,45
H?`@eZk,36,4,30
H?`@eZl,61,5,33
H?`@eZm,52,5,47
H?`@eZn,56,8,48
H?`@eZq,49,2,40
H?`@eZr,49,8,41
H?`@eZw,23,3,39
H?`@eZx,61,4,33
H?`@eZy,43,6,21
H?`@eZz,41,8,26
H?`@eZ{,24,6,40
H?`@eZ|,58,7,40
H?`@eZ},42,7,26
H?`@eZ~,36,10,18
H?`@e^M,56,14,122
H?`@e^N,61,19,128
H?`@e^k,55,5,44
H?`@e^l,55,8,49
H?`@e^m,46,9,57
H?`@e^n,53,10,57
H?`@e^w,32,4,20
H?`@e^x,32,7,21
H?`@e^y,39,8,28
H?`@e^z,41,10,29
H?`@e^{,34,7,19
H?`@e^|,36,10,18
H?`@e^},34,10,20
H?`@e^~,37,12,19
H?`@f?M,67,4,46
H?`@f?Y,71,0,89
H?`@f?[,50,2,68
H?`@f?\,68,3,61
H?`@f?],62,0,70
H?`@f?^,57,3,60
H?`@f?l,63,1,44
H?`@f?m,79,0,41
H?`@f?n,63,1,57
H?`@f?y,66,3,102
H?`@f?z,84,4,62
H?`@f?{,60,0,72
H?`@f?|,69,1,62
H?`@f?},69,2,73
H?`@f?~,53,4,60
H?`@f@I,68,4,96
H?`@f@X,44,0,116
H?`@f@Y,80,3,117
H?`@f@Z,92,1,83
H?`@f@h,54,2,64
H?`@f@i,83,0,88
H?`@f@j,97,0,53
H?`@f@w,23,0,107
H?`@f@x,50,2,113
H?`@f@y,79,3,127
H?`@f@z,92,6,82
H?`@fAL,47,2,47
H?`@fAM,74,3,53
H?`@fAN,60,6,66
H?`@fAX,73,1,79
H?`@fAY,66,0,105
H?`@fAZ,84,2,64
H?`@fA[,46,1,74
H?`@fA\,69,2,61
H?`@fA],69,2,73
H?`@fA^,53,6,58
H?`@fAa,28,11,159
H?`@fAh,84,1,27
H?`@fAi,77,0,67
H?`@fAj,88,1,37
H?`@fAk,50,0,49
H?`@fAl,63,2,45
H?`@fAm,79,1,41
H?`@fAn,62,3,55
H?`@fAq,32,31,193
H?`@fAr,112,14,189
H?`@fAw,28,2,96
H?`@fAx,58,4,98
H?`@fAy,58,2,120
H?`@fAz,86,7,50
H?`@fA{,61,3,68
H?`@fA|,59,5,53
H?`@fA},59,6,65
H?`@fA~,47,7,44
H?`@fBA,19,4,194
H?`@fBH,53,1,58
H?`@fBI,65,0,106
H?`@fBJ,89,2,69
H?`@fBK,36,0,52
H?`@fBL,44,1,54
H?`@fBM,73,1,58
H?`@fBN,59,4,69
H?`@fBO,8,8,80
H?`@fBP,10,16,190
H?`@fBQ,17,27,226
H?`@fBR,79,21,250
H?`@fBW,25,2,103
H?`@fBX,50,1,114
H?`@fBY,62,2,134
H?`@fBZ,88,3,77
H?`@fB[,45,5,70
H?`@fB\,64,6,47
H?`@fB],60,6,64
H?`@fB^,48,7,43
H?`@fB_,6,8,52
H?`@fB`,25,0,143
H?`@fBa,31,11,206
H?`@fBb,131,4,189
H?`@fBg,17,2,77
H?`@fBh,55,4,76
H?`@fBi,65,3,112
H?`@fBj,98,2,65
H?`@fBk,37,3,60
H?`@fBl,63,6,41
H?`@fBm,73,4,43
H?`@fBn,57,9,51
H?`@fBo,7,20,72
H?`@fBp,10,22,208
H?`@fBq,32,48,220
H?`@fBr,103,28,254
H?`@fBw,19,5,108
H?`@fBx,51,6,111
H?`@fBy,64,6,134
H?`@fBz,92,10,67
H?`@fB{,52,7,58
H?`@fB|,52,7,39
H?`@fB},56,7,49
H?`@fB~,37,8,15
H?`@fC^,56,4,70
H?`@fCn,69,1,62
H?`@fC{,48,0,60
H?`@fC|,52,3,62
H?`@fC},49,2,66
H?`@fC~,54,5,67
H?`@fDZ,89,1,66
H?`@fDj,95,0,48
H?`@fDw,54,0,56
H?`@fDx,92,2,74
H?`@fDy,92,3,85
H?`@fDz,87,5,64
H?`@fEN,65,6,73
H?`@fEZ,79,5,48
H?`@fE[,47,1,60
H?`@fE\,54,4,59
H?`@fE],48,4,65
H?`@fE^,54,7,65
H?`@fEj,79,2,39
H?`@fEk,47,0,41
H?`@fEl,61,2,57
H?`@fEm,48,2,46
H?`@fEn,63,5,62
H?`@fEw,39,1,50
H?`@fEx,82,3,58
H?`@fEy,83,4,56
H?`@fEz,76,7,37
H?`@fE{,44,3,44
H?`@fE|,46,4,48
H?`@fE},43,7,48
H?`@fE~,48,8,49
H?`@fFJ,87,1,66
H?`@fFK,45,0,54
H?`@fFL,60,1,71
H?`@fFM,51,5,52
H?`@fFN,58,8,77
H?`@fFR,86,10,157
H?`@fFW,44,1,54
H?`@fFX,92,2,74
H?`@fFY,88,3,77
H?`@fFZ,85,5,53
H?`@fF[,45,5,41
H?`@fF\,49,6,43
H?`@fF],43,8,47
H?`@fF^,50,9,46
H?`@fFb,135,2,113
H?`@fFg,41,1,48
H?`@fFh,101,1,63
H?`@fFi,94,2,58
H?`@fFj,95,4,57
H?`@fFk,31,3,38
H?`@fFl,57,6,54
H?`@fFm,32,6,40
H?`@fFn,59,9,58
H?`@fFo,18,8,134
H?`@fFp,93,18,274
H?`@fFq,95,23,267
H?`@fFr,104,19,141
H?`@fFw,43,2,51
H?`@fFx,92,4,73
H?`@fFy,90,5,74
H?`@fFz,83,7,36
H?`@fF{,32,6,18
H?`@fF|,35,7,18
H?`@fF},33,8,19
H?`@fF~,38,9,17
H?`@fPu,58,7,39
H?`@fPv,48,10,40
H?`@fQ[,44,0,76
H?`@fQ\,70,5,68
H?`@fQ],61,5,64
H?`@fQ^,52,11,63
H?`@fQk,52,0,58
H?`@fQl,63,4,54
H?`@fQm,60,2,58
H?`@fQn,60,6,64
H?`@fQu,58,3,56
H?`@fQv,51,8,53
H?`@fQy,51,4,88
H?`@fQz,85,8,63
H?`@fQ{,57,2,71
H?`@fQ|,63,7,56
H?`@fQ},51,8,53
H?`@fQ~,46,11,48
H?`@fRK,39,1,59
H?`@fRL,48,4,58
H?`@fRM,58,4,70
H?`@fRN,56,9,78
H?`@fRS,46,2,60
H?`@fRT,72,4,54
H?`@fRU,60,4,53
H?`@fRV,51,9,52
H?`@fRW,25,2,83
H?`@fRX,40,2,138
H?`@fRY,53,2,101
H?`@fRZ,91,6,85
H?`@fR[,44,5,68
H?`@fR\,69,8,49
H?`@fR],55,8,49
H?`@fR^,47,12,46
H?`@fRc,40,2,38
H?`@fRd,67,3,51
H?`@fRe,64,3,53
H?`@fRf,62,4,64
H?`@fRg,18,2,79
H?`@fRh,45,10,85
H?`@fRi,49,2,81
H?`@fRj,98,4,66
H?`@fRk,53,5,52
H?`@fRl,65,7,36
H?`@fRm,53,6,45
H?`@fRn,57,9,46
H?`@fRq,58,3,83
H?`@fRr,96,7,79
H?`@fRs,48,4,52
H?`@fRt,62,6,44
H?`@fRu,53,7,38
H?`@fRv,46,9,35
H?`@fRw,18,3,87
H?`@fRx,44,6,132
H?`@fRy,57,5,94
H?`@fRz,96,9,77
H?`@fR{,49,6,57
H?`@fR|,58,8,39
H?`@fR},48,8,34
H?`@fR~,36,11,17
H?`@fU],52,8,66
H?`@fU^,49,15,71
H?`@fUm,58,4,68
H?`@fUn,59,8,73
H?`@fU{,47,6,45
H?`@fU|,46,9,50
H?`@fU},46,10,49
H?`@fU~,45,13,54
H?`@fVM,59,9,75
H?`@fVN,55,12,87
H?`@fVU,50,6,56
H?`@fVV,49,12,59
H?`@fVY,86,6,90
H?`@fVZ,87,8,59
H?`@fV[,49,8,41
H?`@fV\,48,12,45
H?`@fV],46,11,48
H?`@fV^,46,15,51
H?`@fVe,52,4,61
H?`@fVf,60,5,75
H?`@fVi,92,4,60
H?`@fVj,94,4,58
H?`@fVk,56,6,42
H?`@fVl,57,8,47
H?`@fVm,51,8,53
H?`@fVn,56,10,54
H?`@fVs,46,5,33
H?`@fVt,46,7,37
H?`@fVu,46,8,36
H?`@fVv,45,10,41
H?`@fVw,42,3,59
H?`@fVx,91,6,85
H?`@fVy,89,10,83
H?`@fVz,85,9,41
H?`@fV{,34,8,18
H?`@fV|,36,10,18
H?`@fV},35,10,19
H?`@fV~,37,12,19
H?`@fZ[,38,10,50
H?`@fZ\,72,13,50
H?`@fZ],47,13,45
H?`@fZ^,46,17,49
H?`@fZk,52,10,34
H?`@fZl,69,11,37
H?`@fZm,53,11,48
H?`@fZn,58,14,48
H?`@fZy,44,11,20
H?`@fZz,43,13,24
H?`@fZ{,41,11,38
H?`@fZ|,60,13,39
H?`@fZ},43,12,25
H?`@fZ~,36,15,17
H?`@f^],44,16,52
H?`@f^^,43,20,56
H?`@f^m,47,14,59
H?`@f^n,58,15,55
H?`@f^{,35,12,17
H?`@f^|,36,15,17
H?`@f^},36,15,17
H?`@f^~,37,17,18
H?`@f_{,58,0,86
H?`@f_|,69,1,73
H?`@f_},61,2,80
H?`@f_~,51,5,70
H?`@f`w,19,2,122
H?`@f`x,44,1,135
H?`@f`y,66,2,136
H?`@f`z,91,6,98
H?`@fak,59,0,73
H?`@fal,71,2,57
H?`@fam,62,2,66
H?`@fan,52,4,56
H?`@faw,28,4,108
H?`@fax,47,2,127
H?`@fay,53,3,120
H?`@faz,82,6,68
H?`@fa{,59,2,82
H?`@fa|,60,4,62
H?`@fa},51,6,69
H?`@fa~,48,7,50
H?`@fbK,40,0,92
H?`@fbL,59,1,70
H?`@fbM,54,1,88
H?`@fbN,54,6,66
H?`@fbg,21,2,120
H?`@fbh,41,3,124
H?`@fbi,53,2,125
H?`@fbj,88,5,76
H?`@fbk,56,3,71
H?`@fbl,69,6,37
H?`@fbm,53,6,53
H?`@fbn,49,7,34
H?`@fbo,6,42,62
H?`@fbp,18,18,228
H?`@fbq,24,34,217
H?`@fbr,94,28,298
H?`@fbw,19,6,119
H?`@fbx,37,6,139
H?`@fby,58,5,132
H?`@fbz,91,10,81
H?`@fb{,52,6,68
H?`@fb|,58,7,40
H?`@fb},44,7,54
H?`@fb~,38,8,18
H?`@fc},48,4,74
H?`@fc~,51,9,75
H?`@fdy,86,6,103
H?`@fdz,87,10,71
H?`@fem,50,5,57
H?`@fen,50,10,60
H?`@fey,83,6,67
H?`@fez,78,10,42
H?`@fe{,44,5,49
H?`@fe|,46,8,51
H?`@fe},43,9,53
H?`@fe~,47,12,53
H?`@ffM,47,7,72
H?`@ffN,51,14,70
H?`@ffi,86,6,77
H?`@ffj,82,8,50
H?`@ffk,46,7,31
H?`@ffl,47,11,32
H?`@ffm,44,9,37
H?`@ffn,47,12,37
H?`@ffq,100,26,294
H?`@ffr,103,24,159
H?`@ffw,41,5,58
H?`@ffx,89,9,84
H?`@ffy,86,10,86
H?`@ffz,82,13,40
H?`@ff{,34,8,18
H?`@ff|,35,10,19
H?`@ff},35,10,19
H?`@ff~,38,12,18
H?`@fq{,58,4,78
H?`@fq|,57,11,67
H?`@fq},47,10,63
H?`@fq~,46,13,53
H?`@frk,57,7,62
H?`@frl,66,9,45
H?`@frm,47,9,49
H?`@frn,44,12,40
H?`@frs,48,6,58
H?`@frt,51,10,59
H?`@fru,47,9,49
H?`@frv,45,11,40
H?`@frw,16,6,95
H?`@frx,42,7,147
H?`@fry,56,8,104
H?`@frz,96,11,88
H?`@fr{,52,8,60
H?`@fr|,50,10,52
H?`@fr},43,10,43
H?`@fr~,37,13,18
H?`@fu},42,14,56
H?`@fu~,43,20,56
H?`@fvm,44,13,39
H?`@fvn,43,16,43
H?`@fvu,44,12,40
H?`@fvv,43,15,44
H?`@fvy,92,16,87
H?`@fvz,90,13,41
H?`@fv{,36,12,16
H?`@fv|,37,14,17
H?`@fv},36,14,18
H?`@fv~,37,17,18
H?`@fz{,44,12,40
H?`@fz|,48,13,58
H?`@fz},41,13,31
H?`@fz~,38,16,18
H?`@f~},38,16,18
H?`@f~~,39,18,19
H?`CPb@,30,0,6
H?`CPbD,44,0,22
H?`CPbH,36,0,34
H?`CPbJ,66,3,33
H?`CPbL,48,0,32
H?`CPbN,41,2,38
H?`CPb`,51,0,15
H?`CPbc,24,0,6
H?`CPbd,58,1,13
H?`CPbg,8,0,22
H?`CPbh,53,0,35
H?`CPbi,48,6,30
H?`CPbj,90,3,33
H?`CPbk,30,2,16
H?`CPbl,49,6,22
H?`CPbm,53,5,14
H?`CPbn,44,9,19
H?`CPbo,7,0,28
H?`CPbp,55,0,33
H?`CPbs,30,2,18
H?`CPbt,54,5,18
H?`CPbw,7,0,38
H?`CPbx,53,2,55
H?`CPby,68,4,68
H?`CPbz,90,8,45
H?`CPb{,30,6,24
H?`CPb|,44,9,25
H?`CPb},50,7,34
H?`CPb~,37,9,10
H?`CQJo,18,0,6
H?`CQJw,20,2,10
H?`CQJy,33,3,9
H?`CQJ{,22,4,14
H?`CQJ},34,5,16
H?`CQJ~,30,6,12
H?`CRAs,28,0,20
H?`CRAw,18,0,22
H?`CRAy,60,0,48
H?`CRA{,40,2,28
H?`CRA},63,7,40
H?`CRBO,10,0,8
H?`CRBP,60,0,12
H?`CRBS,22,0,14
H?`CRBW,17,0,18
H?`CRBX,46,0,50
H?`CRBY,96,0,12
H?`CRBZ,85,4,46
H?`CRB[,30,2,24
H?`CRB],61,5,24
H?`CRBo,14,1,27
H?`CRBp,58,1,29
H?`CRBs,29,2,14
H?`CRBt,50,4,16
H?`CRBw,17,1,36
H?`CRBx,51,3,56
H?`CRBy,91,9,70
H?`CRBz,85,9,49
H?`CRB{,30,5,20
H?`CRB|,40,8,24
H?`CRB},49,8,39
H?`CRB~,34,7,11
H?`CRIZ,51,0,30
H?`CRIw,28,2,18
H?`CRIx,57,5,26
H?`CRIy,39,3,21
H?`CRIz,48,7,29
H?`CRJO,18,0,12
H?`CRJS,44,0,20
H?`CRJT,58,2,21
H?`CRJW,28,0,20
H?`CRJX,48,1,31
H?`CRJY,44,0,28
H?`CRJZ,49,5,34
H?`CRJ[,32,2,26
H?`CRJ\,49,4,35
H?`CRJ],44,5,28
H?`CRJ^,44,8,32
H?`CRJo,24,1,11
H?`CRJp,56,2,12
H?`CRJs,44,3,13
H?`CRJt,49,4,13
H?`CRJw,26,3,15
H?`CRJx,47,4,21
H?`CRJy,41,6,13
H?`CRJz,40,8,17
H?`CRJ{,26,6,16
H?`CRJ|,44,7,27
H?`CRJ},41,6,18
H?`CRJ~,35,8,13
H?`CRaK,19,0,31
H?`CRaL,53,5,50
H?`CRaM,33,3,30
H?`CRaN,48,9,43
H?`CRad,56,2,23
H?`CRag,25,0,20
H?`CRai,84,0,12
H?`CRaj,99,2,25
H?`CRak,39,0,31
H?`CRal,59,2,38
H?`CRam,71,2,37
H?`CRan,51,6,39
H?`CRas,29,0,31
H?`CRat,60,4,24
H?`CRaw,32,0,40
H?`CRax,51,2,77
H?`CRay,58,2,100
H?`CRaz,86,7,50
H?`CRa{,44,2,38
H?`CRa|,58,6,40
H?`CRa},59,9,49
H?`CRa~,49,12,37
H?`CRbC,27,0,21
H?`CRbD,56,4,28
H?`CRbG,15,0,30
H?`CRbH,51,3,58
H?`CRbI,84,0,24
H?`CRbJ,88,8,57
H?`CRbK,33,0,31
H?`CRbL,54,2,44
H?`CRbM,57,0,42
H?`CRbN,45,7,47
H?`CRb_,13,1,28
H?`CRb`,60,1,27
H?`CRbc,30,1,14
H?`CRbd,62,2,16
H?`CRbg,21,1,41
H?`CRbh,48,2,60
H?`CRbi,78,11,61
H?`CRbj,103,5,46
H?`CRbk,39,3,24
H?`CRbl,52,6,26
H?`CRbm,67,9,20
H?`CRbn,44,10,24
H?`CRbo,16,2,36
H?`CRbp,51,2,57
H?`CRbs,28,4,23
H?`CRbt,58,6,20
H?`CRbw,18,2,46
H?`CRbx,43,4,85
H?`CRby,61,9,110
H?`CRbz,89,11,69
H?`CRb{,31,8,26
H?`CRb|,46,10,28
H?`CRb},55,9,34
H?`CRb~,38,10,12
H?`CRiy,41,9,41
H?`CRiz,42,13,43
H?`CRjK,30,2,48
H?`CRjL,49,3,58
H?`CRjM,39,2,58
H?`CRjN,42,7,59
H?`CRjc,41,3,26
H?`CRjd,57,4,27
H?`CRji,40,4,40
H?`CRjj,42,7,42
H?`CRjk,27,5,28
H?`CRjl,48,7,36
H?`CRjm,39,10,29
H?`CRjn,39,13,32
H?`CRjs,39,8,25
H?`CRjt,53,9,16
H?`CRjw,17,6,29
H?`CRjx,50,8,26
H?`CRjy,40,12,18
H?`CRjz,40,14,21
H?`CRj{,16,12,28
H?`CRj|,46,13,31
H?`CRj},41,11,23
H?`CRj~,34,13,17
H?`CSVo,30,0,12
H?`CSVs,31,2,12
H?`CSVw,29,2,25
H?`CSVy,66,3,39
H?`CSVz,66,4,20
H?`CSV{,27,4,13
H?`CSV},28,5,15
H?`CSV~,29,6,17
H?`CTTs,29,2,32
H?`CTTt,41,6,37
H?`CTVT,54,5,29
H?`CTVX,94,1,31
H?`CTVY,93,0,33
H?`CTVZ,83,2,35
H?`CTV[,40,2,35
H?`CTV\,42,5,37
H?`CTV],41,5,38
H?`CTV^,45,8,38
H?`CTVp,102,2,26
H?`CTVs,39,4,17
H?`CTVt,40,6,19
H?`CTVw,41,2,27
H?`CTVx,103,3,37
H?`CTVy,89,8,35
H?`CTVz,76,6,26
H?`CTV{,30,6,16
H?`CTV|,31,8,17
H?`CTV},31,6,19
H?`CTV~,34,8,18
H?`CTpe,61,3,35
H?`CTpf,56,7,33
H?`CTpq,43,0,87
H?`CTpr,92,5,57
H?`CTps,31,4,49
H?`CTpt,42,8,41
H?`CTpu,58,7,39
H?`CTpv,49,10,39
H?`CTrF,56,8,46
H?`CTrJ,94,9,50
H?`CTrL,60,3,47
H?`CTrM,56,2,52
H?`CTrN,50,9,49
H?`CTrb,94,3,43
H?`CTrd,68,4,24
H?`CTre,62,4,30
H?`CTrf,51,7,33
H?`CTrh,44,2,64
H?`CTri,40,3,67
H?`CTrj,100,4,50
H?`CTrk,50,4,30
H?`CTrl,58,8,25
H?`CTrm,59,9,23
H?`CTrn,49,11,24
H?`CTrp,33,6,82
H?`CTrq,29,3,89
H?`CTrr,91,6,59
H?`CTrs,51,6,34
H?`CTrt,54,9,21
H?`CTru,48,11,25
H?`CTrv,41,13,21
H?`CTrw,19,8,39
H?`CTrx,35,5,92
H?`CTry,32,8,92
H?`CTrz,92,10,67
H?`CTr{,45,8,31
H?`CTr|,50,11,29
H?`CTr},51,9,30
H?`CTr~,38,11,15
H?`CTvM,47,3,58
H?`CTvN,53,12,52
H?`CTvi,95,4,44
H?`CTvj,93,6,33
H?`CTvk,45,6,27
H?`CTvl,47,8,29
H?`CTvm,44,11,29
H?`CTvn,48,14,28
H?`CTvs,42,12,16
H?`CTvt,43,14,18
H?`CTvw,24,6,54
H?`CTvx,97,8,64
H?`CTvy,81,18,57
H?`CTvz,85,14,27
H?`CTv{,31,15,14
H?`CTv|,32,17,15
H?`CTv},35,12,17
H?`CTv~,36,14,18
H?`CUHs,35,2,19
H?`CUHw,30,2,22
H?`CUH{,32,3,25
H?`CUH},43,4,30
H?`CUIy,39,3,21
H?`CUJp,50,3,17
H?`CUJs,47,3,20
H?`CUJt,46,4,16
H?`CUJw,32,3,15
H?`CUJx,40,4,22
H?`CUJy,35,4,16
H?`CUJ{,33,4,18
H?`CUJ|,40,5,27
H?`CUJ},34,5,21
H?`CUJ~,28,6,18
H?`CUOu,43,2,45
H?`CUOv,50,5,45
H?`CUPq,76,3,41
H?`CUPr,86,4,45
H?`CUPs,22,3,39
H?`CUPt,34,4,42
H?`CUPu,45,4,41
H?`CUPv,42,5,41
H?`CUQq,48,3,47
H?`CUQr,68,4,40
H?`CUQs,44,3,34
H?`CUQt,50,4,36
H?`CUQu,48,4,38
H?`CUQv,43,5,40
H?`CUQx,53,5,54
H?`CUQy,55,5,52
H?`CUQz,78,6,42
H?`CUQ{,48,5,37
H?`CUQ|,50,6,43
H?`CUQ},45,6,48
H?`CUQ~,45,7,44
H?`CURp,50,6,52
H?`CURq,64,6,47
H?`CURr,87,6,47
H?`CURs,43,5,32
H?`CURt,44,6,27
H?`CURu,41,6,30
H?`CURv,37,7,28
H?`CURw,16,8,39
H?`CURx,58,7,55
H?`CURy,66,7,57
H?`CURz,96,8,50
H?`CUR{,41,8,28
H?`CUR|,42,8,34
H?`CUR},41,8,35
H?`CUR~,31,9,25
H?`CUTs,30,2,31
H?`CUTt,38,3,36
H?`CUUy,78,3,36
H?`CUUz,67,4,29
H?`CUU{,37,3,37
H?`CUU|,41,4,39
H?`CUU},32,4,48
H?`CUU~,42,5,44
H?`CUVs,33,3,19
H?`CUVt,37,4,19
H?`CUVw,43,4,33
H?`CUVx,90,4,49
H?`CUVy,91,5,47
H?`CUVz,75,5,28
H?`CUV{,27,4,17
H?`CUV|,29,5,18
H?`CUV},27,5,20
H?`CUV~,30,6,20
H?`CUXu,41,3,33
H?`CUXv,41,4,39
H?`CUYy,39,3,35
H?`CUYz,47,4,33
H?`CUZq,34,3,18
H?`CUZr,36,4,20
H?`CUZs,40,3,23
H?`CUZt,44,4,24
H?`CUZu,34,4,22
H?`CUZv,36,5,24
H?`CUZw,32,3,20
H?`CUZx,43,4,25
H?`CUZy,32,4,24
H?`CUZz,36,5,24
H?`CUZ{,33,4,23
H?`CUZ|,44,5,29
H?`CUZ},33,5,27
H?`CUZ~,29,6,21
H?`CU^y,29,4,32
H?`CU^z,35,6,29
H?`CU^{,29,4,19
H?`CU^|,30,6,20
H?`CU^},29,5,22
H?`CU^~,30,7,23
H?`CVH[,34,6,40
H?`CVH\,59,5,46
H?`CVH],51,3,45
H?`CVH^,51,8,49
H?`CVHy,46,4,34
H?`CVHz,47,7,37
H?`CVH{,31,7,34
H?`CVH|,53,7,44
H?`CVH},45,7,39
H?`CVH~,47,10,41
H?`CVIy,45,5,34
H?`CVIz,50,8,33
H?`CVJT,62,4,33
H?`CVJY,44,2,42
H?`CVJZ,51,6,39
H?`CVJ[,40,5,32
H?`CVJ\,53,5,38
H?`CVJ],41,6,37
H?`CVJ^,45,9,37
H?`CVJs,55,5,24
H?`CVJt,52,6,20
H?`CVJw,37,5,18
H?`CVJx,50,5,23
H?`CVJy,39,7,19
H?`CVJz,40,9,21
H?`CVJ{,35,9,21
H?`CVJ|,45,8,31
H?`CVJ},39,7,24
H?`CVJ~,33,9,18
H?`CVPU,53,1,46
H?`CVPV,49,4,46
H?`CVPs,30,2,45
H?`CVPt,35,4,45
H?`CVPu,51,4,41
H?`CVPv,43,5,43
H?`CVQV,47,3,49
H?`CVQ\,57,1,52
H?`CVQ],52,1,57
H?`CVQ^,49,4,55
H?`CVQu,53,3,40
H?`CVQv,45,4,42
H?`CVQy,59,3,68
H?`CVQz,88,5,50
H?`CVQ{,48,2,46
H?`CVQ|,55,4,45
H?`CVQ},46,6,52
H?`CVQ~,45,7,46
H?`CVRR,93,1,56
H?`CVRT,57,2,40
H?`CVRU,54,2,43
H?`CVRV,47,4,45
H?`CVRX,50,1,69
H?`CVRY,65,1,64
H?`CVRZ,103,2,60
H?`CVR[,44,2,42
H?`CVR\,53,3,40
H?`CVR],49,5,42
H?`CVR^,45,6,40
H?`CVRq,62,2,68
H?`CVRr,96,4,56
H?`CVRs,48,3,33
H?`CVRt,49,5,24
H?`CVRu,44,6,28
H?`CVRv,40,7,23
H?`CVRw,16,6,44
H?`CVRx,47,3,82
H?`CVRy,64,5,75
H?`CVRz,101,7,61
H?`CVR{,42,5,31
H?`CVR|,47,7,30
H?`CVR},45,6,33
H?`CVR~,36,7,17
H?`CVU],44,2,62
H?`CVU^,51,7,59
H?`CVU},38,8,52
H?`CVU~,44,11,50
H?`CVVY,105,2,58
H?`CVVZ,92,4,48
H?`CVV[,39,3,42
H?`CVV\,43,6,42
H?`CVV],37,6,48
H?`CVV^,46,9,43
H?`CVVs,40,5,20
H?`CVVt,43,7,20
H?`CVVy,102,10,57
H?`CVVz,86,8,32
H?`CVV{,32,7,17
H?`CVV|,33,9,18
H?`CVV},33,7,20
H?`CVV~,35,9,20
H?`CVZU,47,4,45
H?`CVZV,46,8,50
H?`CVZ[,40,4,40
H?`CVZ\,54,7,43
H?`CVZ],41,7,43
H?`CVZ^,45,10,43
H?`CVZu,40,8,22
H?`CVZv,40,10,25
H?`CVZy,38,8,24
H?`CVZz,39,10,26
H?`CVZ{,36,8,26
H?`CVZ|,49,9,32
H?`CVZ},40,8,27
H?`CVZ~,34,10,20
H?`CV^],38,10,50
H?`CV^^,49,14,42
H?`CV^},34,13,17
H?`CV^~,35,15,18
H?`CV_m,69,2,50
H?`CV_n,52,5,51
H?`CV_{,42,2,52
H?`CV_|,66,7,57
H?`CV_},66,5,72
H?`CV_~,57,10,59
H?`CV`M,63,5,52
H?`CV`N,52,9,49
H?`CV`i,75,1,94
H?`CV`j,97,3,65
H?`CV`k,41,4,32
H?`CV`l,63,5,40
H?`CV`m,70,4,46
H?`CV`n,50,8,46
H?`CV`s,30,4,43
H?`CV`t,44,7,33
H?`CV`w,34,2,52
H?`CV`x,47,4,105
H?`CV`y,55,2,147
H?`CV`z,85,7,90
H?`CV`{,36,6,49
H?`CV`|,57,9,46
H?`CV`},55,10,61
H?`CV`~,48,13,44
H?`CVaN,55,11,44
H?`CVal,61,3,44
H?`CVam,68,3,49
H?`CVan,52,7,45
H?`CVat,62,6,36
H?`CVay,44,6,126
H?`CVaz,84,8,64
H?`CVa{,52,3,49
H?`CVa|,58,7,47
H?`CVa},54,10,62
H?`CVa~,48,13,44
H?`CVbJ,93,9,68
H?`CVbL,60,3,47
H?`CVbM,62,2,57
H?`CVbN,50,8,50
H?`CVbd,66,4,26
H?`CVbh,45,3,73
H?`CVbi,74,3,88
H?`CVbj,105,5,58
H?`CVbk,49,4,31
H?`CVbl,56,7,28
H?`CVbm,65,9,30
H?`CVbn,47,11,26
H?`CVbp,46,4,82
H?`CVbs,41,6,31
H?`CVbt,62,8,28
H?`CVbw,19,6,47
H?`CVbx,37,6,100
H?`CVby,51,8,136
H?`CVbz,88,11,83
H?`CVb{,42,9,33
H?`CVb|,48,11,31
H?`CVb},50,9,46
H?`CVb~,38,11,15
H?`CVhm,48,6,50
H?`CVhn,49,10,53
H?`CVh{,30,10,44
H?`CVh|,56,13,51
H?`CVh},44,14,47
H?`CVh~,45,18,49
H?`CVjM,47,4,57
H?`CVjN,51,9,57
H?`CVjk,44,6,28
H?`CVjl,54,8,36
H?`CVjm,44,11,29
H?`CVjn,46,14,30
H?`CVjs,58,10,30
H?`CVjt,57,11,22
H?`CVjy,40,13,22
H?`CVjz,41,15,24
H?`CVj{,35,13,27
H?`CVj|,48,15,33
H?`CVj},41,12,27
H?`CVj~,36,14,18
H?`CVpu,53,8,51
H?`CVpv,47,11,47
H?`CVqm,58,4,55
H?`CVqn,49,8,55
H?`CVqu,52,6,54
H?`CVqv,45,9,51
H?`CVq{,51,4,57
H?`CVq|,54,9,57
H?`CVq},46,11,63
H?`CVq~,43,14,55
H?`CVrM,54,3,63
H?`CVrN,49,9,59
H?`CVre,58,5,41
H?`CVrf,49,8,41
H?`CVri,64,4,76
H?`CVrj,107,6,69
H?`CVrk,48,5,38
H?`CVrl,54,9,35
H?`CVrm,53,10,35
H?`CVrn,45,12,33
H?`CVrq,43,4,109
H?`CVrr,87,7,88
H?`CVrs,50,7,41
H?`CVrt,52,9,29
H?`CVru,43,11,36
H?`CVrv,40,13,27
H?`CVrw,21,10,47
H?`CVrx,35,7,112
H?`CVry,49,10,109
H?`CVrz,89,12,94
H?`CVr{,45,10,35
H?`CVr|,47,12,37
H?`CVr},46,10,40
H?`CVr~,37,12,19
H?`CVu},35,16,61
H?`CVu~,40,20,59
H?`CVvm,38,13,39
H?`CVvn,44,16,36
H?`CVvy,89,28,78
H?`CVvz,79,17,48
H?`CVv{,31,16,17
H?`CVv|,32,18,18
H?`CVv},34,15,19
H?`CVv~,35,17,20
H?`CVzm,43,13,34
H?`CVzn,47,16,33
H?`CVzu,36,16,28
H?`CVzv,39,18,28
H?`CVz{,39,16,25
H?`CVz|,44,17,41
H?`CVz},40,15,30
H?`CVz~,38,17,17
H?`CV~},40,14,18
H?`CV~~,41,16,19
H?`D@RS,53,0,35
H?`D@RW,19,0,65
H?`D@R[,54,2,54
H?`D@Ro,12,0,65
H?`D@Rq,54,0,34
H?`D@Rs,60,2,38
H?`D@Ru,51,5,21
H?`D@Rw,13,1,74
H?`D@Ry,50,2,47
H?`D@Rz,85,5,40
H?`D@R{,66,3,41
H?`D@R},41,6,25
H?`D@R~,34,8,10
H?`D@`O,0,0,0
H?`D@`S,24,0,57
H?`D@`W,28,0,98
H?`D@`[,69,2,99
H?`D@`a,15,0,63
H?`D@`c,24,0,57
H?`D@`e,97,0,47
H?`D@`g,20,0,70
H?`D@`k,79,2,47
H?`D@`o,12,3,65
H?`D@`q,18,0,138
H?`D@`s,34,4,137
H?`D@`u,76,4,127
H?`D@`w,27,0,117
H?`D@`y,61,0,83
H?`D@`{,89,3,84
H?`D@`},60,8,64
H?`D@b@,16,2,137
H?`D@bA,10,2,63
H?`D@bC,16,0,53
H?`D@bD,85,0,131
H?`D@bE,65,0,73
H?`D@bG,9,0,42
H?`D@bI,55,1,24
H?`D@bK,47,0,37
H?`D@bM,41,1,38
H?`D@bO,6,3,93
H?`D@bP,15,12,183
H?`D@bQ,7,8,153
H?`D@bS,33,7,167
H?`D@bT,105,9,136
H?`D@bU,66,10,134
H?`D@bW,23,0,113
H?`D@bX,62,0,91
H?`D@bY,59,0,76
H?`D@b[,62,2,79
H?`D@b\,67,6,47
H?`D@b],62,7,39
H?`D@b_,4,3,57
H?`D@b`,23,12,151
H?`D@ba,15,0,105
H?`D@bb,121,0,131
H?`D@bc,19,4,124
H?`D@bd,96,6,132
H?`D@be,80,2,94
H?`D@bf,113,4,93
H?`D@bg,12,0,84
H?`D@bh,66,4,66
H?`D@bi,60,2,43
H?`D@bk,56,2,59
H?`D@bl,69,3,38
H?`D@bm,57,6,27
H?`D@bo,6,14,92
H?`D@bp,22,31,187
H?`D@bq,6,8,178
H?`D@br,101,16,198
H?`D@bs,18,17,175
H?`D@bt,98,13,164
H?`D@bu,74,15,142
H?`D@bv,99,20,109
H?`D@bw,16,2,126
H?`D@bx,62,5,93
H?`D@by,64,3,73
H?`D@bz,90,8,45
H?`D@b{,76,8,60
H?`D@b|,54,9,41
H?`D@b},50,8,33
H?`D@b~,38,8,10
H?`D@pS,55,0,65
H?`D@pT,83,7,75
H?`D@pd,91,1,58
H?`D@pg,24,0,67
H?`D@ph,78,2,80
H?`D@pk,72,2,66
H?`D@pl,82,5,67
H?`D@pp,71,1,108
H?`D@ps,69,2,83
H?`D@pt,78,4,62
H?`D@pw,23,0,94
H?`D@px,63,3,134
H?`D@p{,70,5,93
H?`D@p|,72,8,76
H?`D@rA,56,3,46
H?`D@rC,50,0,54
H?`D@rD,74,3,53
H?`D@rE,42,0,58
H?`D@rF,52,4,54
H?`D@rH,53,2,89
H?`D@rK,56,1,63
H?`D@rL,77,3,52
H?`D@rO,23,0,73
H?`D@rQ,40,0,68
H?`D@rR,94,1,55
H?`D@rS,55,1,65
H?`D@rT,78,3,51
H?`D@rU,64,2,42
H?`D@rV,53,6,45
H?`D@rW,23,0,85
H?`D@rX,48,1,121
H?`D@r[,48,4,80
H?`D@r\,72,7,51
H?`D@r_,14,3,67
H?`D@r`,49,5,82
H?`D@ra,50,1,61
H?`D@rb,87,3,63
H?`D@rc,49,1,70
H?`D@rd,68,2,51
H?`D@re,56,1,53
H?`D@rf,46,8,54
H?`D@rg,16,0,72
H?`D@rh,54,4,95
H?`D@ri,38,6,64
H?`D@rj,91,2,57
H?`D@rk,45,4,72
H?`D@rl,71,6,43
H?`D@rm,54,6,36
H?`D@rn,45,9,37
H?`D@ro,16,0,83
H?`D@rp,38,1,121
H?`D@rq,37,1,72
H?`D@rr,95,3,56
H?`D@rs,52,2,66
H?`D@rt,64,4,49
H?`D@ru,55,7,29
H?`D@rv,48,9,27
H?`D@rw,17,1,92
H?`D@rx,36,5,135
H?`D@ry,38,6,77
H?`D@rz,93,7,56
H?`D@r{,53,6,71
H?`D@r|,59,8,45
H?`D@r},48,7,29
H?`D@r~,37,9,14
H?`DA_w,33,0,72
H?`DA_{,64,0,106
H?`DA`g,30,0,70
H?`DA`k,62,0,58
H?`DA`w,47,4,129
H?`DAaQ,12,1,71
H?`DAaU,84,4,88
H?`DAao,10,6,60
H?`DAaq,17,0,118
H?`DAau,66,11,133
H?`DAaw,20,0,88
H?`DAay,50,0,62
H?`DAa{,59,2,82
H?`DAa},61,9,38
H?`DAbA,42,2,37
H?`DAbB,122,8,98
H?`DAbE,93,0,57
H?`DAbG,20,0,28
H?`DAbK,52,2,36
H?`DAbQ,14,3,165
H?`DAbU,62,5,131
H?`DAbW,24,2,100
H?`DAb_,9,3,56
H?`DAba,27,0,98
H?`DAbb,112,6,170
H?`DAbe,79,2,95
H?`DAbg,12,0,84
H?`DAbi,88,0,24
H?`DAbj,94,6,50
H?`DAbk,39,3,66
H?`DAbm,57,6,27
H?`DAbo,14,12,110
H?`DAbq,16,10,199
H?`DAbr,100,20,230
H?`DAbu,61,13,157
H?`DAbw,18,4,138
H?`DAby,72,6,87
H?`DAbz,86,13,57
H?`DAb{,54,6,72
H?`DAb},51,10,30
H?`DAb~,38,8,10
H?`DAhd,117,1,32
H?`DAhh,78,2,40
H?`DAhk,55,1,64
H?`DAhl,99,6,49
H?`DAhs,51,0,96
H?`DAht,105,4,83
H?`DAhw,52,1,57
H?`DAhx,84,5,55
H?`DAh{,53,3,64
H?`DAh|,83,10,63
H?`DAij,55,0,35
H?`DAio,18,6,81
H?`DAiq,49,5,58
H?`DAir,123,10,98
H?`DAiw,33,2,37
H?`DAix,76,5,39
H?`DAiy,36,4,30
H?`DAiz,49,8,34
H?`DAjA,65,4,39
H?`DAjC,66,0,54
H?`DAjD,130,0,32
H?`DAjE,146,0,62
H?`DAjF,130,1,85
H?`DAjG,38,0,34
H?`DAjK,56,1,55
H?`DAjL,90,6,48
H?`DAjO,24,0,72
H?`DAjQ,72,3,69
H?`DAjR,121,4,105
H?`DAjS,75,0,79
H?`DAjT,151,0,33
H?`DAjU,120,5,95
H?`DAjV,125,7,88
H?`DAjW,50,1,39
H?`DAjX,78,4,38
H?`DAj[,46,4,50
H?`DAj\,80,9,43
H?`DAj_,14,4,87
H?`DAja,62,0,66
H?`DAjb,125,3,102
H?`DAjc,55,3,113
H?`DAjd,116,1,113
H?`DAje,125,1,84
H?`DAjf,119,4,75
H?`DAjg,28,0,35
H?`DAjh,66,1,43
H?`DAji,42,0,38
H?`DAjj,50,5,41
H?`DAjk,28,2,47
H?`DAjl,70,4,46
H?`DAjm,44,6,34
H?`DAjn,43,9,39
H?`DAjo,17,5,118
H?`DAjp,100,8,167
H?`DAjq,54,6,83
H?`DAjr,114,9,117
H?`DAjs,49,6,154
H?`DAjt,117,15,120
H?`DAju,105,13,110
H?`DAjv,106,14,75
H?`DAjw,29,3,40
H?`DAjx,58,5,41
H?`DAjy,42,7,16
H?`DAjz,42,9,19
H?`DAj{,30,6,42
H?`DAj|,57,10,45
H?`DAj},42,7,21
H?`DAj~,36,9,15
H?`DBGy,65,2,59
H?`DBGz,77,4,73
H?`DBHQ,77,1,55
H?`DBHU,108,0,76
H?`DBHV,102,2,76
H?`DBHY,73,1,66
H?`DBHZ,74,2,78
H?`DBH[,67,0,73
H?`DBH\,82,2,81
H?`DBH],74,2,78
H?`DBH^,75,5,88
H?`DBHq,77,3,56
H?`DBHr,107,2,80
H?`DBHs,56,3,88
H?`DBHt,114,4,74
H?`DBHu,119,3,67
H?`DBHv,100,5,55
H?`DBHw,64,1,45
H?`DBHx,80,2,50
H?`DBHy,63,3,44
H?`DBHz,60,4,56
H?`DBH{,66,4,51
H?`DBH|,78,5,61
H?`DBH},60,5,55
H?`DBH~,60,6,64
H?`DBIQ,63,2,25
H?`DBIY,27,1,36
H?`DBIZ,57,4,38
H?`DBIq,78,3,31
H?`DBIr,145,5,60
H?`DBIw,49,2,30
H?`DBIx,75,3,32
H?`DBIy,42,4,24
H?`DBIz,49,5,30
H?`DBJQ,75,3,48
H?`DBJR,119,5,86
H?`DBJS,66,5,109
H?`DBJT,145,6,69
H?`DBJU,122,4,74
H?`DBJV,114,5,68
H?`DBJW,42,2,36
H?`DBJX,68,2,40
H?`DBJY,43,3,31
H?`DBJZ,48,3,33
H?`DBJ[,43,4,41
H?`DBJ\,72,5,43
H?`DBJ],45,6,33
H?`DBJ^,47,6,38
H?`DBJo,15,5,106
H?`DBJp,116,11,123
H?`DBJq,80,4,46
H?`DBJr,130,6,84
H?`DBJs,54,9,127
H?`DBJt,134,14,83
H?`DBJu,132,7,70
H?`DBJv,118,8,54
H?`DBJw,47,3,27
H?`DBJx,55,5,36
H?`DBJy,41,5,14
H?`DBJz,40,6,19
H?`DBJ{,50,5,29
H?`DBJ|,57,6,41
H?`DBJ},40,6,19
H?`DBJ~,36,7,13
H?`DBO{,66,0,94
H?`DBO|,90,2,84
H?`DBPs,67,1,72
H?`DBPt,79,2,51
H?`DBPw,43,2,90
H?`DBPx,97,2,101
H?`DBP{,65,3,86
H?`DBP|,76,5,63
H?`DBQU,44,1,45
H?`DBQV,55,2,42
H?`DBQ[,45,0,75
H?`DBQ\,71,2,59
H?`DBQq,56,2,46
H?`DBQr,78,3,45
H?`DBQs,60,1,59
H?`DBQt,64,2,44
H?`DBQu,54,2,43
H?`DBQv,53,3,40
H?`DBQw,26,1,77
H?`DBQx,67,3,92
H?`DBQy,53,4,60
H?`DBQz,84,5,41
H?`DBQ{,59,2,71
H?`DBQ|,63,5,52
H?`DBQ},49,5,42
H?`DBQ~,46,6,39
H?`DBRO,21,0,75
H?`DBRQ,69,0,48
H?`DBRR,94,1,55
H?`DBRS,49,1,60
H?`DBRT,72,2,47
H?`DBRU,54,2,43
H?`DBRV,55,3,38
H?`DBRW,22,1,85
H?`DBRX,73,2,95
H?`DBR[,48,3,70
H?`DBR\,71,5,44
H?`DBRo,15,0,84
H?`DBRp,61,6,93
H?`DBRq,64,2,54
H?`DBRr,95,3,56
H?`DBRs,51,3,56
H?`DBRt,61,4,43
H?`DBRu,49,5,30
H?`DBRv,46,6,26
H?`DBRw,16,3,91
H?`DBRx,74,6,96
H?`DBRy,62,5,65
H?`DBRz,101,6,49
H?`DBR{,56,4,60
H?`DBR|,55,6,43
H?`DBR},44,6,28
H?`DBR~,34,7,15
H?`DBX{,57,4,71
H?`DBX|,77,7,72
H?`DBYy,42,4,38
H?`DBYz,49,7,35
H?`DBZU,48,2,46
H?`DBZV,53,6,45
H?`DBZ[,38,6,52
H?`DBZ\,75,6,49
H?`DBZq,46,2,36
H?`DBZr,53,5,33
H?`DBZs,38,4,42
H?`DBZt,65,4,48
H?`DBZu,42,5,31
H?`DBZv,46,7,31
H?`DBZw,39,4,41
H?`DBZx,61,5,38
H?`DBZy,38,5,22
H?`DBZz,40,7,23
H?`DBZ{,41,7,43
H?`DBZ|,60,6,46
H?`DBZ},38,6,26
H?`DBZ~,33,8,19
H?`DB_M,59,4,99
H?`DB_N,63,7,110
H?`DB_Y,55,0,113
H?`DB_[,61,2,127
H?`DB_\,81,3,103
H?`DB_],80,2,105
H?`DB_^,71,5,116
H?`DB_f,91,5,88
H?`DB_l,84,1,75
H?`DB_m,72,0,78
H?`DB_n,66,1,87
H?`DB_t,57,4,163
H?`DB_u,63,3,159
H?`DB_v,96,5,119
H?`DB_y,52,0,119
H?`DB_z,85,2,93
H?`DB_{,65,1,132
H?`DB_|,87,3,102
H?`DB_},74,2,104
H?`DB_~,64,5,113
H?`DB`E,78,2,109
H?`DB`F,93,4,95
H?`DB`I,93,4,79
H?`DB`J,87,7,77
H?`DB`L,83,3,84
H?`DB`M,73,3,94
H?`DB`N,65,7,104
H?`DB`Q,36,8,159
H?`DB`T,78,1,117
H?`DB`U,55,1,169
H?`DB`V,94,5,121
H?`DB`X,72,2,146
H?`DB`Y,68,0,142
H?`DB`Z,89,1,108
H?`DB`[,51,2,134
H?`DB`\,76,2,102
H?`DB`],69,2,109
H?`DB`^,66,6,110
H?`DB`a,41,4,129
H?`DB`b,140,8,118
H?`DB`d,88,2,99
H?`DB`e,94,1,97
H?`DB`f,104,3,82
H?`DB`g,41,0,119
H?`DB`h,95,1,84
H?`DB`i,97,0,74
H?`DB`j,96,0,64
H?`DB`k,69,0,91
H?`DB`l,90,1,63
H?`DB`m,73,2,68
H?`DB`n,61,3,80
H?`DB`p,49,22,174
H?`DB`q,43,12,177
H?`DB`r,115,14,204
H?`DB`s,34,4,162
H?`DB`t,59,6,169
H?`DB`u,57,5,168
H?`DB`v,93,11,94
H?`DB`w,47,4,149
H?`DB`x,76,3,141
H?`DB`y,74,2,133
H?`DB`z,93,3,96
H?`DB`{,68,4,120
H?`DB`|,75,6,75
H?`DB`},60,6,77
H?`DB`~,58,8,74
H?`DBaE,72,4,116
H?`DBaK,56,0,79
H?`DBaL,66,2,62
H?`DBaM,52,1,57
H?`DBaN,50,5,55
H?`DBaQ,28,8,153
H?`DBaS,30,5,172
H?`DBaU,49,9,162
H?`DBaV,98,10,123
H?`DBaY,68,0,85
H?`DBaZ,88,2,60
H?`DBa[,48,1,105
H?`DBa\,79,2,63
H?`DBa],74,2,56
H?`DBa^,54,5,58
H?`DBac,19,3,162
H?`DBad,86,7,150
H?`DBae,77,1,129
H?`DBaf,113,5,102
H?`DBai,98,0,21
H?`DBaj,95,2,38
H?`DBak,61,2,87
H?`DBal,68,1,52
H?`DBam,66,2,53
H?`DBan,48,4,56
H?`DBaq,28,8,180
H?`DBar,113,12,190
H?`DBas,22,11,187
H?`DBat,67,13,195
H?`DBau,58,11,162
H?`DBav,104,12,124
H?`DBaw,31,2,129
H?`DBax,49,3,128
H?`DBay,58,2,100
H?`DBaz,87,6,50
H?`DBa{,57,3,108
H?`DBa|,64,5,61
H?`DBa},59,8,50
H?`DBa~,47,8,43
H?`DBbA,23,6,153
H?`DBbC,36,0,148
H?`DBbD,86,4,153
H?`DBbE,79,0,128
H?`DBbF,111,5,104
H?`DBbG,22,0,114
H?`DBbH,68,1,93
H?`DBbI,89,1,63
H?`DBbJ,92,1,67
H?`DBbK,64,0,76
H?`DBbL,76,1,55
H?`DBbM,66,1,54
H?`DBbN,49,4,55
H?`DBbO,15,9,120
H?`DBbQ,16,16,193
H?`DBbR,69,24,257
H?`DBbS,32,7,191
H?`DBbT,91,8,176
H?`DBbU,41,11,179
H?`DBbV,98,12,130
H?`DBbW,24,2,144
H?`DBbX,42,2,143
H?`DBbY,63,2,111
H?`DBbZ,93,3,72
H?`DBb[,44,4,108
H?`DBb\,75,6,49
H?`DBb],59,7,51
H?`DBb^,48,8,42
H?`DBb_,13,9,97
H?`DBb`,32,20,196
H?`DBba,33,4,163
H?`DBbb,132,8,184
H?`DBbc,20,4,165
H?`DBbd,83,6,171
H?`DBbe,75,2,143
H?`DBbf,115,5,111
H?`DBbg,16,0,128
H?`DBbh,52,2,116
H?`DBbi,82,4,74
H?`DBbj,102,2,61
H?`DBbk,44,3,96
H?`DBbl,73,3,44
H?`DBbm,64,7,37
H?`DBbn,44,7,40
H?`DBbo,15,24,114
H?`DBbp,38,37,225
H?`DBbq,17,22,211
H?`DBbr,92,28,265
H?`DBbs,19,16,196
H?`DBbt,73,17,210
H?`DBbu,48,17,187
H?`DBbv,99,20,128
H?`DBbw,18,7,151
H?`DBbx,40,5,147
H?`DBby,64,5,111
H?`DBbz,94,8,67
H?`DBb{,50,10,96
H?`DBb|,60,8,44
H?`DBb},53,8,37
H?`DBb~,38,8,14
H?`DBhM,60,4,112
H?`DBhN,65,10,117
H?`DBh[,48,0,120
H?`DBh\,72,7,116
H?`DBh],57,3,122
H?`DBh^,60,9,127
H?`DBhe,120,2,76
H?`DBhf,115,6,69
H?`DBhk,62,2,79
H?`DBhl,90,5,73
H?`DBhm,60,3,81
H?`DBhn,59,6,91
H?`DBhs,43,4,142
H?`DBht,75,6,159
H?`DBhu,102,6,123
H?`DBhv,97,10,85
H?`DBhy,57,4,69
H?`DBhz,55,7,78
H?`DBh{,57,5,81
H?`DBh|,76,9,83
H?`DBh},52,8,80
H?`DBh~,55,11,84
H?`DBiy,44,6,41
H?`DBiz,45,9,44
H?`DBjK,45,1,64
H?`DBjL,75,4,65
H?`DBjM,44,2,62
H?`DBjN,46,7,64
H?`DBjU,93,7,140
H?`DBjV,103,10,108
H?`DBjY,44,3,44
H?`DBjZ,45,7,46
H?`DBj[,32,5,67
H?`DBj\,77,8,55
H?`DBj],43,8,47
H?`DBj^,44,11,50
H?`DBjc,47,5,138
H?`DBjd,102,6,145
H?`DBje,122,2,107
H?`DBjf,115,5,96
H?`DBji,42,2,52
H?`DBjj,46,6,52
H?`DBjk,33,3,60
H?`DBjl,74,5,51
H?`DBjm,41,7,43
H?`DBjn,44,10,44
H?`DBjq,38,7,111
H?`DBjr,103,10,147
H?`DBjs,34,11,183
H?`DBjt,81,19,173
H?`DBju,97,13,137
H?`DBjv,104,13,93
H?`DBjw,34,4,53
H?`DBjx,63,7,42
H?`DBjy,42,8,20
H?`DBjz,41,10,24
H?`DBj{,35,7,56
H?`DBj|,61,10,49
H?`DBj},41,8,26
H?`DBj~,35,10,19
H?`DBo{,66,0,126
H?`DBo|,84,7,117
H?`DBpk,67,1,86
H?`DBpl,87,5,76
H?`DBps,62,2,104
H?`DBpt,80,5,71
H?`DBpw,44,4,117
H?`DBpx,65,4,171
H?`DBp{,63,5,114
H?`DBp|,76,9,83
H?`DBqk,56,0,87
H?`DBql,70,2,60
H?`DBqm,57,2,61
H?`DBqn,50,7,60
H?`DBqu,60,3,54
H?`DBqv,53,7,52
H?`DBqy,51,3,89
H?`DBqz,87,7,62
H?`DBq{,54,2,100
H?`DBq|,70,7,63
H?`DBq},49,8,55
H?`DBq~,49,11,45
H?`DBrK,58,1,73
H?`DBrL,76,4,64
H?`DBrU,62,4,51
H?`DBrV,52,8,52
H?`DBr[,42,5,96
H?`DBr\,74,8,58
H?`DBrc,45,2,85
H?`DBrd,71,4,57
H?`DBre,58,2,60
H?`DBrf,49,8,60
H?`DBrg,16,2,92
H?`DBrh,60,4,123
H?`DBri,65,2,76
H?`DBrj,102,4,74
H?`DBrk,43,3,86
H?`DBrl,75,6,49
H?`DBrm,52,7,45
H?`DBrn,46,10,42
H?`DBrq,53,2,89
H?`DBrr,94,4,84
H?`DBrs,43,3,84
H?`DBrt,66,5,55
H?`DBru,52,8,38
H?`DBrv,49,10,31
H?`DBrw,17,5,110
H?`DBrx,39,8,161
H?`DBry,56,6,94
H?`DBrz,93,9,80
H?`DBr{,47,7,86
H?`DBr|,62,9,49
H?`DBr},47,8,35
H?`DBr~,38,10,16
H?`DBx{,56,10,88
H?`DBx|,72,13,95
H?`DBzk,37,6,61
H?`DBzl,66,8,66
H?`DBzm,42,10,46
H?`DBzn,45,14,46
H?`DBzu,45,12,33
H?`DBzv,45,15,36
H?`DBzy,42,12,21
H?`DBzz,42,14,24
H?`DBz{,39,12,54
H?`DBz|,54,14,60
H?`DBz},41,12,27
H?`DBz~,37,14,17
H?`DCds,41,2,57
H?`DCdw,51,0,30
H?`DCd{,44,5,35
H?`DCfB,123,6,33
H?`DCfE,107,0,69
H?`DCfF,135,0,81
H?`DCfK,62,0,55
H?`DCfQ,105,14,133
H?`DCfU,107,4,69
H?`DCfb,126,5,69
H?`DCfc,59,2,47
H?`DCfe,113,3,64
H?`DCff,121,4,73
H?`DCfg,37,0,27
H?`DCfi,84,0,42
H?`DCfk,40,2,35
H?`DCfm,42,6,36
H?`DCfo,15,9,104
H?`DCfq,89,25,201
H?`DCfr,110,12,98
H?`DCfs,49,5,45
H?`DCfu,92,12,76
H?`DCfv,102,17,76
H?`DCfw,31,1,38
H?`DCfy,77,6,49
H?`DCfz,75,9,24
H?`DCf{,30,8,14
H?`DCf},33,9,14
H?`DCf~,39,8,13
H?`DDDR,119,0,56
H?`DDDU,84,3,49
H?`DDDV,92,4,74
H?`DDDY,74,1,37
H?`DDDZ,70,2,36
H?`DDD[,23,0,41
H?`DDD],52,3,44
H?`DDD^,58,6,44
H?`DDDq,151,0,101
H?`DDDr,153,2,37
H?`DDDs,45,0,35
H?`DDDu,90,4,56
H?`DDDv,97,7,61
H?`DDDw,48,0,24
H?`DDDy,83,1,33
H?`DDDz,76,7,27
H?`DDD{,41,4,32
H?`DDD},46,6,32
H?`DDD~,48,6,37
H?`DDFR,125,6,53
H?`DDFS,65,0,23
H?`DDFU,98,7,65
H?`DDFV,99,9,79
H?`DDFW,40,0,24
H?`DDFY,78,2,37
H?`DDFZ,76,2,32
H?`DDF[,44,4,29
H?`DDF],47,5,32
H?`DDF^,44,7,40
H?`DDFo,29,5,78
H?`DDFq,143,13,124
H?`DDFr,142,10,46
H?`DDFs,60,4,26
H?`DDFu,99,10,56
H?`DDFv,107,14,59
H?`DDFw,41,2,20
H?`DDFy,85,3,32
H?`DDFz,73,6,20
H?`DDF{,30,5,13
H?`DDF},32,7,13
H?`DDF~,35,7,14
H?`DDP[,44,0,64
H?`DDPq,78,0,26
H?`DDPs,55,0,53
H?`DDPu,55,4,29
H?`DDPw,28,0,76
H?`DDPy,71,1,45
H?`DDP{,67,2,63
H?`DDP},49,5,42
H?`DDRP,80,4,52
H?`DDRQ,66,0,30
H?`DDRS,71,0,37
H?`DDRT,73,2,46
H?`DDRU,60,2,37
H?`DDRW,21,0,75
H?`DDRX,91,2,60
H?`DDRY,60,1,47
H?`DDR[,69,2,61
H?`DDR\,71,5,44
H?`DDR],53,5,38
H?`DDRp,83,5,56
H?`DDRq,65,1,33
H?`DDRr,96,2,42
H?`DDRs,71,2,37
H?`DDRt,59,6,43
H?`DDRu,55,5,24
H?`DDRv,46,6,26
H?`DDRw,15,5,79
H?`DDRx,89,4,67
H?`DDRy,64,3,43
H?`DDRz,99,5,39
H?`DDR{,73,3,44
H?`DDR|,56,6,42
H?`DDR},44,6,28
H?`DDR~,36,7,13
H?`DDTs,37,0,33
H?`DDTt,46,4,34
H?`DDTw,53,0,28
H?`DDTx,104,2,34
H?`DDT{,44,4,36
H?`DDT|,47,7,37
H?`DDVT,59,5,32
H?`DDVU,47,2,47
H?`DDVV,54,6,44
H?`DDVX,102,3,35
H?`DDV[,45,4,35
H?`DDV\,49,7,35
H?`DDVp,95,2,33
H?`DDVq,93,2,35
H?`DDVr,89,2,30
H?`DDVs,45,2,25
H?`DDVt,49,4,25
H?`DDVu,46,5,27
H?`DDVv,47,7,30
H?`DDVw,44,2,24
H?`DDVx,106,3,34
H?`DDVy,93,4,35
H?`DDVz,81,5,22
H?`DDV{,32,5,15
H?`DDV|,33,7,16
H?`DDV},33,6,17
H?`DDV~,36,8,16
H?`DD`[,40,1,113
H?`DD`e,106,5,96
H?`DD`k,62,2,76
H?`DD`q,28,8,180
H?`DD`s,30,16,184
H?`DD`u,62,16,164
H?`DD`w,31,0,131
H?`DD`y,42,2,116
H?`DD`{,59,4,105
H?`DD`},57,9,51
H?`DDbD,83,10,150
H?`DDbE,108,7,101
H?`DDbI,60,2,66
H?`DDbK,81,1,68
H?`DDbM,66,2,53
H?`DDbQ,14,16,170
H?`DDbS,45,18,177
H?`DDbT,84,20,171
H?`DDbU,59,21,162
H?`DDbW,23,2,128
H?`DDbX,37,5,128
H?`DDbY,32,6,112
H?`DDb[,52,4,112
H?`DDb\,75,7,48
H?`DDb],60,8,49
H?`DDb`,24,33,160
H?`DDba,23,8,144
H?`DDbb,134,14,140
H?`DDbc,35,15,148
H?`DDbd,92,17,151
H?`DDbe,93,9,128
H?`DDbf,118,11,102
H?`DDbg,14,2,112
H?`DDbh,56,12,85
H?`DDbi,56,2,77
H?`DDbk,51,4,88
H?`DDbl,75,4,41
H?`DDbm,66,7,35
H?`DDbo,16,27,93
H?`DDbp,28,56,186
H?`DDbq,15,28,182
H?`DDbr,89,40,221
H?`DDbs,33,30,179
H?`DDbt,83,29,188
H?`DDbu,69,30,165
H?`DDbv,103,27,117
H?`DDbw,17,12,131
H?`DDbx,37,12,127
H?`DDby,36,9,109
H?`DDbz,91,9,56
H?`DDb{,54,11,91
H?`DDb|,60,10,42
H?`DDb},54,9,35
H?`DDb~,38,9,13
H?`DDdN,57,10,53
H?`DDdV,95,10,99
H?`DDdZ,87,3,42
H?`DDd[,45,2,61
H?`DDd\,49,7,61
H?`DDd],52,4,61
H?`DDd^,55,9,62
H?`DDdf,117,6,64
H?`DDdj,84,2,34
H?`DDdk,44,1,43
H?`DDdl,54,5,37
H?`DDdm,47,3,46
H?`DDdn,49,7,48
H?`DDdr,124,11,105
H?`DDds,46,4,60
H?`DDdt,95,10,75
H?`DDdu,94,11,75
H?`DDdv,101,14,80
H?`DDdw,43,1,46
H?`DDdx,95,4,55
H?`DDdy,80,2,61
H?`DDdz,86,7,39
H?`DDd{,46,6,39
H?`DDd|,46,9,43
H?`DDd},46,8,44
H?`DDd~,47,11,47
H?`DDfF,118,6,85
H?`DDfJ,87,2,41
H?`DDfL,58,6,44
H?`DDfM,46,2,60
H?`DDfN,53,9,55
H?`DDfR,102,13,115
H?`DDfT,105,11,88
H?`DDfU,106,9,89
H?`DDfV,108,14,99
H?`DDfX,90,4,60
H?`DDfY,81,3,59
H?`DDfZ,89,4,39
H?`DDf[,45,6,40
H?`DDf\,48,9,41
H?`DDf],46,8,44
H?`DDf^,49,11,45
H?`DDfb,153,9,63
H?`DDfd,118,5,75
H?`DDfe,123,4,71
H?`DDff,130,7,79
H?`DDfh,89,3,48
H?`DDfi,88,2,50
H?`DDfj,87,3,42
H?`DDfk,42,3,39
H?`DDfl,45,6,40
H?`DDfm,43,7,41
H?`DDfn,48,10,40
H?`DDfp,104,34,212
H?`DDfq,107,31,212
H?`DDfr,119,18,105
H?`DDfs,51,7,50
H?`DDft,101,13,81
H?`DDfu,104,14,77
H?`DDfv,114,18,78
H?`DDfw,29,4,44
H?`DDfx,91,5,60
H?`DDfy,82,9,53
H?`DDfz,82,8,27
H?`DDf{,32,8,16
H?`DDf|,33,10,17
H?`DDf},35,8,17
H?`DDf~,39,10,15
H?`DDpM,53,8,60
H?`DDpN,48,12,60
H?`DDpU,61,4,55
H?`DDpV,55,9,53
H?`DDpY,36,0,104
H?`DDpZ,87,4,74
H?`DDp[,39,3,102
H?`DDp\,63,6,74
H?`DDp],56,6,68
H?`DDp^,51,11,64
H?`DDpe,57,2,51
H?`DDpf,53,7,48
H?`DDpi,50,2,65
H?`DDpj,94,3,53
H?`DDpk,58,2,72
H?`DDpl,83,4,45
H?`DDpm,57,4,47
H?`DDpn,46,8,50
H?`DDpq,45,1,84
H?`DDpr,96,4,65
H?`DDps,49,3,92
H?`DDpt,77,5,48
H?`DDpu,59,8,37
H?`DDpv,48,11,39
H?`DDpw,31,1,98
H?`DDpx,44,6,148
H?`DDpy,39,2,102
H?`DDpz,91,7,70
H?`DDp{,53,5,98
H?`DDp|,68,9,63
H?`DDp},52,10,50
H?`DDp~,45,13,47
H?`DDrF,53,8,59
H?`DDrJ,97,3,60
H?`DDrL,84,5,55
H?`DDrM,57,3,60
H?`DDrN,46,10,61
H?`DDrT,82,5,56
H?`DDrU,61,4,52
H?`DDrV,50,8,54
H?`DDrX,48,9,130
H?`DDrY,25,2,105
H?`DDrZ,89,6,73
H?`DDr[,53,5,98
H?`DDr\,80,9,51
H?`DDr],52,9,51
H?`DDr^,45,12,48
H?`DDrb,96,7,67
H?`DDrd,78,4,50
H?`DDre,57,3,60
H?`DDrf,47,10,60
H?`DDrh,64,5,101
H?`DDri,39,4,77
H?`DDrj,98,4,63
H?`DDrk,44,4,84
H?`DDrl,78,8,44
H?`DDrm,56,8,40
H?`DDrn,47,11,40
H?`DDrp,35,7,134
H?`DDrq,27,3,91
H?`DDrr,92,4,72
H?`DDrs,49,4,77
H?`DDrt,70,6,50
H?`DDru,54,9,35
H?`DDrv,47,11,32
H?`DDrw,17,10,94
H?`DDrx,40,10,142
H?`DDry,28,7,97
H?`DDrz,92,9,68
H?`DDr{,47,7,86
H?`DDr|,66,10,44
H?`DDr},51,9,30
H?`DDr~,38,11,15
H?`DDt{,46,10,42
H?`DDt|,47,14,44
H?`DDvU,48,7,57
H?`DDvV,49,11,60
H?`DDv[,46,10,42
H?`DDv\,47,14,44
H?`DDve,49,5,63
H?`DDvf,51,12,63
H?`DDvi,92,4,58
H?`DDvj,91,6,47
H?`DDvk,45,6,40
H?`DDvl,47,9,42
H?`DDvm,45,10,43
H?`DDvn,50,14,41
H?`DDvq,83,6,67
H?`DDvr,93,7,43
H?`DDvs,47,7,30
H?`DDvt,48,9,33
H?`DDvu,46,12,32
H?`DDvv,46,15,35
H?`DDvw,23,6,55
H?`DDvx,96,8,65
H?`DDvy,83,13,60
H?`DDvz,89,13,24
H?`DDv{,33,12,15
H?`DDv|,34,14,16
H?`DDv},36,12,16
H?`DDv~,37,14,17
H?`DECt,89,4,69
H?`DECx,72,4,52
H?`DEC{,33,4,53
H?`DEC|,51,7,52
H?`DEDT,107,6,63
H?`DEDp,124,13,159
H?`DEDs,44,4,51
H?`DEDt,93,5,62
H?`DEDw,58,5,36
H?`DEDx,88,6,56
H?`DED{,43,6,39
H?`DED|,46,7,43
H?`DEEU,104,8,48
H?`DEEV,125,11,71
H?`DEE[,43,6,50
H?`DEE\,60,7,73
H?`DEEr,122,12,58
H?`DEEs,49,6,44
H?`DEEt,96,8,66
H?`DEEu,95,8,77
H?`DEEv,108,9,81
H?`DEEw,43,5,32
H?`DEEx,78,6,42
H?`DEEy,77,7,42
H?`DEEz,70,8,32
H?`DEE{,42,6,40
H?`DEE|,47,7,42
H?`DEE},41,8,47
H?`DEE~,49,9,46
H?`DEFR,138,8,78
H?`DEFS,56,8,40
H?`DEFT,126,10,71
H?`DEFU,100,12,59
H?`DEFV,130,12,88
H?`DEFW,46,7,35
H?`DEFX,94,10,58
H?`DEF[,28,11,41
H?`DEF\,59,12,61
H?`DEFo,20,10,106
H?`DEFp,126,27,171
H?`DEFq,104,23,197
H?`DEFr,135,16,79
H?`DEFs,54,8,38
H?`DEFt,104,11,61
H?`DEFu,95,13,68
H?`DEFv,114,14,64
H?`DEFw,49,7,34
H?`DEFx,93,8,53
H?`DEFy,86,9,59
H?`DEFz,74,10,36
H?`DEF{,33,8,19
H?`DEF|,36,9,20
H?`DEF},35,10,20
H?`DEF~,38,11,21
H?`DEGy,31,2,39
H?`DEGz,54,4,41
H?`DEHU,126,1,57
H?`DEHV,117,1,62
H?`DEHY,49,1,49
H?`DEHZ,55,2,63
H?`DEH[,47,0,49
H?`DEH\,63,2,52
H?`DEH],56,1,63
H?`DEH^,58,5,69
H?`DEHq,70,2,63
H?`DEHr,104,2,94
H?`DEHs,61,1,118
H?`DEHt,103,9,108
H?`DEHu,120,2,78
H?`DEHv,98,6,61
H?`DEHw,39,1,40
H?`DEHx,64,3,43
H?`DEHy,42,3,32
H?`DEHz,44,5,35
H?`DEH{,40,3,45
H?`DEH|,57,6,57
H?`DEH},43,6,35
H?`DEH~,45,6,40
H?`DEIZ,62,2,56
H?`DEIq,85,3,32
H?`DEIr,126,5,79
H?`DEIx,73,3,34
H?`DEIy,40,4,26
H?`DEIz,47,5,32
H?`DEJQ,76,0,60
H?`DEJR,123,0,84
H?`DEJT,135,1,48
H?`DEJU,123,1,83
H?`DEJV,123,3,74
H?`DEJX,67,2,39
H?`DEJY,46,2,42
H?`DEJZ,54,3,53
H?`DEJ[,52,3,44
H?`DEJ\,72,5,43
H?`DEJ],54,4,52
H?`DEJ^,56,7,57
H?`DEJo,29,7,99
H?`DEJp,96,13,141
H?`DEJq,82,4,54
H?`DEJr,122,6,92
H?`DEJs,66,11,123
H?`DEJt,116,23,92
H?`DEJu,130,9,81
H?`DEJv,115,10,55
H?`DEJw,42,3,32
H?`DEJx,58,4,34
H?`DEJy,38,5,17
H?`DEJz,38,7,20
H?`DEJ{,44,4,36
H?`DEJ|,57,7,40
H?`DEJ},38,7,20
H?`DEJ~,36,7,13
H?`DELs,99,0,51
H?`DELt,100,2,63
H?`DELw,41,1,35
H?`DELx,48,2,34
H?`DEL{,42,4,38
H?`DEL|,44,5,42
H?`DEMy,41,4,39
H?`DEMz,49,5,37
H?`DENU,119,3,78
H?`DENV,138,7,75
H?`DEN[,55,3,52
H?`DEN\,59,6,55
H?`DENq,129,5,86
H?`DENr,139,6,95
H?`DENs,106,5,54
H?`DENt,113,7,60
H?`DENu,113,8,59
H?`DENv,125,10,60
H?`DENw,28,3,17
H?`DENx,31,4,17
H?`DENy,35,5,25
H?`DENz,38,6,26
H?`DEN{,29,5,18
H?`DEN|,32,6,18
H?`DEN},31,6,19
H?`DEN~,35,7,18
H?`DEO{,52,0,68
H?`DEPQ,70,0,42
H?`DEPY,67,0,61
H?`DEP[,57,1,54
H?`DEPq,87,2,37
H?`DEPs,47,1,62
H?`DEPu,54,4,30
H?`DEPw,32,2,83
H?`DEPy,83,2,55
H?`DEP{,54,3,64
H?`DEP},50,5,41
H?`DEQ],61,1,58
H?`DEQp,64,5,75
H?`DEQq,63,1,40
H?`DEQt,65,2,43
H?`DEQu,54,2,43
H?`DEQx,69,5,88
H?`DEQy,59,2,56
H?`DEQ{,68,2,62
H?`DEQ|,65,4,51
H?`DEQ},48,5,43
H?`DERP,85,1,40
H?`DERR,95,0,49
H?`DERT,80,2,44
H?`DERU,64,2,54
H?`DERX,94,1,49
H?`DERY,63,1,62
H?`DERZ,100,2,58
H?`DER[,61,3,62
H?`DER\,73,5,42
H?`DER],54,4,52
H?`DERp,70,7,83
H?`DERq,77,2,41
H?`DERr,94,3,57
H?`DERs,63,2,45
H?`DERt,61,3,44
H?`DERu,53,5,26
H?`DERv,46,6,26
H?`DERw,17,6,87
H?`DERx,80,7,89
H?`DERy,74,3,55
H?`DERz,99,6,51
H?`DER{,67,4,49
H?`DER|,56,6,42
H?`DER},43,6,29
H?`DER~,36,7,13
H?`DEX],58,7,67
H?`DEX^,63,8,73
H?`DEXu,45,6,33
H?`DEXv,46,7,38
H?`DEXy,44,4,36
H?`DEXz,45,6,40
H?`DEX{,45,4,47
H?`DEX|,63,6,61
H?`DEX},46,7,38
H?`DEX~,44,8,46
H?`DEYy,45,4,35
H?`DEYz,50,7,34
H?`DEZU,69,5,58
H?`DEZV,71,6,67
H?`DEZY,60,2,48
H?`DEZZ,59,5,56
H?`DEZ[,58,4,48
H?`DEZ\,80,7,45
H?`DEZ],57,5,58
H?`DEZ^,60,8,62
H?`DEZq,46,3,35
H?`DEZr,53,6,32
H?`DEZs,46,2,36
H?`DEZt,66,3,48
H?`DEZu,44,7,27
H?`DEZv,46,7,31
H?`DEZw,46,3,35
H?`DEZx,64,4,36
H?`DEZy,39,6,20
H?`DEZz,39,7,24
H?`DEZ{,51,5,35
H?`DEZ|,62,6,44
H?`DEZ},39,8,23
H?`DEZ~,33,8,19
H?`DE_{,48,0,106
H?`DE`Y,52,2,117
H?`DE`[,51,0,93
H?`DE`e,110,10,87
H?`DE`i,87,1,65
H?`DE`k,54,1,75
H?`DE`q,30,14,199
H?`DE`s,28,5,197
H?`DE`u,60,13,169
H?`DE`w,36,4,140
H?`DE`y,61,2,124
H?`DE`{,50,3,103
H?`DE`},49,11,57
H?`DEaM,72,1,71
H?`DEaU,74,5,128
H?`DEaY,63,2,79
H?`DEa[,68,0,85
H?`DEa],75,1,67
H?`DEad,86,17,140
H?`DEae,103,6,107
H?`DEai,94,0,25
H?`DEak,64,1,85
H?`DEam,61,1,59
H?`DEaq,24,20,172
H?`DEas,35,18,177
H?`DEat,70,20,185
H?`DEau,76,16,150
H?`DEaw,29,8,125
H?`DEax,50,7,123
H?`DEay,48,3,109
H?`DEa{,63,2,103
H?`DEa|,68,4,58
H?`DEa},55,7,55
H?`DEbB,141,8,117
H?`DEbD,113,5,85
H?`DEbE,103,0,105
H?`DEbI,75,1,76
H?`DEbL,78,1,65
H?`DEbM,72,1,77
H?`DEbQ,12,9,187
H?`DEbR,109,14,201
H?`DEbS,34,6,152
H?`DEbT,116,7,111
H?`DEbU,68,10,152
H?`DEbX,67,2,93
H?`DEbY,53,5,112
H?`DEbZ,95,2,79
H?`DEb[,64,3,93
H?`DEb\,75,6,51
H?`DEb],66,5,61
H?`DEb`,25,27,196
H?`DEba,30,0,170
H?`DEbb,126,12,186
H?`DEbc,25,11,162
H?`DEbd,94,11,155
H?`DEbe,96,8,126
H?`DEbf,111,9,111
H?`DEbg,15,0,129
H?`DEbh,61,4,105
H?`DEbi,81,2,77
H?`DEbj,98,5,62
H?`DEbk,50,2,91
H?`DEbl,72,3,45
H?`DEbm,60,7,41
H?`DEbo,16,23,114
H?`DEbp,23,45,232
H?`DEbq,15,31,204
H?`DEbr,82,40,263
H?`DEbs,30,20,192
H?`DEbt,91,27,182
H?`DEbu,69,26,169
H?`DEbv,93,27,127
H?`DEbw,19,12,145
H?`DEbx,49,9,134
H?`DEby,53,8,119
H?`DEbz,87,12,70
H?`DEb{,57,7,92
H?`DEb|,58,9,45
H?`DEb},47,9,42
H?`DEb~,38,8,14
H?`DEc{,52,1,55
H?`DEc|,55,4,58
H?`DEdk,45,0,43
H?`DEdl,54,2,40
H?`DEds,37,2,71
H?`DEdt,83,6,91
H?`DEdw,53,1,56
H?`DEdx,94,2,72
H?`DEd{,46,5,40
H?`DEd|,45,6,47
H?`DEeV,121,7,103
H?`DEe\,63,3,78
H?`DEef,116,5,88
H?`DEej,74,1,45
H?`DEel,52,3,53
H?`DEem,43,1,64
H?`DEen,51,4,62
H?`DEet,96,9,87
H?`DEeu,99,7,98
H?`DEev,106,10,105
H?`DEex,81,3,59
H?`DEey,81,3,59
H?`DEez,76,6,38
H?`DEe{,46,3,42
H?`DEe|,46,4,48
H?`DEe},42,7,49
H?`DEe~,46,8,51
H?`DEfF,134,2,104
H?`DEfL,70,3,81
H?`DEfR,124,6,130
H?`DEfT,120,5,106
H?`DEfU,106,4,88
H?`DEfV,121,10,121
H?`DEfX,101,1,74
H?`DEf[,55,3,62
H?`DEf\,56,7,67
H?`DEfb,123,9,118
H?`DEfd,112,4,82
H?`DEfe,112,3,83
H?`DEff,120,4,92
H?`DEfh,96,1,57
H?`DEfi,100,1,64
H?`DEfj,93,2,49
H?`DEfk,41,2,41
H?`DEfl,47,3,41
H?`DEfm,40,6,45
H?`DEfn,48,7,43
H?`DEfp,68,42,275
H?`DEfq,73,35,277
H?`DEfr,92,24,148
H?`DEfs,43,5,60
H?`DEft,91,11,93
H?`DEfu,95,13,87
H?`DEfv,103,16,91
H?`DEfw,39,2,55
H?`DEfx,92,4,73
H?`DEfy,87,7,75
H?`DEfz,82,8,36
H?`DEf{,32,7,17
H?`DEf|,35,8,17
H?`DEf},35,7,18
H?`DEf~,40,8,16
H?`DEhM,57,4,89
H?`DEhN,62,9,94
H?`DEhU,133,3,94
H?`DEhV,129,4,87
H?`DEh[,42,1,77
H?`DEh\,68,7,68
H?`DEh],56,2,86
H?`DEh^,60,8,88
H?`DEhe,132,9,69
H?`DEhf,110,7,70
H?`DEhi,45,2,41
H?`DEhj,52,3,41
H?`DEhk,41,3,55
H?`DEhl,77,3,52
H?`DEhm,46,5,45
H?`DEhn,46,7,51
H?`DEhs,55,5,160
H?`DEht,112,10,142
H?`DEhu,103,13,124
H?`DEhv,93,12,90
H?`DEhw,40,2,54
H?`DEhx,70,4,56
H?`DEhy,47,4,40
H?`DEhz,46,7,45
H?`DEh{,37,5,62
H?`DEh|,66,8,66
H?`DEh},45,8,45
H?`DEh~,45,11,49
H?`DEiy,46,6,39
H?`DEiz,49,9,40
H?`DEjF,144,3,93
H?`DEjL,89,6,65
H?`DEjM,59,3,92
H?`DEjN,64,8,96
H?`DEjT,147,2,81
H?`DEjU,127,5,121
H?`DEjV,131,6,103
H?`DEjY,57,3,60
H?`DEjZ,57,6,67
H?`DEj[,52,5,64
H?`DEj\,79,9,56
H?`DEj],54,7,69
H?`DEj^,56,11,73
H?`DEjd,126,6,121
H?`DEje,134,7,101
H?`DEjf,120,7,89
H?`DEjh,70,2,48
H?`DEji,45,3,48
H?`DEjj,52,6,46
H?`DEjk,37,3,56
H?`DEjl,74,5,51
H?`DEjm,41,7,43
H?`DEjn,44,10,44
H?`DEjq,69,10,89
H?`DEjr,112,13,135
H?`DEjs,60,17,163
H?`DEjt,121,24,128
H?`DEju,111,20,129
H?`DEjv,102,17,91
H?`DEjw,42,4,45
H?`DEjx,65,6,41
H?`DEjy,41,8,21
H?`DEjz,42,10,23
H?`DEj{,41,7,50
H?`DEj|,63,9,48
H?`DEj},42,8,25
H?`DEj~,38,10,16
H?`DEl{,47,7,44
H?`DEl|,46,10,49
H?`DEnU,110,8,122
H?`DEnV,123,8,129
H?`DEn[,57,7,66
H?`DEn\,57,11,72
H?`DEne,116,5,95
H?`DEnf,121,8,105
H?`DEni,42,3,59
H?`DEnj,49,7,56
H?`DEnk,41,4,46
H?`DEnl,44,7,47
H?`DEnm,39,8,51
H?`DEnn,46,11,48
H?`DEns,91,10,94
H?`DEnt,95,13,102
H?`DEnu,97,19,94
H?`DEnv,103,20,102
H?`DEnw,32,5,19
H?`DEnx,32,7,21
H?`DEny,38,9,28
H?`DEnz,39,11,30
H?`DEn{,33,9,18
H?`DEn|,35,11,18
H?`DEn},35,9,20
H?`DEn~,38,11,19
H?`DEom,54,1,55
H?`DEon,48,4,56
H?`DEou,61,3,56
H?`DEov,50,8,59
H?`DEo{,42,0,102
H?`DEo|,74,5,77
H?`DEo},60,5,65
H?`DEo~,49,10,67
H?`DEpM,59,5,86
H?`DEpN,59,9,97
H?`DEpU,67,3,73
H?`DEpV,71,6,79
H?`DEp[,48,3,89
H?`DEp\,67,6,70
H?`DEp],55,4,85
H?`DEp^,55,8,93
H?`DEpe,57,2,51
H?`DEpf,54,6,48
H?`DEpi,73,1,66
H?`DEpj,99,2,64
H?`DEpk,48,2,71
H?`DEpl,75,3,54
H?`DEpm,57,3,48
H?`DEpn,46,7,51
H?`DEpq,66,2,86
H?`DEpr,98,4,78
H?`DEps,39,2,91
H?`DEpt,73,4,53
H?`DEpu,58,6,40
H?`DEpv,48,9,41
H?`DEpw,34,3,106
H?`DEpx,61,3,152
H?`DEpy,63,3,102
H?`DEpz,95,6,81
H?`DEp{,43,5,95
H?`DEp|,66,8,66
H?`DEp},52,8,52
H?`DEp~,44,11,50
H?`DEqN,67,6,92
H?`DEq\,79,6,69
H?`DEq],60,1,83
H?`DEq^,60,7,89
H?`DEqf,55,7,58
H?`DEql,73,2,57
H?`DEqm,57,2,61
H?`DEqn,50,7,60
H?`DEqu,60,3,54
H?`DEqv,50,8,54
H?`DEqy,45,4,94
H?`DEqz,84,8,64
H?`DEq{,54,2,100
H?`DEq|,73,6,61
H?`DEq},51,8,53
H?`DEq~,46,11,48
H?`DErF,70,6,100
H?`DErJ,103,1,76
H?`DErL,83,6,71
H?`DErM,60,2,92
H?`DErN,61,7,100
H?`DErT,88,5,61
H?`DErU,66,3,75
H?`DErV,64,7,85
H?`DErX,79,2,99
H?`DErY,47,3,104
H?`DErZ,101,4,87
H?`DEr[,58,6,90
H?`DEr\,79,9,56
H?`DEr],54,7,69
H?`DEr^,56,11,73
H?`DErb,97,6,84
H?`DErd,75,3,54
H?`DEre,56,2,62
H?`DErf,50,8,59
H?`DErh,74,3,110
H?`DEri,65,2,76
H?`DErj,106,5,69
H?`DErk,43,3,86
H?`DErl,76,6,48
H?`DErm,54,7,43
H?`DErn,46,10,42
H?`DErq,53,4,87
H?`DErr,94,5,83
H?`DErs,48,3,79
H?`DErt,68,4,54
H?`DEru,54,8,36
H?`DErv,49,10,31
H?`DErw,19,7,106
H?`DErx,55,10,143
H?`DEry,52,7,97
H?`DErz,94,10,78
H?`DEr{,48,7,85
H?`DEr|,67,9,44
H?`DEr},49,8,33
H?`DEr~,38,10,16
H?`DExm,47,6,51
H?`DExn,48,10,54
H?`DExu,48,10,40
H?`DExv,47,14,44
H?`DEx{,36,10,66
H?`DEx|,70,13,67
H?`DEx},45,12,48
H?`DEx~,44,16,52
H?`DEzM,62,7,99
H?`DEzN,64,12,106
H?`DEz[,54,10,68
H?`DEz\,82,13,61
H?`DEz],53,12,75
H?`DEz^,55,16,79
H?`DEze,47,5,65
H?`DEzf,49,10,67
H?`DEzk,37,6,61
H?`DEzl,80,8,52
H?`DEzm,43,10,45
H?`DEzn,47,14,44
H?`DEzu,45,12,33
H?`DEzv,45,15,36
H?`DEzy,41,12,22
H?`DEzz,41,14,25
H?`DEz{,38,12,55
H?`DEz|,67,14,47
H?`DEz},40,12,28
H?`DEz~,34,14,20
H?`DF?],56,6,68
H?`DF?^,50,10,61
H?`DF?u,92,6,145
H?`DF?v,100,6,104
H?`DF?y,54,6,100
H?`DF?z,78,6,60
H?`DF?{,64,5,101
H?`DF?|,71,6,66
H?`DF?},66,6,71
H?`DF?~,52,9,59
H?`DF@Q,25,16,190
H?`DF@T,101,8,134
H?`DF@U,79,9,155
H?`DF@V,97,6,107
H?`DF@Y,74,7,108
H?`DF@Z,83,7,70
H?`DF@[,44,7,109
H?`DF@\,57,7,68
H?`DF@],57,6,80
H?`DF@^,56,9,55
H?`DF@q,41,28,195
H?`DF@r,132,17,184
H?`DF@s,34,15,194
H?`DF@t,97,11,152
H?`DF@u,91,13,156
H?`DF@v,105,11,93
H?`DF@w,33,13,143
H?`DF@x,67,8,115
H?`DF@y,79,11,110
H?`DF@z,94,8,63
H?`DF@{,72,10,94
H?`DF@|,59,9,64
H?`DF@},54,9,69
H?`DF@~,48,10,46
H?`DFAU,99,12,132
H?`DFAV,105,10,105
H?`DFAY,71,5,84
H?`DFAZ,82,6,56
H?`DFA[,63,5,102
H?`DFA\,75,6,62
H?`DFA],66,6,71
H?`DFA^,52,9,59
H?`DFAq,28,34,169
H?`DFAr,137,22,129
H?`DFAs,30,24,189
H?`DFAt,96,18,146
H?`DFAu,103,16,141
H?`DFAv,113,12,106
H?`DFAx,67,12,92
H?`DFAy,67,13,91
H?`DFAz,84,9,47
H?`DFA{,76,9,91
H?`DFA|,64,10,58
H?`DFA},59,9,64
H?`DFA~,49,10,45
H?`DFBQ,13,26,209
H?`DFBR,101,20,203
H?`DFBS,41,21,190
H?`DFBT,116,14,130
H?`DFBU,82,14,164
H?`DFBV,109,12,110
H?`DFBX,60,9,111
H?`DFBY,73,9,108
H?`DFBZ,87,8,70
H?`DFB[,65,8,103
H?`DFB\,72,9,51
H?`DFB],58,9,65
H?`DFB^,48,10,46
H?`DFBp,34,42,203
H?`DFBq,26,50,203
H?`DFBr,124,32,204
H?`DFBs,34,34,192
H?`DFBt,113,26,147
H?`DFBu,98,28,160
H?`DFBv,123,19,98
H?`DFBw,18,26,146
H?`DFBx,68,15,104
H?`DFBy,78,16,104
H?`DFBz,99,11,58
H?`DFB{,76,17,75
H?`DFB|,59,11,47
H?`DFB},54,11,52
H?`DFB~,39,12,19
H?`DFC{,46,1,52
H?`DFC|,52,4,52
H?`DFC},49,3,56
H?`DFC~,51,6,60
H?`DFDV,102,2,83
H?`DFD[,41,1,57
H?`DFD\,48,4,56
H?`DFD],49,3,56
H?`DFD^,55,6,56
H?`DFDs,49,1,50
H?`DFDt,95,2,68
H?`DFDu,100,3,62
H?`DFDv,103,5,72
H?`DFDw,60,1,39
H?`DFDx,94,2,58
H?`DFDy,94,2,58
H?`DFDz,83,4,45
H?`DFD{,42,4,38
H?`DFD|,43,5,43
H?`DFD},44,5,42
H?`DFD~,46,6,46
H?`DFE],46,2,60
H?`DFE^,54,5,58
H?`DFEu,112,3,72
H?`DFEv,123,5,76
H?`DFEy,84,3,43
H?`DFEz,73,5,32
H?`DFE{,42,3,39
H?`DFE|,45,4,42
H?`DFE},40,5,46
H?`DFE~,45,6,47
H?`DFFT,114,4,69
H?`DFFU,108,4,75
H?`DFFV,115,5,84
H?`DFFY,88,3,63
H?`DFFZ,80,3,49
H?`DFF[,41,4,39
H?`DFF\,47,5,39
H?`DFF],41,5,45
H?`DFF^,45,6,47
H?`DFFq,132,19,199
H?`DFFr,144,16,82
H?`DFFs,60,4,35
H?`DFFt,113,7,60
H?`DFFu,112,8,60
H?`DFFv,123,10,62
H?`DFFw,51,3,34
H?`DFFx,98,4,54
H?`DFFy,96,4,56
H?`DFFz,80,6,31
H?`DFF{,31,5,16
H?`DFF|,32,6,18
H?`DFF},32,6,18
H?`DFF~,35,7,18
H?`DFH],46,3,59
H?`DFH^,52,7,58
H?`DFHu,119,5,96
H?`DFHv,102,6,72
H?`DFHy,40,4,40
H?`DFHz,43,5,43
H?`DFH{,48,5,55
H?`DFH|,63,6,61
H?`DFH},40,6,45
H?`DFH~,45,7,46
H?`DFIy,42,5,37
H?`DFIz,49,6,36
H?`DFJU,124,5,102
H?`DFJV,117,6,81
H?`DFJY,41,3,40
H?`DFJZ,48,4,39
H?`DFJ[,47,4,57
H?`DFJ\,77,6,47
H?`DFJ],41,6,44
H?`DFJ^,45,7,46
H?`DFJq,73,6,75
H?`DFJr,126,7,107
H?`DFJs,61,16,143
H?`DFJt,108,20,124
H?`DFJu,131,12,97
H?`DFJv,119,11,65
H?`DFJw,41,4,39
H?`DFJx,61,6,37
H?`DFJy,37,6,22
H?`DFJz,39,7,24
H?`DFJ{,42,6,43
H?`DFJ|,61,7,44
H?`DFJ},38,7,25
H?`DFJ~,35,8,17
H?`DFL{,44,5,42
H?`DFL|,43,8,47
H?`DFL},43,6,49
H?`DFL~,45,9,51
H?`DFN],42,6,50
H?`DFN^,44,9,52
H?`DFNu,117,10,68
H?`DFNv,126,11,73
H?`DFNy,37,6,27
H?`DFNz,38,9,28
H?`DFN{,31,6,19
H?`DFN|,32,8,20
H?`DFN},33,7,20
H?`DFN~,35,9,20
H?`DFO},54,3,63
H?`DFO~,49,6,62
H?`DFP[,42,1,89
H?`DFP\,58,2,72
H?`DFP],53,2,65
H?`DFP^,52,6,59
H?`DFPs,51,1,80
H?`DFPt,67,2,51
H?`DFPu,54,4,38
H?`DFPv,46,5,40
H?`DFPy,69,2,83
H?`DFPz,97,4,67
H?`DFP{,58,3,83
H?`DFP|,60,5,65
H?`DFP},47,5,52
H?`DFP~,44,6,48
H?`DFQ],53,2,65
H?`DFQ^,50,5,62
H?`DFQu,51,2,55
H?`DFQv,49,4,51
H?`DFQy,57,3,70
H?`DFQz,88,5,50
H?`DFQ{,57,2,85
H?`DFQ|,68,5,57
H?`DFQ},46,5,53
H?`DFQ~,45,6,47
H?`DFRU,53,2,53
H?`DFRV,50,5,49
H?`DFRY,57,2,84
H?`DFRZ,97,3,68
H?`DFR[,59,3,82
H?`DFR\,75,5,50
H?`DFR],48,5,51
H?`DFR^,45,6,47
H?`DFRq,62,2,68
H?`DFRr,97,3,68
H?`DFRs,53,3,64
H?`DFRt,63,5,49
H?`DFRu,50,5,36
H?`DFRv,46,6,32
H?`DFRw,16,7,98
H?`DFRx,72,7,113
H?`DFRy,63,4,77
H?`DFRz,103,6,60
H?`DFR{,58,4,68
H?`DFR|,61,6,45
H?`DFR},44,6,34
H?`DFR~,35,7,18
H?`DFT{,42,5,44
H?`DFT|,44,8,46
H?`DFU},40,6,52
H?`DFU~,44,9,52
H?`DFV[,43,5,43
H?`DFV\,47,8,43
H?`DFVs,42,3,33
H?`DFVt,47,5,32
H?`DFVu,41,6,37
H?`DFVv,45,8,37
H?`DFVy,101,6,62
H?`DFVz,88,7,31
H?`DFV{,32,6,18
H?`DFV|,33,8,19
H?`DFV},33,7,20
H?`DFV~,35,9,20
H?`DFX},43,7,48
H?`DFX~,44,10,51
H?`DFZ],42,7,49
H?`DFZ^,43,10,52
H?`DFZu,43,7,34
H?`DFZv,45,9,36
H?`DFZy,39,7,24
H?`DFZz,40,9,26
H?`DFZ{,41,7,50
H?`DFZ|,66,8,46
H?`DFZ},40,8,27
H?`DFZ~,34,10,20
H?`DF^},35,12,17
H?`DF^~,36,14,18
H?`DF_],63,4,77
H?`DF_^,54,8,68
H?`DF_m,60,1,60
H?`DF_n,49,4,55
H?`DF_u,55,10,188
H?`DF_v,85,13,142
H?`DF_{,50,1,129
H?`DF_|,76,3,77
H?`DF_},59,4,80
H?`DF_~,51,7,68
H?`DF`M,59,6,67
H?`DF`N,50,10,60
H?`DF`U,48,12,193
H?`DF`V,82,15,143
H?`DF`Y,48,3,147
H?`DF`Z,80,3,97
H?`DF`[,35,2,131
H?`DF`\,57,3,83
H?`DF`],54,4,85
H?`DF`^,53,8,65
H?`DF`e,107,6,117
H?`DF`f,101,8,111
H?`DF`i,74,3,93
H?`DF`j,93,2,70
H?`DF`k,60,2,92
H?`DF`l,74,2,56
H?`DF`m,61,3,56
H?`DF`n,47,5,52
H?`DF`q,32,22,216
H?`DF`r,94,27,275
H?`DF`s,29,16,208
H?`DF`t,66,15,219
H?`DF`u,51,16,197
H?`DF`v,81,20,133
H?`DF`w,31,5,162
H?`DF`x,44,6,166
H?`DF`y,53,2,149
H?`DF`z,82,5,95
H?`DF`{,55,4,123
H?`DF`|,61,7,72
H?`DF`},46,9,71
H?`DF`~,46,10,49
H?`DFaN,52,7,61
H?`DFa\,80,3,73
H?`DFa],64,3,76
H?`DFa^,53,6,67
H?`DFaf,119,12,111
H?`DFal,70,2,60
H?`DFam,62,2,68
H?`DFan,49,5,63
H?`DFat,65,24,211
H?`DFau,70,17,177
H?`DFav,103,19,138
H?`DFay,46,5,125
H?`DFaz,81,7,68
H?`DFa{,55,3,124
H?`DFa|,69,6,65
H?`DFa},52,8,66
H?`DFa~,45,9,51
H?`DFbF,110,12,120
H?`DFbJ,92,2,82
H?`DFbL,74,2,68
H?`DFbM,62,2,68
H?`DFbN,50,5,62
H?`DFbT,99,18,183
H?`DFbU,52,20,192
H?`DFbV,95,22,143
H?`DFbX,40,8,156
H?`DFbY,45,6,141
H?`DFbZ,84,4,94
H?`DFb[,53,4,125
H?`DFb\,74,7,59
H?`DFb],51,8,67
H?`DFb^,46,9,50
H?`DFbb,137,22,201
H?`DFbd,90,17,179
H?`DFbe,90,9,154
H?`DFbf,113,12,127
H?`DFbh,55,7,125
H?`DFbi,71,3,102
H?`DFbj,96,3,81
H?`DFbk,48,3,105
H?`DFbl,73,4,53
H?`DFbm,59,7,51
H?`DFbn,46,8,44
H?`DFbp,38,63,229
H?`DFbq,17,44,214
H?`DFbr,76,55,289
H?`DFbs,31,33,200
H?`DFbt,76,31,218
H?`DFbu,59,30,197
H?`DFbv,94,31,141
H?`DFbw,18,19,155
H?`DFbx,37,11,160
H?`DFby,51,10,134
H?`DFbz,85,9,88
H?`DFb{,53,10,105
H?`DFb|,58,9,53
H?`DFb},46,8,51
H?`DFb~,39,9,16
H?`DFc},50,5,71
H?`DFc~,49,10,76
H?`DFd],51,5,70
H?`DFd^,52,11,72
H?`DFdm,46,4,54
H?`DFdn,48,8,56
H?`DFdu,89,10,96
H?`DFdv,90,13,107
H?`DFdy,82,4,96
H?`DFdz,83,7,64
H?`DFd{,46,7,45
H?`DFd|,46,10,49
H?`DFd},44,9,52
H?`DFd~,46,12,54
H?`DFe],50,4,72
H?`DFe^,49,11,75
H?`DFem,46,3,68
H?`DFen,50,8,68
H?`DFeu,106,8,107
H?`DFev,109,12,117
H?`DFe{,46,5,47
H?`DFe|,44,8,53
H?`DFe},42,9,54
H?`DFe~,44,12,56
H?`DFfM,46,3,68
H?`DFfN,49,10,67
H?`DFfU,102,10,109
H?`DFfV,103,13,122
H?`DFfY,85,6,91
H?`DFfZ,86,6,62
H?`DFf[,45,7,46
H?`DFf\,45,11,49
H?`DFf],45,9,51
H?`DFf^,45,13,54
H?`DFfe,117,5,94
H?`DFff,122,8,104
H?`DFfi,98,4,78
H?`DFfj,90,5,61
H?`DFfk,42,4,45
H?`DFfl,45,7,46
H?`DFfm,41,8,49
H?`DFfn,47,11,47
H?`DFfq,93,43,284
H?`DFfr,102,26,158
H?`DFfs,44,8,65
H?`DFft,91,13,106
H?`DFfu,100,16,94
H?`DFfv,105,18,102
H?`DFfw,40,5,59
H?`DFfx,90,6,86
H?`DFfy,88,12,82
H?`DFfz,83,10,42
H?`DFf{,34,9,17
H?`DFf|,34,11,19
H?`DFf},37,9,18
H?`DFf~,39,11,18
H?`DFh],48,6,72
H?`DFh^,53,11,71
H?`DFhm,45,4,55
H?`DFhn,48,8,56
H?`DFhu,97,13,150
H?`DFhv,88,13,109
H?`DFh{,46,6,74
H?`DFh|,59,10,81
H?`DFh},42,9,54
H?`DFh~,46,12,54
H?`DFjM,47,4,66
H?`DFjN,50,9,67
H?`DFj[,46,6,74
H?`DFj\,69,9,72
H?`DFj],43,9,53
H?`DFj^,45,12,55
H?`DFje,134,10,120
H?`DFjf,118,11,105
H?`DFjk,37,4,63
H?`DFjl,67,8,65
H?`DFjm,40,8,50
H?`DFjn,46,11,48
H?`DFjs,50,26,184
H?`DFjt,87,36,171
H?`DFju,106,23,151
H?`DFjv,96,20,109
H?`DFjy,41,9,25
H?`DFjz,42,11,27
H?`DFj{,40,8,57
H?`DFj|,52,11,65
H?`DFj},42,9,29
H?`DFj~,39,11,18
H?`DFl},39,14,59
H?`DFl~,42,18,59
H?`DFn],43,14,55
H?`DFn^,44,18,57
H?`DFnm,41,11,53
H?`DFnn,47,15,50
H?`DFnu,99,26,100
H?`DFnv,106,27,107
H?`DFn{,35,14,15
H?`DFn|,36,16,16
H?`DFn},36,14,18
H?`DFn~,37,16,19
H?`DFo},53,7,80
H?`DFo~,49,12,74
H?`DFp],51,6,83
H?`DFp^,51,11,73
H?`DFpm,54,5,58
H?`DFpn,46,9,57
H?`DFpu,55,8,49
H?`DFpv,46,11,48
H?`DFpy,56,4,122
H?`DFpz,90,8,98
H?`DFp{,55,7,106
H?`DFp|,60,11,79
H?`DFp},46,10,64
H?`DFp~,44,13,55
H?`DFqm,56,4,70
H?`DFqn,48,9,69
H?`DFq{,52,4,112
H?`DFq|,67,11,72
H?`DFq},46,10,64
H?`DFq~,44,13,55
H?`DFrM,55,4,71
H?`DFrN,46,10,70
H?`DFr[,53,7,108
H?`DFr\,74,10,66
H?`DFr],47,10,63
H?`DFr^,43,13,56
H?`DFre,56,4,70
H?`DFrf,46,10,70
H?`DFri,61,4,91
H?`DFrj,105,6,84
H?`DFrk,45,5,93
H?`DFrl,71,10,59
H?`DFrm,50,10,52
H?`DFrn,45,12,48
H?`DFrs,47,5,88
H?`DFrt,57,10,68
H?`DFru,49,10,46
H?`DFrv,44,12,40
H?`DFrw,18,14,111
H?`DFrx,42,13,169
H?`DFry,49,10,109
H?`DFrz,91,11,93
H?`DFr{,49,9,92
H?`DFr|,57,12,59
H?`DFr},44,10,42
H?`DFr~,37,12,19
H?`DFu},38,14,60
H?`DFu~,41,18,60
H?`DFvm,40,11,54
H?`DFvn,46,15,51
H?`DFvu,42,14,40
H?`DFvv,43,17,42
H?`DFvy,93,18,84
H?`DFvz,85,15,44
H?`DFv{,33,14,17
H?`DFv|,34,16,18
H?`DFv},34,14,20
H?`DFv~,35,16,21
H?`DFx},40,14,58
H?`DFx~,43,18,58
H?`DFzm,42,11,52
H?`DFzn,47,15,50
H?`DFz{,42,14,56
H?`DFz|,51,16,69
H?`DFz},40,14,31
H?`DFz~,38,16,18
H?`DF~},39,14,19
H?`DF~~,40,16,20
H?`DQgr,68,10,90
H?`DQhb,57,1,63
H?`DQhu,56,6,68
H?`DQiJ,65,0,70
H?`DQiY,54,4,50
H?`DQiZ,64,8,72
H?`DQib,44,0,36
H?`DQij,48,0,40
H?`DQir,43,5,43
H?`DQiw,24,3,33
H?`DQiy,37,5,35
H?`DQiz,44,9,45
H?`DQjB,36,8,66
H?`DQjG,41,0,55
H?`DQjI,49,0,68
H?`DQjJ,54,2,98
H?`DQjK,44,0,86
H?`DQjM,62,5,87
H?`DQjN,54,10,104
H?`DQjU,58,3,95
H?`DQjW,43,1,55
H?`DQjY,55,5,60
H?`DQjZ,52,7,71
H?`DQj],51,6,73
H?`DQjb,42,1,41
H?`DQje,56,2,38
H?`DQjg,24,1,25
H?`DQji,39,0,38
H?`DQjj,43,5,43
H?`DQjk,28,3,29
H?`DQjm,41,6,31
H?`DQjn,40,8,36
H?`DQjo,22,2,24
H?`DQjq,44,3,31
H?`DQjr,40,6,38
H?`DQju,47,5,32
H?`DQjw,17,4,31
H?`DQjy,43,6,21
H?`DQjz,40,8,27
H?`DQj{,18,6,32
H?`DQj},40,7,28
H?`DQj~,34,10,20
H?`DQmy,48,9,41
H?`DQmz,49,12,44
H?`DQnJ,69,9,90
H?`DQnM,66,12,90
H?`DQnN,65,17,100
H?`DQnY,56,8,66
H?`DQnZ,56,11,73
H?`DQn],50,11,79
H?`DQni,49,5,37
H?`DQnj,54,8,36
H?`DQnk,43,4,31
H?`DQnm,44,8,32
H?`DQnn,46,10,34
H?`DQnr,45,8,37
H?`DQnu,45,8,37
H?`DQnw,31,5,20
H?`DQny,44,8,23
H?`DQnz,43,10,27
H?`DQn{,33,7,20
H?`DQn},35,10,19
H?`DQn~,37,12,19
H?`DRGr,89,10,55
H?`DRHu,66,7,47
H?`DRIR,55,2,42
H?`DRIZ,59,8,41
H?`DRIr,50,6,28
H?`DRIw,43,3,24
H?`DRIy,45,5,27
H?`DRIz,52,9,30
H?`DRJR,50,2,32
H?`DRJU,64,3,41
H?`DRJW,36,1,29
H?`DRJY,48,3,33
H?`DRJZ,50,6,35
H?`DRJ[,36,4,32
H?`DRJ],49,6,36
H?`DRJ^,50,10,38
H?`DRJo,36,2,17
H?`DRJq,50,3,19
H?`DRJr,49,4,25
H?`DRJu,48,6,24
H?`DRJw,38,4,18
H?`DRJy,45,5,15
H?`DRJz,41,8,21
H?`DRJ{,40,5,20
H?`DRJ},42,7,21
H?`DRJ~,34,11,15
H?`DRMZ,60,11,46
H?`DRMy,47,8,36
H?`DRMz,52,10,36
H?`DRNR,48,4,39
H?`DRNZ,49,8,41
H?`DRN[,43,6,42
H?`DRN],45,9,44
H?`DRN^,48,12,45
H?`DRNr,47,5,32
H?`DRNu,46,7,31
H?`DRNw,29,6,17
H?`DRNy,39,7,24
H?`DRNz,39,8,28
H?`DRN{,30,8,18
H?`DRN},31,9,20
H?`DRN~,32,10,22
H?`DRhs,52,8,60
H?`DRht,55,11,64
H?`DRhu,59,11,70
H?`DRhv,60,15,75
H?`DRiY,46,7,64
H?`DRii,42,2,44
H?`DRiy,44,10,44
H?`DRiz,45,14,46
H?`DRjE,56,8,68
H?`DRjI,43,3,62
H?`DRjM,46,6,65
H?`DRjN,46,11,69
H?`DRjU,54,6,66
H?`DRjV,54,12,69
H?`DRjY,46,7,45
H?`DRjZ,44,11,50
H?`DRj[,30,9,45
H?`DRj\,54,11,55
H?`DRj],45,11,49
H?`DRj^,44,16,52
H?`DRjc,54,4,38
H?`DRjd,55,7,42
H?`DRje,57,6,41
H?`DRjf,54,7,51
H?`DRji,44,4,43
H?`DRjj,45,8,45
H?`DRjk,41,6,31
H?`DRjl,51,8,39
H?`DRjm,42,10,32
H?`DRjn,42,13,35
H?`DRjq,44,6,34
H?`DRjr,41,9,40
H?`DRjs,53,9,36
H?`DRjt,54,10,26
H?`DRju,48,10,32
H?`DRjv,49,12,35
H?`DRjw,30,7,33
H?`DRjx,49,9,32
H?`DRjy,44,10,21
H?`DRjz,41,12,27
H?`DRj{,32,10,33
H?`DRj|,49,11,36
H?`DRj},42,11,27
H?`DRj~,34,14,20
H?`DRlv,61,19,80
H?`DRn],48,15,49
H?`DRn^,47,19,53
H?`DRnf,60,9,51
H?`DRnk,42,8,34
H?`DRnl,42,11,37
H?`DRnm,43,11,36
H?`DRnn,46,14,36
H?`DRns,51,10,29
H?`DRnt,51,13,32
H?`DRnu,47,13,36
H?`DRnv,50,15,37
H?`DRny,43,12,25
H?`DRnz,42,14,29
H?`DRn{,32,11,21
H?`DRn|,33,14,21
H?`DRn},32,14,22
H?`DRn~,35,16,21
H?`DSpF,71,4,85
H?`DSpU,80,4,59
H?`DSpb,88,1,46
H?`DSpe,42,4,42
H?`DSpf,51,8,37
H?`DSpq,51,0,79
H?`DSpr,92,4,58
H?`DSps,33,2,49
H?`DSpu,55,6,43
H?`DSpv,44,10,44
H?`DSrB,85,8,43
H?`DSrE,69,3,88
H?`DSrF,65,10,101
H?`DSrJ,95,0,67
H?`DSrK,62,0,78
H?`DSrM,64,5,85
H?`DSrN,70,12,86
H?`DSrQ,49,1,67
H?`DSrU,68,4,72
H?`DSrY,52,0,78
H?`DSr],57,6,67
H?`DSra,52,0,47
H?`DSrb,97,1,42
H?`DSre,56,3,37
H?`DSrf,45,6,40
H?`DSrg,17,0,46
H?`DSri,51,1,58
H?`DSrj,105,1,48
H?`DSrk,42,3,39
H?`DSrm,55,6,30
H?`DSrn,44,8,32
H?`DSrq,40,1,80
H?`DSrr,98,3,55
H?`DSrs,51,3,37
H?`DSru,50,6,28
H?`DSrv,42,9,24
H?`DSrw,15,5,46
H?`DSry,44,4,84
H?`DSrz,105,6,58
H?`DSr{,41,4,39
H?`DSr},49,7,34
H?`DSr~,37,10,17
H?`DStu,46,9,43
H?`DStv,47,12,46
H?`DSvF,81,17,94
H?`DSvJ,94,5,61
H?`DSvM,79,10,79
H?`DSvN,82,17,83
H?`DSvU,76,9,71
H?`DSvY,94,3,57
H?`DSv],62,10,68
H?`DSve,50,4,37
H?`DSvf,55,6,37
H?`DSvi,98,1,44
H?`DSvj,97,3,32
H?`DSvk,42,4,32
H?`DSvm,45,7,32
H?`DSvn,51,9,30
H?`DSvq,91,3,50
H?`DSvr,89,4,24
H?`DSvs,45,6,19
H?`DSvu,45,8,22
H?`DSvv,45,10,25
H?`DSvw,34,2,48
H?`DSvy,93,7,56
H?`DSvz,88,7,31
H?`DSv{,33,7,20
H?`DSv},35,9,20
H?`DSv~,37,11,20
H?`DTPR,95,2,38
H?`DTPU,44,0,46
H?`DTPV,64,4,40
H?`DTPq,84,1,32
H?`DTPr,106,2,32
H?`DTPs,39,0,41
H?`DTPu,52,4,40
H?`DTPv,51,5,35
H?`DTRR,101,2,37
H?`DTRS,44,0,36
H?`DTRU,58,2,48
H?`DTRV,59,3,42
H?`DTRY,70,2,48
H?`DTRZ,104,2,48
H?`DTR[,51,2,43
H?`DTR],55,5,44
H?`DTR^,45,6,47
H?`DTRo,16,2,36
H?`DTRq,73,1,36
H?`DTRr,109,3,31
H?`DTRs,53,2,29
H?`DTRu,46,5,27
H?`DTRv,42,6,22
H?`DTRw,16,5,39
H?`DTRy,75,3,43
H?`DTRz,112,5,39
H?`DTR{,54,3,21
H?`DTR},46,6,32
H?`DTR~,35,7,18
H?`DTTV,59,10,48
H?`DTTu,46,6,39
H?`DTTv,49,9,40
H?`DTVR,86,2,33
H?`DTVU,52,5,47
H?`DTVV,58,9,45
H?`DTVY,94,4,45
H?`DTVZ,87,4,41
H?`DTV[,42,4,45
H?`DTV],46,7,45
H?`DTV^,47,10,48
H?`DTVq,101,2,29
H?`DTVr,84,3,21
H?`DTVs,41,4,20
H?`DTVu,42,6,22
H?`DTVv,41,8,26
H?`DTVw,45,4,28
H?`DTVy,100,4,40
H?`DTVz,85,5,27
H?`DTV{,31,5,20
H?`DTV},32,7,21
H?`DTV~,33,9,22
H?`DT`F,67,6,48
H?`DT`J,91,7,55
H?`DT`L,65,5,51
H?`DT`M,57,6,58
H?`DT`N,52,10,58
H?`DT`R,90,3,67
H?`DT`T,49,4,55
H?`DT`U,73,4,55
H?`DT`V,63,9,58
H?`DT`X,51,1,88
H?`DT`Y,47,0,123
H?`DT`Z,92,3,70
H?`DT`[,36,2,58
H?`DT`\,59,5,66
H?`DT`],68,5,70
H?`DT`^,51,12,63
H?`DT`b,91,2,42
H?`DT`d,65,3,31
H?`DT`e,74,5,31
H?`DT`f,62,6,40
H?`DT`h,57,2,58
H?`DT`i,69,3,72
H?`DT`j,97,2,51
H?`DT`k,49,2,37
H?`DT`l,58,4,46
H?`DT`m,71,5,44
H?`DT`n,46,9,49
H?`DT`p,53,3,74
H?`DT`q,51,1,108
H?`DT`r,96,6,63
H?`DT`s,45,5,46
H?`DT`t,58,8,38
H?`DT`u,62,6,49
H?`DT`v,55,10,47
H?`DT`w,31,0,49
H?`DT`x,43,2,98
H?`DT`y,50,2,124
H?`DT`z,93,8,67
H?`DT`{,49,5,50
H?`DT`|,53,9,50
H?`DT`},58,8,60
H?`DT`~,45,12,48
H?`DTbB,92,8,35
H?`DTbD,64,4,53
H?`DTbE,74,4,54
H?`DTbF,60,8,64
H?`DTbH,48,2,67
H?`DTbI,76,1,67
H?`DTbJ,97,2,61
H?`DTbL,64,4,52
H?`DTbM,71,4,57
H?`DTbN,49,9,59
H?`DTbP,42,1,77
H?`DTbQ,40,3,107
H?`DTbR,97,4,64
H?`DTbT,63,4,50
H?`DTbU,68,4,58
H?`DTbV,58,9,59
H?`DTbX,35,3,94
H?`DTbY,45,3,117
H?`DTbZ,99,5,64
H?`DTb[,49,4,51
H?`DTb\,57,8,47
H?`DTb],69,8,49
H?`DTb^,47,12,46
H?`DTb`,50,2,47
H?`DTba,65,1,60
H?`DTbb,96,2,42
H?`DTbd,59,3,34
H?`DTbe,72,4,32
H?`DTbf,58,4,42
H?`DTbh,42,1,67
H?`DTbi,62,5,73
H?`DTbj,99,2,53
H?`DTbk,44,4,36
H?`DTbl,53,5,33
H?`DTbm,71,7,26
H?`DTbn,47,9,28
H?`DTbp,36,3,82
H?`DTbq,42,4,108
H?`DTbr,98,6,64
H?`DTbs,39,6,33
H?`DTbt,59,8,31
H?`DTbu,58,7,47
H?`DTbv,51,9,45
H?`DTbw,17,4,45
H?`DTbx,33,5,94
H?`DTby,48,7,113
H?`DTbz,99,8,62
H?`DTb{,41,6,37
H?`DTb|,47,9,34
H?`DTb},57,8,40
H?`DTb~,36,11,17
H?`DTpU,59,7,64
H?`DTpV,51,13,62
H?`DTpe,58,8,42
H?`DTpf,52,11,41
H?`DTpr,96,8,64
H?`DTps,43,6,55
H?`DTpt,56,10,46
H?`DTpu,56,9,47
H?`DTpv,44,13,48
H?`DTrF,51,14,65
H?`DTrJ,106,4,66
H?`DTrL,65,6,59
H?`DTrM,58,6,66
H?`DTrN,47,11,68
H?`DTrR,97,5,66
H?`DTrT,58,6,62
H?`DTrU,56,6,64
H?`DTrV,47,12,61
H?`DTrX,26,7,111
H?`DTrY,34,4,106
H?`DTrZ,101,7,74
H?`DTr[,44,6,62
H?`DTr\,56,10,54
H?`DTr],56,10,54
H?`DTr^,44,14,54
H?`DTrb,103,4,47
H?`DTrd,61,5,38
H?`DTre,59,6,39
H?`DTrf,46,9,43
H?`DTrh,46,4,71
H?`DTri,51,3,67
H?`DTrj,105,4,59
H?`DTrk,42,6,43
H?`DTrl,56,7,35
H?`DTrm,58,9,31
H?`DTrn,47,11,32
H?`DTrp,25,6,101
H?`DTrq,31,4,97
H?`DTrr,97,7,65
H?`DTrs,47,7,44
H?`DTrt,53,10,27
H?`DTru,50,9,31
H?`DTrv,42,12,26
H?`DTrw,15,11,46
H?`DTrx,28,7,108
H?`DTry,37,9,97
H?`DTrz,102,10,70
H?`DTr{,41,8,41
H?`DTr|,52,11,33
H?`DTr},52,10,34
H?`DTr~,35,13,20
H?`DTtv,47,17,48
H?`DTvN,55,14,66
H?`DTvV,54,15,59
H?`DTvZ,99,10,45
H?`DTv[,44,11,50
H?`DTv\,45,15,52
H?`DTv],49,14,49
H?`DTv^,48,18,53
H?`DTvf,54,9,42
H?`DTvj,99,6,38
H?`DTvk,44,7,33
H?`DTvl,46,9,35
H?`DTvm,47,10,33
H?`DTvn,52,13,31
H?`DTvr,94,8,24
H?`DTvs,44,10,21
H?`DTvt,45,12,23
H?`DTvu,44,12,24
H?`DTvv,44,14,27
H?`DTvw,27,8,56
H?`DTvx,104,10,68
H?`DTvy,92,12,64
H?`DTvz,94,12,29
H?`DTv{,33,11,20
H?`DTv|,34,13,21
H?`DTv},35,13,20
H?`DTv~,36,15,21
H?`DUGZ,63,4,63
H?`DUGr,53,5,41
H?`DUGy,34,5,41
H?`DUGz,55,8,45
H?`DUHR,61,2,57
H?`DUHU,75,3,62
H?`DUHV,79,7,68
H?`DUHY,54,2,54
H?`DUHZ,60,4,68
H?`DUH[,51,0,59
H?`DUH\,62,2,68
H?`DUH],60,4,68
H?`DUH^,62,8,74
H?`DUHq,47,3,27
H?`DUHr,47,5,32
H?`DUHs,44,2,31
H?`DUHt,57,4,35
H?`DUHu,55,4,37
H?`DUHv,53,7,44
H?`DUHw,36,2,28
H?`DUHx,56,3,37
H?`DUHy,46,4,34
H?`DUHz,47,5,39
H?`DUH{,35,4,33
H?`DUH|,51,5,48
H?`DUH},46,6,39
H?`DUH~,46,8,44
H?`DUIZ,71,5,56
H?`DUIr,49,4,31
H?`DUIw,42,3,25
H?`DUIx,57,4,35
H?`DUIy,43,5,29
H?`DUIz,50,6,35
H?`DUJR,63,2,67
H?`DUJT,72,1,70
H?`DUJU,74,3,66
H?`DUJV,77,9,70
H?`DUJW,35,2,43
H?`DUJX,59,2,49
H?`DUJY,51,4,44
H?`DUJZ,59,5,56
H?`DUJ[,57,3,50
H?`DUJ\,60,5,55
H?`DUJ],57,6,57
H?`DUJ^,60,9,61
H?`DUJo,35,2,18
H?`DUJp,59,3,22
H?`DUJq,49,3,20
H?`DUJr,46,4,28
H?`DUJs,56,3,25
H?`DUJt,50,5,23
H?`DUJu,47,4,27
H?`DUJv,47,7,30
H?`DUJw,36,4,20
H?`DUJx,46,5,27
H?`DUJy,41,5,19
H?`DUJz,40,6,24
H?`DUJ{,37,5,23
H?`DUJ|,47,6,31
H?`DUJ},39,6,25
H?`DUJ~,35,8,17
H?`DUL\,57,5,82
H?`DUL],58,7,79
H?`DUL^,61,11,84
H?`DULt,53,5,46
H?`DULu,54,6,44
H?`DULv,57,8,47
H?`DULy,43,5,43
H?`DULz,47,6,45
H?`DUL{,44,5,42
H?`DUL|,46,6,46
H?`DUL},44,8,46
H?`DUL~,47,9,49
H?`DUMy,45,6,40
H?`DUMz,52,7,39
H?`DUNT,70,3,83
H?`DUNU,67,6,83
H?`DUNV,75,11,83
H?`DUNY,47,5,56
H?`DUNZ,60,8,62
H?`DUN[,54,4,62
H?`DUN\,56,8,66
H?`DUN],53,8,69
H?`DUN^,60,12,68
H?`DUNq,46,4,28
H?`DUNr,46,5,33
H?`DUNs,48,4,26
H?`DUNt,47,6,31
H?`DUNu,47,6,31
H?`DUNv,50,8,32
H?`DUNw,29,6,17
H?`DUNx,31,7,18
H?`DUNy,38,6,26
H?`DUNz,40,7,28
H?`DUN{,30,6,20
H?`DUN|,33,7,20
H?`DUN},31,8,21
H?`DUN~,34,9,21
H?`DUOV,66,4,70
H?`DUOr,79,2,54
H?`DUOt,59,2,49
H?`DUOv,54,5,49
H?`DUPR,98,1,54
H?`DUPT,49,1,70
H?`DUPV,66,6,71
H?`DUPp,73,1,56
H?`DUPr,102,3,49
H?`DUPs,29,2,46
H?`DUPt,49,4,43
H?`DUPu,47,4,45
H?`DUPv,42,5,44
H?`DUQV,67,2,74
H?`DUQZ,95,1,48
H?`DUQ\,65,2,65
H?`DUQ],66,1,65
H?`DUQ^,67,4,73
H?`DUQr,83,3,44
H?`DUQs,47,1,40
H?`DUQt,52,3,41
H?`DUQu,52,3,41
H?`DUQv,45,4,42
H?`DUQx,62,3,65
H?`DUQy,65,2,63
H?`DUQz,91,5,47
H?`DUQ{,49,3,44
H?`DUQ|,52,5,47
H?`DUQ},48,5,51
H?`DUQ~,45,6,47
H?`DURR,103,1,56
H?`DURS,52,1,57
H?`DURT,66,2,64
H?`DURU,65,3,64
H?`DURV,69,5,70
H?`DURX,72,1,57
H?`DURY,73,2,65
H?`DURZ,113,2,61
H?`DUR[,56,3,62
H?`DUR\,59,5,56
H?`DUR],56,4,60
H?`DUR^,63,6,61
H?`DURo,18,3,39
H?`DURp,64,3,54
H?`DURq,76,2,54
H?`DURr,104,4,48
H?`DURs,48,3,33
H?`DURt,44,5,29
H?`DURu,45,5,28
H?`DURv,39,6,25
H?`DURw,19,5,42
H?`DURx,67,4,61
H?`DURy,77,4,63
H?`DURz,107,6,56
H?`DUR{,41,4,33
H?`DUR|,45,6,33
H?`DUR},43,6,35
H?`DUR~,34,7,19
H?`DUTt,43,4,44
H?`DUTv,47,7,44
H?`DUU\,66,3,75
H?`DUU^,72,7,77
H?`DUUt,46,3,42
H?`DUUv,46,5,47
H?`DUUy,91,4,48
H?`DUUz,78,6,36
H?`DUU{,42,4,45
H?`DUU|,41,5,52
H?`DUU},41,6,51
H?`DUU~,46,7,52
H?`DUVT,63,3,78
H?`DUVV,69,8,79
H?`DUVX,109,1,66
H?`DUVZ,96,5,67
H?`DUV[,56,3,61
H?`DUV\,58,6,66
H?`DUV],55,7,68
H?`DUV^,64,10,66
H?`DUVp,100,4,52
H?`DUVr,83,4,30
H?`DUVs,41,4,20
H?`DUVt,41,5,24
H?`DUVu,40,6,24
H?`DUVv,41,7,27
H?`DUVw,49,3,44
H?`DUVx,105,6,58
H?`DUVy,104,4,61
H?`DUVz,85,6,35
H?`DUV{,30,5,21
H?`DUV|,33,6,21
H?`DUV},31,7,22
H?`DUV~,35,8,21
H?`DUXU,59,5,79
H?`DUXs,28,3,41
H?`DUXt,51,5,48
H?`DUXu,41,5,45
H?`DUXv,42,9,47
H?`DUYy,42,5,44
H?`DUYz,49,8,41
H?`DUZU,60,5,79
H?`DUZV,66,9,81
H?`DUZY,60,4,56
H?`DUZZ,58,7,65
H?`DUZ[,51,5,64
H?`DUZ\,59,8,63
H?`DUZ],56,8,66
H?`DUZ^,60,12,68
H?`DUZq,39,3,23
H?`DUZr,39,5,26
H?`DUZs,43,4,31
H?`DUZt,46,5,33
H?`DUZu,39,5,26
H?`DUZv,39,8,28
H?`DUZw,33,4,28
H?`DUZx,48,5,31
H?`DUZy,37,5,28
H?`DUZz,38,7,30
H?`DUZ{,33,5,32
H?`DUZ|,48,7,35
H?`DUZ},38,6,31
H?`DUZ~,33,9,22
H?`DU\v,46,11,48
H?`DU^[,57,8,65
H?`DU^\,59,11,70
H?`DU^],55,12,73
H?`DU^^,62,15,73
H?`DU^s,43,5,22
H?`DU^t,43,7,25
H?`DU^u,40,8,27
H?`DU^v,42,9,29
H?`DU^y,36,7,32
H?`DU^z,39,8,33
H?`DU^{,32,6,22
H?`DU^|,34,8,22
H?`DU^},32,9,23
H?`DU^~,34,10,24
H?`DU_N,60,7,93
H?`DU_V,71,5,89
H?`DU_Z,85,3,65
H?`DU_\,66,2,75
H?`DU_],74,2,78
H?`DU_^,63,5,88
H?`DU_f,57,1,52
H?`DU_j,89,1,45
H?`DU_l,58,1,51
H?`DU_m,57,0,53
H?`DU_n,49,3,56
H?`DU_r,88,3,59
H?`DU_t,67,2,51
H?`DU_u,78,3,51
H?`DU_v,64,6,60
H?`DU_y,54,0,116
H?`DU_z,88,5,72
H?`DU_{,38,1,57
H?`DU_|,62,5,63
H?`DU_},72,5,66
H?`DU_~,51,8,67
H?`DU`F,76,3,91
H?`DU`J,94,7,70
H?`DU`L,69,2,79
H?`DU`M,76,4,80
H?`DU`N,62,8,95
H?`DU`R,93,4,83
H?`DU`T,45,2,83
H?`DU`U,68,2,73
H?`DU`V,78,7,83
H?`DU`X,65,0,85
H?`DU`Y,66,1,123
H?`DU`Z,98,2,87
H?`DU`[,49,1,71
H?`DU`\,62,2,80
H?`DU`],69,4,83
H?`DU`^,60,8,88
H?`DU`b,102,1,47
H?`DU`d,66,1,32
H?`DU`e,73,2,35
H?`DU`f,63,3,42
H?`DU`h,62,1,67
H?`DU`j,99,2,64
H?`DU`k,38,1,38
H?`DU`l,59,2,47
H?`DU`m,70,3,47
H?`DU`n,48,5,51
H?`DU`p,59,2,82
H?`DU`r,100,3,77
H?`DU`s,36,2,46
H?`DU`t,57,5,42
H?`DU`u,63,4,50
H?`DU`v,55,8,49
H?`DU`w,36,1,51
H?`DU`x,51,2,103
H?`DU`y,70,1,133
H?`DU`z,96,5,81
H?`DU`{,39,5,47
H?`DU`|,54,6,52
H?`DU`},56,7,63
H?`DU`~,46,9,50
H?`DUaF,69,6,105
H?`DUaJ,93,0,51
H?`DUaL,68,2,80
H?`DUaM,79,1,80
H?`DUaN,71,4,90
H?`DUaT,66,0,88
H?`DUaU,72,1,70
H?`DUaV,71,4,93
H?`DUaY,83,0,79
H?`DUaZ,97,4,59
H?`DUa\,64,2,78
H?`DUa],79,4,73
H?`DUa^,65,6,85
H?`DUab,90,0,36
H?`DUad,60,1,38
H?`DUae,67,0,43
H?`DUaf,62,1,45
H?`DUah,80,0,37
H?`DUaj,101,1,38
H?`DUal,57,1,50
H?`DUam,68,1,51
H?`DUan,52,4,48
H?`DUaq,55,1,104
H?`DUar,89,4,61
H?`DUat,62,3,39
H?`DUau,67,3,47
H?`DUav,57,6,49
H?`DUax,44,3,96
H?`DUay,67,3,106
H?`DUaz,92,7,57
H?`DUa{,49,3,52
H?`DUa|,55,5,52
H?`DUa},64,7,55
H?`DUa~,47,8,50
H?`DUbB,95,8,68
H?`DUbD,69,1,100
H?`DUbE,74,2,94
H?`DUbF,71,5,111
H?`DUbH,71,0,64
H?`DUbI,90,0,81
H?`DUbJ,104,0,76
H?`DUbL,66,1,87
H?`DUbM,81,5,79
H?`DUbN,68,6,94
H?`DUbP,47,0,103
H?`DUbQ,63,9,108
H?`DUbR,101,4,93
H?`DUbT,63,1,104
H?`DUbU,63,3,78
H?`DUbV,70,10,102
H?`DUbX,47,1,95
H?`DUbY,76,1,110
H?`DUbZ,106,4,82
H?`DUb[,59,4,69
H?`DUb\,60,6,64
H?`DUb],67,6,70
H?`DUb^,59,10,71
H?`DUb`,60,1,49
H?`DUba,81,0,69
H?`DUbb,103,0,51
H?`DUbd,62,2,32
H?`DUbe,73,2,33
H?`DUbf,61,4,39
H?`DUbh,47,1,73
H?`DUbi,100,1,64
H?`DUbj,107,2,59
H?`DUbk,46,3,35
H?`DUbl,53,4,34
H?`DUbm,67,6,31
H?`DUbn,47,7,30
H?`DUbp,41,2,89
H?`DUbq,63,2,115
H?`DUbr,101,3,78
H?`DUbs,42,3,33
H?`DUbt,57,6,35
H?`DUbu,58,4,50
H?`DUbv,55,8,42
H?`DUbw,18,3,51
H?`DUbx,41,4,98
H?`DUby,73,9,113
H?`DUbz,100,7,75
H?`DUb{,42,6,36
H?`DUb|,49,7,34
H?`DUb},52,7,46
H?`DUb~,37,9,18
H?`DUhM,60,4,101
H?`DUhU,68,3,97
H?`DUhY,54,2,88
H?`DUh[,45,0,87
H?`DUh\,59,6,91
H?`DUh],55,4,97
H?`DUh^,57,12,99
H?`DUhe,56,3,49
H?`DUhf,58,5,54
H?`DUhi,44,2,50
H?`DUhk,33,2,49
H?`DUhl,57,4,56
H?`DUhm,46,4,54
H?`DUhn,45,8,59
H?`DUhs,41,4,46
H?`DUht,56,7,49
H?`DUhu,53,6,53
H?`DUhv,53,10,57
H?`DUhy,45,5,48
H?`DUhz,42,8,55
H?`DUh{,31,6,47
H?`DUh|,52,8,60
H?`DUh},43,8,54
H?`DUh~,43,12,57
H?`DUiy,45,7,46
H?`DUiz,45,10,50
H?`DUjL,69,6,93
H?`DUjM,65,6,97
H?`DUjN,64,11,107
H?`DUjT,64,2,103
H?`DUjU,60,4,105
H?`DUjV,65,10,107
H?`DUjY,57,5,68
H?`DUjZ,56,8,76
H?`DUj[,55,5,70
H?`DUj\,58,9,73
H?`DUj],52,8,80
H?`DUj^,55,13,82
H?`DUjd,58,4,42
H?`DUje,59,3,42
H?`DUjf,57,4,51
H?`DUji,44,2,45
H?`DUjj,46,6,46
H?`DUjk,41,4,33
H?`DUjl,50,5,43
H?`DUjm,43,7,34
H?`DUjn,43,9,38
H?`DUjq,45,4,35
H?`DUjr,40,7,43
H?`DUjs,53,5,40
H?`DUjt,52,7,31
H?`DUju,46,6,38
H?`DUjv,48,10,38
H?`DUjw,31,5,34
H?`DUjx,47,6,37
H?`DUjy,42,7,26
H?`DUjz,38,9,33
H?`DUj{,33,7,35
H?`DUj|,48,8,40
H?`DUj},41,8,31
H?`DUj~,34,11,23
H?`DUl^,58,18,104
H?`DUln,52,12,56
H?`DUlv,53,14,61
H?`DUl{,46,8,51
H?`DUl|,47,12,53
H?`DUl},45,12,55
H?`DUl~,47,15,57
H?`DUnN,68,18,110
H?`DUnV,66,19,110
H?`DUn[,55,8,77
H?`DUn\,55,13,82
H?`DUn],54,13,83
H?`DUn^,56,17,87
H?`DUnf,62,8,50
H?`DUnk,42,5,37
H?`DUnl,44,8,38
H?`DUnm,42,9,39
H?`DUnn,48,11,37
H?`DUns,47,6,37
H?`DUnt,47,10,39
H?`DUnu,44,9,43
H?`DUnv,48,12,42
H?`DUny,40,9,31
H?`DUnz,40,11,34
H?`DUn{,32,8,24
H?`DUn|,34,11,23
H?`DUn},34,11,23
H?`DUn~,36,13,23
H?`DUov,50,11,65
H?`DUpU,62,6,88
H?`DUpV,66,11,92
H?`DUpf,51,7,46
H?`DUpr,97,6,79
H?`DUps,33,4,54
H?`DUpt,55,7,50
H?`DUpu,54,7,51
H?`DUpv,45,11,49
H?`DUq\,63,6,87
H?`DUq],63,4,89
H?`DUq^,63,10,95
H?`DUqf,50,3,51
H?`DUql,60,2,55
H?`DUqm,56,2,59
H?`DUqn,51,7,54
H?`DUqt,57,6,49
H?`DUqu,58,5,49
H?`DUqv,45,8,52
H?`DUqy,53,3,100
H?`DUqz,90,10,69
H?`DUq{,46,3,63
H?`DUq|,57,7,56
H?`DUq},52,8,60
H?`DUq~,46,11,55
H?`DUrF,69,13,110
H?`DUrL,65,6,97
H?`DUrM,67,6,95
H?`DUrN,70,12,100
H?`DUrT,63,5,88
H?`DUrU,61,5,90
H?`DUrV,61,10,97
H?`DUrX,41,2,113
H?`DUrY,58,2,108
H?`DUrZ,110,6,92
H?`DUr[,56,6,81
H?`DUr\,59,10,71
H?`DUr],57,9,74
H?`DUr^,60,14,76
H?`DUrb,106,4,58
H?`DUrd,61,3,40
H?`DUre,58,3,43
H?`DUrf,48,6,44
H?`DUrh,47,3,82
H?`DUri,72,2,70
H?`DUrj,112,5,65
H?`DUrk,43,4,44
H?`DUrl,56,5,37
H?`DUrm,53,7,38
H?`DUrn,47,9,34
H?`DUrp,30,4,109
H?`DUrq,53,3,100
H?`DUrr,99,6,77
H?`DUrs,50,5,43
H?`DUrt,50,7,33
H?`DUru,47,7,36
H?`DUrv,42,10,28
H?`DUrw,18,6,54
H?`DUrx,29,10,115
H?`DUry,59,7,102
H?`DUrz,102,10,83
H?`DUr{,41,6,43
H?`DUr|,51,9,36
H?`DUr},48,8,40
H?`DUr~,38,11,19
H?`DUtv,45,14,53
H?`DUu^,68,14,98
H?`DUun,53,9,58
H?`DUuv,45,11,56
H?`DUu{,47,7,51
H?`DUu|,42,11,59
H?`DUu},45,10,57
H?`DUu~,45,14,60
H?`DUvN,73,17,106
H?`DUvV,65,13,102
H?`DUvZ,101,8,87
H?`DUv[,59,10,71
H?`DUv\,59,13,78
H?`DUv],57,13,80
H?`DUv^,62,17,81
H?`DUvf,52,7,46
H?`DUvj,98,5,51
H?`DUvk,44,5,35
H?`DUvl,45,7,38
H?`DUvm,42,8,40
H?`DUvn,49,10,37
H?`DUvr,89,6,40
H?`DUvs,45,7,23
H?`DUvt,43,10,27
H?`DUvu,42,9,29
H?`DUvv,42,12,31
H?`DUvw,43,6,63
H?`DUvx,98,7,90
H?`DUvy,97,12,86
H?`DUvz,88,9,47
H?`DUv{,35,8,21
H?`DUv|,35,11,22
H?`DUv},36,10,22
H?`DUv~,37,13,22
H?`DUxu,45,11,49
H?`DUxv,44,16,52
H?`DUz[,56,10,74
H?`DUz\,60,13,77
H?`DUz],55,13,82
H?`DUz^,58,18,84
H?`DUze,48,6,44
H?`DUzf,48,9,48
H?`DUzk,39,7,38
H?`DUzl,52,8,45
H?`DUzm,42,10,38
H?`DUzn,45,13,38
H?`DUzs,45,10,35
H?`DUzt,50,11,35
H?`DUzu,41,11,28
H?`DUzv,41,14,30
H?`DUzy,40,11,29
H?`DUzz,38,13,34
H?`DUz{,33,11,36
H?`DUz|,49,13,40
H?`DUz},41,12,32
H?`DUz~,34,15,23
H?`DU~],56,18,86
H?`DU~^,61,21,88
H?`DU~m,41,12,43
H?`DU~n,47,15,40
H?`DU~u,41,14,30
H?`DU~v,41,16,33
H?`DU~{,33,12,23
H?`DU~|,34,15,23
H?`DU~},35,15,22
H?`DU~~,36,17,23
H?`DV?V,57,4,60
H?`DV?Z,82,4,58
H?`DV?^,52,5,63
H?`DV?r,84,1,50
H?`DV?v,59,4,57
H?`DV?z,85,3,62
H?`DV?{,47,1,51
H?`DV?|,57,3,60
H?`DV?},71,3,70
H?`DV?~,50,6,61
H?`DV@R,93,1,66
H?`DV@T,42,2,55
H?`DV@V,57,4,59
H?`DV@Z,96,2,67
H?`DV@[,32,2,54
H?`DV@\,52,3,65
H?`DV@],62,2,80
H?`DV@^,54,6,57
H?`DV@r,106,2,57
H?`DV@s,45,2,41
H?`DV@t,55,4,37
H?`DV@u,64,3,53
H?`DV@v,52,5,47
H?`DV@w,32,1,47
H?`DV@x,69,3,71
H?`DV@y,94,3,112
H?`DV@z,105,4,59
H?`DV@{,48,3,45
H?`DV@|,47,5,52
H?`DV@},55,5,70
H?`DV@~,45,6,47
H?`DVAV,62,2,56
H?`DVAZ,89,2,59
H?`DVA[,47,0,52
H?`DVA\,59,2,59
H?`DVA],73,2,69
H?`DVA^,54,5,58
H?`DVAr,86,3,51
H?`DVAt,58,3,35
H?`DVAu,71,2,47
H?`DVAv,55,4,45
H?`DVAx,60,3,67
H?`DVAy,85,5,90
H?`DVAz,91,5,47
H?`DVA{,49,3,44
H?`DVA|,52,5,47
H?`DVA},64,5,61
H?`DVA~,46,6,46
H?`DVBR,100,1,64
H?`DVBT,56,3,49
H?`DVBU,69,2,61
H?`DVBV,58,5,54
H?`DVBX,51,3,78
H?`DVBY,95,3,100
H?`DVBZ,100,3,65
H?`DVB[,45,4,47
H?`DVB\,50,6,48
H?`DVB],63,5,62
H?`DVB^,47,6,45
H?`DVBp,63,2,56
H?`DVBq,82,6,99
H?`DVBr,102,3,63
H?`DVBs,42,3,27
H?`DVBt,55,5,31
H?`DVBu,62,5,50
H?`DVBv,52,6,40
H?`DVBw,17,4,45
H?`DVBx,61,4,67
H?`DVBy,93,10,101
H?`DVBz,109,6,54
H?`DVB{,43,4,31
H?`DVB|,44,6,34
H?`DVB},55,6,51
H?`DVB~,35,7,18
H?`DVH],51,5,61
H?`DVH^,55,12,59
H?`DVHu,53,7,44
H?`DVHv,53,10,49
H?`DVHy,44,5,42
H?`DVHz,45,8,45
H?`DVH{,44,5,42
H?`DVH|,51,8,53
H?`DVH},42,8,48
H?`DVH~,45,12,48
H?`DVIy,45,6,40
H?`DVIz,51,9,38
H?`DVJU,57,4,56
H?`DVJV,63,8,55
H?`DVJY,45,4,42
H?`DVJZ,48,7,43
H?`DVJ[,42,5,44
H?`DVJ\,54,7,51
H?`DVJ],44,7,47
H?`DVJ^,47,11,47
H?`DVJq,47,4,27
H?`DVJr,45,5,34
H?`DVJs,51,5,35
H?`DVJt,49,7,28
H?`DVJu,46,7,31
H?`DVJv,47,9,34
H?`DVJw,35,5,25
H?`DVJx,49,6,29
H?`DVJy,40,6,24
H?`DVJz,40,8,27
H?`DVJ{,34,6,30
H?`DVJ|,46,8,36
H?`DVJ},38,8,29
H?`DVJ~,32,11,21
H?`DVL{,45,8,45
H?`DVL|,44,11,50
H?`DVL},44,11,50
H?`DVL~,45,13,54
H?`DVN],44,11,50
H?`DVN^,46,13,53
H?`DVNs,49,7,28
H?`DVNt,49,8,33
H?`DVNu,48,8,34
H?`DVNv,51,9,36
H?`DVNy,38,8,29
H?`DVNz,39,9,32
H?`DVN{,31,8,21
H?`DVN|,32,10,22
H?`DVN},31,10,23
H?`DVN~,32,11,25
H?`DVPV,52,6,59
H?`DVPs,42,2,52
H?`DVPt,48,4,52
H?`DVPu,49,4,51
H?`DVPv,42,5,51
H?`DVQ],58,2,70
H?`DVQ^,52,6,68
H?`DVQu,52,3,49
H?`DVQv,44,4,50
H?`DVQy,63,3,77
H?`DVQz,94,5,57
H?`DVQ{,42,3,59
H?`DVQ|,53,5,54
H?`DVQ},47,5,60
H?`DVQ~,44,6,55
H?`DVRT,52,3,62
H?`DVRU,53,2,62
H?`DVRV,51,5,56
H?`DVRY,61,3,92
H?`DVRZ,104,3,75
H?`DVR[,40,4,60
H?`DVR\,51,6,55
H?`DVR],49,5,58
H?`DVR^,45,6,54
H?`DVRq,64,2,78
H?`DVRr,105,4,60
H?`DVRs,47,3,41
H?`DVRt,46,5,33
H?`DVRu,44,5,35
H?`DVRv,41,6,28
H?`DVRw,16,6,50
H?`DVRx,55,4,84
H?`DVRy,67,6,83
H?`DVRz,109,6,67
H?`DVR{,42,4,38
H?`DVR|,47,6,37
H?`DVR},44,6,40
H?`DVR~,35,7,22
H?`DVTv,46,10,49
H?`DVU{,42,5,51
H?`DVU|,42,8,55
H?`DVU},41,7,57
H?`DVU~,45,10,57
H?`DVVV,53,11,56
H?`DVV[,40,5,53
H?`DVV\,44,8,53
H?`DVV],41,8,56
H?`DVV^,46,11,55
H?`DVVs,41,5,24
H?`DVVt,43,7,25
H?`DVVu,39,7,29
H?`DVVv,42,9,29
H?`DVVw,50,6,48
H?`DVVx,109,6,67
H?`DVVy,109,6,67
H?`DVVz,94,7,34
H?`DVV{,32,6,22
H?`DVV|,33,8,23
H?`DVV},32,8,24
H?`DVV~,33,10,25
H?`DVZ],42,9,54
H?`DVZ^,43,13,56
H?`DVZu,39,9,27
H?`DVZv,40,12,28
H?`DVZy,38,8,29
H?`DVZz,38,10,32
H?`DVZ{,34,8,33
H?`DVZ|,50,9,37
H?`DVZ},39,10,31
H?`DVZ~,33,13,22
H?`DV^{,33,12,19
H?`DV^|,33,14,21
H?`DV^},33,13,22
H?`DV^~,34,15,23
H?`DV_],69,7,80
H?`DV_m,67,2,63
H?`DV_{,48,3,66
H?`DV_|,59,10,71
H?`DV_},62,7,85
H?`DV_~,48,12,75
H?`DV`M,67,9,68
H?`DV`N,53,14,63
H?`DV`U,63,6,74
H?`DV`V,61,10,69
H?`DV`[,34,4,66
H?`DV`\,57,6,77
H?`DV`],62,6,86
H?`DV`^,52,13,70
H?`DV`e,70,4,46
H?`DV`f,63,6,48
H?`DV`k,49,3,44
H?`DV`l,61,5,51
H?`DV`m,68,5,57
H?`DV`n,47,10,55
H?`DV`s,46,5,53
H?`DV`t,56,8,48
H?`DV`u,60,7,59
H?`DV`v,55,11,54
H?`DV`w,31,2,63
H?`DV`x,37,4,128
H?`DV`y,62,2,157
H?`DV`z,91,9,96
H?`DV`{,46,7,59
H?`DV`|,52,9,59
H?`DV`},50,9,76
H?`DV`~,45,13,54
H?`DVa],72,6,76
H?`DVa^,51,12,72
H?`DVal,58,3,56
H?`DVam,69,3,58
H?`DVan,52,8,52
H?`DVat,59,7,46
H?`DVau,65,4,57
H?`DVav,54,9,57
H?`DVay,61,5,126
H?`DVaz,90,10,69
H?`DVa{,44,5,63
H?`DVa|,52,10,58
H?`DVa},55,9,71
H?`DVa~,44,12,56
H?`DVbF,65,10,68
H?`DVbL,63,5,62
H?`DVbM,70,5,68
H?`DVbN,51,11,64
H?`DVbT,59,5,62
H?`DVbU,62,5,73
H?`DVbV,60,10,65
H?`DVbY,64,4,140
H?`DVbZ,97,8,91
H?`DVb[,45,7,60
H?`DVb\,53,9,58
H?`DVb],57,9,69
H?`DVb^,45,13,54
H?`DVbd,61,4,39
H?`DVbe,70,4,43
H?`DVbf,62,5,45
H?`DVbh,50,2,80
H?`DVbi,90,3,87
H?`DVbj,110,4,68
H?`DVbk,44,5,42
H?`DVbl,56,6,36
H?`DVbm,65,8,39
H?`DVbn,47,11,32
H?`DVbp,33,4,106
H?`DVbq,52,6,137
H?`DVbr,96,6,94
H?`DVbs,39,6,39
H?`DVbt,55,8,42
H?`DVbu,55,7,58
H?`DVbv,53,10,49
H?`DVbw,18,7,53
H?`DVbx,27,9,118
H?`DVby,65,9,136
H?`DVbz,97,10,88
H?`DVb{,38,8,44
H?`DVb|,46,10,40
H?`DVb},50,9,53
H?`DVb~,36,12,20
H?`DVc~,47,15,82
H?`DVd^,50,16,78
H?`DVdn,49,11,60
H?`DVdv,53,14,61
H?`DVdz,87,10,68
H?`DVd{,45,9,51
H?`DVd|,44,12,56
H?`DVd},43,12,57
H?`DVd~,44,15,60
H?`DVen,51,10,59
H?`DVev,55,14,59
H?`DVe{,44,8,53
H?`DVe|,39,11,62
H?`DVe},43,11,58
H?`DVe~,42,14,63
H?`DVfN,51,13,71
H?`DVfV,58,15,71
H?`DVf[,44,9,52
H?`DVf\,41,12,59
H?`DVf],45,12,55
H?`DVf^,43,15,61
H?`DVff,62,7,51
H?`DVfj,99,6,49
H?`DVfk,44,6,34
H?`DVfl,43,8,39
H?`DVfm,42,9,39
H?`DVfn,46,11,39
H?`DVfr,93,7,65
H?`DVfs,35,7,33
H?`DVft,52,10,50
H?`DVfu,37,9,34
H?`DVfv,53,12,54
H?`DVfw,39,5,68
H?`DVfx,95,8,92
H?`DVfy,96,10,89
H?`DVfz,88,10,46
H?`DVf{,33,9,22
H?`DVf|,32,11,25
H?`DVf},34,11,23
H?`DVf~,34,13,25
H?`DVh{,45,10,50
H?`DVh|,51,12,65
H?`DVh},44,12,56
H?`DVh~,46,17,56
H?`DVj],46,12,54
H?`DVj^,45,17,57
H?`DVjk,43,7,34
H?`DVjl,51,9,45
H?`DVjm,45,11,34
H?`DVjn,47,14,35
H?`DVjs,53,10,42
H?`DVjt,51,11,34
H?`DVju,45,11,40
H?`DVjv,47,14,41
H?`DVjy,43,11,26
H?`DVjz,41,13,31
H?`DVj{,35,11,34
H?`DVj|,46,13,43
H?`DVj},42,12,31
H?`DVj~,36,15,21
H?`DVl},42,16,61
H?`DVl~,47,20,59
H?`DVnm,43,12,41
H?`DVnn,48,15,39
H?`DVnu,42,14,46
H?`DVnv,47,15,46
H?`DVn{,33,12,23
H?`DVn|,35,15,22
H?`DVn},35,15,22
H?`DVn~,37,17,22
H?`DVpu,49,10,61
H?`DVpv,42,14,56
H?`DVq{,42,7,71
H?`DVq|,48,11,69
H?`DVq},46,11,71
H?`DVq~,38,14,67
H?`DVrM,57,8,75
H?`DVrN,47,13,75
H?`DVrU,50,7,78
H?`DVrV,45,13,70
H?`DVr[,43,8,69
H?`DVr\,50,11,67
H?`DVr],48,11,69
H?`DVr^,40,15,64
H?`DVre,56,6,50
H?`DVrf,45,9,51
H?`DVrk,41,7,50
H?`DVrl,51,8,46
H?`DVrm,52,10,43
H?`DVrn,44,12,40
H?`DVrs,46,8,51
H?`DVrt,46,10,40
H?`DVru,42,10,44
H?`DVrv,39,13,33
H?`DVrw,18,12,54
H?`DVrx,30,8,127
H?`DVry,58,11,111
H?`DVrz,100,11,97
H?`DVr{,41,9,46
H?`DVr|,44,12,46
H?`DVr},45,11,46
H?`DVr~,34,14,24
H?`DVu},41,14,64
H?`DVu~,42,18,66
H?`DVv],44,15,60
H?`DVv^,43,19,64
H?`DVvm,40,11,45
H?`DVvn,46,14,42
H?`DVvu,40,13,32
H?`DVvv,40,15,35
H?`DVvy,102,16,90
H?`DVvz,90,13,50
H?`DVv{,33,12,23
H?`DVv|,33,14,25
H?`DVv},34,14,24
H?`DVv~,35,16,25
H?`DVz{,37,12,36
H?`DVz|,45,13,50
H?`DVz},42,13,35
H?`DVz~,38,16,22
H?`DV~},38,17,21
H?`DV~~,39,19,22
H?`D`pF,74,4,114
H?`D`pb,89,2,69
H?`D`pe,65,5,74
H?`D`pf,64,6,86
H?`D`pm,55,6,95
H?`D`pq,33,2,95
H?`D`pr,96,4,76
H?`D`ps,58,6,80
H?`D`pu,56,8,66
H?`D`pv,54,10,76
H?`D`py,16,1,126
H?`D`p},50,9,81
H?`D`rB,80,8,62
H?`D`rE,44,4,72
H?`D`rF,52,8,70
H?`D`rJ,81,2,82
H?`D`rK,31,0,89
H?`D`rM,54,3,73
H?`D`rN,47,10,69
H?`D`ra,29,2,79
H?`D`rb,88,2,64
H?`D`rc,47,2,59
H?`D`re,58,2,44
H?`D`rf,44,5,49
H?`D`rg,18,0,82
H?`D`ri,18,1,102
H?`D`rj,87,2,67
H?`D`rk,45,3,69
H?`D`rm,53,6,39
H?`D`rn,42,9,39
H?`D`ro,16,1,73
H?`D`rq,21,4,96
H?`D`rr,86,5,77
H?`D`rs,34,5,65
H?`D`ru,54,6,38
H?`D`rv,40,8,42
H?`D`rw,16,2,81
H?`D`ry,14,6,112
H?`D`rz,85,6,78
H?`D`r{,37,4,71
H?`D`r},47,7,36
H?`D`r~,34,10,20
H?`D`tf,67,12,89
H?`D`tu,57,10,73
H?`D`tv,60,15,75
H?`D`t},54,12,84
H?`D`vF,57,16,67
H?`D`vJ,92,7,45
H?`D`vN,50,15,70
H?`D`vb,91,4,37
H?`D`ve,47,5,46
H?`D`vf,48,8,49
H?`D`vj,89,5,36
H?`D`vk,45,8,31
H?`D`vm,46,10,34
H?`D`vn,45,12,39
H?`D`vq,74,2,80
H?`D`vr,89,7,47
H?`D`vs,43,6,35
H?`D`vu,44,9,37
H?`D`vv,44,11,41
H?`D`vw,14,4,66
H?`D`vy,72,8,76
H?`D`vz,89,9,28
H?`D`v{,32,9,19
H?`D`v},33,11,20
H?`D`v~,34,15,19
H?`DaWj,59,2,93
H?`DaWr,66,2,100
H?`DaWy,49,8,86
H?`DaWz,59,8,115
H?`DaXF,85,22,93
H?`DaXJ,59,12,139
H?`DaXL,45,15,100
H?`DaXM,69,12,129
H?`DaXN,69,30,121
H?`DaXb,55,1,76
H?`DaXd,83,2,69
H?`DaXe,68,2,73
H?`DaXf,70,4,82
H?`DaXg,43,0,57
H?`DaXi,53,2,66
H?`DaXj,54,3,87
H?`DaXk,44,1,87
H?`DaXl,69,2,97
H?`DaXm,55,4,97
H?`DaXn,57,11,101
H?`DaXp,66,1,65
H?`DaXq,61,2,69
H?`DaXr,58,3,82
H?`DaXs,40,0,68
H?`DaXt,67,5,71
H?`DaXu,56,6,68
H?`DaXv,54,9,77
H?`DaXw,43,1,64
H?`DaXx,69,2,72
H?`DaXy,56,6,68
H?`DaXz,52,7,81
H?`DaX{,41,3,73
H?`DaX|,57,7,90
H?`DaX},51,7,82
H?`DaX~,50,11,89
H?`DaYJ,71,8,91
H?`DaYb,44,2,42
H?`DaYj,61,4,55
H?`DaYq,23,2,45
H?`DaYr,50,4,50
H?`DaYw,28,4,45
H?`DaYx,63,5,49
H?`DaYy,40,7,37
H?`DaYz,45,8,45
H?`DaZB,37,7,76
H?`DaZC,49,0,95
H?`DaZE,58,8,124
H?`DaZF,58,14,137
H?`DaZG,44,2,74
H?`DaZJ,57,7,112
H?`DaZK,41,2,92
H?`DaZL,64,2,104
H?`DaZM,55,6,115
H?`DaZN,58,13,121
H?`DaZa,44,1,43
H?`DaZb,43,2,51
H?`DaZc,45,1,53
H?`DaZd,68,3,61
H?`DaZe,60,2,58
H?`DaZf,55,4,71
H?`DaZg,43,3,31
H?`DaZh,66,3,39
H?`DaZi,56,4,36
H?`DaZj,51,5,48
H?`DaZk,43,4,37
H?`DaZl,68,7,42
H?`DaZm,50,5,49
H?`DaZn,52,9,51
H?`DaZo,17,2,41
H?`DaZp,53,3,35
H?`DaZq,43,3,45
H?`DaZr,45,6,47
H?`DaZs,18,4,43
H?`DaZt,53,5,54
H?`DaZu,43,7,34
H?`DaZv,41,8,41
H?`DaZw,18,5,42
H?`DaZx,54,6,38
H?`DaZy,42,7,21
H?`DaZz,39,8,28
H?`DaZ{,20,7,43
H?`DaZ|,54,8,43
H?`DaZ},39,8,28
H?`DaZ~,35,10,19
H?`Da\N,75,40,125
H?`Da\l,67,7,95
H?`Da\m,64,8,97
H?`Da\n,67,15,100
H?`Da\t,54,7,79
H?`Da\u,55,7,78
H?`Da\v,58,12,80
H?`Da\x,59,5,76
H?`Da\y,55,7,78
H?`Da\z,57,10,83
H?`Da\{,49,5,86
H?`Da\|,50,10,90
H?`Da\},52,9,89
H?`Da\~,55,14,91
H?`Da]z,51,9,45
H?`Da^N,66,20,122
H?`Da^e,64,4,62
H?`Da^f,64,6,70
H?`Da^j,55,5,52
H?`Da^k,53,5,46
H?`Da^l,54,8,50
H?`Da^m,52,7,53
H?`Da^n,55,10,55
H?`Da^q,50,6,42
H?`Da^r,57,8,40
H?`Da^s,41,5,38
H?`Da^t,48,6,36
H?`Da^u,45,8,37
H?`Da^v,50,9,37
H?`Da^w,31,6,19
H?`Da^x,35,7,18
H?`Da^y,42,8,25
H?`Da^z,44,9,27
H?`Da^{,33,8,19
H?`Da^|,38,9,17
H?`Da^},35,10,19
H?`Da^~,39,11,18
H?`DbGZ,73,6,113
H?`DbGj,74,2,78
H?`DbGr,123,9,98
H?`DbGy,63,8,83
H?`DbGz,69,13,100
H?`DbHF,131,2,74
H?`DbHJ,65,8,81
H?`DbHN,80,12,112
H?`DbHR,102,2,126
H?`DbHT,115,0,115
H?`DbHV,113,10,97
H?`DbHZ,68,6,108
H?`DbH[,51,0,105
H?`DbH\,85,7,103
H?`DbH],66,7,109
H?`DbH^,69,15,112
H?`DbHb,137,0,61
H?`DbHd,144,0,24
H?`DbHf,142,4,44
H?`DbHi,62,2,57
H?`DbHj,67,3,74
H?`DbHk,61,0,82
H?`DbHl,86,2,80
H?`DbHm,71,3,82
H?`DbHn,74,11,84
H?`DbHr,112,6,113
H?`DbHs,53,2,125
H?`DbHt,94,6,131
H?`DbHu,109,4,118
H?`DbHv,111,12,69
H?`DbHw,59,2,59
H?`DbHx,72,4,67
H?`DbHy,60,7,63
H?`DbHz,58,10,72
H?`DbH{,58,4,68
H?`DbH|,66,9,79
H?`DbH},54,9,77
H?`DbH~,58,13,79
H?`DbIJ,74,6,52
H?`DbIR,117,8,117
H?`DbIY,29,4,47
H?`DbIZ,60,9,48
H?`DbIb,148,6,66
H?`DbIi,57,3,30
H?`DbIj,72,5,43
H?`DbIq,59,6,75
H?`DbIr,138,10,104
H?`DbIw,46,5,37
H?`DbIx,69,7,41
H?`DbIy,42,7,35
H?`DbIz,50,10,38
H?`DbJB,130,11,89
H?`DbJC,71,6,103
H?`DbJF,125,10,96
H?`DbJI,60,2,48
H?`DbJJ,67,3,62
H?`DbJK,52,1,57
H?`DbJL,79,4,61
H?`DbJM,67,4,61
H?`DbJN,67,9,67
H?`DbJR,113,11,128
H?`DbJS,49,8,130
H?`DbJT,92,10,126
H?`DbJU,104,12,124
H?`DbJV,117,12,92
H?`DbJW,36,3,45
H?`DbJX,66,4,47
H?`DbJY,46,4,41
H?`DbJZ,49,8,41
H?`DbJ[,34,7,50
H?`DbJ\,65,8,53
H?`DbJ],47,8,43
H?`DbJ^,49,12,44
H?`DbJ_,17,3,79
H?`DbJa,83,3,64
H?`DbJb,139,6,97
H?`DbJc,66,4,120
H?`DbJd,122,11,65
H?`DbJe,132,5,83
H?`DbJf,136,6,74
H?`DbJg,36,2,28
H?`DbJh,74,3,31
H?`DbJi,50,3,31
H?`DbJj,60,4,40
H?`DbJk,58,4,34
H?`DbJl,76,7,34
H?`DbJm,57,5,42
H?`DbJn,62,9,41
H?`DbJo,18,6,97
H?`DbJp,72,12,180
H?`DbJq,51,7,98
H?`DbJr,125,10,125
H?`DbJs,39,10,143
H?`DbJt,88,18,128
H?`DbJu,106,12,129
H?`DbJv,117,13,80
H?`DbJw,35,6,37
H?`DbJx,54,6,38
H?`DbJy,43,7,20
H?`DbJz,42,9,24
H?`DbJ{,36,8,40
H?`DbJ|,55,8,42
H?`DbJ},40,8,27
H?`DbJ~,35,11,18
H?`DbLN,83,19,119
H?`DbLV,106,15,119
H?`DbL\,64,12,120
H?`DbL^,64,20,126
H?`DbLf,149,6,54
H?`DbLl,75,6,88
H?`DbLm,71,6,92
H?`DbLn,75,14,93
H?`DbLt,98,9,85
H?`DbLv,105,13,90
H?`DbLy,57,10,73
H?`DbLz,59,13,78
H?`DbL{,56,8,76
H?`DbL|,53,12,85
H?`DbL},54,13,83
H?`DbL~,57,16,87
H?`DbMy,45,9,44
H?`DbMz,47,12,46
H?`DbNF,130,14,108
H?`DbNJ,68,6,69
H?`DbNM,62,10,71
H?`DbNN,64,12,78
H?`DbNV,109,12,117
H?`DbNY,44,6,48
H?`DbNZ,47,10,48
H?`DbN[,47,8,43
H?`DbN\,47,11,47
H?`DbN],47,11,47
H?`DbN^,49,14,49
H?`DbNe,119,5,80
H?`DbNf,142,7,85
H?`DbNi,49,5,37
H?`DbNj,60,5,47
H?`DbNk,58,5,41
H?`DbNl,58,8,46
H?`DbNm,55,8,49
H?`DbNn,60,10,50
H?`DbNq,101,11,135
H?`DbNr,123,13,144
H?`DbNs,87,10,85
H?`DbNt,104,14,92
H?`DbNu,94,13,89
H?`DbNv,111,13,101
H?`DbNw,31,6,19
H?`DbNx,31,9,20
H?`DbNy,42,8,25
H?`DbNz,42,10,28
H?`DbN{,33,8,19
H?`DbN|,34,10,20
H?`DbN},33,10,21
H?`DbN~,36,12,20
H?`DbON,55,10,144
H?`DbOV,67,2,123
H?`DbOZ,78,2,120
H?`DbO\,74,3,127
H?`DbO^,62,7,139
H?`DbOf,63,0,102
H?`DbOj,82,3,86
H?`DbOl,67,0,109
H?`DbOm,58,1,95
H?`DbOn,60,2,118
H?`DbOr,90,1,89
H?`DbOt,71,1,108
H?`DbOu,61,0,107
H?`DbOv,60,3,119
H?`DbOz,78,7,113
H?`DbO{,60,0,108
H?`DbO|,72,2,121
H?`DbO},62,6,114
H?`DbO~,57,8,131
H?`DbPF,74,2,111
H?`DbPJ,88,8,104
H?`DbPL,56,1,130
H?`DbPN,65,9,130
H?`DbPR,93,0,105
H?`DbPT,81,1,98
H?`DbPV,67,8,107
H?`DbPX,56,0,164
H?`DbPZ,91,2,123
H?`DbP[,51,1,104
H?`DbP\,74,2,119
H?`DbP],62,6,114
H?`DbP^,58,9,129
H?`DbPb,95,2,83
H?`DbPd,82,1,82
H?`DbPe,70,1,72
H?`DbPf,72,5,91
H?`DbPg,38,6,82
H?`DbPh,66,2,132
H?`DbPj,98,3,97
H?`DbPk,56,1,86
H?`DbPl,67,2,111
H?`DbPm,50,3,79
H?`DbPn,55,11,116
H?`DbPp,66,0,132
H?`DbPr,100,1,91
H?`DbPs,58,1,85
H?`DbPt,71,3,69
H?`DbPu,59,5,66
H?`DbPv,57,8,75
H?`DbPw,41,2,100
H?`DbPx,60,1,155
H?`DbPy,58,2,132
H?`DbPz,92,6,110
H?`DbP{,56,3,97
H?`DbP|,59,6,89
H?`DbP},52,6,82
H?`DbP~,52,10,88
H?`DbQF,58,7,89
H?`DbQJ,85,2,57
H?`DbQM,63,3,66
H?`DbQN,60,6,78
H?`DbQR,80,1,69
H?`DbQU,47,0,61
H?`DbQV,54,3,60
H?`DbQZ,80,4,81
H?`DbQ[,35,0,85
H?`DbQ\,64,4,75
H?`DbQ],60,4,66
H?`DbQ^,50,8,68
H?`DbQb,82,1,43
H?`DbQe,59,0,62
H?`DbQf,61,1,70
H?`DbQg,35,0,69
H?`DbQi,52,1,64
H?`DbQj,88,2,50
H?`DbQk,54,2,65
H?`DbQl,69,2,61
H?`DbQm,59,2,59
H?`DbQn,56,4,70
H?`DbQq,44,2,84
H?`DbQr,80,5,69
H?`DbQs,47,1,72
H?`DbQt,61,2,54
H?`DbQu,58,2,57
H?`DbQv,49,5,58
H?`DbQw,27,1,82
H?`DbQx,32,5,139
H?`DbQy,31,2,110
H?`DbQz,79,7,70
H?`DbQ{,47,3,80
H?`DbQ|,58,5,63
H?`DbQ},55,7,50
H?`DbQ~,44,8,53
H?`DbRB,91,7,62
H?`DbRE,68,3,72
H?`DbRF,58,6,92
H?`DbRG,24,0,75
H?`DbRJ,94,2,80
H?`DbRK,50,2,69
H?`DbRL,68,1,75
H?`DbRM,62,3,67
H?`DbRN,56,7,80
H?`DbRR,90,1,89
H?`DbRS,36,1,71
H?`DbRT,64,3,63
H?`DbRU,59,3,55
H?`DbRV,50,6,56
H?`DbRW,23,1,86
H?`DbRX,23,1,156
H?`DbRY,47,1,108
H?`DbRZ,89,4,89
H?`DbR[,35,4,78
H?`DbR\,62,6,58
H?`DbR],54,7,51
H?`DbR^,48,9,48
H?`DbR_,16,0,65
H?`DbRa,50,1,79
H?`DbRb,96,0,69
H?`DbRc,38,0,50
H?`DbRd,69,2,61
H?`DbRe,59,1,60
H?`DbRf,57,4,69
H?`DbRg,20,2,88
H?`DbRh,39,3,112
H?`DbRi,42,2,88
H?`DbRj,95,2,71
H?`DbRk,55,4,61
H?`DbRl,66,6,45
H?`DbRm,51,4,49
H?`DbRn,54,8,50
H?`DbRo,17,0,82
H?`DbRp,24,2,142
H?`DbRq,45,1,98
H?`DbRr,87,3,92
H?`DbRs,37,3,64
H?`DbRt,56,4,52
H?`DbRu,55,6,37
H?`DbRv,45,7,38
H?`DbRw,17,3,88
H?`DbRx,23,6,153
H?`DbRy,37,5,114
H?`DbRz,88,7,87
H?`DbR{,38,5,69
H?`DbR|,53,7,45
H?`DbR},47,7,36
H?`DbR~,36,9,19
H?`DbS^,64,14,146
H?`DbSn,66,5,124
H?`DbS|,62,5,129
H?`DbS},59,8,129
H?`DbS~,62,12,136
H?`DbTN,73,15,133
H?`DbTV,68,12,116
H?`DbTZ,94,5,109
H?`DbT\,61,7,128
H?`DbT^,61,14,135
H?`DbTf,78,7,97
H?`DbTj,93,8,91
H?`DbTl,63,5,114
H?`DbTm,53,6,84
H?`DbTn,62,14,120
H?`DbTt,55,7,78
H?`DbTu,56,7,77
H?`DbTv,58,13,79
H?`DbTx,90,3,115
H?`DbTz,91,9,96
H?`DbT{,52,5,83
H?`DbT|,52,10,88
H?`DbT},52,9,89
H?`DbT~,54,15,91
H?`DbUN,65,10,81
H?`DbU],46,6,74
H?`DbU^,52,9,74
H?`DbUm,57,5,68
H?`DbUn,59,6,75
H?`DbUu,46,5,61
H?`DbUv,49,7,64
H?`DbUy,78,6,72
H?`DbUz,80,9,41
H?`DbU{,44,6,48
H?`DbU|,44,7,54
H?`DbU},43,9,53
H?`DbU~,45,10,57
H?`DbVF,64,10,95
H?`DbVJ,91,3,74
H?`DbVM,62,7,74
H?`DbVN,58,9,87
H?`DbVU,45,5,62
H?`DbVV,51,7,62
H?`DbVZ,89,6,59
H?`DbV[,45,7,46
H?`DbV\,46,8,51
H?`DbV],44,10,51
H?`DbV^,47,11,54
H?`DbVe,48,4,65
H?`DbVf,61,6,73
H?`DbVi,92,4,60
H?`DbVj,91,5,60
H?`DbVk,55,6,43
H?`DbVl,55,8,49
H?`DbVm,51,8,53
H?`DbVn,56,10,54
H?`DbVq,83,3,96
H?`DbVr,86,6,62
H?`DbVs,43,5,36
H?`DbVt,45,6,39
H?`DbVu,43,8,39
H?`DbVv,45,9,42
H?`DbVw,33,3,68
H?`DbVx,86,7,89
H?`DbVy,83,7,92
H?`DbVz,84,9,42
H?`DbV{,33,8,19
H?`DbV|,35,9,20
H?`DbV},33,10,21
H?`DbV~,37,11,20
H?`DbWy,59,8,115
H?`DbXM,62,7,135
H?`DbXU,66,7,109
H?`DbXY,65,3,114
H?`DbX[,48,2,119
H?`DbX\,74,8,128
H?`DbX],58,8,130
H?`DbX^,59,16,135
H?`DbXe,71,2,83
H?`DbXi,54,3,75
H?`DbXk,54,2,100
H?`DbXl,71,3,108
H?`DbXm,53,5,111
H?`DbXn,59,11,112
H?`DbXq,59,3,81
H?`DbXs,55,1,74
H?`DbXt,71,7,76
H?`DbXu,58,8,74
H?`DbXv,57,12,81
H?`DbXy,55,7,78
H?`DbXz,55,11,84
H?`DbX{,53,5,82
H?`DbX|,61,10,94
H?`DbX},50,9,91
H?`DbX~,53,15,92
H?`DbYY,46,5,66
H?`DbYi,62,5,53
H?`DbYq,43,3,58
H?`DbYy,45,8,45
H?`DbYz,47,11,47
H?`DbZE,66,6,84
H?`DbZI,63,3,66
H?`DbZM,60,5,78
H?`DbZN,57,10,87
H?`DbZQ,46,2,56
H?`DbZU,46,5,61
H?`DbZV,46,10,64
H?`DbZY,46,5,47
H?`DbZZ,45,9,51
H?`DbZ[,33,7,58
H?`DbZ\,64,9,62
H?`DbZ],45,9,51
H?`DbZ^,45,13,54
H?`DbZa,42,1,53
H?`DbZe,58,2,70
H?`DbZf,58,5,77
H?`DbZi,54,4,46
H?`DbZj,53,5,54
H?`DbZk,55,6,43
H?`DbZl,70,8,48
H?`DbZm,51,7,54
H?`DbZn,55,10,55
H?`DbZq,44,4,50
H?`DbZr,45,9,51
H?`DbZs,33,4,47
H?`DbZt,57,7,56
H?`DbZu,44,8,38
H?`DbZv,43,10,43
H?`DbZw,32,6,46
H?`DbZx,55,8,42
H?`DbZy,43,8,24
H?`DbZz,41,10,29
H?`DbZ{,35,8,47
H?`DbZ|,57,9,46
H?`DbZ},41,9,30
H?`DbZ~,35,12,21
H?`Db\^,56,25,143
H?`Db\n,55,20,120
H?`Db\v,58,16,86
H?`Db\{,48,9,93
H?`Db\|,50,14,96
H?`Db\},48,14,98
H?`Db\~,53,18,99
H?`Db^],45,13,54
H?`Db^^,47,16,56
H?`Db^m,50,10,60
H?`Db^n,54,12,62
H?`Db^u,43,10,43
H?`Db^v,45,12,45
H?`Db^y,42,10,28
H?`Db^z,42,12,31
H?`Db^{,34,9,21
H?`Db^|,36,12,20
H?`Db^},35,12,21
H?`Db^~,37,14,21
H?`Db_N,58,12,146
H?`Db_j,83,1,96
H?`Db_n,58,2,122
H?`Db_r,130,2,140
H?`Db_y,46,0,144
H?`Db_z,83,2,113
H?`Db_{,62,0,118
H?`Db_},70,2,123
H?`Db_~,52,6,138
H?`Db`J,87,9,113
H?`Db`j,95,1,96
H?`Db`m,67,2,100
H?`Db`u,61,6,186
H?`Db`w,40,4,132
H?`Db`y,65,2,161
H?`Db`z,93,3,112
H?`Db`},59,5,90
H?`DbaJ,80,4,76
H?`DbaN,50,8,72
H?`Dbab,101,10,204
H?`Dbai,58,1,101
H?`Dbaj,86,2,66
H?`Dbak,47,1,84
H?`Dbam,70,3,57
H?`Dban,46,4,62
H?`Dbaq,28,12,203
H?`Dbar,130,10,210
H?`Dbau,53,9,190
H?`Dbaw,28,4,108
H?`Dbay,40,2,134
H?`Dbaz,88,6,62
H?`Dba{,46,5,92
H?`Dba},58,8,60
H?`Dba~,43,7,55
H?`DbbB,60,20,280
H?`DbbJ,84,3,93
H?`DbbK,32,2,98
H?`DbbM,62,1,80
H?`DbbN,50,6,70
H?`Dbb_,16,16,76
H?`Dbbb,92,19,274
H?`Dbbe,38,10,204
H?`Dbbg,21,2,120
H?`Dbbi,49,2,129
H?`Dbbj,93,5,71
H?`Dbbk,46,5,79
H?`Dbbm,60,7,45
H?`Dbbn,46,7,37
H?`Dbbo,16,36,68
H?`Dbbq,28,25,222
H?`Dbbr,102,26,292
H?`Dbbu,40,16,217
H?`Dbbw,21,6,117
H?`Dbby,45,5,145
H?`Dbbz,94,9,79
H?`Dbb{,38,12,76
H?`Dbb},52,9,44
H?`Dbb~,36,8,20
H?`Dbcn,64,6,126
H?`Dbcz,81,7,104
H?`Dbc},55,7,134
H?`Dbc~,58,14,138
H?`Dbdj,96,4,82
H?`Dbdz,93,8,95
H?`Dbd},52,10,88
H?`DbeN,58,13,69
H?`Dbej,82,5,45
H?`Dbem,46,5,61
H?`Dben,48,9,63
H?`Dber,144,16,93
H?`Dbeu,95,6,107
H?`Dbey,81,5,70
H?`Dbez,80,9,41
H?`Dbe{,44,6,48
H?`Dbe},43,9,53
H?`Dbe~,45,12,55
H?`DbfJ,89,5,62
H?`DbfN,55,12,68
H?`Dbfb,109,19,136
H?`Dbfj,90,6,44
H?`Dbfk,45,7,32
H?`Dbfm,46,9,35
H?`Dbfn,49,11,36
H?`Dbfr,117,29,140
H?`Dbfu,91,13,92
H?`Dbfw,38,5,61
H?`Dbfy,88,7,87
H?`Dbfz,85,12,38
H?`Dbf{,32,8,20
H?`Dbf},33,10,21
H?`Dbf~,36,12,20
H?`Dbgy,58,9,115
H?`DbhM,59,10,139
H?`Dbhe,101,5,125
H?`Dbhi,56,3,71
H?`Dbhm,55,6,107
H?`Dbhn,57,12,111
H?`Dbhs,49,8,141
H?`Dbht,63,5,184
H?`Dbhu,105,8,139
H?`Dbhv,102,14,92
H?`Dbhy,56,8,76
H?`Dbhz,53,11,86
H?`Dbh{,54,6,80
H?`Dbh|,62,11,92
H?`Dbh},51,11,88
H?`Dbh~,53,15,92
H?`Dbii,44,5,55
H?`Dbiq,55,8,105
H?`Dbiy,44,9,45
H?`Dbiz,45,12,48
H?`DbjE,90,14,160
H?`DbjI,43,4,70
H?`DbjM,43,6,77
H?`DbjN,46,13,76
H?`Dbja,43,6,107
H?`Dbje,101,14,132
H?`Dbjf,110,14,100
H?`Dbji,44,5,35
H?`Dbjj,43,7,40
H?`Dbjk,44,7,47
H?`Dbjl,65,9,46
H?`Dbjm,43,9,38
H?`Dbjn,42,12,42
H?`Dbjq,41,9,119
H?`Dbjr,112,12,156
H?`Dbjs,29,16,163
H?`Dbjt,58,15,179
H?`Dbju,102,16,148
H?`Dbjv,111,16,98
H?`Dbjw,30,7,47
H?`Dbjx,56,9,40
H?`Dbjy,43,9,23
H?`Dbjz,40,11,29
H?`Dbj{,33,8,49
H?`Dbj|,57,10,45
H?`Dbj},41,10,29
H?`Dbj~,34,13,21
H?`Dblv,108,17,99
H?`Dbl{,57,13,80
H?`Dbl|,53,17,90
H?`Dbl},53,17,90
H?`Dbl~,56,22,92
H?`Dbnm,45,13,38
H?`Dbnn,44,16,42
H?`Dbnu,98,17,95
H?`Dbnv,117,18,105
H?`Dbny,42,12,26
H?`Dbnz,41,14,30
H?`Dbn{,33,12,19
H?`Dbn|,33,14,21
H?`Dbn},32,14,22
H?`Dbn~,34,17,21
H?`Dbom,57,1,124
H?`Dbou,58,0,124
H?`Dbo{,54,1,127
H?`Dbo|,71,8,131
H?`Dbo},55,7,134
H?`Dbo~,55,14,141
H?`DbpM,59,9,140
H?`Dbpe,63,4,89
H?`Dbpf,63,8,97
H?`Dbpi,55,3,134
H?`Dbpk,57,2,97
H?`Dbpl,68,5,109
H?`Dbpm,51,5,112
H?`Dbpn,57,10,113
H?`Dbps,57,3,96
H?`Dbpt,69,6,79
H?`Dbpu,57,7,76
H?`Dbpv,56,11,83
H?`Dbpw,38,4,114
H?`Dbpx,52,2,180
H?`Dbpy,49,3,156
H?`Dbpz,85,8,131
H?`Dbp{,53,5,110
H?`Dbp|,59,9,97
H?`Dbp},48,8,94
H?`Dbp~,52,13,95
H?`DbqM,58,9,76
H?`Dbqe,58,1,58
H?`Dbqi,42,1,100
H?`Dbqm,56,4,66
H?`Dbqn,47,8,65
H?`Dbqq,37,4,102
H?`Dbqu,50,3,73
H?`Dbqv,46,8,66
H?`Dbqy,27,3,126
H?`Dbqz,78,8,83
H?`Dbq{,43,3,94
H?`Dbq|,62,7,66
H?`Dbq},48,8,64
H?`Dbq~,44,11,57
H?`DbrE,60,8,75
H?`DbrI,43,2,123
H?`DbrM,55,4,81
H?`DbrN,50,11,74
H?`Dbra,47,1,96
H?`Dbre,57,3,52
H?`Dbrf,46,6,53
H?`Dbri,37,2,117
H?`Dbrj,89,4,89
H?`Dbrk,46,5,75
H?`Dbrl,63,7,50
H?`Dbrm,49,7,49
H?`Dbrn,44,10,42
H?`Dbrq,36,2,118
H?`Dbrr,83,4,109
H?`Dbrs,34,4,74
H?`Dbrt,58,5,57
H?`Dbru,48,7,50
H?`Dbrv,43,9,44
H?`Dbrw,16,6,95
H?`Dbrx,18,9,169
H?`Dbry,32,7,129
H?`Dbrz,87,8,100
H?`Dbr{,38,6,76
H?`Dbr|,55,9,48
H?`Dbr},44,8,44
H?`Dbr~,35,11,22
H?`Dbs~,55,22,147
H?`Dbtn,55,17,120
H?`Dbtv,56,16,88
H?`Dbtz,85,14,111
H?`Dbt{,50,11,89
H?`Dbt|,50,14,96
H?`Dbt},48,14,98
H?`Dbt~,50,18,102
H?`Dbu},41,12,59
H?`Dbu~,42,16,61
H?`Dbvm,43,11,42
H?`Dbvn,43,13,46
H?`Dbvu,41,10,45
H?`Dbvv,43,12,47
H?`Dbvy,85,10,100
H?`Dbvz,88,12,44
H?`Dbv{,34,10,20
H?`Dbv|,34,12,22
H?`Dbv},34,12,22
H?`Dbv~,35,15,22
H?`Dbx{,50,10,90
H?`Dbx|,52,14,110
H?`Dbx},47,14,99
H?`Dbx~,48,19,103
H?`Dbzm,45,12,39
H?`Dbzn,44,16,42
H?`Dbzu,45,12,39
H?`Dbzv,43,15,44
H?`Dbzy,43,12,25
H?`Dbzz,41,14,30
H?`Dbz{,37,12,47
H?`Dbz|,46,14,59
H?`Dbz},41,13,31
H?`Dbz~,36,16,20
H?`Db|},47,19,104
H?`Db|~,50,22,108
H?`Db~},35,16,21
H?`Db~~,37,18,21
H?`DdTN,69,14,73
H?`DdTV,56,12,58
H?`DdTZ,91,6,47
H?`DdT\,51,10,65
H?`DdT],47,10,69
H?`DdT^,52,15,68
H?`DdTf,78,7,58
H?`DdTj,94,4,45
H?`DdTl,64,7,59
H?`DdTm,64,9,57
H?`DdTn,62,10,68
H?`DdTt,45,8,45
H?`DdTu,43,9,46
H?`DdTv,46,12,47
H?`DdTx,91,4,73
H?`DdTy,82,7,67
H?`DdTz,89,9,45
H?`DdT{,45,8,45
H?`DdT|,46,11,48
H?`DdT},46,11,48
H?`DdT~,46,14,52
H?`DdVF,75,12,82
H?`DdVJ,95,5,54
H?`DdVL,66,8,69
H?`DdVM,69,10,64
H?`DdVN,67,12,75
H?`DdVR,98,5,41
H?`DdVT,58,8,46
H?`DdVU,48,6,58
H?`DdVV,54,11,55
H?`DdVX,95,6,67
H?`DdVY,82,6,68
H?`DdVZ,93,7,43
H?`DdV[,45,8,45
H?`DdV\,49,11,45
H?`DdV],46,11,48
H?`DdV^,48,14,50
H?`DdVb,90,3,39
H?`DdVd,70,4,56
H?`DdVe,58,5,54
H?`DdVf,71,5,64
H?`DdVh,101,2,51
H?`DdVi,85,3,44
H?`DdVj,95,4,45
H?`DdVk,60,6,38
H?`DdVl,63,8,41
H?`DdVm,58,8,46
H?`DdVn,64,10,46
H?`DdVp,97,4,55
H?`DdVq,84,5,67
H?`DdVr,97,5,41
H?`DdVs,45,5,34
H?`DdVt,48,7,35
H?`DdVu,46,8,36
H?`DdVv,49,10,37
H?`DdVw,23,4,57
H?`DdVx,96,8,65
H?`DdVy,80,8,68
H?`DdVz,89,8,29
H?`DdV{,32,8,20
H?`DdV|,34,10,20
H?`DdV},33,10,21
H?`DdV~,35,12,21
H?`Dd`F,85,22,124
H?`Dd`J,82,9,69
H?`Dd`M,49,10,73
H?`Dd`N,54,12,64
H?`Dd`b,104,13,207
H?`Dd`e,76,13,153
H?`Dd`f,100,16,112
H?`Dd`i,37,5,118
H?`Dd`j,94,4,56
H?`Dd`k,44,4,84
H?`Dd`m,64,4,62
H?`Dd`n,48,5,59
