G???F{,0,0,0
G??CFw,0,0,0
G??CF{,25,23,15
G??E@{,0,0,0
G??EDw,0,0,0
G??ED{,41,56,41
G??EFw,60,56,56
G??EF{,69,85,46
G??F?{,0,0,0
G??FCw,0,0,0
G??FC{,54,55,56
G??FEw,72,42,94
G??FE{,82,85,93
G??FFw,96,102,96
G??FF{,107,142,94
G??FeW,76,8,76
G??Fe[,85,39,76
G??FfW,81,15,150
G??Ff[,91,45,151
G??Ffw,92,92,136
G??Ff{,101,123,136
G??Fvg,64,16,88
G??Fvk,73,26,90
G??Fvw,60,15,135
G??Fv{,66,28,137
G??F~w,48,12,12
G??F~{,49,16,13
G?AAFo,0,0,0
G?AAFw,49,19,58
G?AAF{,82,44,60
G?ABCs,0,0,0
G?ABC{,61,13,82
G?ABEo,0,0,0
G?ABEs,54,32,70
G?ABEw,52,27,68
G?ABE{,87,70,137
G?ABFo,66,36,98
G?ABFs,89,51,110
G?ABFw,108,69,145
G?ABF{,119,96,137
G?ABc[,74,5,80
G?ABeO,0,0,0
G?ABeS,53,34,72
G?ABeW,49,10,88
G?ABe[,87,59,148
G?ABfO,62,8,98
G?ABfS,70,36,104
G?ABfW,90,32,172
G?ABf[,91,64,181
G?ABfo,75,30,147
G?ABfs,84,41,169
G?ABfw,98,66,196
G?ABf{,106,100,194
G?ABvG,95,40,208
G?ABvK,104,84,204
G?ABv_,57,15,180
G?ABvc,65,44,185
G?ABvg,78,37,200
G?ABvk,75,70,205
G?ABvo,52,44,104
G?ABvs,61,38,126
G?ABvw,76,42,113
G?ABv{,77,59,116
G?ACNo,79,8,27
G?ACNw,94,53,43
G?ACN{,105,72,33
G?AEBo,0,0,0
G?AEBw,83,45,122
G?AEDo,0,0,0
G?AEDs,48,50,67
G?AEDw,56,43,60
G?AEFo,63,68,89
G?AEFs,86,86,93
G?AEFw,104,86,110
G?AEF{,116,128,99
G?AEJo,64,3,83
G?AEJs,120,63,117
G?AELo,82,10,73
G?AELs,102,76,97
G?AELw,119,50,96
G?AEL{,129,96,93
G?AENo,120,53,127
G?AENs,135,97,118
G?AENw,141,94,108
G?AEN{,152,134,106
G?AF?w,0,0,0
G?AF?{,55,55,98
G?AFAw,71,25,169
G?AFA{,74,68,176
G?AFBo,66,28,118
G?AFBs,76,60,129
G?AFBw,86,56,222
G?AFB{,101,97,218
G?AFCs,42,45,72
G?AFCw,65,12,79
G?AFC{,85,62,113
G?AFEo,56,33,123
G?AFEs,71,61,133
G?AFEw,95,51,172
G?AFE{,102,94,175
G?AFFo,73,88,157
G?AFFs,90,106,175
G?AFFw,105,111,200
G?AFF{,122,152,194
G?AFKw,111,27,107
G?AFK{,116,71,107
G?AFMw,122,56,172
G?AFM{,128,101,171
G?AFNo,112,74,206
G?AFNs,119,118,204
G?AFNw,134,126,181
G?AFN{,139,170,181
G?AFbW,76,24,194
G?AFb[,73,61,202
G?AFbw,65,37,276
G?AFb{,68,74,278
G?AFeW,94,34,172
G?AFe[,98,80,172
G?AFfO,56,26,170
G?AFfS,68,56,170
G?AFfW,83,38,215
G?AFf[,86,73,219
G?AFfo,53,67,216
G?AFfs,66,81,231
G?AFfw,83,89,248
G?AFf{,88,127,247
G?AFnW,97,50,168
G?AFn[,102,82,166
G?AFnw,96,83,206
G?AFn{,99,115,206
G?AFrw,49,39,143
G?AFr{,50,57,145
G?AFvg,78,56,216
G?AFvk,78,89,218
G?AFvo,38,86,126
G?AFvs,52,59,164
G?AFvw,62,49,141
G?AFv{,63,67,143
G?AF~w,72,60,63
G?AF~{,73,73,64
G?B@_[,0,0,0
G?B@`W,0,0,0
G?B@`w,60,4,132
G?B@c[,53,22,75
G?B@dO,0,0,0
G?B@dW,45,24,63
G?B@d[,68,50,146
G?B@dw,65,42,187
G?B@e[,79,22,144
G?B@fO,42,20,106
G?B@fW,61,30,119
G?B@f[,77,64,195
G?B@fo,72,36,220
G?B@fw,86,56,227
G?B@f{,92,82,216
G?B@hw,60,76,164
G?B@lW,73,45,146
G?B@l[,76,70,162
G?B@lw,69,68,199
G?B@mW,77,32,141
G?B@m[,85,101,164
G?B@nO,72,35,187
G?B@nW,83,55,198
G?B@n[,83,90,205
G?B@no,65,54,259
G?B@nw,81,87,252
G?B@n{,98,122,242
G?B@pw,66,15,171
G?B@p{,85,28,181
G?B@tK,91,51,158
G?B@t_,48,8,120
G?B@tc,63,32,125
G?B@tg,75,25,208
G?B@tk,70,55,227
G?B@to,51,18,171
G?B@ts,58,42,180
G?B@tw,57,53,250
G?B@t{,62,80,258
G?B@uK,112,12,101
G?B@v?,42,12,142
G?B@vC,69,53,221
G?B@vG,73,16,156
G?B@vK,97,71,224
G?B@v_,68,30,246
G?B@vc,64,61,262
G?B@vg,73,55,259
G?B@vk,69,89,272
G?B@vo,49,49,202
G?B@vs,54,71,205
G?B@vw,58,69,192
G?B@v{,63,93,192
G?B@x{,89,96,193
G?B@|k,75,96,225
G?B@|o,70,51,239
G?B@|s,76,83,241
G?B@|w,60,86,254
G?B@|{,67,117,256
G?B@~K,116,112,213
G?B@~_,74,58,255
G?B@~c,67,95,268
G?B@~g,80,92,258
G?B@~k,78,124,271
G?B@~o,61,72,186
G?B@~s,62,95,191
G?B@~w,72,94,182
G?B@~{,73,117,187
G?BD?{,42,56,102
G?BD@w,66,50,134
G?BDAo,0,0,0
G?BDAw,52,34,64
G?BDA{,82,79,139
G?BDBo,86,34,174
G?BDBw,105,65,173
G?BDB{,118,104,170
G?BDCw,56,37,57
G?BDC{,94,66,90
G?BDDw,80,79,141
G?BDEo,56,39,105
G?BDEw,91,59,100
G?BDE{,116,100,134
G?BDFo,91,79,173
G?BDFw,124,110,158
G?BDF{,145,147,149
G?BDG{,66,81,103
G?BDHw,89,63,148
G?BDI{,103,93,154
G?BDJo,97,34,212
G?BDJw,111,75,206
G?BDJ{,128,118,195
G?BDKw,107,50,93
G?BDK{,122,75,103
G?BDLw,120,85,145
G?BDMo,117,44,139
G?BDMw,127,69,154
G?BDM{,134,110,156
G?BDNo,124,77,191
G?BDNw,136,118,187
G?BDN{,151,159,180
G?BD`W,73,24,123
G?BD`w,83,33,192
G?BD`{,83,66,203
G?BDaW,50,17,83
G?BDbO,74,10,180
G?BDbS,72,43,193
G?BDbW,77,32,199
G?BDb[,80,67,205
G?BDbo,84,24,244
G?BDbs,87,56,253
G?BDbw,82,51,263
G?BDb{,89,92,259
G?BDdS,79,34,107
G?BDdW,93,29,142
G?BDd[,102,57,149
G?BDdo,67,30,167
G?BDds,86,53,169
G?BDdw,95,54,203
G?BDd{,105,82,209
G?BDeS,77,56,167
G?BDeW,97,24,129
G?BDe[,113,76,161
G?BDfO,85,32,191
G?BDfS,84,62,206
G?BDfW,100,57,195
G?BDf[,106,90,200
G?BDfo,88,71,237
G?BDfs,95,102,243
G?BDfw,105,98,237
G?BDf{,117,135,232
G?BDj[,87,87,222
G?BDjo,77,47,272
G?BDjs,77,85,278
G?BDjw,82,86,272
G?BDj{,85,128,271
G?BDl[,105,81,166
G?BDlo,93,48,211
G?BDls,96,78,222
G?BDlw,91,84,221
G?BDl{,99,114,227
G?BDm[,130,104,166
G?BDnO,101,51,200
G?BDnS,99,89,208
G?BDnW,109,76,211
G?BDn[,113,112,215
G?BDno,95,93,252
G?BDns,96,132,256
G?BDnw,109,129,246
G?BDn{,114,168,246
G?BDro,66,44,160
G?BDrs,65,61,171
G?BDrw,57,58,182
G?BDr{,57,83,184
G?BDto,64,44,140
G?BDts,71,62,146
G?BDtw,68,66,176
G?BDt{,74,87,180
G?BDvG,121,56,215
G?BDvK,127,100,214
G?BDv_,74,56,248
G?BDvc,79,85,256
G?BDvg,90,77,253
G?BDvk,88,116,258
G?BDvo,60,68,169
G?BDvs,64,87,173
G?BDvw,71,83,170
G?BDv{,74,106,171
G?BDzw,56,78,190
G?BDz{,55,108,188
G?BD|w,61,96,184
G?BD|{,67,115,190
G?BD~g,96,113,253
G?BD~k,97,156,251
G?BD~o,57,83,184
G?BD~s,59,111,181
G?BD~w,71,108,172
G?BD~{,72,136,170
G?BEDo,86,6,92
G?BEDw,115,48,113
G?BEFo,110,64,96
G?BEFw,128,89,105
G?BEF{,132,128,100
G?BEH{,132,81,102
G?BELo,111,5,114
G?BELw,136,65,121
G?BEL{,152,105,111
G?BENo,135,66,114
G?BENw,150,102,108
G?BEN{,162,137,106
G?BF?w,52,14,134
G?BF@w,78,54,211
G?BF@{,84,96,212
G?BFCw,93,48,159
G?BFC{,99,88,163
G?BFDo,81,55,207
G?BFDs,97,81,214
G?BFDw,99,83,210
G?BFD{,111,128,202
G?BFEo,72,66,162
G?BFEs,84,88,178
G?BFEw,115,75,160
G?BFE{,125,116,159
G?BFFo,86,110,196
G?BFFs,107,132,202
G?BFFw,114,134,193
G?BFF{,128,177,185
G?BFLw,138,96,207
G?BFL{,145,142,203
G?BFMo,134,59,157
G?BFMs,138,104,158
G?BFMw,145,83,172
G?BFM{,153,128,169
G?BFNo,141,105,195
G?BFNs,144,149,197
G?BFNw,155,145,190
G?BFN{,160,189,190
G?BFdw,83,83,254
G?BFd{,84,123,255
G?BFfO,82,52,202
G?BFfS,87,81,210
G?BFfW,110,73,195
G?BFf[,113,110,197
G?BFfo,74,98,248
G?BFfs,83,127,252
G?BFfw,103,125,234
G?BFf{,107,163,234
G?BFnW,118,92,210
G?BFn[,125,131,206
G?BFno,101,120,241
G?BFns,101,159,244
G?BFnw,116,154,234
G?BFn{,120,193,233
G?BFvo,52,94,178
G?BFvs,57,111,183
G?BFvw,68,109,148
G?BFv{,70,131,149
G?BF~w,82,128,126
G?BF~{,83,150,127
G?Bcqk,84,50,218
G?Bcqw,64,43,208
G?BcrK,115,67,210
G?Bcr_,66,18,196
G?Bcrg,61,35,219
G?Bcrk,58,62,230
G?Bcro,58,10,182
G?Bcrw,53,30,192
G?Bcr{,50,52,198
G?Bcsw,84,53,159
G?BcuK,125,59,166
G?Bcug,88,36,156
G?Bcuk,94,54,167
G?Bcuw,63,55,232
G?BcvG,95,20,144
G?BcvK,105,69,159
G?Bcv_,70,28,217
G?Bcvg,81,49,220
G?Bcvk,78,76,231
G?Bcvo,55,41,168
G?Bcvw,60,62,166
G?Bcv{,63,81,168
G?Bczk,58,91,236
G?Bczw,54,51,195
G?Bcz{,53,76,196
G?Bc}k,95,80,175
G?Bc}w,72,84,229
G?Bc~K,109,103,158
G?Bc~g,80,77,228
G?Bc~k,81,103,236
G?Bc~o,58,63,167
G?Bc~w,62,82,168
G?Bc~{,66,102,168
G?Be`[,76,61,215
G?Be`{,70,70,210
G?Bec[,95,51,162
G?Becw,86,42,152
G?Bed[,94,60,161
G?Bedo,83,29,203
G?Bedw,86,50,214
G?Bed{,94,82,209
G?BeeW,101,33,111
G?Bee[,116,50,114
G?Beew,95,45,175
G?BefO,89,22,169
G?BefW,101,39,175
G?Bef[,111,62,177
G?Befo,94,78,178
G?Befw,97,96,192
G?Bef{,110,124,186
G?Belw,87,73,225
G?Bel{,88,105,227
G?Bem[,126,69,120
G?Bemw,107,63,180
G?BenW,111,56,183
G?Ben[,115,82,188
G?Beno,101,87,197
G?Benw,103,116,201
G?Ben{,106,145,204
G?Bepw,51,35,189
G?Besw,76,54,220
G?Betg,84,46,220
G?Beto,60,11,204
G?Bets,61,28,211
G?Betw,58,34,208
G?Bet{,60,56,209
G?Beug,107,35,173
G?Beuo,80,22,188
G?Beus,81,46,192
G?Beuw,81,46,192
G?Beu{,82,70,196
G?BevG,115,50,168
G?BevK,122,84,164
G?Bev_,75,40,235
G?Bevc,76,63,246
G?Bevg,92,57,236
G?Bevk,93,89,238
G?Bevo,58,51,191
G?Bevs,63,71,191
G?Bevw,63,77,185
G?Bev{,68,97,185
G?Be|{,59,82,209
G?Be}{,84,89,204
G?Be~k,97,120,238
G?Be~o,62,74,189
G?Be~s,63,101,186
G?Be~w,66,97,187
G?Be~{,67,123,185
G?Bf?{,70,78,188
G?BfC{,92,84,157
G?BfEo,88,58,150
G?BfEw,103,66,164
G?BfE{,114,100,156
G?BfFo,93,111,129
G?BfFw,108,112,150
G?BfF{,121,143,143
G?BfM{,131,117,159
G?BfNo,128,93,149
G?BfNw,131,127,149
G?BfN{,138,158,148
G?Bfew,83,63,239
G?Bfe{,85,97,238
G?BffO,87,21,207
G?BffS,96,46,208
G?BffW,106,37,207
G?Bff[,112,67,206
G?Bffo,82,91,212
G?Bffs,83,113,224
G?Bffw,92,111,217
G?Bff{,96,143,216
G?Bfn[,121,88,211
G?Bfno,102,104,214
G?Bfns,103,137,215
G?Bfnw,104,132,219
G?Bfn{,109,164,217
G?Bfvo,54,93,165
G?Bfvs,61,109,166
G?Bfvw,64,114,158
G?Bfv{,65,136,159
G?Bf~w,68,135,157
G?Bf~{,69,157,158
G?BvS{,60,54,211
G?BvUk,95,84,241
G?BvUo,54,12,114
G?BvUw,57,23,115
G?BvU{,58,36,116
G?BvVK,112,56,217
G?BvVW,77,44,107
G?BvVg,80,36,112
G?BvVk,83,53,111
G?BvVo,53,13,129
G?BvVw,57,24,129
G?BvV{,61,35,129
G?Bv]{,57,54,114
G?Bv^w,59,39,127
G?Bv^{,60,55,125
G?Bve[,78,72,198
G?BvfO,73,29,118
G?Bvf[,80,60,107
G?Bvfo,76,40,124
G?Bvfw,83,49,115
G?Bvf{,86,64,116
G?Bvn[,86,73,107
G?Bvnw,86,60,120
G?Bvn{,92,75,118
G?BvvW,58,22,130
G?Bvvg,83,43,121
G?Bvvo,50,14,146
G?Bvvs,53,23,149
G?Bvvw,55,24,146
G?Bvv{,56,37,147
G?Bv~{,57,55,143
G?B~vk,56,42,142
G?B~vo,45,15,15
G?B~vw,47,17,32
G?B~v{,47,21,17
G?B~~{,48,24,18
G?`@F_,0,0,0
G?`@Fo,51,0,54
G?`@Fw,72,8,100
G?`@F{,84,30,84
G?`@eC,0,0,0
G?`@eS,48,4,71
G?`@e[,86,0,136
G?`@f?,0,0,0
G?`@fC,53,1,51
G?`@fO,39,0,66
G?`@fS,75,18,117
G?`@fW,64,8,120
G?`@f[,69,36,183
G?`@f_,50,2,84
G?`@fc,68,6,96
G?`@fo,63,16,138
G?`@fs,74,23,151
G?`@fw,68,34,138
G?`@f{,71,51,120
G?`CV_,66,5,43
G?`CVg,117,18,69
G?`CVo,101,26,63
G?`CVs,126,39,63
G?`CVw,128,53,91
G?`CV{,137,70,81
G?`DB_,0,0,0
G?`DBg,44,0,61
G?`DBo,59,5,111
G?`DBw,82,14,176
G?`DE_,0,0,0
G?`DEc,49,6,50
G?`DEg,57,2,46
G?`DEk,79,11,120
G?`DEo,43,2,60
G?`DEw,80,11,119
G?`DF_,49,16,75
G?`DFc,69,11,95
G?`DFg,74,25,146
G?`DFk,91,31,158
G?`DFo,69,20,121
G?`DFs,79,26,140
G?`DFw,96,40,170
G?`DF{,107,68,155
G?`DQk,86,0,112
G?`DRg,53,10,141
G?`DRk,99,39,168
G?`DUg,77,4,129
G?`DUk,89,35,156
G?`DUo,96,4,75
G?`DUs,108,21,81
G?`DUw,111,14,155
G?`DU{,112,45,158
G?`DV_,88,12,110
G?`DVc,91,31,123
G?`DVg,93,30,183
G?`DVk,107,59,174
G?`DVo,112,26,107
G?`DVs,116,41,123
G?`DVw,115,58,157
G?`DV{,122,85,156
G?`DaW,30,8,82
G?`Da[,73,53,154
G?`DbG,48,2,55
G?`DbK,76,18,116
G?`DbO,54,0,121
G?`DbS,64,15,131
G?`DbW,72,9,199
G?`Db[,67,36,212
G?`Db_,52,0,84
G?`Dbc,59,8,103
G?`Dbg,60,8,149
G?`Dbk,68,22,158
G?`Dbo,62,4,151
G?`Dbs,68,25,155
G?`Dbw,57,21,162
G?`Db{,61,38,165
G?`DeK,67,46,133
G?`DeS,80,41,84
G?`DeW,86,5,131
G?`De[,94,54,148
G?`DfC,71,14,90
G?`DfG,65,21,159
G?`DfK,72,35,173
G?`DfO,65,12,133
G?`DfS,77,30,138
G?`DfW,76,28,184
G?`Df[,72,51,197
G?`Df_,55,18,131
G?`Dfc,69,24,145
G?`Dfg,55,41,183
G?`Dfk,64,47,199
G?`Dfo,58,27,163
G?`Dfs,65,35,179
G?`Dfw,66,43,155
G?`Df{,73,59,156
G?`Drg,66,28,126
G?`Drk,67,42,133
G?`DuW,118,35,143
G?`Du[,130,69,134
G?`DvG,78,29,208
G?`DvK,79,59,212
G?`DvO,86,26,133
G?`DvS,99,43,138
G?`DvW,89,43,168
G?`Dv[,90,69,171
G?`Dvg,61,34,147
G?`Dvk,62,51,151
G?`Dvo,72,40,140
G?`Dvs,75,49,156
G?`Dvw,74,43,147
G?`Dv{,75,61,150
G?`ERg,78,35,127
G?`ERk,113,66,141
G?`ETg,92,39,149
G?`ETk,99,75,146
G?`ETo,104,40,61
G?`ETs,112,60,74
G?`ETw,119,61,140
G?`ET{,130,94,136
G?`EV_,96,44,106
G?`EVc,97,65,125
G?`EVg,114,60,146
G?`EVk,128,92,140
G?`EVo,122,65,100
G?`EVs,130,85,113
G?`EVw,135,88,137
G?`EV{,147,122,131
G?`E^o,131,56,146
G?`E^s,139,91,140
G?`E^w,150,80,140
G?`E^{,155,116,136
G?`F?w,60,6,144
G?`F?{,50,36,159
G?`F@w,61,14,205
G?`F@{,61,42,212
G?`FAs,58,28,124
G?`FBo,59,22,164
G?`FBs,69,39,172
G?`FCs,78,18,79
G?`FCw,76,10,159
G?`FC{,73,38,169
G?`FDo,65,13,132
G?`FDs,79,31,135
G?`FDw,70,36,209
G?`FD{,76,66,208
G?`FE_,36,16,88
G?`FEc,74,12,89
G?`FEo,68,13,129
G?`FEs,81,29,135
G?`FEw,86,26,168
G?`FE{,88,54,173
G?`FF_,59,28,123
G?`FFc,88,26,131
G?`FFo,68,40,172
G?`FFs,84,56,175
G?`FFw,86,70,194
G?`FF{,98,102,185
G?`FSw,105,10,165
G?`FS{,98,40,177
G?`FTw,89,45,216
G?`FT{,93,74,218
G?`FUg,92,10,178
G?`FUk,91,40,184
G?`FUo,86,16,143
G?`FUs,106,31,143
G?`FUw,106,22,187
G?`FU{,109,52,189
G?`FVg,87,46,217
G?`FVk,90,76,219
G?`FVo,89,52,174
G?`FVs,102,65,183
G?`FVw,104,78,203
G?`FV{,109,108,203
G?`F]w,106,32,162
G?`F]{,115,59,156
G?`F^w,102,75,183
G?`F^{,107,102,181
G?`F`w,52,16,172
G?`F`{,57,35,172
G?`Fbo,55,28,196
G?`Fbs,61,47,202
G?`FdW,73,27,215
G?`Fd[,74,57,219
G?`Fdo,63,18,167
G?`Fds,68,34,177
G?`Fdw,52,27,185
G?`Fd{,58,47,183
G?`FeW,106,36,154
G?`Fe[,111,74,148
G?`FfO,69,33,178
G?`FfS,79,52,184
G?`FfW,75,40,205
G?`Ff[,76,69,207
G?`Ff_,56,36,180
G?`Ffc,72,44,190
G?`Ffo,57,52,201
G?`Ffs,62,61,218
G?`Ffw,56,50,182
G?`Ff{,63,71,178
G?`Ftw,55,35,174
G?`Ft{,60,54,172
G?`FvW,87,55,188
G?`Fv[,91,82,187
G?`Fvg,52,36,176
G?`Fvk,55,55,176
G?`Fvo,68,70,170
G?`Fvs,70,70,196
G?`Fvw,63,48,175
G?`Fv{,66,67,175
G?`F~w,66,60,112
G?`F~{,67,75,113
G?`acK,56,12,108
G?`acW,40,0,65
G?`ac[,85,29,131
G?`acg,54,1,120
G?`acw,66,27,187
G?`ad?,0,0,0
G?`adG,50,2,53
G?`adK,67,17,126
G?`adO,38,0,67
G?`adW,61,17,132
G?`ad[,66,43,206
G?`ad_,62,0,106
G?`adg,64,3,129
G?`adk,68,20,136
G?`ado,66,8,124
G?`adw,60,22,138
G?`ad{,59,38,145
G?`aeG,61,0,44
G?`aeK,85,6,84
G?`aeO,48,3,54
G?`aeW,76,20,114
G?`ae[,95,39,146
G?`aeg,63,16,119
G?`aew,62,39,160
G?`af?,41,5,86
G?`afG,75,4,86
G?`afK,84,29,118
G?`afO,64,7,132
G?`afW,81,26,125
G?`af[,78,55,157
G?`af_,58,7,131
G?`afg,65,17,142
G?`afk,69,39,144
G?`afo,57,17,146
G?`afw,61,34,147
G?`af{,72,55,137
G?`ak[,94,52,134
G?`akw,79,50,186
G?`alK,81,34,130
G?`alW,74,39,202
G?`al[,75,66,209
G?`alg,66,19,139
G?`alk,69,36,147
G?`alo,60,18,142
G?`alw,60,34,148
G?`al{,65,48,151
G?`amK,106,25,79
G?`amW,94,43,143
G?`am[,100,60,155
G?`amg,82,27,122
G?`amw,76,57,157
G?`anG,85,28,118
G?`anK,99,44,121
G?`anO,79,35,147
G?`anW,86,48,156
G?`an[,86,69,164
G?`an_,75,11,138
G?`ang,78,33,141
G?`ank,82,45,153
G?`ano,67,28,147
G?`anw,69,45,150
G?`an{,76,62,148
G?`bEg,80,9,109
G?`bEo,74,0,157
G?`bEw,96,33,159
G?`bF_,72,42,90
G?`bFg,95,21,115
G?`bFk,104,32,128
G?`bFo,93,32,163
G?`bFw,106,54,160
G?`bF{,111,78,152
G?`bKk,84,27,127
G?`bKw,81,1,174
G?`bK{,99,49,172
G?`bMg,102,20,109
G?`bMk,107,39,118
G?`bMo,81,13,162
G?`bMw,102,48,170
G?`bM{,116,75,161
G?`bN_,115,18,98
G?`bNg,122,34,108
G?`bNk,126,50,121
G?`bNo,110,46,154
G?`bNw,116,71,154
G?`bN{,121,98,153
G?`bcW,74,16,155
G?`bc[,84,49,182
G?`bcg,56,6,162
G?`bco,41,12,122
G?`bcs,56,21,173
G?`bcw,58,27,165
G?`bc{,55,49,171
G?`beK,87,32,126
G?`beS,76,44,195
G?`beW,84,40,191
G?`be[,80,66,204
G?`bec,62,12,150
G?`beg,62,12,150
G?`bek,68,33,151
G?`beo,57,13,150
G?`bes,59,22,161
G?`bew,55,27,160
G?`be{,54,45,165
G?`bf?,50,24,124
G?`bfC,72,30,129
G?`bfG,90,23,118
G?`bfK,96,40,128
G?`bfO,62,28,171
G?`bfS,62,48,180
G?`bfW,85,48,157
G?`bf[,84,68,167
G?`bf_,54,15,155
G?`bfc,66,16,170
G?`bfg,65,30,157
G?`bfk,66,46,168
G?`bfo,52,25,165
G?`bfs,54,34,176
G?`bfw,60,43,161
G?`bf{,61,62,163
G?`bk{,66,64,170
G?`bm[,90,91,204
G?`bmk,82,45,153
G?`bmo,62,25,155
G?`bms,60,44,160
G?`bmw,67,40,157
G?`bm{,68,57,161
G?`bnK,110,57,130
G?`bnO,79,51,160
G?`bnS,80,76,163
G?`bnW,89,63,167
G?`bn[,91,88,169
G?`bn_,79,22,151
G?`bnc,82,40,158
G?`bng,84,45,151
G?`bnk,86,59,163
G?`bno,67,36,161
G?`bns,64,56,166
G?`bnw,73,55,158
G?`bn{,74,73,161
G?`cZk,96,72,182
G?`c[s,143,17,86
G?`c[w,116,63,108
G?`c[{,151,68,109
G?`c]g,88,48,144
G?`c]k,96,63,156
G?`c]o,101,45,134
G?`c]s,117,56,142
G?`c]w,99,71,145
G?`c]{,119,83,148
G?`c^_,86,47,182
G?`c^c,89,75,186
G?`c^g,93,66,191
G?`c^k,102,94,189
G?`c^o,98,61,191
G?`c^s,112,92,181
G?`c^w,103,90,192
G?`c^{,119,121,180
G?`cg{,88,48,160
G?`ci[,77,34,169
G?`cis,55,32,228
G?`ciw,62,43,210
G?`ci{,59,57,234
G?`cjS,51,48,207
G?`cjW,73,30,203
G?`cj[,70,55,215
G?`cjc,62,24,170
G?`cjg,64,28,164
G?`cjk,72,44,172
G?`cjo,47,26,177
G?`cjs,47,44,184
G?`cjw,53,42,180
G?`cj{,59,61,180
G?`ck[,106,54,127
G?`ckk,102,49,136
G?`cks,98,5,156
G?`ckw,88,50,158
G?`ck{,105,54,174
G?`cmK,96,16,133
G?`cmS,85,31,164
G?`cmW,81,34,165
G?`cm[,86,47,182
G?`cmc,79,26,175
G?`cmg,68,35,177
G?`cmk,89,44,182
G?`cmo,66,32,217
G?`cms,77,48,225
G?`cmw,60,58,232
G?`cm{,76,75,234
G?`cnC,66,36,170
G?`cnG,80,29,163
G?`cnK,86,43,177
G?`cnO,69,31,188
G?`cnS,62,54,204
G?`cnW,74,49,197
G?`cn[,73,72,207
G?`cn_,49,31,208
G?`cnc,57,48,215
G?`cng,59,54,207
G?`cnk,70,67,215
G?`cno,51,39,185
G?`cns,59,61,180
G?`cnw,55,58,187
G?`cn{,69,80,176
G?`crg,45,20,135
G?`crk,55,46,174
G?`csW,106,16,83
G?`csg,79,5,138
G?`csw,100,3,156
G?`cs{,125,11,160
G?`cuG,70,2,138
G?`cuS,96,20,94
G?`cuW,91,17,172
G?`cu[,94,38,183
G?`cug,69,35,211
G?`cuk,69,53,228
G?`cuo,77,24,144
G?`cus,90,43,147
G?`cuw,82,49,219
G?`cu{,92,72,221
G?`cvC,59,30,217
G?`cvG,60,18,194
G?`cvK,64,52,224
G?`cvO,72,30,186
G?`cvS,72,46,202
G?`cvW,75,45,200
G?`cv[,75,70,207
G?`cv_,51,21,178
G?`cvc,50,33,192
G?`cvg,53,35,187
G?`cvk,54,56,190
G?`cvo,52,40,183
G?`cvs,63,51,186
G?`cvw,53,54,181
G?`cv{,61,70,181
G?`c{{,128,68,174
G?`c}[,102,66,182
G?`c}o,93,49,208
G?`c}s,104,70,211
G?`c}w,84,82,219
G?`c}{,97,101,222
G?`c~K,76,83,215
G?`c~O,76,50,194
G?`c~S,70,79,203
G?`c~W,79,73,200
G?`c~[,81,100,203
G?`c~_,52,38,185
G?`c~c,53,60,187
G?`c~g,59,56,185
G?`c~k,61,76,188
G?`c~o,59,55,174
G?`c~s,64,75,173
G?`c~w,59,79,174
G?`c~{,64,98,174
G?`eHs,73,32,210
G?`eH{,77,57,216
G?`eIs,92,17,171
G?`eIw,83,27,170
G?`eI{,95,41,179
G?`eJk,106,49,125
G?`eJo,88,30,197
G?`eJs,89,59,202
G?`eJw,89,52,209
G?`eJ{,99,80,206
G?`eKs,81,14,185
G?`eKw,87,32,161
G?`eK{,92,42,181
G?`eLc,78,33,169
G?`eLk,84,50,181
G?`eLo,70,26,219
G?`eLs,81,51,218
G?`eLw,80,52,218
G?`eL{,98,77,210
G?`eMc,101,19,125
G?`eMk,116,36,128
G?`eMo,88,18,174
G?`eMs,100,31,184
G?`eMw,89,45,181
G?`eM{,108,58,184
G?`eN_,91,36,153
G?`eNc,99,49,167
G?`eNg,90,54,171
G?`eNk,112,68,170
G?`eNo,92,50,208
G?`eNs,101,80,204
G?`eNw,96,78,211
G?`eN{,114,107,199
G?`ePg,54,21,135
G?`eRg,68,42,170
G?`eRk,96,70,184
G?`eSw,103,27,150
G?`eS{,110,46,159
G?`eTg,73,38,204
G?`eTk,76,65,209
G?`eTo,94,39,182
G?`eTs,97,57,196
G?`eTw,93,59,198
G?`eT{,98,87,200
G?`eUg,89,36,155
G?`eUk,91,56,168
G?`eUo,85,29,131
G?`eUs,104,47,129
G?`eUw,105,55,155
G?`eU{,114,75,161
G?`eV_,79,41,195
G?`eVc,85,65,200
G?`eVg,91,63,196
G?`eVk,102,89,194
G?`eVo,99,67,184
G?`eVs,106,85,194
G?`eVw,106,90,189
G?`eV{,118,116,186
G?`e\o,82,57,211
G?`e\s,83,83,219
G?`e\w,88,82,215
G?`e\{,91,111,218
G?`e]o,97,47,171
G?`e]s,103,67,180
G?`e]w,97,73,180
G?`e]{,108,93,184
G?`e^g,94,81,210
G?`e^k,94,112,214
G?`e^o,100,83,202
G?`e^s,99,113,208
G?`e^w,105,110,205
G?`e^{,108,140,207
G?`e_w,59,17,204
G?`e`W,72,7,201
G?`e`g,61,5,130
G?`e`o,57,4,137
G?`e`s,55,15,150
G?`e`w,50,17,153
G?`e`{,49,30,163
G?`eas,65,23,144
G?`eaw,67,29,165
G?`ea{,70,46,174
G?`ebS,66,40,191
G?`ebW,79,25,193
G?`eb[,76,54,200
G?`ebg,70,12,142
G?`ebk,78,29,145
G?`ebo,46,13,161
G?`ebs,51,24,167
G?`ebw,53,22,167
G?`eb{,59,38,167
G?`ecW,84,30,131
G?`ec[,92,43,145
G?`ecg,59,18,168
G?`ecs,62,30,153
G?`ecw,69,35,211
G?`ec{,72,55,223
G?`edG,87,20,138
G?`edS,74,42,199
G?`edW,70,35,210
G?`ed[,65,61,224
G?`edc,62,21,169
G?`edg,56,22,174
G?`edk,62,37,181
G?`edo,58,12,150
G?`eds,58,22,162
G?`edw,54,22,166
G?`ed{,56,38,170
G?`eeG,88,11,111
G?`eeS,79,33,133
G?`eeW,87,30,163
G?`ee[,93,50,172
G?`eec,72,22,137
G?`eeg,75,31,158
G?`eek,89,44,164
G?`eeo,59,17,156
G?`ees,69,34,158
G?`eew,65,43,182
G?`ee{,71,60,188
G?`ef?,61,21,149
G?`efC,74,28,162
G?`efG,91,23,150
G?`efK,92,44,161
G?`efO,58,27,176
G?`efS,63,45,182
G?`efW,76,43,171
G?`ef[,77,65,177
G?`ef_,54,22,176
G?`efc,61,32,187
G?`efg,66,35,179
G?`efk,74,50,184
G?`efo,49,25,168
G?`efs,58,36,170
G?`efw,53,37,174
G?`ef{,65,54,167
G?`eh{,52,41,171
G?`ei{,71,62,186
G?`ej[,80,81,202
G?`ejo,50,26,166
G?`ejs,51,43,170
G?`ejw,55,34,175
G?`ej{,60,52,174
G?`ek{,71,80,234
G?`el[,69,86,230
G?`elk,64,54,190
G?`elo,49,23,170
G?`els,49,39,176
G?`elw,49,37,178
G?`el{,52,54,180
G?`em[,92,72,186
G?`emk,97,65,168
G?`emo,70,42,178
G?`ems,72,57,190
G?`emw,68,63,188
G?`em{,72,78,198
G?`enK,98,63,169
G?`enO,68,49,173
G?`enS,67,71,181
G?`enW,74,61,184
G?`en[,78,83,187
G?`en_,64,29,187
G?`enc,69,49,190
G?`eng,71,53,184
G?`enk,77,66,193
G?`eno,53,36,175
G?`ens,56,52,178
G?`enw,56,52,178
G?`en{,63,69,176
G?`eto,64,21,157
G?`ets,65,33,166
G?`etw,54,33,177
G?`et{,56,50,180
G?`euo,73,33,146
G?`eus,80,48,152
G?`euw,78,54,176
G?`eu{,83,73,180
G?`evO,72,42,176
G?`evS,76,58,185
G?`evW,81,58,180
G?`ev[,84,81,183
G?`evg,56,32,176
G?`evk,56,50,180
G?`evo,58,35,171
G?`evs,65,48,173
G?`evw,61,49,176
G?`ev{,65,66,177
G?`e|w,51,51,184
G?`e|{,52,70,186
G?`e}w,73,81,182
G?`e}{,79,97,188
G?`e~W,88,76,184
G?`e~[,93,102,182
G?`e~o,57,44,185
G?`e~s,60,64,184
G?`e~w,60,68,180
G?`e~{,63,87,180
G?`f?w,60,23,189
G?`fAw,69,40,188
G?`fA{,67,67,196
G?`fBg,81,25,125
G?`fBk,95,43,126
G?`fBo,51,45,201
G?`fBs,66,67,197
G?`fBw,76,64,190
G?`fB{,80,94,189
G?`fCg,63,19,156
G?`fCw,62,31,213
G?`fC{,65,61,214
G?`fEg,73,24,167
G?`fEk,84,40,173
G?`fEo,66,34,197
G?`fEs,73,57,200
G?`fEw,79,56,195
G?`fE{,83,85,195
G?`fF_,60,40,164
G?`fFc,86,43,168
G?`fFg,89,41,167
G?`fFk,100,60,170
G?`fFo,75,62,193
G?`fFs,83,87,193
G?`fFw,87,85,191
G?`fF{,96,117,183
G?`fJo,88,47,195
G?`fJs,84,81,198
G?`fJw,91,70,202
G?`fJ{,93,100,203
G?`fMo,80,43,207
G?`fMs,79,73,211
G?`fMw,92,70,201
G?`fM{,95,98,203
G?`fN_,101,42,154
G?`fNc,105,61,164
G?`fNg,99,66,165
G?`fNk,115,79,169
G?`fNo,98,68,197
G?`fNs,96,99,201
G?`fNw,103,97,196
G?`fN{,107,126,196
G?`fUw,77,62,180
G?`fU{,79,87,182
G?`fVg,79,64,176
G?`fVk,79,88,181
G?`fVo,71,64,184
G?`fVs,78,80,190
G?`fVw,88,85,175
G?`fV{,91,111,175
G?`f^o,90,78,180
G?`f^s,92,104,181
G?`f^w,96,99,182
G?`f^{,102,125,179
G?`fbo,38,20,184
G?`fbs,39,37,188
G?`fbw,54,33,177
G?`fb{,55,52,179
G?`feW,88,58,204
G?`fe[,85,89,211
G?`feo,51,20,171
G?`fes,54,32,178
G?`few,50,31,183
G?`fe{,52,51,183
G?`ffO,51,42,197
G?`ffS,58,64,197
G?`ffW,82,59,178
G?`ff[,82,86,180
G?`ff_,50,32,198
G?`ffc,64,38,206
G?`ffg,76,47,185
G?`ffk,76,62,198
G?`ffo,44,34,186
G?`ffs,48,47,191
G?`ffw,52,48,186
G?`ff{,54,70,184
G?`fjw,58,43,185
G?`fj{,61,64,183
G?`fmw,58,46,182
G?`fm{,60,66,182
G?`fnW,85,75,188
G?`fn[,89,102,186
G?`fng,82,72,182
G?`fnk,82,82,200
G?`fno,56,44,186
G?`fns,55,64,189
G?`fnw,63,61,184
G?`fn{,65,81,184
G?`fvo,53,49,184
G?`fvs,60,61,187
G?`fvw,60,60,174
G?`fv{,61,79,175
G?`f~w,63,79,158
G?`f~{,64,97,159
G?`rc[,62,56,135
G?`reK,74,44,161
G?`reW,63,46,166
G?`re[,65,65,170
G?`rfG,66,22,164
G?`rfK,74,44,162
G?`rfO,56,20,155
G?`rfW,57,34,149
G?`rf[,58,46,156
G?`rf_,60,27,102
G?`rfg,70,29,121
G?`rfk,69,39,101
G?`rfo,62,26,128
G?`rfw,57,37,127
G?`rf{,58,47,119
G?`rm[,71,85,169
G?`rnK,79,57,172
G?`rnW,63,48,149
G?`rn[,64,64,152
G?`rng,72,39,98
G?`rnk,74,49,105
G?`rno,62,33,113
G?`rnw,63,47,114
G?`rn{,64,59,117
G?`uPk,65,46,164
G?`uRK,91,61,198
G?`uRg,55,42,153
G?`uRk,70,62,168
G?`uS[,163,55,142
G?`uTK,77,38,235
G?`uTS,109,29,212
G?`uTW,96,37,217
G?`uT[,107,58,220
G?`uTg,53,34,188
G?`uTk,50,52,198
G?`uTo,59,31,185
G?`uTs,56,50,194
G?`uTw,54,48,198
G?`uT{,56,71,198
G?`uUK,112,44,177
G?`uUS,131,9,156
G?`uUW,112,45,176
G?`uU[,133,65,172
G?`uVG,78,54,218
G?`uVK,85,74,226
G?`uVO,91,47,212
G?`uVS,109,67,209
G?`uVW,83,73,229
G?`uV[,105,99,216
G?`uV_,53,41,181
G?`uVc,54,60,186
G?`uVg,57,56,187
G?`uVk,59,78,188
G?`uVo,53,60,175
G?`uVs,58,82,172
G?`uVw,56,80,176
G?`uV{,65,102,169
G?`u\[,106,89,225
G?`u\s,58,72,195
G?`u\w,56,72,197
G?`u\{,58,94,198
G?`u][,138,98,171
G?`u^S,107,97,216
G?`u^W,87,107,226
G?`u^[,105,129,221
G?`u^c,58,84,183
G?`u^g,60,78,187
G?`u^k,62,101,187
G?`u^o,56,82,174
G?`u^s,61,103,172
G?`u^w,61,103,172
G?`u^{,66,124,170
G?`v?{,49,35,191
G?`vA[,70,53,227
G?`vAk,75,29,148
G?`vAs,49,22,171
G?`vA{,50,36,178
G?`vBK,94,44,126
G?`vBS,71,43,176
G?`vBW,67,41,182
G?`vB[,70,61,188
G?`vBg,67,17,168
G?`vBk,71,38,171
G?`vBo,41,20,181
G?`vBs,48,37,179
G?`vBw,47,28,189
G?`vB{,52,46,188
G?`vC[,91,64,195
G?`vCk,67,46,207
G?`vCs,51,36,188
G?`vC{,53,56,191
G?`vEK,100,43,172
G?`vES,86,52,212
G?`vE[,85,80,220
G?`vEc,66,27,187
G?`vEk,68,48,192
G?`vEo,47,18,177
G?`vEs,50,30,184
G?`vEw,47,30,187
G?`vE{,51,47,188
G?`vF?,64,48,152
G?`vFC,88,42,167
G?`vFK,93,62,175
G?`vFO,63,37,190
G?`vFS,73,55,191
G?`vFW,67,58,194
G?`vF[,74,77,197
G?`vF_,56,35,189
G?`vFc,68,45,195
G?`vFg,69,41,198
G?`vFk,68,64,204
G?`vFo,41,35,188
G?`vFs,52,49,185
G?`vFw,45,48,193
G?`vF{,58,67,183
G?`vI{,55,49,182
G?`vJ[,75,75,198
G?`vJs,51,53,182
G?`vJw,53,45,188
G?`vJ{,56,62,190
G?`vK{,54,73,198
G?`vM[,85,104,231
G?`vMk,71,63,202
G?`vMs,50,46,190
G?`vM{,53,64,191
G?`vNK,100,79,184
G?`vNS,72,72,204
G?`vNW,68,80,200
G?`vN[,74,97,206
G?`vNc,72,67,197
G?`vNk,75,84,205
G?`vNo,53,51,182
G?`vNs,54,67,187
G?`vNw,54,69,185
G?`vN{,59,85,186
G?`vRg,62,33,145
G?`vSw,54,52,194
G?`vUW,90,75,220
G?`vUg,51,30,183
G?`vUo,51,26,163
G?`vUs,53,38,169
G?`vUw,48,39,173
G?`vU{,51,58,171
G?`vVG,72,56,191
G?`vVO,73,52,161
G?`vVS,80,65,167
G?`vVW,74,71,167
G?`vV[,79,90,169
G?`vVg,49,39,172
G?`vVk,50,56,174
G?`vVo,47,37,176
G?`vVs,50,55,175
G?`vVw,51,55,174
G?`vV{,56,74,170
G?`v]{,48,76,176
G?`v^[,77,112,175
G?`v^o,48,55,177
G?`v^s,51,75,174
G?`v^w,51,75,174
G?`v^{,54,92,174
G?`vbW,54,36,174
G?`vbg,69,28,123
G?`vbo,39,28,137
G?`vbs,39,43,126
G?`vbw,45,32,131
G?`vb{,42,48,134
G?`veW,58,59,183
G?`vfG,63,46,199
G?`vfO,43,29,168
G?`vfS,47,42,171
G?`vfW,47,40,173
G?`vf[,47,61,172
G?`vf_,61,37,111
G?`vfc,72,46,146
G?`vfg,71,47,146
G?`vfk,67,53,127
G?`vfo,41,32,148
G?`vfs,42,44,138
G?`vfw,46,41,137
G?`vf{,46,58,136
G?`vj{,48,53,139
G?`vn[,52,74,174
G?`vnk,71,64,131
G?`vno,47,37,140
G?`vns,46,52,142
G?`vnw,48,51,141
G?`vn{,50,65,141
G?`vvo,43,36,103
G?`vvs,43,45,107
G?`vvw,48,45,102
G?`vv{,49,58,101
G?`v~w,51,58,99
G?`v~{,52,69,100
G?aJCc,51,6,63
G?aJCs,94,11,95
G?aJC{,129,12,99
G?aJEc,76,23,111
G?aJEo,55,26,94
G?aJEs,77,50,153
G?aJEw,78,45,87
G?aJE{,96,74,145
G?aJF_,75,14,149
G?aJFc,84,30,158
G?aJFo,80,48,178
G?aJFs,88,68,184
G?aJFw,98,63,179
G?aJF{,95,88,169
G?aJc[,147,12,51
G?aJeO,71,10,119
G?aJeS,101,43,176
G?aJeW,126,9,105
G?aJe[,149,59,152
G?aJfC,81,38,161
G?aJfO,86,40,189
G?aJfS,82,62,206
G?aJfW,109,51,190
G?aJf[,103,83,199
G?aJf_,62,30,115
G?aJfc,66,41,123
G?aJfo,59,50,144
G?aJfs,62,67,147
G?aJfw,63,69,120
G?aJf{,70,85,118
G?aK^o,169,63,48
G?aK^w,186,87,42
G?aK^{,200,110,40
G?aM\w,177,72,120
G?aM\{,187,108,115
G?aM^o,177,86,137
G?aM^s,182,121,137
G?aM^w,192,118,130
G?aM^{,199,153,128
G?aNS{,168,91,110
G?aNUk,111,84,155
G?aNUs,105,78,167
G?aNUw,127,67,156
G?aNU{,130,96,159
G?aNVg,102,86,197
G?aNVk,101,115,204
G?aNVo,98,90,197
G?aNVs,107,112,201
G?aNVw,117,116,187
G?aNV{,121,145,189
G?aN]w,140,78,167
G?aN]{,147,110,163
G?aN^w,142,132,181
G?aN^{,146,164,180
G?aNbW,96,58,196
G?aNb[,93,87,205
G?aNbo,63,48,142
G?aNbs,64,65,147
G?aNbw,56,64,132
G?aNb{,63,81,129
G?aNe[,167,90,143
G?aNfS,93,86,206
G?aNfW,114,76,195
G?aNf[,112,107,201
G?aNfc,70,70,136
G?aNfo,61,68,147
G?aNfs,66,83,150
G?aNfw,69,80,124
G?aNf{,75,97,122
G?aNvW,123,103,194
G?aNv[,123,135,197
G?aNvg,61,76,136
G?aNvk,64,94,136
G?aNvo,62,89,148
G?aNvs,69,102,151
G?aNvw,75,93,126
G?aNv{,77,111,127
G?aN~w,90,108,102
G?aN~{,91,126,103
G?b@aS,65,4,116
G?b@bC,47,0,58
G?b@bO,42,2,131
G?b@bS,68,24,188
G?b@b_,34,6,96
G?b@bc,56,6,108
G?b@bo,55,14,156
G?b@bs,60,31,159
G?b@cK,82,17,51
G?b@cS,74,5,44
G?b@dC,66,2,37
G?b@dG,54,2,49
G?b@dK,84,4,122
G?b@dS,77,17,116
G?b@d_,58,14,64
G?b@dc,88,4,78
G?b@dg,60,14,164
G?b@dk,85,29,158
G?b@do,62,10,152
G?b@ds,77,27,152
G?b@eC,53,21,126
G?b@eK,94,13,98
G?b@eS,80,5,137
G?b@e[,100,4,155
G?b@f?,41,14,85
G?b@fC,72,13,160
G?b@fG,67,12,96
G?b@fK,82,30,168
G?b@fO,53,14,143
G?b@fS,63,37,215
G?b@fW,70,26,149
G?b@f[,77,56,217
G?b@f_,53,22,197
G?b@fc,70,34,202
G?b@fg,62,34,192
G?b@fk,70,55,195
G?b@fo,51,30,169
G?b@fs,63,44,168
G?b@fw,64,43,168
G?b@f{,68,63,157
G?bATo,77,34,148
G?bAV_,74,40,145
G?bAVg,96,51,149
G?bAVo,85,61,150
G?bAVw,109,76,148
G?bAV{,125,105,140
G?bB@o,58,2,185
G?bBBg,66,13,131
G?bBBo,63,27,190
G?bBBw,80,51,184
G?bBCc,54,15,106
G?bBCw,68,11,96
G?bBD_,70,21,119
G?bBDc,80,18,147
G?bBDg,72,20,153
G?bBDo,69,19,192
G?bBDs,83,42,190
G?bBDw,85,42,188
G?bBE_,50,14,76
G?bBEc,83,17,110
G?bBEg,79,14,82
G?bBEk,97,26,122
G?bBEo,63,18,129
G?bBEs,76,35,169
G?bBEw,87,29,129
G?bBF_,61,31,153
G?bBFc,88,31,161
G?bBFg,83,34,163
G?bBFk,101,50,164
G?bBFo,73,44,198
G?bBFs,95,66,189
G?bBFw,97,70,183
G?bBF{,112,95,178
G?bBQs,63,28,189
G?bBRo,53,42,220
G?bBRs,62,61,227
G?bBTg,67,36,212
G?bBTk,61,63,226
G?bBTo,67,36,212
G?bBTs,70,59,221
G?bBUg,86,18,176
G?bBUk,87,45,183
G?bBUo,70,22,188
G?bBUs,73,46,196
G?bBUw,87,41,187
G?bBU{,92,68,190
G?bBV_,50,37,228
G?bBVc,58,62,230
G?bBVg,72,56,222
G?bBVk,74,84,227
G?bBVo,62,63,225
G?bBVs,72,86,227
G?bBVw,81,87,217
G?bBV{,90,116,214
G?bB`W,53,17,210
G?bB`[,56,36,223
G?bB`o,49,6,170
G?bB`s,52,20,178
G?bB`w,42,18,190
G?bB`{,43,32,200
G?bBa[,97,46,153
G?bBbK,86,35,124
G?bBbS,63,40,212
G?bBbW,66,33,216
G?bBb[,65,56,229
G?bBbc,56,24,158
G?bBbg,65,24,167
G?bBbk,70,42,176
G?bBbo,44,25,181
G?bBbs,49,37,189
G?bBbw,46,40,189
G?bBb{,51,54,195
G?bBc[,109,52,159
G?bBdG,85,3,157
G?bBdS,66,32,217
G?bBdW,73,18,224
G?bBd[,70,46,234
G?bBdg,62,28,198
G?bBdk,60,48,212
G?bBdo,47,19,184
G?bBds,49,33,193
G?bBdw,44,30,201
G?bBd{,44,49,207
G?bBeK,123,53,111
G?bBeS,85,41,170
G?bBeW,104,5,150
G?bBe[,110,55,168
G?bBf?,61,26,158
G?bBfC,81,26,173
G?bBfG,90,30,160
G?bBfK,87,48,180
G?bBfO,56,33,226
G?bBfS,53,56,241
G?bBfW,76,49,225
G?bBf[,74,77,234
G?bBf_,51,45,210
G?bBfc,68,47,225
G?bBfg,66,49,205
G?bBfk,67,70,215
G?bBfo,41,38,196
G?bBfs,48,54,198
G?bBfw,50,57,193
G?bBf{,56,76,193
G?bBro,44,50,181
G?bBrs,50,60,190
G?bBuW,119,44,170
G?bBu[,122,78,170
G?bBvO,65,56,229
G?bBvS,67,77,241
G?bBvW,88,71,226
G?bBv[,86,102,232
G?bBvg,50,53,197
G?bBvk,53,74,198
G?bBvo,46,64,190
G?bBvs,51,78,196
G?bBvw,51,82,179
G?bBv{,56,102,178
G?bDJo,84,18,213
G?bDKk,108,0,102
G?bDLg,84,32,129
G?bDMk,111,27,142
G?bDMo,89,14,177
G?bDMw,104,28,183
G?bDN_,79,30,171
G?bDNg,88,40,187
G?bDNk,108,54,188
G?bDNo,91,44,215
G?bDNw,100,72,213
G?bDN{,114,102,204
G?bDjo,45,34,196
G?bDjs,44,54,202
G?bDlk,88,62,190
G?bDls,68,63,221
G?bDm[,109,80,181
G?bDnK,90,61,199
G?bDnS,55,79,251
G?bDnW,72,66,247
G?bDn[,72,96,252
G?bDnc,54,71,227
G?bDng,63,70,219
G?bDnk,66,87,231
G?bDno,46,54,200
G?bDns,48,74,203
G?bDnw,54,77,194
G?bDn{,59,97,194
G?bDrW,64,52,234
G?bDr[,59,81,245
G?bDrg,49,32,194
G?bDrk,48,53,199
G?bDro,54,41,180
G?bDrs,53,55,192
G?bDrw,52,56,192
G?bDr{,52,77,196
G?bDt[,107,60,183
G?bDts,81,62,167
G?bDtw,76,69,196
G?bDt{,81,90,201
G?bDu[,121,77,172
G?bDvK,77,68,240
G?bDvS,74,75,236
G?bDvW,84,69,232
G?bDv[,84,100,236
G?bDvg,54,51,195
G?bDvk,55,72,198
G?bDvo,53,64,183
G?bDvs,58,78,189
G?bDvw,61,82,182
G?bDv{,64,103,183
G?bEH{,119,83,158
G?bEJk,135,71,122
G?bEJo,119,45,156
G?bEJw,129,77,154
G?bEJ{,140,110,150
G?bELk,112,72,144
G?bELw,120,74,166
G?bEL{,137,105,158
G?bENg,130,85,113
G?bENk,145,103,121
G?bENo,127,79,154
G?bENw,139,111,150
G?bEN{,153,144,143
G?bERg,92,40,164
G?bERo,102,43,151
G?bERw,110,63,160
G?bETs,112,61,160
G?bETw,109,61,163
G?bEVc,92,74,167
G?bEVg,103,67,163
G?bEVk,117,94,159
G?bEVo,109,77,147
G?bEVs,123,90,157
G?bEVw,121,93,156
G?bEV{,135,123,149
G?bE^g,126,71,173
G?bE^k,137,104,166
G?bE^o,129,74,167
G?bE^s,134,108,165
G?bE^w,142,104,161
G?bE^{,149,138,157
G?bFBg,78,31,171
G?bFBo,58,42,215
G?bFBw,67,66,217
G?bFDg,65,37,178
G?bFDs,61,57,232
G?bFDw,67,60,223
G?bFEg,87,28,130
G?bFEk,95,45,140
G?bFEs,68,55,192
G?bFEw,86,49,180
G?bFF_,55,54,171
G?bFFc,79,55,181
G?bFFg,77,58,180
G?bFFk,88,78,184
G?bFFo,61,71,218
G?bFFs,73,92,220
G?bFFw,77,98,210
G?bFF{,88,132,200
G?bFI{,97,60,193
G?bFJo,88,41,221
G?bFJs,85,71,229
G?bFJw,97,69,219
G?bFJ{,96,99,225
G?bFK{,99,56,195
G?bFLw,92,64,229
G?bFL{,94,94,232
G?bFMk,125,49,141
G?bFMs,89,62,199
G?bFMw,107,46,197
G?bFM{,110,76,199
G?bFNg,101,70,179
G?bFNk,112,87,186
G?bFNo,92,71,222
G?bFNs,92,101,227
G?bFNw,105,101,214
G?bFN{,108,131,216
G?bFQw,84,41,190
G?bFQ{,83,71,196
G?bFRw,75,78,232
G?bFR{,74,108,238
G?bFTw,73,73,239
G?bFT{,76,102,242
G?bFUs,84,61,205
G?bFUw,96,54,200
G?bFU{,100,84,201
G?bFVg,72,80,233
G?bFVk,71,109,240
G?bFVo,68,87,230
G?bFVs,75,107,238
G?bFVw,85,110,225
G?bFV{,89,140,226
G?bF]w,110,68,207
G?bF]{,119,100,201
G?bF^w,106,133,216
G?bF^{,111,165,214
G?bF`w,33,32,210
G?bF`{,36,50,214
G?bFbW,63,55,232
G?bFb[,62,84,239
G?bFbg,63,52,205
G?bFbk,66,70,216
G?bFbo,42,37,196
G?bFbs,46,53,201
G?bFbw,44,54,202
G?bFb{,48,74,203
G?bFd[,79,74,232
G?bFds,53,49,198
G?bFdw,47,49,204
G?bFd{,51,68,206
G?bFe[,119,87,164
G?bFfK,87,75,188
G?bFfS,59,84,242
G?bFfW,80,78,227
G?bFf[,80,108,232
G?bFfc,65,75,234
G?bFfg,59,78,215
G?bFfk,63,95,226
G?bFfo,42,59,199
G?bFfs,47,74,204
G?bFfw,51,79,195
G?bFf{,56,99,195
G?bFjw,55,75,195
G?bFj{,60,97,193
G?bFlw,60,69,196
G?bFl{,65,91,194
G?bFnW,92,97,231
G?bFn[,97,129,229
G?bFng,74,95,203
G?bFnk,78,114,211
G?bFno,55,76,194
G?bFns,55,98,197
G?bFnw,65,101,184
G?bFn{,69,123,183
G?bFrw,47,78,187
G?bFr{,50,99,187
G?bFvW,95,101,224
G?bFv[,96,133,226
G?bFvo,49,92,184
G?bFvs,54,103,193
G?bFvw,58,105,173
G?bFv{,60,126,174
G?bF~w,70,130,160
G?bF~{,71,152,161
G?bLQk,95,45,175
G?bLRk,98,68,219
G?bLSk,107,34,139
G?bLS{,148,42,125
G?bLTw,116,55,179
G?bLUk,110,60,180
G?bLUw,122,47,181
G?bLU{,136,74,175
G?bLV_,109,36,205
G?bLVg,107,62,216
G?bLVk,115,92,213
G?bLVo,114,67,204
G?bLVw,121,92,207
G?bLV{,138,121,196
G?bL[{,162,57,131
G?bL]w,142,64,179
G?bL]{,144,94,182
G?bL^k,119,115,221
G?bL^o,135,86,199
G?bL^w,136,116,203
G?bL^{,138,146,206
G?bL`[,86,32,197
G?bL`k,75,54,211
G?bL`s,64,46,210
G?bL`w,59,49,212
G?bL`{,63,72,217
G?bLa[,115,52,166
G?bLbK,68,57,225
G?bLbW,81,48,221
G?bLb[,76,76,233
G?bLbg,51,35,189
G?bLbk,52,52,196
G?bLbo,50,31,194
G?bLbs,48,49,203
G?bLbw,52,48,200
G?bLb{,51,68,206
G?bLc[,162,55,111
G?bLdK,100,26,189
G?bLdS,103,33,179
G?bLdW,117,34,164
G?bLd[,116,52,182
G?bLdg,54,61,225
G?bLdk,76,65,233
G?bLds,79,60,213
G?bLdw,76,65,211
G?bLd{,80,87,217
G?bLeK,102,46,185
G?bLeS,110,49,174
G?bLeW,131,11,154
G?bLe[,135,63,172
G?bLfC,72,51,227
G?bLfG,80,49,221
G?bLfK,79,72,234
G?bLfS,83,68,234
G?bLfW,105,64,216
G?bLf[,102,93,225
G?bLfc,57,50,193
G?bLfg,50,52,198
G?bLfk,56,69,200
G?bLfo,52,55,193
G?bLfs,56,74,195
G?bLfw,61,73,191
G?bLf{,65,93,192
G?bLts,91,76,205
G?bLtw,93,82,197
G?bLt{,94,104,205
G?bLvW,114,85,221
G?bLv[,116,116,223
G?bLvg,61,70,194
G?bLvk,63,90,197
G?bLvo,67,72,186
G?bLvs,71,93,186
G?bLvw,75,95,180
G?bLv{,80,115,180
G?bL|{,98,129,207
G?bL~w,81,114,180
G?bL~{,86,136,178
G?bMPk,105,57,171
G?bMRk,121,77,172
G?bMTk,118,84,168
G?bMTw,127,67,176
G?bMT{,141,98,168
G?bMVg,123,73,174
G?bMVk,133,105,169
G?bMVo,126,81,163
G?bMVw,135,106,166
G?bMV{,148,137,159
G?bM\w,150,86,171
G?bM\{,164,117,163
G?bM^k,152,126,166
G?bM^o,155,91,161
G?bM^w,160,126,158
G?bM^{,169,158,154
G?bN?{,86,56,173
G?bN@k,74,62,214
G?bN@s,78,52,220
G?bN@w,84,53,213
G?bN@{,82,82,221
G?bNAk,86,52,177
G?bNAs,97,49,169
G?bNAw,96,46,173
G?bNA{,96,72,182
G?bNBg,79,58,213
G?bNBk,84,82,219
G?bNBo,90,50,210
G?bNBs,88,75,222
G?bNBw,88,75,222
G?bNB{,95,105,220
G?bNCs,105,39,171
G?bNC{,118,60,172
G?bNDk,79,79,227
G?bNDo,87,49,214
G?bNDs,86,72,227
G?bNDw,94,73,218
G?bND{,97,102,221
G?bNEc,86,48,181
G?bNEk,95,68,187
G?bNEs,100,68,182
G?bNEw,110,62,178
G?bNE{,115,88,182
G?bNFc,79,81,225
G?bNFg,81,89,215
G?bNFk,92,109,219
G?bNFo,93,83,209
G?bNFs,95,107,218
G?bNFw,102,106,212
G?bNF{,111,136,208
G?bNS{,134,77,174
G?bNTk,91,101,228
G?bNTs,92,88,240
G?bNTw,101,90,229
G?bNT{,106,121,228
G?bNUs,111,83,191
G?bNUw,123,78,184
G?bNU{,129,108,183
G?bNVg,99,100,221
G?bNVk,99,132,224
G?bNVo,102,106,212
G?bNVs,102,131,222
G?bNVw,115,131,209
G?bNV{,119,163,208
G?bN\{,122,145,223
G?bN]{,141,126,188
G?bN^o,128,126,201
G?bN^s,129,159,202
G?bN^w,128,156,206
G?bN^{,133,188,204
G?bN`{,49,71,205
G?bNbo,57,52,179
G?bNbs,57,72,183
G?bNbw,58,74,180
G?bNb{,61,95,180
G?bNd[,120,85,215
G?bNdk,56,69,200
G?bNds,60,66,199
G?bNdw,63,68,194
G?bNd{,64,90,196
G?bNe[,145,94,168
G?bNfS,90,99,231
G?bNfW,117,94,209
G?bNf[,114,126,215
G?bNfc,60,77,188
G?bNfg,61,85,179
G?bNfk,66,99,185
G?bNfo,58,79,175
G?bNfs,60,99,177
G?bNfw,68,98,170
G?bNf{,70,119,171
G?bNj{,62,117,181
G?bNl{,67,112,196
G?bNn[,115,156,219
G?bNnk,69,119,187
G?bNno,64,98,174
G?bNns,66,120,174
G?bNnw,70,119,171
G?bNn{,72,140,172
G?bNtw,73,93,184
G?bNt{,78,116,181
G?bNvo,66,104,166
G?bNvs,70,122,168
G?bNvw,79,122,159
G?bNv{,80,144,160
G?bN~w,86,142,156
G?bN~{,87,164,157
G?bapk,47,24,171
G?barK,78,54,198
G?barg,53,22,167
G?bark,54,34,176
G?barw,41,31,192
G?bas[,112,56,147
G?bask,59,51,240
G?batK,82,45,223
G?bat[,83,75,227
G?batg,53,19,170
G?batk,42,35,187
G?bato,52,17,173
G?batw,47,31,186
G?bat{,46,47,193
G?bauK,101,30,184
G?bau[,98,66,186
G?baug,63,42,185
G?bauk,69,61,189
G?bauw,67,56,196
G?bavG,76,41,213
G?bavK,77,66,220
G?bavO,65,37,188
G?bavW,71,53,195
G?bav[,74,76,198
G?bav_,39,18,185
G?bavg,50,28,186
G?bavk,50,44,192
G?bavo,42,29,193
G?bavw,49,44,193
G?bav{,58,61,189
G?ba|[,76,107,237
G?ba|{,39,68,201
G?ba}[,95,96,194
G?ba}w,66,82,200
G?ba~[,70,101,206
G?ba~g,45,42,199
G?ba~k,48,62,198
G?ba~o,43,43,200
G?ba~w,46,62,200
G?ba~{,51,82,197
G?bbQk,67,45,178
G?bbRk,67,56,196
G?bbRw,60,63,196
G?bbSk,52,53,215
G?bbS{,57,76,219
G?bbUk,60,62,197
G?bbUo,67,36,187
G?bbUw,64,55,200
G?bbU{,65,78,205
G?bbV_,56,37,197
G?bbVg,62,53,204
G?bbVk,65,76,207
G?bbVo,67,56,196
G?bbVw,69,76,203
G?bbV{,77,100,200
G?bb[{,61,102,221
G?bb]k,66,83,199
G?bb]{,69,103,205
G?bb^g,71,73,204
G?bb^k,72,98,207
G?bb^o,78,77,193
G?bb^w,78,102,197
G?bb^{,81,127,198
G?bbqw,41,29,194
G?bbrW,67,59,193
G?bbro,32,30,202
G?bbrs,38,36,212
G?bbrw,40,45,201
G?bbr{,44,54,210
G?bbsw,51,49,200
G?bbuW,96,70,219
G?bbug,51,30,183
G?bbuw,45,38,203
G?bbu{,44,57,207
G?bbvG,87,62,214
G?bbvW,78,68,202
G?bbv[,76,94,207
G?bbvg,45,43,198
G?bbvk,44,61,203
G?bbvo,35,42,209
G?bbvs,38,59,211
G?bbvw,46,58,204
G?bbv{,47,77,206
G?bbz{,46,73,211
G?bb~w,46,79,205
G?bb~{,48,98,206
G?bczs,51,70,204
G?bcz{,50,93,207
G?bc{{,141,97,169
G?bc}[,117,82,186
G?bc}s,105,91,224
G?bc}{,104,123,228
G?bc~S,76,94,214
G?bc~W,78,87,219
G?bc~[,81,115,220
G?bc~c,55,74,196
G?bc~k,60,89,201
G?bc~o,57,74,194
G?bc~s,62,94,194
G?bc~w,59,96,195
G?bc~{,65,117,193
G?beZs,94,100,226
G?beZw,93,101,226
G?beZ{,92,131,232
G?be\s,95,97,228
G?be\w,91,98,231
G?be\{,94,127,234
G?be]s,113,80,192
G?be]w,105,92,188
G?be]{,116,110,194
G?be^c,86,111,223
G?be^g,93,101,226
G?be^k,93,131,231
G?be^o,104,102,214
G?be^s,104,132,219
G?be^w,105,133,217
G?be^{,107,163,220
G?be`[,56,60,234
G?be`k,64,36,180
G?be`w,43,23,176
G?be`{,42,38,184
G?bea[,79,38,198
G?beaw,57,43,190
G?bebK,83,46,168
G?bebW,66,42,182
G?beb[,64,63,192
G?bebg,61,31,188
G?bebk,69,45,194
G?bebo,38,17,187
G?bebw,44,29,191
G?beb{,50,46,190
G?bec[,100,54,161
G?becw,70,56,224
G?bedK,85,43,187
G?bed[,77,75,233
G?bedg,57,34,189
G?bedk,64,48,196
G?bedo,45,20,177
G?bedw,48,34,182
G?bed{,52,49,185
G?beeW,90,47,178
G?bee[,99,64,187
G?beeg,75,48,174
G?beew,62,61,196
G?befG,78,41,178
G?befK,87,60,183
G?befO,57,37,196
G?befW,68,54,197
G?bef[,72,75,201
G?bef_,48,40,192
G?befg,59,51,198
G?befk,71,66,199
G?befo,39,38,187
G?befw,50,51,185
G?bef{,62,68,178
G?beh{,40,53,193
G?bejw,46,47,193
G?bej{,49,63,196
G?bel[,79,100,241
G?belk,60,66,210
G?belw,47,47,192
G?bel{,50,63,195
G?bem[,103,86,196
G?bemw,67,80,201
G?benW,70,74,204
G?ben[,74,95,208
G?beng,66,68,202
G?benk,71,84,209
G?beno,53,52,181
G?benw,53,69,186
G?ben{,59,85,186
G?bepw,43,31,190
G?bep{,42,49,195
G?beqw,66,57,196
G?beq{,69,75,204
G?berW,72,55,192
G?ber[,71,79,198
G?berk,52,48,186
G?bero,45,24,195
G?bers,45,38,203
G?berw,46,39,201
G?ber{,48,58,202
G?bets,54,41,191
G?betw,48,41,197
G?bet{,52,60,196
G?beus,77,66,193
G?beuw,74,71,191
G?beu{,80,89,195
G?bevK,82,86,228
G?bevS,75,70,203
G?bevW,78,67,203
G?bev[,81,93,203
G?bevc,46,47,193
G?bevg,52,45,189
G?bevk,52,63,193
G?bevo,47,47,192
G?bevs,52,63,193
G?bevw,55,62,191
G?bev{,60,81,189
G?bez{,45,78,207
G?be|{,49,80,201
G?be}{,81,113,198
G?be~[,82,117,207
G?be~k,55,80,195
G?be~o,50,61,197
G?be~s,53,81,196
G?be~w,54,82,194
G?be~{,58,101,193
G?bf?{,45,79,216
G?bfAk,85,48,164
G?bfAw,59,69,202
G?bfA{,62,99,202
G?bfBg,86,47,164
G?bfBk,92,66,172
G?bfBo,64,68,198
G?bfBw,64,97,202
G?bfB{,71,130,195
G?bfCk,68,58,180
G?bfC{,59,93,222
G?bfEk,83,66,181
G?bfEw,64,88,211
G?bfE{,68,120,208
G?bfF_,62,72,163
G?bfFg,86,73,171
G?bfFk,94,94,175
G?bfFo,69,98,196
G?bfFw,71,130,195
G?bfF{,79,164,186
G?bfI{,77,96,223
G?bfJw,85,89,222
G?bfJ{,86,118,225
G?bfK{,79,95,234
G?bfMk,95,81,187
G?bfM{,87,114,228
G?bfNg,95,88,180
G?bfNk,106,105,185
G?bfNo,90,94,212
G?bfNw,92,121,216
G?bfN{,97,150,215
G?bfRo,69,51,199
G?bfRs,67,70,211
G?bfRw,72,71,205
G?bfR{,72,97,208
G?bfUw,72,71,205
G?bfU{,76,96,205
G?bfVg,69,77,202
G?bfVk,69,102,206
G?bfVo,72,80,196
G?bfVs,77,98,202
G?bfVw,79,99,199
G?bfV{,83,125,198
G?bfZ{,76,119,211
G?bf^o,82,96,199
G?bf^s,83,123,200
G?bf^w,82,121,203
G?bf^{,88,147,200
G?bfa{,43,50,193
G?bfb[,66,86,196
G?bfbk,68,63,205
G?bfbo,32,30,202
G?bfbs,35,45,206
G?bfbw,40,44,202
G?bfb{,42,66,200
G?bfew,48,46,192
G?bfe{,51,66,191
G?bffS,65,85,198
G?bffW,69,79,200
G?bff[,71,105,201
G?bffc,67,65,204
G?bffg,64,69,203
G?bffk,68,86,210
G?bffo,35,55,196
G?bffs,39,69,200
G?bffw,49,68,191
G?bff{,51,90,189
G?bfj{,47,78,205
G?bfn[,77,119,210
G?bfnk,74,106,212
G?bfno,51,68,189
G?bfns,49,87,194
G?bfnw,52,84,194
G?bfn{,55,103,194
G?bfrw,42,58,208
G?bfr{,43,78,209
G?bfvo,42,68,198
G?bfvs,46,82,202
G?bfvw,54,83,193
G?bfv{,54,103,195
G?bf~w,58,104,190
G?bf~{,59,124,191
G?bmrk,47,59,174
G?bmt[,116,113,226
G?bmtk,46,61,201
G?bmtw,55,52,173
G?bmt{,58,70,172
G?bmu[,132,94,194
G?bmuw,79,86,173
G?bmvK,76,91,210
G?bmvW,82,78,178
G?bmv[,86,102,176
G?bmvg,48,53,179
G?bmvk,49,71,180
G?bmvo,54,56,170
G?bmvw,60,71,169
G?bmv{,64,88,168
G?bm|{,61,89,170
G?bm~w,65,89,166
G?bm~{,69,107,164
G?bnRk,71,96,171
G?bnS{,92,110,201
G?bnUk,75,97,192
G?bnU{,85,107,172
G?bnVk,74,113,177
G?bnVo,80,92,166
G?bnVw,87,111,166
G?bnV{,90,134,166
G?bn]{,93,125,172
G?bn^w,90,130,170
G?bn^{,96,152,168
G?bnuw,61,70,169
G?bnvW,87,105,172
G?bnvo,55,75,170
G?bnvs,60,89,171
G?bnvw,62,90,168
G?bnv{,63,108,169
G?bn~{,68,127,165
G?brrk,45,38,141
G?bru[,59,96,181
G?brvK,43,59,206
G?brvO,44,34,182
G?brv[,42,70,188
G?brvg,33,35,156
G?brvk,33,50,157
G?brvo,33,34,115
G?brvw,33,46,116
G?brv{,35,56,117
G?br~[,45,89,186
G?br~{,38,68,115
G?bvQ{,45,59,204
G?bvR[,74,93,210
G?bvRk,50,56,174
G?bvRs,42,52,186
G?bvRw,43,52,185
G?bvR{,45,70,185
G?bvS{,66,90,194
G?bvU[,114,124,217
G?bvUk,51,61,196
G?bvUs,52,53,175
G?bvU{,52,71,177
G?bvVK,72,93,212
G?bvVS,79,84,175
G?bvVW,73,91,174
G?bvV[,78,108,178
G?bvVc,45,65,170
G?bvVg,48,54,178
G?bvVk,49,72,179
G?bvVo,47,55,178
G?bvVs,52,71,177
G?bvVw,49,71,180
G?bvV{,54,88,178
G?bv]{,52,90,178
G?bv^[,80,131,179
G?bv^s,53,89,178
G?bv^w,51,89,180
G?bv^{,55,107,178
G?bvb[,41,69,198
G?bvbk,71,53,123
G?bvbo,30,32,146
G?bvbw,30,48,146
G?bvb{,31,64,145
G?bve[,63,109,178
G?bvfK,72,90,202
G?bvf[,47,83,170
G?bvfg,72,67,147
G?bvfk,69,69,128
G?bvfo,36,51,137
G?bvfw,38,64,138
G?bvf{,37,81,138
G?bvj{,36,63,157
G?bvn[,52,89,179
G?bvnk,69,78,138
G?bvnw,40,67,149
G?bvn{,42,79,151
G?bvrw,34,45,116
G?bvr{,36,57,115
G?bvvW,49,70,181
G?bvvg,41,51,148
G?bvvo,40,42,113
G?bvvs,43,51,114
G?bvvw,42,52,114
G?bvv{,43,63,115
G?bv~{,45,75,114
G?b~v[,67,109,164
G?b~vk,44,64,113
G?b~vo,47,51,62
G?b~vw,49,57,64
G?b~v{,49,65,66
G?b~~{,50,75,65
G?oppg,106,3,150
G?opps,111,44,178
G?oppw,117,49,167
G?opp{,119,44,147
G?optK,79,34,187
G?optW,69,41,190
G?opt[,70,53,207
G?optg,81,31,188
G?optk,95,43,192
G?opto,60,58,212
G?opts,78,49,203
G?optw,79,53,198
G?opt{,90,68,202
G?opuG,46,14,150
G?opuK,42,32,157
G?opuW,57,6,168
G?opu[,60,30,162
G?opvG,50,18,174
G?opvK,50,37,177
G?opvO,49,19,174
G?opvS,56,29,179
G?opvW,49,29,186
G?opv[,51,53,182
G?opv_,40,20,182
G?opvc,50,30,184
G?opvg,46,28,178
G?opvk,51,55,167
G?opvo,48,31,185
G?opvs,52,44,190
G?opvw,44,44,185
G?opv{,52,72,170
G?otPk,79,34,187
G?otPs,71,43,186
G?otP{,78,62,190
G?otQg,48,12,140
G?otQk,45,30,145
G?otQs,52,23,145
G?otQw,44,21,155
G?otQ{,45,35,160
G?otRK,70,36,154
G?otRS,67,30,137
G?otR[,68,49,169
G?otRg,48,14,158
G?otRk,49,30,161
G?otRs,50,25,165
G?otRw,41,32,167
G?otR{,46,45,169
G?otSs,82,35,143
G?otSw,62,35,163
G?otS{,68,51,167
G?otTG,82,28,130
G?otTK,97,38,135
G?otTS,101,35,104
G?otT[,98,56,146
G?otTg,69,25,166
G?otTk,74,43,169
G?otTo,64,27,169
G?otTs,73,41,172
G?otTw,66,46,174
G?otT{,75,62,175
G?otU[,94,55,181
G?otUg,49,15,156
G?otUk,46,30,164
G?otUo,58,18,144
G?otUs,62,27,151
G?otUw,49,27,164
G?otU{,52,41,167
G?otVG,65,24,171
G?otVK,72,44,170
G?otVS,80,41,139
G?otVW,67,44,175
G?otV[,76,63,173
G?otV_,41,13,166
G?otVc,51,28,161
G?otVg,44,27,169
G?otVk,48,44,168
G?otVo,46,26,168
G?otVs,56,40,164
G?otVw,44,42,174
G?otV{,55,59,166
G?otYw,40,28,172
G?otY{,41,47,172
G?otZ[,64,68,180
G?ot\W,90,42,168
G?ot\[,98,78,154
G?ot]w,44,40,176
G?ot]{,44,57,179
G?ot^W,65,65,182
G?ot^[,71,81,186
G?ot^o,45,41,174
G?ot^s,44,58,178
G?ot^w,46,56,178
G?ot^{,49,75,176
G?otp{,88,77,195
G?otr[,40,42,178
G?otrs,39,29,192
G?otrw,38,36,186
G?otr{,34,53,193
G?ott[,65,59,188
G?otts,68,43,201
G?ottw,64,57,191
G?ott{,68,72,198
G?otu[,56,55,175
G?otvG,40,20,180
G?otvK,39,35,186
G?otvS,54,28,178
G?otvW,41,30,189
G?otv[,43,47,190
G?otvg,37,32,191
G?otvk,36,50,194
G?otvo,39,28,193
G?otvs,43,41,196
G?otvw,36,49,195
G?otv{,39,67,194
G?ouP[,73,40,227
G?ouPs,54,10,178
G?ouPw,54,4,152
G?ouP{,65,30,157
G?ouTS,85,35,120
G?ouT[,88,51,191
G?ouTg,51,16,153
G?ouTs,60,28,176
G?ouTw,56,36,172
G?ouT{,60,53,173
G?ouUW,118,1,129
G?ouU[,143,4,132
G?ouVG,87,31,182
G?ouVS,98,42,130
G?ouVW,89,48,193
G?ouV[,102,68,190
G?ouV_,48,26,168
G?ouVg,52,35,165
G?ouVo,54,35,175
G?ouVs,66,48,172
G?ouVw,53,52,168
G?ouV{,62,67,165
G?ouXw,68,28,156
G?ouX{,73,44,156
G?ou\[,88,76,196
G?ou\w,57,58,171
G?ou\{,61,74,173
G?ou][,145,53,143
G?ou^W,92,79,189
G?ou^[,107,92,191
G?ou^g,49,63,161
G?ou^k,53,77,164
G?ou^o,53,55,165
G?ou^s,58,74,162
G?ou^w,56,74,164
G?ou^{,61,92,162
G?ov?w,54,20,176
G?ov?{,51,35,189
G?ov@W,65,26,197
G?ov@[,79,42,199
G?ov@k,58,16,168
G?ov@o,42,10,168
G?ov@s,52,19,171
G?ov@w,49,22,171
G?ov@{,56,39,169
G?ovCW,81,28,206
G?ovC[,86,43,221
G?ovCk,53,15,152
G?ovCs,57,18,145
G?ovCw,49,14,157
G?ovC{,45,28,167
G?ovDG,62,20,152
G?ovDK,71,28,161
G?ovDS,74,24,136
G?ovDW,64,24,172
G?ovD[,67,42,177
G?ovD_,50,2,148
G?ovDc,57,5,158
G?ovDg,50,6,164
G?ovDk,55,19,166
G?ovDo,44,4,172
G?ovDs,50,18,172
G?ovDw,43,20,177
G?ovD{,46,36,178
G?ovEG,57,41,199
G?ovEK,77,34,189
G?ovEO,76,12,122
G?ovES,81,28,131
G?ovEW,90,33,177
G?ovE[,90,56,184
G?ovE_,52,4,144
G?ovEc,57,5,158
G?ovEg,41,6,173
G?ovEk,46,17,177
G?ovEo,58,5,157
G?ovEs,55,20,165
G?ovEw,46,18,176
G?ovE{,44,37,179
G?ovF?,56,14,154
G?ovFC,73,10,151
G?ovFG,62,21,177
G?ovFK,68,29,189
G?ovFO,67,13,154
G?ovFS,72,29,159
G?ovFW,67,33,186
G?ovF[,70,54,188
G?ovF_,42,6,172
G?ovFc,50,15,175
G?ovFg,46,15,179
G?ovFk,49,29,182
G?ovFo,44,18,178
G?ovFs,50,32,178
G?ovFw,39,33,188
G?ovF{,48,53,179
G?ovP{,59,57,170
G?ovS{,50,42,168
G?ovT[,72,59,181
G?ovTg,52,20,168
G?ovTk,53,38,169
G?ovTw,49,38,173
G?ovT{,51,52,177
G?ovU[,111,66,183
G?ovUg,46,19,175
G?ovUk,43,35,182
G?ovUs,63,34,163
G?ovUw,47,39,174
G?ovU{,50,52,178
G?ovVG,70,33,183
G?ovVK,71,50,191
G?ovVS,79,51,156
G?ovVW,73,60,179
G?ovV[,76,78,184
G?ovVg,46,34,180
G?ovVk,46,53,181
G?ovVo,51,34,175
G?ovVs,56,48,176
G?ovVw,48,55,177
G?ovV{,54,69,177
G?ov\w,46,50,184
G?ov\{,47,67,186
G?ov]w,40,52,188
G?ov]{,39,69,192
G?ov^W,70,85,183
G?ov^[,72,101,191
G?ov^w,42,71,187
G?ov^{,44,88,188
G?ovdW,44,28,168
G?ovd[,41,43,176
G?ovdo,36,13,191
G?ovds,41,28,191
G?oveW,47,43,162
G?ove[,50,61,162
G?ovfO,44,18,178
G?ovfS,48,34,178
G?ovfW,37,33,190
G?ovf[,36,53,191
G?ovf_,32,8,164
G?ovfc,40,30,151
G?ovfo,35,30,156
G?ovfs,36,39,149
G?ovfw,34,40,122
G?ovf{,35,55,120
G?ovtw,39,54,187
G?ovt{,38,71,191
G?ovvW,41,50,189
G?ovv[,43,68,189
G?ovvg,38,40,118
G?ovvk,35,55,120
G?ovvo,38,42,144
G?ovvs,43,50,147
G?ovvw,37,53,120
G?ovv{,38,65,121
G?ov~w,36,64,108
G?ov~{,37,75,109
G?o|Y{,46,58,176
G?o|Zs,42,61,177
G?o|\[,101,101,158
G?o|\s,67,83,188
G?o|]s,48,56,176
G?o|]w,46,59,175
G?o|]{,49,72,179
G?o|^S,70,80,188
G?o|^W,67,87,184
G?o|^[,74,101,189
G?o|^o,45,60,175
G?o|^s,43,76,181
G?o|^w,43,79,178
G?o|^{,48,94,178
G?o|rs,32,55,193
G?o|rw,38,58,184
G?o|r{,33,77,190
G?o|ts,72,72,194
G?o|tw,65,81,192
G?o|t{,69,98,197
G?o|vK,34,59,187
G?o|vW,40,52,188
G?o|v[,43,71,186
G?o|vg,31,53,196
G?o|vk,32,72,196
G?o|vo,33,54,193
G?o|vs,37,68,195
G?o|vw,34,71,195
G?o|v{,37,91,192
G?o}X{,78,64,152
G?o}\s,59,81,168
G?o}\{,68,93,169
G?o}][,150,81,141
G?o}^S,115,91,184
G?o}^W,97,106,187
G?o}^[,115,120,185
G?o}^g,54,82,158
G?o}^s,57,96,162
G?o}^w,57,98,160
G?o}^{,62,118,156
G?o~?{,52,53,195
G?o~@[,79,66,207
G?o~@k,51,37,176
G?o~@s,44,43,177
G?o~@{,54,60,172
G?o~C[,92,70,223
G?o~Ck,42,27,171
G?o~Cs,47,30,163
G?o~C{,41,43,176
G?o~DK,70,41,175
G?o~DS,72,45,169
G?o~D[,66,61,185
G?o~Dc,44,23,173
G?o~Dg,43,20,177
G?o~Dk,44,34,182
G?o~Ds,38,36,186
G?o~Dw,39,37,184
G?o~D{,40,52,188
G?o~EK,86,56,188
G?o~ES,95,52,183
G?o~EW,96,55,179
G?o~E[,99,77,184
G?o~Ec,46,23,171
G?o~Eg,33,22,185
G?o~Ek,36,36,188
G?o~Es,45,38,177
G?o~Ew,37,40,183
G?o~E{,38,56,186
G?o~F?,62,22,176
G?o~FC,74,28,184
G?o~FG,61,35,190
G?o~FK,73,46,193
G?o~FS,73,52,187
G?o~FW,64,56,192
G?o~F[,69,74,195
G?o~F_,30,17,193
G?o~Fc,41,34,185
G?o~Fg,29,33,198
G?o~Fk,37,50,193
G?o~Fo,33,38,189
G?o~Fs,39,52,189
G?o~Fw,31,53,196
G?o~F{,40,70,190
G?o~P{,63,75,170
G?o~Tk,48,55,177
G?o~Ts,48,50,182
G?o~Tw,47,54,179
G?o~T{,48,70,182
G?o~Uk,39,58,183
G?o~Us,55,49,176
G?o~U{,48,68,184
G?o~VK,68,75,195
G?o~VS,81,73,184
G?o~VW,74,79,185
G?o~V[,78,96,190
G?o~Vg,41,55,184
G?o~Vk,42,72,186
G?o~Vs,47,70,183
G?o~Vw,41,72,187
G?o~V{,47,89,184
G?o~\{,50,88,182
G?o~]{,42,88,190
G?o~^[,79,120,191
G?o~^w,40,92,188
G?o~^{,43,109,188
G?o~dW,47,42,171
G?o~d[,40,59,181
G?o~do,31,33,196
G?o~ds,33,48,199
G?o~eW,51,62,160
G?o~e[,54,77,163
G?o~fO,43,37,180
G?o~fS,43,50,187
G?o~fW,37,52,191
G?o~f[,36,69,195
G?o~f_,31,31,120
G?o~fc,35,37,124
G?o~fo,30,40,126
G?o~fs,32,51,127
G?o~fw,31,50,114
G?o~f{,32,61,115
G?o~t{,37,90,193
G?o~v[,39,88,193
G?o~vg,31,51,113
G?o~vk,28,63,117
G?o~vs,37,63,124
G?o~vw,34,63,111
G?o~v{,33,74,114
G?o~~w,37,76,108
G?o~~{,38,87,109
G?q`qg,38,14,148
G?q`qw,44,21,155
G?q`q{,44,33,163
G?q`r[,63,53,170
G?q`rw,38,30,172
G?q`sw,69,37,154
G?q`tS,78,47,145
G?q`t[,95,58,147
G?q`to,53,24,183
G?q`tw,65,44,177
G?q`uW,81,38,181
G?q`u[,79,64,187
G?q`ug,43,19,158
G?q`uo,47,18,155
G?q`us,48,28,164
G?q`uw,47,29,164
G?q`u{,42,46,172
G?q`v?,51,18,165
G?q`vG,71,25,164
G?q`vS,59,42,185
G?q`vW,74,44,168
G?q`v[,69,66,177
G?q`v_,32,10,178
G?q`vg,39,34,167
G?q`vo,38,24,178
G?q`vs,44,37,179
G?q`vw,41,46,173
G?q`v{,44,63,173
G?qa_[,77,21,147
G?qa_w,57,19,204
G?qa`K,73,19,188
G?qa`W,54,11,145
G?qa`[,69,29,217
G?qa`_,64,0,96
G?qa`g,60,0,120
G?qa`k,60,10,130
G?qa`o,58,0,122
G?qa`w,51,15,134
G?qa`{,45,23,152
G?qaaW,78,20,112
G?qaag,53,21,190
G?qaaw,62,22,186
G?qabG,65,2,115
G?qabK,64,18,152
G?qabW,65,17,126
G?qab[,64,36,160
G?qabg,47,4,149
G?qabw,46,16,158
G?qacK,82,2,161
G?qacW,73,3,99
G?qac[,94,17,169
G?qacg,65,14,129
G?qacw,72,24,138
G?qadK,81,18,171
G?qadO,52,6,122
G?qadW,67,16,127
G?qad[,73,41,186
G?qad_,55,1,124
G?qadg,60,2,138
G?qadk,54,14,152
G?qado,54,2,144
G?qadw,54,16,150
G?qad{,48,29,163
G?qaeG,72,11,115
G?qaeK,74,20,146
G?qaeO,81,4,65
G?qaeW,91,21,98
G?qae[,84,40,146
G?qaeg,55,17,162
G?qaew,63,27,170
G?qaf?,54,5,137
G?qafG,64,8,136
G?qafK,61,24,175
G?qafO,63,8,137
G?qafW,70,24,140
G?qaf[,66,48,172
G?qaf_,44,2,154
G?qafg,47,11,162
G?qafk,46,26,168
G?qafo,46,10,164
G?qafw,50,25,165
G?qaf{,49,47,164
G?qaxw,46,42,152
G?qax{,45,47,168
G?qay{,94,81,185
G?qaz[,72,69,171
G?qazk,47,44,169
G?qazs,52,40,168
G?qazw,43,50,167
G?qaz{,50,58,172
G?qa|w,45,46,169
G?qa|{,45,62,173
G?qa}W,94,60,146
G?qa}w,66,68,178
G?qa}{,74,83,181
G?qa~K,67,68,177
G?qa~S,71,64,177
G?qa~W,72,65,175
G?qa~[,76,85,177
G?qa~_,35,31,174
G?qa~c,35,48,177
G?qa~g,40,46,174
G?qa~k,40,62,178
G?qa~o,42,41,177
G?qa~s,46,59,175
G?qa~w,45,62,173
G?qa~{,50,79,171
G?qb@o,50,12,146
G?qbBw,62,34,164
G?qbDo,61,25,148
G?qbE_,62,18,144
G?qbEo,72,28,134
G?qbEw,82,36,142
G?qbF_,48,27,177
G?qbFo,71,42,147
G?qbFw,86,55,145
G?qbF{,102,78,132
G?qbQ{,77,52,157
G?qbRw,75,48,163
G?qbSs,59,35,166
G?qbS{,66,53,167
G?qbTg,71,31,158
G?qbTs,60,43,183
G?qbTw,72,47,167
G?qbT{,75,66,171
G?qbUg,80,29,151
G?qbUs,81,41,164
G?qbUw,80,42,164
G?qbU{,80,64,168
G?qbV_,68,30,162
G?qbVg,83,44,159
G?qbVo,75,43,168
G?qbVs,82,58,172
G?qbVw,84,63,165
G?qbV{,92,84,162
G?qbZw,70,68,174
G?qbZ{,77,81,180
G?qb]w,74,63,175
G?qb]{,72,85,181
G?qb^o,77,62,173
G?qb^s,76,84,178
G?qb^w,81,83,174
G?qb^{,85,105,174
G?qb_w,48,9,163
G?qbaw,42,21,157
G?qba{,45,32,163
G?qbbO,70,19,145
G?qbbS,80,30,150
G?qbbW,78,30,152
G?qbb[,78,44,164
G?qbbc,58,7,155
G?qbbo,48,6,166
G?qbbs,55,18,167
G?qbbw,44,19,177
G?qbb{,47,33,180
G?qbcW,104,10,201
G?qbcw,47,19,154
G?qbc{,45,32,163
G?qbdO,69,21,180
G?qbdo,39,4,177
G?qbds,41,18,181
G?qbeW,92,34,174
G?qbe[,87,61,182
G?qbe_,49,3,148
G?qbeo,53,7,160
G?qbes,54,20,166
G?qbew,44,23,173
G?qbe{,40,39,181
G?qbf?,55,25,172
G?qbfO,73,23,164
G?qbfS,72,35,179
G?qbfW,85,38,163
G?qbf[,81,59,172
G?qbf_,39,8,173
G?qbfc,50,19,171
G?qbfo,41,19,180
G?qbfs,46,32,182
G?qbfw,41,38,181
G?qbf{,45,53,182
G?qbr[,74,61,177
G?qbrg,52,22,166
G?qbrk,51,32,177
G?qbrs,59,33,168
G?qbrw,46,39,175
G?qbr{,50,52,178
G?qbtw,43,39,178
G?qbt{,41,56,183
G?qbuw,48,35,177
G?qbu{,49,53,178
G?qbvW,78,58,176
G?qbv[,77,80,181
G?qbvg,44,37,179
G?qbvk,44,53,183
G?qbvo,47,37,176
G?qbvs,51,51,178
G?qbvw,45,57,178
G?qbv{,49,74,177
G?qbzw,44,60,176
G?qbz{,49,70,181
G?qb~w,45,77,178
G?qb~{,47,94,179
G?qcyw,67,56,163
G?qcy{,62,69,181
G?qczW,60,50,176
G?qcz[,64,69,179
G?qczs,47,45,168
G?qczw,40,47,173
G?qcz{,47,61,172
G?qc{{,116,76,138
G?qc|s,75,62,175
G?qc}[,114,72,144
G?qc}s,82,61,169
G?qc}w,76,68,168
G?qc}{,88,79,171
G?qc~S,71,63,178
G?qc~W,76,61,175
G?qc~[,82,80,176
G?qc~c,45,50,165
G?qc~o,53,47,160
G?qc~s,56,63,161
G?qc~w,61,63,156
G?qc~{,68,80,152
G?qdPw,79,54,137
G?qdRg,75,37,188
G?qdRw,75,63,192
G?qdTg,84,36,150
G?qdTk,95,43,162
G?qdTs,95,51,154
G?qdTw,89,58,153
G?qdT{,104,65,161
G?qdUg,72,36,192
G?qdUs,80,61,189
G?qdUw,79,59,192
G?qdV_,63,45,192
G?qdVc,71,60,199
G?qdVg,80,62,188
G?qdVk,86,90,184
G?qdVo,77,65,188
G?qdVs,87,84,189
G?qdVw,85,87,188
G?qdV{,99,114,177
G?qdp{,63,67,182
G?qdq{,42,46,172
G?qdr[,66,70,176
G?qdrg,42,22,176
G?qdrk,40,37,183
G?qdrs,44,28,188
G?qdrw,34,37,189
G?qdr{,34,56,190
G?qdt[,104,71,155
G?qdtk,68,50,194
G?qdts,71,46,195
G?qdtw,66,59,187
G?qdt{,69,77,192
G?qdu[,89,83,188
G?qduk,43,35,182
G?qdus,60,31,169
G?qduw,50,33,177
G?qdu{,52,53,175
G?qdvK,70,56,186
G?qdvS,67,53,192
G?qdvW,75,58,179
G?qdv[,75,82,181
G?qdvc,38,34,188
G?qdvg,41,40,179
G?qdvk,39,57,184
G?qdvo,49,37,174
G?qdvs,51,48,181
G?qdvw,45,59,176
G?qdv{,47,79,174
G?qeXw,81,61,188
G?qeX{,88,85,187
G?qeY{,101,77,152
G?qeZk,85,83,192
G?qeZs,92,82,186
G?qeZw,92,83,185
G?qeZ{,94,108,188
G?qe\w,97,78,185
G?qe\{,100,104,186
G?qe]w,108,73,149
G?qe]{,123,85,152
G?qe^c,89,89,182
G?qe^g,97,81,182
G?qe^k,95,109,186
G?qe^o,102,83,175
G?qe^s,102,109,179
G?qe^w,108,108,174
G?qe^{,112,134,174
G?qep{,42,48,170
G?qeq{,77,62,173
G?qer[,70,64,178
G?qerg,49,21,170
G?qerk,46,39,175
G?qers,57,34,169
G?qerw,49,38,173
G?qer{,49,54,177
G?qet[,84,81,195
G?qetk,43,44,173
G?qetw,53,39,168
G?qet{,53,56,171
G?qeu[,115,64,151
G?qeus,88,52,146
G?qeuw,78,59,175
G?qeu{,83,76,179
G?qevK,68,59,185
G?qevS,81,52,179
G?qevW,77,58,177
G?qev[,79,79,180
G?qevc,49,38,173
G?qevg,47,41,172
G?qevk,45,59,176
G?qevo,60,41,159
G?qevs,63,54,163
G?qevw,57,59,164
G?qev{,60,75,165
G?qezw,44,55,181
G?qez{,43,73,184
G?qe|w,58,52,170
G?qe|{,61,71,168
G?qe}w,79,85,174
G?qe}{,85,99,180
G?qe~W,80,77,181
G?qe~[,85,101,178
G?qe~g,47,61,172
G?qe~k,47,79,174
G?qe~o,51,54,175
G?qe~s,54,73,173
G?qe~w,58,78,164
G?qe~{,61,96,163
G?qfBo,67,27,166
G?qfBw,71,36,179
G?qfCw,67,22,171
G?qfDs,54,34,198
G?qfEs,68,36,182
G?qfEw,68,35,183
G?qfFc,60,45,181
G?qfFo,65,49,172
G?qfFs,69,58,185
G?qfFw,75,59,178
G?qfF{,80,84,174
G?qfRg,78,33,175
G?qfRk,74,55,183
G?qfRs,74,51,187
G?qfRw,76,55,181
G?qfR{,76,78,184
G?qfTw,73,57,182
G?qfT{,75,78,185
G?qfUw,75,52,185
G?qfU{,78,76,184
G?qfVg,77,58,177
G?qfVk,75,81,182
G?qfVo,72,60,180
G?qfVs,80,74,184
G?qfVw,82,79,177
G?qfV{,86,102,176
G?qfZw,79,80,179
G?qfZ{,81,103,180
G?qf^w,88,104,172
G?qf^{,94,127,169
G?qfbW,80,43,163
G?qfb[,77,65,170
G?qfbo,39,17,184
G?qfbs,42,32,186
G?qfbw,34,34,192
G?qfb{,36,52,192
G?qfew,35,45,180
G?qfe{,37,60,183
G?qffS,70,57,185
G?qffW,80,62,170
G?qff[,78,85,175
G?qffc,43,38,179
G?qffo,35,40,185
G?qffs,39,53,188
G?qffw,36,59,185
G?qff{,38,77,185
G?qfrw,40,55,185
G?qfr{,42,73,185
G?qfvW,80,83,175
G?qfv[,82,106,176
G?qfvg,42,58,180
G?qfvk,39,75,186
G?qfvo,51,61,168
G?qfvs,54,73,173
G?qfvw,49,80,171
G?qfv{,50,98,172
G?qf~w,60,104,156
G?qf~{,61,122,157
G?qjZw,62,86,190
G?qj]w,70,78,190
G?qj]{,67,99,198
G?qj^w,73,101,190
G?qj^{,75,123,192
G?qj_{,49,29,186
G?qj`s,45,33,162
G?qja[,92,69,224
G?qjas,50,28,162
G?qjaw,46,29,165
G?qja{,48,41,171
G?qjbS,74,44,168
G?qjbW,69,44,173
G?qjb[,71,57,184
G?qjbc,50,22,168
G?qjbo,40,23,177
G?qjbs,49,36,175
G?qjbw,40,35,185
G?qjb{,46,51,183
G?qjc[,122,55,208
G?qjcs,42,31,167
G?qjcw,57,27,156
G?qjc{,50,45,165
G?qjdS,79,50,201
G?qjds,34,37,189
G?qjeS,93,57,180
G?qjeW,101,52,177
G?qje[,100,75,185
G?qjes,47,35,178
G?qjew,49,35,176
G?qje{,45,52,183
G?qjf?,65,19,176
G?qjfS,70,54,188
G?qjfW,82,54,176
G?qjf[,76,77,185
G?qjf_,34,19,187
G?qjfc,37,39,184
G?qjfo,37,39,184
G?qjfs,38,56,186
G?qjfw,43,58,179
G?qjf{,45,75,180
G?qjrk,45,51,184
G?qjrs,48,53,179
G?qjrw,42,55,183
G?qjr{,46,70,184
G?qjt[,100,100,190
G?qjts,38,53,189
G?qjtw,48,53,179
G?qjt{,44,70,186
G?qjus,49,49,182
G?qjuw,45,50,185
G?qju{,46,68,186
G?qjvS,71,74,193
G?qjvW,80,73,185
G?qjv[,79,97,188
G?qjvg,38,55,187
G?qjvk,40,73,187
G?qjvs,40,74,186
G?qjvw,42,75,183
G?qjv{,45,93,182
G?qjz{,48,85,187
G?qj~w,46,92,182
G?qj~{,48,109,183
G?qkz[,66,85,187
G?qkzw,51,60,169
G?qkz{,57,72,171
G?qk}w,84,79,175
G?qk~W,90,73,175
G?qk~[,96,90,178
G?qk~o,68,58,154
G?qk~w,68,74,158
G?qk~{,74,89,157
G?qlrk,36,56,188
G?qlr{,39,72,189
G?qltk,74,72,192
G?qlts,77,71,190
G?qlt{,79,94,191
G?qluk,51,56,173
G?qlu{,59,65,176
G?qlvK,71,82,185
G?qlvS,72,78,188
G?qlvW,78,77,183
G?qlv[,80,100,184
G?qlvc,41,54,185
G?qlvg,48,54,178
G?qlvk,49,73,178
G?qlvs,44,72,184
G?qlvw,54,72,174
G?qlv{,56,92,172
G?qmX{,95,101,194
G?qmZs,102,101,187
G?qmZ{,102,125,193
G?qm[{,125,87,148
G?qm\s,102,102,186
G?qm\{,112,116,192
G?qm]s,123,82,155
G?qm]w,116,91,153
G?qm]{,125,107,158
G?qm^g,112,104,174
G?qm^o,113,102,175
G?qm^s,115,128,177
G?qm^w,113,128,179
G?qm^{,117,154,179
G?qm_{,68,58,193
G?qm`[,88,80,217
G?qm`k,42,26,172
G?qm`s,42,36,162
G?qm`{,44,45,171
G?qma[,104,62,184
G?qmak,68,47,171
G?qmas,68,45,173
G?qmaw,61,42,183
G?qma{,70,64,178
G?qmbK,71,47,168
G?qmbS,72,48,166
G?qmb[,67,63,182
G?qmbc,42,22,176
G?qmbk,41,36,183
G?qmbs,42,40,178
G?qmbw,42,37,181
G?qmb{,45,53,182
G?qmc[,136,47,167
G?qmcw,74,43,169
G?qmc{,85,59,168
G?qmd[,101,75,184
G?qmdc,44,25,171
G?qmdk,52,33,175
G?qmds,45,39,176
G?qmdw,60,33,167
G?qmd{,61,48,171
G?qmeK,104,41,155
G?qmeW,112,50,138
G?qme[,117,66,147
G?qmec,73,28,185
G?qmek,76,47,189
G?qmes,76,52,184
G?qmew,73,54,185
G?qme{,79,72,187
G?qmfC,66,38,182
G?qmfK,76,57,179
G?qmfS,71,59,182
G?qmfW,82,58,172
G?qmf[,83,78,177
G?qmfc,45,40,175
G?qmfg,42,39,179
G?qmfk,45,55,180
G?qmfo,49,44,167
G?qmfs,52,58,170
G?qmfw,54,56,170
G?qmf{,61,73,166
G?qmrk,47,52,181
G?qmr{,50,67,183
G?qmt[,108,91,191
G?qmtk,63,45,172
G?qmts,52,48,180
G?qmt{,64,61,175
G?qmus,85,66,187
G?qmuw,83,71,184
G?qmu{,87,89,188
G?qmvK,79,78,181
G?qmvS,78,69,191
G?qmv[,90,91,183
G?qmvc,58,50,172
G?qmvg,59,51,170
G?qmvk,61,68,171
G?qmvs,57,68,175
G?qmvw,58,69,173
G?qmv{,64,86,170
G?qmz{,49,84,187
G?qm|{,68,76,176
G?qm}{,92,109,189
G?qm~[,90,112,188
G?qm~k,60,87,173
G?qm~s,58,85,177
G?qm~w,61,86,173
G?qm~{,65,103,172
G?qn?{,59,47,202
G?qn@s,58,46,182
G?qnAs,59,40,187
G?qnA{,60,62,190
G?qnBc,63,34,189
G?qnBs,61,54,197
G?qnBw,60,54,198
G?qnB{,63,76,199
G?qnC{,71,61,180
G?qnDs,62,58,192
G?qnEs,64,54,194
G?qnEw,67,54,191
G?qnE{,68,75,195
G?qnFc,62,60,190
G?qnFo,65,63,184
G?qnFs,65,79,194
G?qnFw,70,78,190
G?qnF{,75,100,189
G?qnRk,71,79,188
G?qnRw,73,76,189
G?qnR{,72,99,193
G?qnTw,77,78,183
G?qnT{,77,100,187
G?qnUw,79,69,190
G?qnU{,82,92,190
G?qnVg,80,80,178
G?qnVk,81,103,180
G?qnVo,73,84,181
G?qnVs,76,101,187
G?qnVw,81,102,181
G?qnV{,84,125,181
G?qnZ{,81,117,192
G?qn^w,86,122,182
G?qn^{,92,145,179
G?qnbW,75,57,180
G?qnb[,74,79,185
G?qnbo,38,37,185
G?qnbs,40,54,186
G?qnbw,42,53,185
G?qnb{,44,71,185
G?qnew,60,50,170
G?qne{,60,67,173
G?qnfS,77,79,182
G?qnfW,89,78,171
G?qnf[,87,102,175
G?qnfc,42,56,182
G?qnfo,44,59,177
G?qnfs,46,75,179
G?qnfw,55,74,171
G?qnf{,56,92,172
G?qnr{,42,91,187
G?qnv[,88,124,178
G?qnvg,50,73,177
G?qnvk,49,92,179
G?qnvs,49,91,180
G?qnvw,55,94,171
G?qnv{,55,112,173
G?qn~w,61,113,166
G?qn~{,62,131,167
G?qr`[,52,27,185
G?qr`k,62,24,154
G?qr`w,47,25,168
G?qr`{,51,39,170
G?qrbW,43,25,172
G?qrbg,56,13,147
G?qrbw,37,23,161
G?qrc[,62,48,190
G?qrdK,58,23,159
G?qrdW,53,23,164
G?qrd[,49,37,174
G?qrd_,50,8,129
G?qrdg,57,10,149
G?qrdk,61,20,140
G?qrdo,39,11,154
G?qrdw,47,21,153
G?qrd{,44,36,158
G?qreK,60,28,176
G?qreW,56,32,164
G?qre[,58,48,167
G?qrf?,44,6,170
G?qrfG,51,9,180
G?qrfK,48,24,188
G?qrfO,44,11,185
G?qrfW,44,29,187
G?qrf[,41,45,194
G?qrf_,36,10,158
G?qrfg,48,26,147
G?qrfk,50,32,142
G?qrfo,38,24,120
G?qrfw,38,34,124
G?qrf{,41,47,122
G?qrjw,41,38,159
G?qrlw,44,34,160
G?qrl{,46,49,160
G?qrm[,54,65,175
G?qrnK,47,34,199
G?qrnW,41,46,193
G?qrn[,39,62,199
G?qrng,45,33,146
G?qrnk,47,48,145
G?qrno,38,34,124
G?qrnw,37,48,125
G?qrn{,41,59,124
G?qrpw,41,42,177
G?qrp{,44,52,184
G?qrrW,36,38,186
G?qrrg,45,23,153
G?qrrs,40,36,162
G?qrrw,33,39,166
G?qrr{,37,51,167
G?qrtW,47,35,178
G?qrt[,47,50,183
G?qrtg,49,22,150
G?qrtk,50,36,152
G?qrts,34,33,171
G?qrtw,41,35,162
G?qrt{,38,49,168
G?qruW,57,48,168
G?qru[,61,66,167
G?qrvG,40,26,194
G?qrvS,45,43,192
G?qrvW,42,43,195
G?qrv[,42,62,196
G?qrvg,37,31,128
G?qrvk,37,45,128
G?qrvo,34,30,132
G?qrvs,35,45,130
G?qrvw,34,44,132
G?qrv{,37,57,130
G?qrz{,38,65,169
G?qr|{,41,65,166
G?qr~[,39,81,200
G?qr~o,30,44,136
G?qr~s,32,58,134
G?qr~w,33,59,132
G?qr~{,35,70,133
G?qt`[,70,51,187
G?qt`k,72,38,150
G?qt`w,67,36,183
G?qt`{,76,60,176
G?qta[,57,63,180
G?qtbK,55,24,161
G?qtb[,43,38,179
G?qtbk,52,22,147
G?qtbo,42,8,154
G?qtbw,44,20,157
G?qtb{,45,35,158
G?qtc[,92,56,193
G?qtdW,70,38,178
G?qtd[,81,53,178
G?qtdg,73,22,125
G?qtdk,74,33,113
G?qtdo,66,26,128
G?qtdw,71,37,156
G?qtd{,74,47,139
G?qteK,64,31,169
G?qteW,57,34,173
G?qte[,66,49,171
G?qtfG,54,12,174
G?qtfK,56,26,178
G?qtfW,52,29,179
G?qtf[,54,44,182
G?qtf_,46,16,142
G?qtfg,54,29,151
G?qtfk,55,39,144
G?qtfo,44,24,153
G?qtfw,48,38,152
G?qtf{,53,55,147
G?qtjk,59,32,147
G?qtj{,51,49,155
G?qtlk,81,42,117
G?qtlw,74,45,141
G?qtl{,79,60,141
G?qtm[,66,67,175
G?qtnK,60,35,185
G?qtnW,57,44,179
G?qtn[,58,60,182
G?qtnk,62,49,144
G?qtno,51,40,147
G?qtnw,53,56,146
G?qtn{,57,69,146
G?qtpw,65,58,189
G?qtrW,42,35,183
G?qtrw,38,34,166
G?qtr{,37,50,168
G?qtts,72,56,158
G?qttw,74,58,154
G?qtt{,72,64,144
G?qtvW,52,40,188
G?qtv[,53,59,188
G?qtvg,46,38,154
G?qtvk,42,55,158
G?qtvo,38,43,157
G?qtvs,39,54,162
G?qtvw,44,55,156
G?qtv{,45,73,154
G?qt|{,78,79,143
G?qt~w,47,73,152
G?qt~{,50,88,151
G?quZw,54,67,173
G?quZ{,57,85,173
G?qu\s,67,69,172
G?qu\w,66,67,175
G?qu\{,72,86,172
G?qu][,153,81,138
G?qu^K,92,97,201
G?qu^S,120,87,183
G?qu^W,102,100,188
G?qu^[,119,115,186
G?qu^g,57,78,159
G?qu^k,62,95,158
G?qu^o,59,76,159
G?qu^s,65,95,155
G?qu^w,63,95,157
G?qu^{,69,114,153
G?qv?{,42,33,189
G?qv@[,71,52,196
G?qv@k,51,17,172
G?qv@s,35,23,182
G?qv@{,43,37,180
G?qvA[,95,74,216
G?qvAk,43,18,179
G?qvAs,38,24,178
G?qvAw,41,21,178
G?qvA{,38,38,184
G?qvBK,70,37,179
G?qvBS,74,38,174
G?qvBW,65,36,185
G?qvB[,73,56,183
G?qvBg,51,6,183
G?qvBk,47,20,193
G?qvBo,36,10,194
G?qvBs,38,25,197
G?qvBw,33,23,204
G?qvB{,36,42,202
G?qvC[,91,63,231
G?qvCs,45,26,169
G?qvC{,48,35,177
G?qvDS,70,42,174
G?qvDW,67,38,181
G?qvD[,74,53,185
G?qvDk,57,23,180
G?qvDs,41,31,188
G?qvDw,43,25,192
G?qvD{,45,43,192
G?qvEK,80,53,197
G?qvES,99,47,184
G?qvEW,89,56,185
G?qvE[,93,76,191
G?qvEc,52,10,178
G?qvEk,45,28,187
G?qvEs,43,32,185
G?qvEw,39,33,188
G?qvE{,38,51,191
G?qvFC,74,28,184
G?qvFG,64,36,186
G?qvFK,69,45,198
G?qvFO,69,33,184
G?qvFS,73,50,189
G?qvFW,65,53,194
G?qvF[,69,72,197
G?qvF_,36,25,179
G?qvFc,47,33,180
G?qvFg,45,36,179
G?qvFk,47,48,185
G?qvFo,34,36,190
G?qvFs,39,56,185
G?qvFw,32,55,193
G?qvF{,41,74,185
G?qvJs,37,42,201
G?qvJw,34,42,204
G?qvJ{,37,59,204
G?qvLs,42,44,194
G?qvLw,44,39,197
G?qvL{,49,57,194
G?qvMk,48,38,194
G?qvMs,38,50,192
G?qvMw,41,51,188
G?qvM{,40,68,192
G?qvNK,75,57,206
G?qvNS,67,69,202
G?qvNW,63,75,200
G?qvN[,70,91,203
G?qvNc,43,51,186
G?qvNg,46,49,185
G?qvNk,50,63,187
G?qvNo,37,56,187
G?qvNs,36,73,191
G?qvNw,39,72,189
G?qvN{,44,90,186
G?qvPw,47,39,174
G?qvRg,43,26,191
G?qvRw,40,44,196
G?qvR{,43,63,194
G?qvS{,62,45,173
G?qvT[,86,68,184
G?qvTs,52,40,188
G?qvTw,53,42,185
G?qvT{,56,59,185
G?qvUs,59,42,179
G?qvUw,51,46,183
G?qvU{,55,64,181
G?qvVS,87,70,181
G?qvVW,79,76,183
G?qvV[,82,96,186
G?qvVg,44,54,182
G?qvVk,44,74,182
G?qvVo,49,54,177
G?qvVs,50,73,177
G?qvVw,46,74,180
G?qvV{,52,93,175
G?qv\{,58,77,185
G?qv]{,53,82,185
G?qv^[,83,119,188
G?qv^o,44,73,183
G?qv^s,47,93,180
G?qv^w,49,94,177
G?qv^{,52,111,177
G?qv`{,42,56,182
G?qvb[,38,57,185
G?qvbg,48,23,150
G?qvbo,37,20,125
G?qvbs,36,29,131
G?qvbw,33,29,134
G?qvb{,33,45,132
G?qvd[,53,55,172
G?qvdk,57,36,145
G?qvds,37,38,163
G?qvdw,45,36,157
G?qvd{,43,54,158
G?qve[,58,76,160
G?qvfS,46,53,181
G?qvfW,42,54,184
G?qvf[,41,74,185
G?qvfc,43,42,153
G?qvfg,43,46,149
G?qvfk,43,49,148
G?qvfo,36,34,126
G?qvfs,36,44,130
G?qvfw,35,44,131
G?qvf{,35,60,129
G?qvj{,36,59,129
G?qvl{,48,69,155
G?qvn[,46,93,181
G?qvnk,49,64,143
G?qvno,37,46,127
G?qvns,34,61,129
G?qvnw,40,60,124
G?qvn{,41,74,123
G?qvtw,44,55,156
G?qvt{,44,73,155
G?qvvo,36,44,130
G?qvvs,37,58,129
G?qvvw,35,59,130
G?qvv{,36,73,129
G?qv~w,41,74,123
G?qv~{,42,86,124
G?qzp{,41,71,188
G?qzrw,32,56,167
G?qzt[,49,67,184
G?qztk,42,50,163
G?qztw,40,52,163
G?qzt{,37,68,167
G?qzu[,63,86,166
G?qzvK,32,66,202
G?qzv[,45,80,195
G?qzvk,32,56,136
G?qzvo,33,45,132
G?qzvw,36,59,129
G?qzv{,37,71,130
G?qz~[,42,99,199
G?qz~k,29,69,140
G?qz~{,34,84,134
G?q|p{,73,106,185
G?q|r[,43,75,182
G?q|rk,33,56,166
G?q|r{,31,71,170
G?q|t[,86,95,183
G?q|tk,72,65,143
G?q|tw,75,81,152
G?q|t{,73,86,141
G?q|u[,71,91,168
G?q|vK,42,71,187
G?q|v[,55,80,185
G?q|vg,36,60,159
G?q|vk,35,76,161
G?q|vo,40,64,151
G?q|vw,40,78,154
G?q|v{,39,96,154
G?q|z{,36,82,171
G?q||{,79,98,143
G?q|~[,62,94,184
G?q|~k,42,87,160
G?q|~w,43,94,152
G?q|~{,46,107,153
G?q~]{,58,99,183
G?q~^[,87,140,189
G?q~^k,49,111,180
G?q~^s,54,111,175
G?q~^w,52,112,176
G?q~^{,56,130,174
G?q~`{,38,70,192
G?q~b[,41,73,186
G?q~bk,34,45,131
G?q~bs,33,43,134
G?q~bw,27,42,141
G?q~b{,29,55,140
G?q~d[,55,67,178
G?q~dk,45,51,159
G?q~dw,41,54,160
G?q~d{,41,72,159
G?q~e[,65,94,156
G?q~fK,35,71,194
G?q~fW,48,72,180
G?q~f[,48,90,182
G?q~fc,34,44,132
G?q~fg,33,47,130
G?q~fk,34,59,131
G?q~fo,32,43,135
G?q~fs,32,59,133
G?q~fw,35,58,131
G?q~f{,36,70,132
G?q~nk,38,71,129
G?q~nw,37,72,129
G?q~n{,36,85,131
G?q~r{,32,72,134
G?q~vg,35,58,131
G?q~vk,34,72,132
G?q~vs,37,75,126
G?q~vw,38,77,123
G?q~v{,39,89,124
G?q~~{,41,103,122
G?r@cS,91,6,125
G?r@dC,50,14,174
G?r@dS,69,25,176
G?r@d_,40,4,132
G?r@dc,50,1,147
G?r@do,53,7,160
G?r@ds,57,19,166
G?r@eC,72,22,128
G?r@eS,104,3,152
G?r@e[,116,0,132
G?r@f?,42,22,140
G?r@fC,57,36,213
G?r@fO,71,17,122
G?r@fS,72,33,195
G?r@fW,84,24,132
G?r@f[,89,48,193
G?r@f_,40,12,168
G?r@fc,58,12,161
G?r@fo,48,18,176
G?r@fs,53,33,178
G?r@fw,52,36,176
G?r@f{,51,53,169
G?rDrg,52,24,176
G?rDrk,49,41,183
G?rDrs,59,40,187
G?rDts,66,42,178
G?rDu[,132,66,143
G?rDvK,81,74,205
G?rDvS,88,67,205
G?rDvW,96,64,200
G?rDv[,98,90,202
G?rDvg,53,50,170
G?rDvk,54,67,173
G?rDvo,57,54,175
G?rDvs,65,68,175
G?rDvw,55,80,159
G?rDv{,64,97,154
G?rE^o,136,66,139
G?rE^s,143,93,136
G?rE^w,148,92,132
G?rE^{,157,118,128
G?rFS{,103,66,161
G?rFTw,91,74,195
G?rFT{,90,101,199
G?rFUk,97,65,168
G?rFUs,111,55,164
G?rFUw,111,48,171
G?rFU{,115,73,172
G?rFV_,74,62,194
G?rFVg,87,76,197
G?rFVk,89,100,201
G?rFVo,83,79,198
G?rFVs,95,93,202
G?rFVw,98,103,189
G?rFV{,102,129,189
G?rF]w,120,56,184
G?rF]{,129,83,178
G?rF^w,113,119,188
G?rF^{,118,146,186
G?rF`w,40,32,180
G?rF`{,45,52,176
G?rFd[,84,82,194
G?rFds,57,54,175
G?rFdw,47,54,172
G?rFd{,50,73,171
G?rFeW,126,46,138
G?rFe[,129,72,140
G?rFfS,78,78,204
G?rFfW,96,72,192
G?rFf[,96,97,197
G?rFf_,40,56,156
G?rFfc,65,48,160
G?rFfo,48,62,176
G?rFfs,59,72,177
G?rFfw,52,76,166
G?rFf{,57,94,164
G?rFtw,57,74,163
G?rFt{,60,94,161
G?rFvW,105,90,195
G?rFv[,106,118,196
G?rFvg,58,70,166
G?rFvk,55,88,172
G?rFvo,60,76,172
G?rFvs,67,88,175
G?rFvw,64,98,153
G?rFv{,66,117,153
G?rF~w,72,120,144
G?rF~{,73,139,145
G?rL`[,79,59,225
G?rL`s,52,44,168
G?rL`w,51,45,168
G?rL`{,57,59,170
G?rLa[,142,59,169
G?rLbS,88,55,187
G?rLb[,100,75,185
G?rLbc,52,29,171
G?rLbs,50,49,174
G?rLbw,57,50,166
G?rLb{,55,68,171
G?rLc[,140,52,178
G?rLdW,102,53,175
G?rLd[,105,67,188
G?rLds,60,50,176
G?rLdw,61,51,174
G?rLd{,65,69,174
G?rLeS,123,40,147
G?rLeW,147,3,129
G?rLe[,146,53,142
G?rLfS,92,69,199
G?rLfW,122,62,176
G?rLf[,115,91,184
G?rLfc,53,60,160
G?rLfo,56,57,160
G?rLfs,54,78,162
G?rLfw,61,79,154
G?rLf{,63,98,154
G?rLz{,60,104,172
G?rL|{,78,103,171
G?rL~[,123,141,186
G?rL~s,67,114,155
G?rL~w,71,114,151
G?rL~{,73,133,151
G?rM\{,162,106,135
G?rM^w,167,107,129
G?rM^{,178,131,125
G?rN?{,86,67,177
G?rN@s,91,57,182
G?rN@{,97,81,182
G?rNC{,112,72,146
G?rNDs,90,76,194
G?rNDw,96,75,189
G?rND{,100,102,188
G?rNEc,95,53,152
G?rNEo,101,51,148
G?rNEs,110,69,151
G?rNEw,124,60,146
G?rNE{,129,82,149
G?rNF_,89,59,182
G?rNFc,85,81,194
G?rNFo,96,86,178
G?rNFs,99,103,188
G?rNFw,111,102,177
G?rNF{,117,128,175
G?rNT{,103,126,191
G?rNUk,120,89,151
G?rNUs,113,80,167
G?rNUw,130,74,156
G?rNU{,135,99,156
G?rNVg,114,100,176
G?rNVk,116,127,177
G?rNVs,101,125,194
G?rNVw,116,126,178
G?rNV{,119,153,178
G?rN]{,145,115,160
G?rN^w,132,142,176
G?rN^{,137,169,174
G?rNdw,61,78,155
G?rNd{,63,98,154
G?rNeW,157,50,134
G?rNe[,160,80,132
G?rNfO,103,77,180
G?rNfS,103,97,190
G?rNfW,131,92,167
G?rNf[,128,120,172
G?rNfc,58,84,152
G?rNfo,59,83,152
G?rNfs,60,103,152
G?rNfw,69,102,144
G?rNf{,70,121,145
G?rNv[,131,144,175
G?rNvg,67,98,150
G?rNvk,68,118,150
G?rNvs,68,115,153
G?rNvw,74,117,145
G?rNv{,75,136,146
G?rN~w,81,136,140
G?rN~{,82,155,141
G?rdpw,31,40,189
G?rdq{,39,53,188
G?rdrW,72,56,184
G?rdrs,28,44,208
G?rdrw,33,46,201
G?rdr{,28,63,209
G?rds{,56,46,178
G?rdts,43,46,191
G?rdtw,41,50,189
G?rdt{,46,63,191
G?rdu[,104,98,188
G?rduk,37,47,196
G?rdus,48,49,183
G?rduw,45,49,186
G?rdu{,45,68,187
G?rdvK,75,63,200
G?rdvS,67,73,198
G?rdvW,73,71,194
G?rdv[,73,94,197
G?rdvc,32,53,195
G?rdvg,36,55,189
G?rdvk,34,71,195
G?rdvo,32,65,183
G?rdvs,37,78,185
G?rdvw,38,79,183
G?rdv{,41,96,183
G?rdz{,29,83,208
G?rd|{,49,81,190
G?rd}{,45,89,186
G?rd~[,74,118,198
G?rd~k,38,90,192
G?rd~o,37,78,185
G?rd~s,39,97,184
G?rd~w,40,99,181
G?rd~{,42,117,181
G?re`[,60,60,199
G?re`k,40,14,186
G?re`{,31,41,188
G?rec[,102,58,190
G?recw,60,40,186
G?red[,69,60,183
G?redk,49,25,186
G?redw,39,31,190
G?red{,38,51,191
G?reeK,98,44,158
G?ree[,106,60,164
G?reeg,61,38,187
G?reew,65,53,194
G?refG,69,30,187
G?refK,70,40,202
G?refO,62,32,192
G?refW,67,49,196
G?ref[,71,68,199
G?ref_,32,28,180
G?refg,45,36,179
G?refk,54,44,182
G?refo,38,37,185
G?refw,45,53,182
G?ref{,49,73,178
G?rel{,38,65,197
G?renW,71,64,203
G?ren[,73,86,205
G?renk,51,57,192
G?reno,46,54,180
G?renw,43,69,188
G?ren{,46,87,187
G?retw,48,51,181
G?ret{,49,69,182
G?reug,69,49,194
G?reus,83,71,184
G?reuw,79,75,184
G?reu{,84,92,188
G?revG,71,40,201
G?revW,77,67,194
G?rev[,79,90,195
G?rev_,36,37,187
G?revg,42,56,182
G?revk,41,73,186
G?revo,52,60,168
G?revs,56,73,171
G?revw,57,74,169
G?rev{,61,91,168
G?re}{,86,114,190
G?re~w,55,92,173
G?re~{,58,111,171
G?rfDw,61,50,201
G?rfEk,56,48,208
G?rfEo,60,31,195
G?rfEw,61,49,202
G?rfF_,52,59,197
G?rfFg,64,61,187
G?rfFk,62,75,201
G?rfFo,64,59,189
G?rfFw,64,77,197
G?rfF{,68,104,192
G?rfL{,76,88,200
G?rfMk,76,54,208
G?rfMw,75,61,202
G?rfM{,79,83,202
G?rfNg,71,69,198
G?rfNk,80,81,203
G?rfNo,76,69,193
G?rfNw,79,89,196
G?rfN{,84,113,193
G?rfS{,74,77,187
G?rfTw,68,75,195
G?rfT{,69,99,196
G?rfUk,66,72,200
G?rfUs,75,69,194
G?rfUw,71,69,198
G?rfU{,76,93,195
G?rfV_,65,61,186
G?rfVg,68,80,190
G?rfVk,65,102,197
G?rfVo,69,86,183
G?rfVs,76,99,189
G?rfVw,74,101,189
G?rfV{,79,124,187
G?rf]{,82,112,196
G?rf^o,78,97,189
G?rf^s,80,121,189
G?rf^w,79,120,191
G?rf^{,85,143,188
G?rfc{,42,58,180
G?rfdw,34,55,191
G?rfd{,35,75,190
G?rfe[,99,106,185
G?rfeg,49,28,183
G?rfek,48,46,186
G?rfes,40,54,186
G?rfew,39,57,184
G?rfe{,40,74,186
G?rffG,69,52,191
G?rffS,67,80,191
G?rffW,70,78,190
G?rff[,70,100,194
G?rff_,30,52,178
G?rffc,43,58,179
G?rffg,43,57,180
G?rffk,46,71,183
G?rffo,29,62,189
G?rffs,31,79,190
G?rffw,38,81,181
G?rff{,39,100,181
G?rfm{,42,91,187
G?rfn[,74,119,197
G?rfnk,49,84,187
G?rfno,39,79,182
G?rfns,35,96,189
G?rfnw,39,96,185
G?rfn{,41,114,185
G?rfuw,53,71,176
G?rfu{,56,91,173
G?rfvo,40,94,166
G?rfvs,44,102,174
G?rfvw,47,105,168
G?rfv{,48,123,169
G?rf~w,50,126,164
G?rf~{,51,144,165
G?rlp{,47,71,182
G?rlr[,79,94,191
G?rlrk,40,64,196
G?rlrs,39,62,199
G?rlrw,46,61,193
G?rlr{,42,80,198
G?rls{,63,59,178
G?rlt[,84,89,191
G?rltk,55,59,186
G?rlts,55,59,186
G?rltw,53,62,185
G?rlt{,58,77,185
G?rlu[,122,113,185
G?rluk,46,69,185
G?rlus,53,62,185
G?rluw,56,60,184
G?rlu{,58,79,183
G?rlvK,72,94,198
G?rlvS,81,99,184
G?rlvW,84,91,189
G?rlv[,85,116,189
G?rlvc,48,73,179
G?rlvg,46,72,182
G?rlvk,49,91,180
G?rlvo,46,75,179
G?rlvs,49,93,178
G?rlvw,51,92,177
G?rlv{,55,110,175
G?rmtk,52,65,183
G?rmt{,55,80,185
G?rmu[,136,88,166
G?rmuw,90,85,189
G?rmvK,76,88,200
G?rmvW,89,78,197
G?rmv[,94,102,194
G?rmvk,62,84,174
G?rmvw,60,85,175
G?rmv{,65,101,174
G?rm~k,65,103,172
G?rm~{,70,120,170
G?rnTk,81,101,182
G?rnT{,81,122,187
G?rnUk,80,100,184
G?rnU{,95,107,188
G?rnVg,87,105,172
G?rnVk,89,127,174
G?rnVo,83,107,174
G?rnVw,89,126,175
G?rnV{,91,149,176
G?rn]{,101,125,190
G?rn^k,91,147,178
G?rn^w,91,145,180
G?rn^{,97,167,178
G?rn`{,40,73,187
G?rnc{,61,70,169
G?rnd[,87,100,177
G?rndk,46,74,180
G?rnd{,51,92,177
G?rne[,130,116,174
G?rnek,41,72,187
G?rnes,61,67,172
G?rnew,65,66,169
G?rne{,66,84,170
G?rnfK,71,96,197
G?rnfW,91,98,175
G?rnf[,90,123,177
G?rnfc,49,77,174
G?rnfk,48,98,174
G?rnfo,53,81,166
G?rnfs,53,98,169
G?rnfw,57,97,166
G?rnf{,59,115,166
G?rnnk,51,114,175
G?rnnw,58,115,167
G?rnn{,58,134,168
G?rnu{,66,102,172
G?rnvg,54,96,170
G?rnvk,54,116,170
G?rnvs,57,116,167
G?rnvw,60,117,163
G?rnv{,61,135,164
G?rn~{,66,154,160
G?rv`{,33,57,120
G?rvd[,46,79,175
G?rvdk,44,52,144
G?rvd{,34,61,129
G?rve[,64,100,151
G?rvfK,44,74,182
G?rvfW,46,82,172
G?rvf[,47,99,174
G?rvfg,41,66,148
G?rvfk,42,68,146
G?rvfo,35,49,126
G?rvfw,36,61,127
G?rvf{,35,75,128
G?rvnk,47,78,147
G?rvnw,36,75,127
G?rvn{,39,85,128
G?rvvg,40,59,125
G?rvvo,38,62,108
G?rvvs,41,71,109
G?rvvw,39,73,109
G?rvv{,40,84,110
G?rv~{,39,97,111
G?r~t{,40,91,121
G?r~v[,65,136,159
G?r~vk,38,86,110
G?r~vw,43,89,102
G?r~v{,43,100,104
G?r~~{,44,113,103
G?zT`w,30,32,198
G?zTa[,49,39,172
G?zTbW,47,29,184
G?zTb[,44,45,191
G?zTb_,36,12,72
G?zTbo,42,12,102
G?zTbw,34,16,90
G?zTb{,30,21,99
G?zTc[,52,38,170
G?zTdW,46,37,177
G?zTdw,32,30,120
G?zTeW,60,30,170
G?zTe[,51,47,182
G?zTfW,44,26,112
G?zTf[,38,35,122
G?zTf_,32,13,85
G?zTfo,38,18,112
G?zTfw,33,17,100
G?zTf{,32,22,106
G?zTrg,38,16,86
G?zTrs,30,18,102
G?zTrw,31,22,97
G?zTr{,27,33,100
G?zTtw,37,38,120
G?zTus,38,35,122
G?zTuw,38,38,119
G?zTu{,37,48,123
G?zTvW,39,33,123
G?zTv[,42,48,118
G?zTvg,31,17,102
G?zTvo,33,17,100
G?zTvs,34,23,103
G?zTvw,31,23,106
G?zTv{,35,34,101
G?zTzw,24,36,100
G?zTz{,21,43,106
G?zT|w,36,52,120
G?zT|{,43,59,119
G?zT~W,40,50,118
G?zT~[,40,62,119
G?zT~s,30,37,103
G?zT~w,30,37,103
G?zT~{,32,45,103
G?zUtw,35,39,121
G?zUt{,34,52,122
G?zUuk,71,54,99
G?zUus,74,63,143
G?zUuw,74,67,139
G?zUu{,73,70,97
G?zUvK,45,38,112
G?zUvW,49,33,113
G?zUv[,51,46,111
G?zUvg,41,39,115
G?zUvk,37,47,124
G?zUvo,44,44,137
G?zUvs,43,46,119
G?zUvw,41,48,119
G?zUv{,42,60,119
G?zVTs,45,31,119
G?zVT{,41,50,117
G?zVUs,51,33,111
G?zVUw,49,37,109
G?zVU{,53,44,111
G?zVVS,80,46,98
G?zVV[,76,63,101
G?zVVg,40,37,118
G?zVVs,46,42,120
G?zVVw,40,47,121
G?zVV{,46,58,117
G?zV]w,52,44,112
G?zV]{,57,56,108
G?zV^[,79,76,101
G?zV^w,45,59,117
G?zV^{,49,70,115
G?zV`w,32,26,138
G?zVdw,27,17,106
G?zVd{,26,25,109
G?zVeW,62,54,164
G?zVe[,55,69,176
G?zVeo,35,35,140
G?zVes,33,39,123
G?zVfS,46,33,116
G?zVfW,40,37,118
G?zVf[,38,46,124
G?zVf_,30,14,96
G?zVfc,38,22,120
G?zVfo,34,22,124
G?zVfs,32,18,110
G?zVfw,28,18,114
G?zVf{,27,25,118
G?zVu{,43,59,119
G?zVv[,43,59,119
G?zVvg,30,18,112
G?zVvk,27,25,118
G?zVvs,36,24,110
G?zVvw,33,26,111
G?zVv{,34,37,109
G?zV~w,38,38,104
G?zV~{,39,46,105
G?z\z{,18,54,108
G?z\~[,40,75,119
G?z\~w,27,48,105
G?z\~{,29,58,103
G?z^`{,30,59,135
G?z^d[,50,92,178
G?z^ds,28,25,107
G?z^dw,23,25,112
G?z^d{,25,36,109
G?z^e[,62,83,175
G?z^es,38,50,120
G?z^fS,39,44,125
G?z^f[,44,58,119
G?z^fc,27,20,113
G?z^fo,28,21,111
G?z^fs,27,27,116
G?z^fw,31,28,111
G?z^f{,32,36,112
G?z^vk,32,39,109
G?z^vs,31,39,110
G?z^vw,33,40,107
G?z^v{,34,49,107
G?z^~{,36,61,103
G?ze_{,42,46,172
G?ze`[,72,71,169
G?ze`s,33,22,166
G?ze`w,36,25,160
G?ze`{,34,38,166
G?zec[,75,65,172
G?zecs,49,28,183
G?zecw,39,36,185
G?zec{,51,44,185
G?zedS,65,57,190
G?zedW,81,57,174
G?zed[,79,77,182
G?zeds,36,29,145
G?zedw,42,27,127
G?zed{,37,41,132
G?zeeS,69,54,189
G?zeeW,76,58,178
G?zee[,84,66,188
G?zeec,40,19,149
G?zeeo,47,21,127
G?zees,50,27,133
G?zeew,45,33,118
G?zee{,51,37,122
G?zefO,74,36,130
G?zefS,67,55,138
G?zefW,75,42,104
G?zef[,71,56,111
G?zef_,33,25,163
G?zefc,37,39,148
G?zefo,43,32,135
G?zefs,39,44,142
G?zefw,46,38,126
G?zef{,44,53,127
G?ze|{,33,64,124
G?ze}w,44,52,112
G?ze}{,53,55,113
G?ze~[,75,83,98
G?ze~s,42,62,117
G?ze~w,39,61,121
G?ze~{,41,73,120
G?zfEo,63,42,135
G?zfEw,61,54,93
G?zfF_,60,57,111
G?zfFo,67,65,128
G?zfFw,63,67,94
G?zfF{,66,78,96
G?zfU{,76,86,138
G?zfVg,76,71,133
G?zfVs,82,81,137
G?zfVw,78,85,137
G?zfV{,84,102,134
G?zf]w,73,68,99
G?zf^w,78,78,100
G?zf^{,84,91,97
G?zfeW,84,85,169
G?zfew,43,41,126
G?zfe{,44,56,124
G?zffO,73,57,130
G?zffS,73,74,133
G?zffW,74,59,105
G?zff[,76,71,108
G?zff_,32,54,152
G?zffc,42,58,140
G?zffo,43,51,131
G?zffs,47,59,134
G?zffw,49,54,121
G?zff{,50,67,121
G?zfv[,80,80,96
G?zfvg,46,50,112
G?zfvk,43,58,120
G?zfvs,46,53,122
G?zfvw,43,59,119
G?zfv{,46,69,119
G?zf~w,44,70,120
G?zf~{,45,81,121
G?zm}{,62,66,106
G?zm~s,46,74,114
G?zm~w,48,70,116
G?zm~{,50,84,113
G?zn]{,81,91,100
G?zn^w,84,88,100
G?zn^{,90,99,99
G?znc{,43,76,153
G?zne[,88,120,182
G?znes,42,48,118
G?znew,43,46,119
G?zne{,45,61,115
G?znfS,76,67,97
G?znfW,81,60,99
G?znf[,81,74,101
G?znfc,44,48,116
G?znfo,44,49,115
G?znfs,43,58,120
G?znfw,48,57,116
G?znf{,49,68,117
G?znvk,46,69,119
G?znvs,47,68,119
G?znvw,50,69,115
G?znv{,51,81,115
G?zn~{,56,92,112
G?zvc{,34,64,126
G?zve[,54,101,165
G?zvek,38,18,104
G?zve{,28,29,113
G?zvfK,40,48,120
G?zvf[,44,57,120
G?zvf_,30,15,105
G?zvfg,38,30,124
G?zvfk,37,19,114
G?zvfo,31,25,120
G?zvfw,30,21,119
G?zvf{,28,28,124
G?zvnk,36,21,123
G?zvn{,31,38,121
G?zvuw,31,28,111
G?zvvW,45,55,121
G?zvvg,32,21,117
G?zvvk,28,29,123
G?zvvs,37,29,114
G?zvvw,35,30,115
G?zvv{,36,39,115
G?zv~{,37,49,114
G?z~u{,35,53,102
G?z~v[,55,81,111
G?z~vk,36,41,113
G?z~vw,38,44,108
G?z~v{,38,53,109
G?z~~{,39,63,108
G?~ve[,41,80,100
G?~vfW,35,25,110
G?~vf[,36,33,111
G?~vf_,32,16,16
G?~vfo,36,32,51
G?~vfw,38,18,70
G?~vf{,35,22,19
G?~vvg,38,18,34
G?~vvs,41,19,54
G?~vvw,35,22,38
G?~vv{,37,23,40
G?~v~w,36,24,20
G?~v~{,37,26,21
G?~~~{,38,28,22
GCOcfO,71,2,41
GCOcfW,79,0,56
GCOcf_,73,4,73
GCOcfc,93,6,27
GCOcfo,84,2,66
GCOcfs,97,5,69
GCOcfw,79,10,76
GCOcf{,72,28,56
GCOe`W,46,0,44
GCOe`[,61,9,80
GCOebK,75,8,88
GCOebW,67,0,68
GCOeb[,68,7,90
GCOedK,72,6,74
GCOedW,61,2,87
GCOed[,59,10,96
GCOedc,104,12,10
GCOedg,79,2,71
GCOedk,95,4,72
GCOedo,72,4,76
GCOeds,74,11,86
GCOedw,60,2,103
GCOed{,64,13,103
GCOef?,69,14,127
GCOefC,84,21,105
GCOefG,71,11,89
GCOefK,75,12,103
GCOefO,65,3,84
GCOefS,66,7,98
GCOefW,63,5,97
GCOef[,63,12,105
GCOef_,86,17,107
GCOefc,106,14,48
GCOefg,78,14,98
GCOefk,93,18,98
GCOefo,75,2,94
GCOefs,76,9,105
GCOefw,61,18,101
GCOef{,65,32,98
GCOetg,73,6,64
GCOetk,74,11,71
GCOevg,65,3,88
GCOevk,64,11,94
GCOevo,84,0,76
GCOevs,85,9,82
GCOevw,67,11,91
GCOev{,66,22,94
GCOf?w,54,0,126
GCOf?{,50,11,139
GCOf@s,58,16,160
GCOfB_,58,5,182
GCOfBc,74,21,145
GCOfCs,66,8,134
GCOfCw,56,4,140
GCOfC{,57,15,148
GCOfDo,57,19,158
GCOfDs,63,25,172
GCOfEo,70,14,124
GCOfEs,76,21,137
GCOfEw,51,13,156
GCOfE{,57,29,154
GCOfF?,78,18,114
GCOfFC,96,6,143
GCOfF_,80,25,175
GCOfFc,89,35,146
GCOfFo,62,37,161
GCOfFs,70,46,170
GCOfFw,45,30,165
GCOfF{,59,50,151
GCOfbW,62,3,100
GCOfb[,59,15,106
GCOfcw,55,8,102
GCOfc{,64,10,106
GCOfdo,66,14,110
GCOfds,72,19,118
GCOfeW,50,6,109
GCOfe[,53,14,113
GCOfeo,75,2,94
GCOfes,80,5,105
GCOfew,54,6,120
GCOfe{,58,15,122
GCOffO,60,12,118
GCOffS,62,17,130
GCOffW,51,8,121
GCOff[,52,18,125
GCOff_,89,32,149
GCOffc,101,20,89
GCOffo,72,15,122
GCOffs,75,22,131
GCOffw,49,24,122
GCOff{,54,36,120
GCOfuw,53,3,113
GCOfu{,52,15,115
GCOfvg,49,4,116
GCOfvk,48,14,120
GCOfvo,82,10,100
GCOfvs,80,22,106
GCOfvw,50,13,119
GCOfv{,50,24,121
GCOf~w,36,24,60
GCOf~{,37,30,61
GCQQV?,66,12,30
GCQQV_,88,15,41
GCQQVg,109,12,41
GCQQVo,100,16,64
GCQQVw,106,26,66
GCQQV{,102,36,54
GCQRDO,58,2,60
GCQRD_,61,1,88
GCQRDg,87,9,30
GCQRDo,65,9,76
GCQRDw,70,15,80
GCQREC,78,24,108
GCQREO,66,1,47
GCQRE_,94,3,68
GCQREc,87,18,135
GCQREg,120,6,0
GCQREk,106,16,67
GCQREo,75,1,76
GCQREw,96,0,75
GCQRF?,59,21,165
GCQRFC,72,10,70
GCQRFO,60,3,72
GCQRFS,64,2,84
GCQRF_,83,17,170
GCQRFc,74,9,107
GCQRFg,97,34,79
GCQRFk,90,16,103
GCQRFo,57,6,102
GCQRFs,61,11,108
GCQRFw,66,14,100
GCQRF{,61,26,95
GCQRT_,49,0,71
GCQRTg,52,1,82
GCQRTk,56,19,105
GCQRUO,71,10,71
GCQRUS,85,14,72
GCQRU_,72,16,152
GCQRUg,94,14,81
GCQRUk,93,38,100
GCQRUo,80,8,102
GCQRUs,76,14,119
GCQRUw,93,8,108
GCQRU{,89,24,115
GCQRV?,55,2,78
GCQRVO,61,4,85
GCQRVS,67,6,92
GCQRV_,51,6,108
GCQRVc,51,7,122
GCQRVg,54,11,115
GCQRVk,51,24,120
GCQRVo,49,8,123
GCQRVs,55,17,123
GCQRVw,45,21,116
GCQRV{,49,32,115
GCQSnO,108,2,61
GCQSng,138,18,33
GCQSnk,144,20,46
GCQSno,120,26,63
GCQSnw,128,37,63
GCQSn{,133,52,62
GCQTa[,78,27,85
GCQTbK,71,3,97
GCQTbS,58,4,103
GCQTbW,54,2,109
GCQTb[,51,19,110
GCQTeK,101,32,107
GCQTeS,82,17,91
GCQTe[,82,25,102
GCQTec,98,38,104
GCQTek,118,25,46
GCQTeo,79,11,100
GCQTes,81,17,111
GCQTew,95,16,98
GCQTe{,96,28,104
GCQTfK,68,14,108
GCQTfS,61,12,107
GCQTfW,58,14,108
GCQTf[,57,28,110
GCQTf_,71,11,152
GCQTfc,78,18,94
GCQTfg,75,13,102
GCQTfk,78,19,112
GCQTfo,59,19,102
GCQTfs,65,18,112
GCQTfw,62,26,107
GCQTf{,64,41,105
GCQTmk,134,26,50
GCQTms,97,31,100
GCQTmw,108,18,102
GCQTm{,110,33,104
GCQTnS,65,29,101
GCQTnc,87,21,101
GCQTng,101,21,87
GCQTnk,105,27,96
GCQTno,75,23,97
GCQTns,72,37,101
GCQTnw,81,36,93
GCQTn{,80,49,96
GCQURo,88,16,86
GCQURw,99,20,90
GCQUVS,97,29,83
GCQUVc,89,24,96
GCQUVg,96,23,90
GCQUVo,86,29,94
GCQUVs,100,36,92
GCQUVw,102,37,89
GCQUV{,111,50,86
GCQUbS,76,30,194
GCQUbW,93,32,175
GCQUb[,96,58,176
GCQUdW,99,34,167
GCQUd[,104,58,168
GCQUdk,121,43,106
GCQUdo,84,39,177
GCQUds,96,51,183
GCQUdw,102,51,177
GCQUd{,114,76,170
GCQUfG,106,36,128
GCQUfK,113,48,139
GCQUfO,86,41,173
GCQUfS,92,53,185
GCQUfW,99,54,177
GCQUf[,107,80,173
GCQUfc,108,51,141
GCQUfg,106,54,140
GCQUfk,125,63,142
GCQUfo,93,62,175
GCQUfs,107,75,178
GCQUfw,104,78,178
GCQUf{,121,103,166
GCQUlw,116,42,94
GCQUl{,121,63,89
GCQUnS,106,53,93
GCQUng,118,36,77
GCQUnk,140,35,77
GCQUno,115,47,90
GCQUns,116,67,90
GCQUnw,121,65,87
GCQUn{,128,83,83
GCQUvW,96,26,106
GCQUv[,93,44,110
GCQUvg,97,24,107
GCQUvk,97,40,110
GCQUvo,81,36,111
GCQUvs,90,40,117
GCQUvw,100,41,106
GCQUv{,103,57,106
GCQU~w,108,47,111
GCQU~{,114,63,108
GCQVQw,92,15,102
GCQVQ{,88,31,109
GCQVRo,56,11,113
GCQVRs,57,18,120
GCQVRw,53,14,115
GCQVR{,55,30,111
GCQVUs,84,28,116
GCQVUw,99,21,108
GCQVU{,99,36,112
GCQVVS,75,25,95
GCQVVg,59,18,118
GCQVVk,59,32,119
GCQVVo,55,22,118
GCQVVs,60,30,120
GCQVVw,53,31,112
GCQVV{,57,43,110
GCQVbW,48,10,122
GCQVb[,48,23,124
GCQVc{,113,51,88
GCQVd[,53,28,114
GCQVds,61,10,124
GCQVdw,62,20,113
GCQVd{,66,32,112
GCQVe[,86,33,109
GCQVek,129,28,74
GCQVes,84,25,119
GCQVew,97,19,112
GCQVe{,101,34,112
GCQVfK,68,29,131
GCQVfS,56,16,123
GCQVfW,50,20,125
GCQVf[,51,34,125
GCQVfc,81,22,125
GCQVfg,80,31,117
GCQVfk,82,37,128
GCQVfo,54,24,117
GCQVfs,61,24,125
GCQVfw,54,33,123
GCQVf{,59,47,119
GCQVlw,76,19,115
GCQVl{,77,37,111
GCQVmw,105,26,116
GCQVm{,109,45,112
GCQVng,97,38,112
GCQVnk,101,41,124
GCQVno,66,26,118
GCQVns,64,42,119
GCQVnw,72,40,113
GCQVn{,73,55,112
GCQVuw,104,32,111
GCQVu{,104,50,112
GCQVvW,57,23,116
GCQVv[,54,42,114
GCQVvo,55,37,118
GCQVvs,64,42,119
GCQVvw,58,41,111
GCQVv{,57,56,111
GCQV~w,59,57,92
GCQV~{,60,68,93
GCQ`e_,63,5,114
GCQ`eo,59,2,89
GCQ`f?,56,0,147
GCQ`fG,62,8,82
GCQ`fO,49,5,96
GCQ`fW,54,0,89
GCQ`f_,61,5,142
GCQ`fg,59,5,107
GCQ`fk,60,5,95
GCQ`fo,46,10,109
GCQ`fw,47,4,105
GCQ`f{,48,14,107
GCQbPk,58,1,106
GCQbQW,68,5,79
GCQbQ[,79,11,81
GCQbQg,48,2,150
GCQbQk,48,8,164
GCQbQs,64,3,98
GCQbQw,46,2,117
GCQbQ{,51,8,121
GCQbRG,64,2,86
GCQbRK,67,5,99
GCQbRS,86,14,68
GCQbRW,75,3,93
GCQbR[,81,5,104
GCQbR_,58,0,92
GCQbRc,58,5,102
GCQbRg,51,3,111
GCQbRk,51,6,123
GCQbRo,55,7,103
GCQbRs,58,8,114
GCQbRw,47,10,123
GCQbR{,52,16,127
GCQbSk,61,10,94
GCQbTK,83,13,94
GCQbTc,56,4,105
GCQbTg,54,1,95
GCQbTk,56,12,112
GCQbUG,70,19,145
GCQbUK,66,25,169
GCQbUO,99,19,152
GCQbUS,110,17,83
GCQbUW,75,13,102
GCQbU[,76,17,116
GCQbU_,58,1,91
GCQbUc,53,2,110
GCQbUg,50,1,114
GCQbUk,46,10,124
GCQbUo,60,0,105
GCQbUs,62,2,116
GCQbUw,50,1,129
GCQbU{,46,13,136
GCQbV?,78,32,205
GCQbVC,82,33,185
GCQbVG,70,13,107
GCQbVK,68,15,126
GCQbVO,89,30,181
GCQbVS,94,32,105
GCQbVW,75,14,120
GCQbV[,75,23,130
GCQbV_,46,4,115
GCQbVc,49,9,122
GCQbVg,48,7,125
GCQbVk,46,16,133
GCQbVo,45,11,124
GCQbVs,52,15,128
GCQbVw,45,18,132
GCQbV{,48,31,131
GCQb`o,50,2,78
GCQb`s,56,1,86
GCQbb_,64,18,179
GCQbbc,71,18,101
GCQbbo,48,4,91
GCQbbs,53,2,101
GCQbcW,50,1,149
GCQbc[,42,17,161
GCQbcs,51,3,111
GCQbdK,65,6,100
GCQbdO,43,3,154
GCQbdS,49,6,165
GCQbdW,48,5,112
GCQbd[,48,11,121
GCQbd_,61,4,143
GCQbdc,62,6,103
GCQbdg,65,3,103
GCQbdk,69,0,91
GCQbdo,47,1,95
GCQbds,51,2,103
GCQbdw,45,0,111
GCQbd{,49,7,113
GCQbeG,70,21,143
GCQbeK,65,24,171
GCQbeO,52,2,96
GCQbeS,55,7,103
GCQbeW,47,4,114
GCQbe[,42,10,128
GCQbec,69,16,105
GCQbeo,56,1,86
GCQbes,54,1,101
GCQbf?,58,22,181
GCQbfC,61,30,169
GCQbfG,66,15,109
GCQbfK,62,13,134
GCQbfO,38,3,124
GCQbfS,46,11,123
GCQbfW,43,1,112
GCQbf[,43,8,118
GCQbf_,60,21,179
GCQbfc,63,17,129
GCQbfg,63,18,128
GCQbfk,65,12,115
GCQbfo,41,4,111
GCQbfs,46,5,118
GCQbfw,35,9,125
GCQbf{,44,18,120
GCQbro,50,8,98
GCQbrs,52,6,111
GCQbtg,53,0,103
GCQbtk,50,9,110
GCQbuW,44,6,130
GCQbu[,45,18,132
GCQbuo,53,6,97
GCQbus,55,5,109
GCQbvG,41,7,132
GCQbvK,41,18,136
GCQbvO,40,10,130
GCQbvS,45,15,135
GCQbvW,43,2,124
GCQbv[,40,15,127
GCQbv_,40,3,113
GCQbvc,44,2,123
GCQbvg,37,3,129
GCQbvk,34,15,133
GCQbvo,39,7,123
GCQbvs,44,8,130
GCQbvw,35,10,95
GCQbv{,36,20,94
GCQdbW,62,0,81
GCQdbg,62,0,82
GCQdbo,50,1,114
GCQdbw,51,2,103
GCQdeS,57,5,103
GCQdes,62,0,94
GCQdew,51,0,105
GCQdfC,69,27,138
GCQdfK,66,12,112
GCQdfS,51,13,116
GCQdfW,54,6,96
GCQdf[,49,12,108
GCQdfc,71,12,107
GCQdfg,67,2,91
GCQdfk,69,5,102
GCQdfo,49,16,115
GCQdfs,54,7,108
GCQdfw,50,9,110
GCQdf{,52,20,110
GCQdnW,56,7,106
GCQdn[,56,15,111
GCQdng,73,2,101
GCQdnk,76,9,107
GCQdno,54,7,108
GCQdns,51,16,115
GCQdnw,56,16,110
GCQdn{,55,27,113
GCQeJo,47,15,158
GCQeJs,45,35,160
GCQeK[,83,49,138
GCQeLS,62,27,171
GCQeL[,71,45,170
GCQeLk,81,43,136
GCQeLo,51,18,151
GCQeLs,54,33,153
GCQeLw,51,30,159
GCQeL{,63,48,149
GCQeMK,127,25,128
GCQeMS,96,37,137
GCQeM[,96,59,145
GCQeMo,68,33,159
GCQeMs,73,45,168
GCQeNC,85,32,153
GCQeNK,106,55,139
GCQeNO,64,40,156
GCQeNS,67,45,174
GCQeNW,62,53,171
GCQeN[,77,64,171
GCQeN_,66,35,159
GCQeNc,71,45,170
GCQeNg,62,51,173
GCQeNk,80,64,168
GCQeNo,46,31,163
GCQeNs,52,51,157
GCQeNw,44,48,168
GCQeN{,63,68,149
GCQePk,54,16,95
GCQeQW,108,25,107
GCQeQ[,125,12,52
GCQeQk,63,27,170
GCQeQw,66,18,106
GCQeQ{,75,30,104
GCQeRG,73,10,88
GCQeRK,73,10,107
GCQeRW,82,10,98
GCQeR[,97,12,100
GCQeRg,50,4,111
GCQeRk,48,14,118
GCQeRo,49,8,108
GCQeRs,59,13,108
GCQeRw,50,9,121
GCQeR{,51,25,119
GCQeTg,57,4,89
GCQeTk,62,14,104
GCQeUS,131,10,27
GCQeUW,102,35,133
GCQeU[,119,17,74
GCQeUg,60,15,115
GCQeUk,66,21,122
GCQeUs,84,10,96
GCQeUw,69,15,125
GCQeU{,79,27,122
GCQeVG,76,17,97
GCQeVK,77,17,115
GCQeVO,95,41,164
GCQeVS,106,38,87
GCQeVW,76,21,112
GCQeV[,95,25,108
GCQeV_,48,6,111
GCQeVc,56,9,115
GCQeVg,50,9,121
GCQeVk,54,19,122
GCQeVo,48,15,117
GCQeVs,61,24,110
GCQeVw,49,23,123
GCQeV{,57,37,116
GCQe\k,57,16,122
GCQe][,107,32,92
GCQe^K,68,23,137
GCQe^W,73,28,127
GCQe^[,76,33,138
GCQe^g,45,10,140
GCQe^k,48,23,139
GCQe^o,43,14,138
GCQe^s,44,30,136
GCQe^w,43,29,138
GCQe^{,48,45,132
GCQeag,86,28,166
GCQebW,54,2,109
GCQebg,64,14,112
GCQebo,48,6,111
GCQebw,43,12,125
GCQedS,55,9,156
GCQedc,69,15,87
GCQeds,57,5,118
GCQedw,50,5,125
GCQeeK,93,38,139
GCQeeS,65,13,93
GCQeeW,68,12,110
GCQeec,108,19,41
GCQeek,109,24,77
GCQeeo,69,4,98
GCQees,76,9,105
GCQeew,72,15,122
GCQefC,63,30,167
GCQefK,65,16,128
GCQefO,47,10,108
GCQefS,53,11,116
GCQefW,50,9,121
GCQef[,51,17,127
GCQefc,72,23,114
GCQefg,65,18,126
GCQefk,74,24,130
GCQefo,47,13,120
GCQefs,55,16,124
GCQefw,44,22,129
GCQef{,54,35,121
GCQerW,55,0,101
GCQer[,58,9,102
GCQerg,48,4,104
GCQerk,46,12,111
GCQerw,46,4,119
GCQer{,45,16,121
GCQetk,58,9,102
GCQeu[,79,17,132
GCQeuk,77,21,130
GCQeus,89,4,83
GCQeuw,82,7,103
GCQeu{,84,17,107
GCQevK,50,15,130
GCQevW,52,5,112
GCQev[,52,15,115
GCQevc,58,0,111
GCQevg,51,2,116
GCQevk,50,13,119
GCQevo,54,8,107
GCQevs,58,12,112
GCQevw,49,13,120
GCQev{,52,24,119
GCQf?{,41,16,163
GCQf@[,64,24,172
GCQf@k,64,14,156
GCQf@w,47,8,165
GCQf@{,47,25,168
GCQfAW,62,16,156
GCQfAk,53,28,179
GCQfAw,42,8,170
GCQfA{,39,26,175
GCQfBK,92,38,140
GCQfBW,67,31,162
GCQfB[,69,41,176
GCQfBg,59,25,176
GCQfBk,62,36,188
GCQfBo,40,16,164
GCQfBs,44,21,175
GCQfBw,39,18,183
GCQfB{,42,40,178
GCQfCw,54,8,158
GCQfC{,51,24,165
GCQfDS,71,37,192
GCQfDW,71,30,159
GCQfD[,70,36,180
GCQfDg,65,26,143
GCQfDk,69,31,160
GCQfDo,45,16,159
GCQfDs,51,20,169
GCQfDw,46,18,176
GCQfD{,49,37,174
GCQfES,91,31,178
GCQfEW,61,28,171
GCQfE[,64,35,187
GCQfEg,57,27,176
GCQfEk,63,30,193
GCQfEo,49,12,159
GCQfEs,53,19,168
GCQfEw,45,17,178
GCQfE{,47,35,178
GCQfFC,106,28,181
GCQfFG,91,44,180
GCQfFK,94,50,156
GCQfFO,77,59,214
GCQfFS,80,59,191
GCQfFW,64,49,173
GCQfF[,70,61,181
GCQfFc,69,44,173
GCQfFg,63,46,177
GCQfFk,64,54,194
GCQfFo,39,31,170
GCQfFs,46,37,177
GCQfFw,39,36,185
GCQfF{,48,58,174
GCQfJw,45,20,130
GCQfJ{,47,31,132
GCQfK{,58,22,115
GCQfL[,77,31,120
GCQfLk,77,18,114
GCQfLw,50,14,131
GCQfL{,55,26,129
GCQfMk,71,22,135
GCQfMw,49,14,132
GCQfM{,52,24,134
GCQfNK,113,34,84
GCQfNW,72,27,129
GCQfN[,76,34,137
GCQfNg,63,26,139
GCQfNk,73,31,143
GCQfNo,40,21,134
GCQfNs,42,31,137
GCQfNw,46,33,131
GCQfN{,52,45,128
GCQfQw,39,7,134
GCQfQ{,40,21,134
GCQfRW,74,17,118
GCQfR[,77,21,130
GCQfRg,39,9,132
GCQfRk,40,22,133
GCQfRw,39,13,143
GCQfR{,39,31,140
GCQfTk,51,26,118
GCQfU[,72,29,127
GCQfUk,44,24,127
GCQfUs,57,12,126
GCQfUw,43,11,141
GCQfU{,45,23,142
GCQfVK,65,28,135
GCQfVS,90,57,105
GCQfVW,70,32,126
GCQfV[,73,37,137
GCQfVc,43,19,133
GCQfVg,41,18,136
GCQfVk,39,31,140
GCQfVo,35,26,134
GCQfVs,42,31,137
GCQfVw,37,33,140
GCQfV{,39,48,138
GCQf]w,49,13,120
GCQf]{,50,23,122
GCQf^W,80,23,105
GCQf^[,80,33,111
GCQf^g,46,8,128
GCQf^k,46,20,129
GCQf^w,43,26,126
GCQf^{,44,37,127
GCQf`w,43,7,106
GCQf`{,46,15,108
GCQfbg,63,6,107
GCQfbk,67,8,117
GCQfbw,35,7,127
GCQfb{,36,18,128
GCQfc{,55,19,121
GCQfd[,51,18,126
GCQfdk,73,2,101
GCQfds,53,4,112
GCQfdw,45,4,120
GCQfd{,48,14,120
GCQfe[,45,16,134
GCQfek,69,20,139
GCQfew,42,3,124
GCQfe{,47,12,123
GCQffK,65,22,141
GCQffW,42,9,118
GCQff[,41,18,123
GCQffc,73,21,134
GCQffg,66,11,115
GCQffk,69,13,126
GCQffo,42,11,116
GCQffs,47,9,126
GCQffw,38,15,129
GCQff{,43,27,125
GCQflw,48,2,132
GCQfl{,47,18,130
GCQfng,71,12,125
GCQfnk,73,20,131
GCQfnw,43,19,133
GCQfn{,43,32,133
GCQfrw,34,6,100
GCQfr{,31,19,100
GCQfuw,45,7,130
GCQfu{,44,21,130
GCQfvW,39,15,128
GCQfv[,35,27,133
GCQfvg,39,9,134
GCQfvk,36,22,137
GCQfvo,39,19,124
GCQfvs,44,18,133
GCQfvw,36,15,99
GCQfv{,35,25,100
GCQf~w,38,24,98
GCQf~{,39,32,99
GCQrRW,56,4,96
GCQrSk,66,13,101
GCQrTK,60,1,95
GCQrTg,62,1,80
GCQrTk,62,10,97
GCQrUK,46,22,172
GCQrUW,43,7,130
GCQrU_,51,2,112
GCQrUg,54,3,123
GCQrUk,46,13,136
GCQrUo,52,0,104
GCQrUw,48,7,114
GCQrU{,40,20,122
GCQrV?,46,2,95
GCQrVG,53,1,102
GCQrVK,52,0,117
GCQrVW,43,7,119
GCQrV_,43,5,108
GCQrVg,52,3,114
GCQrVk,46,16,120
GCQrVo,37,2,91
GCQrVw,40,12,88
GCQrV{,43,20,87
GCQr\k,59,21,102
GCQr]k,45,34,131
GCQr]w,45,17,120
GCQr]{,37,31,127
GCQr^K,51,11,120
GCQr^W,42,17,123
GCQr^g,45,16,121
GCQr^k,43,29,123
GCQr^o,38,8,94
GCQr^w,39,19,92
GCQr^{,40,28,92
GCQta[,67,23,90
GCQtbK,82,1,77
GCQtb[,53,11,105
GCQteK,81,39,140
GCQteW,58,10,112
GCQte[,59,23,113
GCQtek,93,22,94
GCQteo,64,5,99
GCQtew,63,3,103
GCQte{,66,10,106
GCQtfG,71,3,86
GCQtfK,76,2,98
GCQtfW,56,8,105
GCQtf[,54,15,113
GCQtfg,83,1,92
GCQtfk,84,1,107
GCQtfo,66,21,95
GCQtfw,60,16,106
GCQtf{,60,27,108
GCQtm[,65,33,112
GCQtmk,98,26,104
GCQtmw,71,11,100
GCQtm{,72,20,103
GCQtn[,60,25,110
GCQtng,85,0,107
GCQtnk,89,14,105
GCQtno,66,14,102
GCQtnw,67,25,103
GCQtn{,66,37,105
GCQuPk,53,12,115
GCQuQ[,108,30,93
GCQuQk,69,37,180
GCQuQo,74,13,103
GCQuQs,77,16,116
GCQuQw,64,26,119
GCQuQ{,72,33,123
GCQuRK,49,4,127
GCQuRW,46,11,123
GCQuR[,46,20,129
GCQuRg,49,7,124
GCQuRk,43,14,138
GCQuRo,45,5,130
GCQuRs,42,15,138
GCQuRw,41,15,139
GCQuR{,40,28,142
GCQuSk,96,16,97
GCQuTK,58,6,116
GCQuTk,66,17,112
GCQuUK,86,53,191
GCQuUS,97,25,109
GCQuUW,80,53,197
GCQuU[,94,47,111
GCQuUg,79,19,111
GCQuUk,76,23,129
GCQuUo,79,13,117
GCQuUs,86,15,127
GCQuUw,73,28,127
GCQuU{,82,34,131
GCQuVG,52,6,122
GCQuVK,50,11,134
GCQuVO,44,15,121
GCQuVS,50,16,129
GCQuVW,42,21,132
GCQuV[,43,31,136
GCQuVc,46,13,136
GCQuVg,58,13,124
GCQuVk,53,24,133
GCQuVo,45,15,135
GCQuVs,45,28,137
GCQuVw,46,31,133
GCQuV{,48,45,132
GCQuY{,68,50,129
GCQuZs,40,29,141
GCQuZw,37,29,144
GCQuZ{,38,43,144
GCQu][,93,71,109
GCQu]s,80,34,133
GCQu]w,74,42,131
GCQu]{,80,50,136
GCQu^S,44,30,136
GCQu^W,41,34,135
GCQu^[,45,45,135
GCQu^c,49,29,132
GCQu^g,51,25,134
GCQu^k,51,40,134
GCQu^o,41,30,139
GCQu^s,44,46,135
GCQu^w,45,44,136
GCQu^{,48,60,132
GCQu`[,51,8,121
GCQua[,82,23,104
GCQubK,76,14,119
GCQub[,42,22,131
GCQuc[,75,40,171
GCQuck,114,27,48
GCQucs,76,27,106
GCQucw,79,22,108
GCQuc{,80,34,114
GCQud[,53,18,124
GCQudc,79,15,96
GCQudk,84,21,104
GCQudo,54,11,115
GCQuds,61,18,116
GCQudw,59,12,124
GCQud{,64,27,119
GCQueK,105,52,143
GCQueS,74,17,118
GCQue[,73,31,124
GCQuec,112,24,74
GCQuek,121,33,77
GCQues,81,21,126
GCQuew,79,23,126
GCQue{,84,33,130
GCQufK,72,25,131
GCQufS,49,19,127
GCQufW,47,18,130
GCQuf[,50,30,130
GCQufc,79,26,123
GCQufg,85,24,119
GCQufk,82,34,131
GCQufo,45,24,126
GCQufs,54,33,123
GCQufw,51,28,131
GCQuf{,61,45,119
GCQuk{,86,39,122
GCQuls,68,28,114
GCQul{,70,37,118
GCQum[,74,39,134
GCQumk,132,36,84
GCQums,85,27,135
GCQum{,87,42,137
GCQun[,53,42,130
GCQunc,91,31,125
GCQunk,95,40,131
GCQuno,61,31,118
GCQuns,62,44,119
GCQunw,60,43,122
GCQun{,64,57,119
GCQurW,45,5,119
GCQuus,90,9,109
GCQuuw,82,19,107
GCQuu{,87,28,109
GCQuvW,44,13,125
GCQuv[,46,25,124
GCQuvg,57,4,121
GCQuvk,58,16,121
GCQuvo,48,10,124
GCQuvs,51,21,123
GCQuvw,49,26,120
GCQuv{,53,39,116
GCQu}{,87,40,113
GCQu~o,48,24,123
GCQu~s,48,40,120
GCQu~w,51,39,118
GCQu~{,51,52,118
GCQv?{,45,24,171
GCQv@[,54,0,102
GCQv@k,68,2,90
GCQv@s,44,6,106
GCQv@{,49,7,113
GCQvA[,53,14,113
GCQvAk,67,34,185
GCQvAs,40,8,132
GCQvAw,45,12,123
GCQvA{,40,22,133
GCQvBK,73,16,120
GCQvBW,46,3,107
GCQvB[,47,7,115
GCQvBc,64,7,105
GCQvBk,68,9,115
GCQvBo,38,2,116
GCQvBs,41,6,122
GCQvBw,39,5,125
GCQvB{,41,15,126
GCQvC[,58,21,161
GCQvCk,84,13,93
GCQvCs,49,12,119
GCQvCw,59,9,112
GCQvC{,56,19,120
GCQvDK,67,14,109
GCQvDS,55,2,99
GCQvDW,53,1,102
GCQvD[,55,2,112
GCQvDg,76,10,104
GCQvDk,77,2,97
GCQvDs,49,10,110
GCQvDw,53,2,114
GCQvD{,54,12,116
GCQvEK,72,50,164
GCQvES,51,7,122
GCQvEW,43,7,130
GCQvE[,49,15,131
GCQvEc,69,17,123
GCQvEk,77,22,129
GCQvEs,48,4,117
GCQvEw,50,5,114
GCQvE{,49,14,119
GCQvFC,73,17,119
GCQvFG,70,42,174
GCQvFK,68,27,133
GCQvFO,41,9,106
GCQvFS,49,6,114
GCQvFW,43,10,116
GCQvF[,47,13,122
GCQvFc,72,10,110
GCQvFg,79,23,126
GCQvFk,74,13,121
GCQvFo,36,10,123
GCQvFs,43,13,126
GCQvFw,42,14,126
GCQvF{,49,25,121
GCQvQw,40,16,139
GCQvRW,44,6,119
GCQvRg,44,3,122
GCQvRo,39,2,89
GCQvRs,39,8,93
GCQvRw,37,4,99
GCQvR{,38,15,97
GCQvTk,63,15,104
GCQvUk,55,28,127
GCQvUs,49,11,122
GCQvUw,48,13,121
GCQvU{,44,28,123
GCQvVS,45,13,124
GCQvVW,41,21,120
GCQvV[,42,29,124
GCQvVc,42,11,129
GCQvVg,48,10,124
GCQvVk,45,22,128
GCQvVo,35,7,98
GCQvVs,36,16,98
GCQvVw,39,14,97
GCQvV{,40,24,96
GCQvZ{,34,23,103
GCQv]{,41,39,128
GCQv^[,41,40,127
GCQv^k,43,34,131
GCQv^o,34,12,104
GCQv^s,35,23,102
GCQv^w,36,24,100
GCQv^{,37,32,101
GCQvds,54,9,119
GCQvdw,56,3,123
GCQvd{,56,18,121
GCQves,55,3,124
GCQvew,53,4,125
GCQve{,57,15,123
GCQvfW,41,11,130
GCQvf[,42,22,131
GCQvfc,83,7,118
GCQvfg,83,8,117
GCQvfk,81,10,133
GCQvfo,44,17,121
GCQvfs,46,19,130
GCQvfw,47,20,128
GCQvf{,51,33,124
GCQvl{,59,27,122
GCQvm{,59,28,121
GCQvnk,86,26,128
GCQvno,51,17,127
GCQvns,50,32,126
GCQvnw,51,30,127
GCQvn{,52,44,125
GCQvvo,33,12,105
GCQvvs,37,18,105
GCQvvw,38,20,102
GCQvv{,39,30,101
GCQv~w,41,32,97
GCQv~{,42,40,98
GCRSrK,68,26,115
GCRSr[,64,37,127
GCRStK,71,24,114
GCRStk,78,28,122
GCRStw,72,36,120
GCRSvK,71,35,122
GCRSvW,70,36,122
GCRSv[,70,51,126
GCRSvg,73,28,127
GCRSvk,75,46,126
GCRSvo,72,40,116
GCRSvw,72,50,125
GCRSv{,80,66,120
GCRS|w,76,48,123
GCRS~[,74,64,128
GCRS~g,79,39,129
GCRS~k,82,57,127
GCRS~o,77,47,123
GCRS~w,80,63,123
GCRS~{,84,79,122
GCRTtk,66,22,122
GCRTts,53,18,139
GCRTtw,54,22,134
GCRTt{,57,32,136
GCRTuk,109,66,98
GCRTuw,83,33,131
GCRTu{,80,49,137
GCRTvK,43,29,138
GCRTvW,44,29,137
GCRTv[,39,41,145
GCRTvc,47,23,140
GCRTvg,55,27,128
GCRTvk,54,40,131
GCRTvo,40,33,137
GCRTvs,41,45,139
GCRTvw,47,46,132
GCRTv{,47,58,135
GCRT|{,59,49,132
GCRT~k,58,53,129
GCRT~w,47,62,131
GCRT~{,48,75,132
GCRURw,80,30,118
GCRUTW,57,28,124
GCRUTo,77,22,110
GCRUTw,83,34,111
GCRUVK,74,26,128
GCRUVW,70,37,121
GCRUV_,68,25,116
GCRUVg,77,31,120
GCRUVk,79,46,122
GCRUVo,76,36,116
GCRUVw,85,47,115
GCRUV{,94,62,110
GCRUZw,78,41,128
GCRU\w,79,42,126
GCRU\{,76,58,132
GCRU^W,72,45,130
GCRU^g,77,38,132
GCRU^k,78,53,135
GCRU^o,81,41,125
GCRU^w,83,57,126
GCRU^{,86,73,126
GCRUl{,113,84,97
GCRUn[,105,83,106
GCRUng,122,46,84
GCRUnk,139,49,85
GCRUno,106,67,100
GCRUnw,112,82,100
GCRUn{,120,100,95
GCRUt[,70,47,130
GCRUtk,81,34,132
GCRUts,73,36,138
GCRUtw,77,40,130
GCRUt{,77,56,133
GCRUvK,74,41,132
GCRUvW,79,38,130
GCRUv[,78,55,133
GCRUvc,79,34,134
GCRUvg,81,31,135
GCRUvk,81,48,137
GCRUvo,78,43,126
GCRUvs,82,51,133
GCRUvw,84,54,128
GCRUv{,88,70,127
GCRU|{,82,65,138
GCRU~k,89,56,140
GCRU~o,86,47,133
GCRU~s,88,64,133
GCRU~w,88,63,134
GCRU~{,94,79,131
GCRVBg,66,26,117
GCRVBs,38,19,138
GCRVBw,43,15,137
GCRVDW,35,11,134
GCRVDg,76,23,110
GCRVDw,46,19,130
GCRVEK,97,61,142
GCRVES,68,18,123
GCRVEW,59,17,133
GCRVEc,104,54,142
GCRVEg,121,20,69
GCRVEk,118,31,82
GCRVEo,68,13,128
GCRVEs,68,28,132
GCRVEw,79,19,130
GCRVFC,76,18,115
GCRVFG,63,38,185
GCRVFK,69,25,134
GCRVFO,39,13,128
GCRVFS,48,14,133
GCRVFW,43,17,135
GCRVF[,51,25,134
GCRVF_,66,43,177
GCRVFc,64,33,131
GCRVFg,74,34,120
GCRVFk,77,34,136
GCRVFo,34,22,139
GCRVFs,39,31,140
GCRVFw,46,31,133
GCRVF{,47,48,130
GCRVP{,36,30,144
GCRVRk,36,32,142
GCRVRs,48,27,135
GCRVRw,44,26,140
GCRVR{,44,41,140
GCRVS{,77,47,123
GCRVT[,43,29,138
GCRVTk,52,31,127
GCRVTs,41,27,142
GCRVTw,45,29,136
GCRVT{,42,41,142
GCRVUW,70,31,127
GCRVUg,101,45,106
GCRVUk,102,64,107
GCRVUs,78,38,131
GCRVUw,86,32,129
GCRVU{,84,48,134
GCRVVG,49,16,130
GCRVVK,49,22,139
GCRVVS,55,28,127
GCRVVW,49,30,131
GCRVV[,55,39,131
GCRVVc,43,29,138
GCRVVg,51,28,131
GCRVVk,48,42,135
GCRVVo,44,33,133
GCRVVs,45,45,135
GCRVVw,48,45,132
GCRVV{,49,58,133
GCRVZ{,43,56,141
GCRV\{,40,57,143
GCRV]{,84,64,137
GCRV^[,55,53,132
GCRV^k,51,54,135
GCRV^o,45,42,138
GCRV^s,45,57,138
GCRV^w,48,60,132
GCRV^{,48,74,133
GCRVdk,80,33,134
GCRVdw,49,25,136
GCRVd{,53,40,132
GCRVeg,109,37,85
GCRVew,77,32,138
GCRVe{,83,46,137
GCRVfW,45,31,134
GCRVf[,46,43,136
GCRVfc,82,39,126
GCRVfg,75,41,131
GCRVfk,81,47,138
GCRVfo,44,34,132
GCRVfs,48,38,139
GCRVfw,53,43,129
GCRVf{,57,57,126
GCRVnk,95,53,137
GCRVnw,59,55,126
GCRVn{,61,70,124
GCRVtw,45,43,137
GCRVt{,46,57,137
GCRVvg,57,42,126
GCRVvk,55,56,129
GCRVvo,44,50,131
GCRVvs,46,59,135
GCRVvw,51,61,128
GCRVv{,52,74,129
GCRV~w,54,80,121
GCRV~{,55,93,122
GCR]tk,81,34,109
GCR]vK,76,40,108
GCR]vk,81,43,116
GCR]vo,82,32,110
GCR]vw,89,41,110
GCR]v{,92,54,110
GCR]~w,92,50,114
GCR]~{,98,62,112
GCR^uw,89,35,116
GCR^vo,48,40,120
GCR^vs,51,49,121
GCR^vw,52,51,118
GCR^v{,53,62,119
GCR^~{,57,75,115
GCR`pw,33,16,191
GCR`qk,44,20,176
GCR`r_,32,0,111
GCR`rg,39,2,115
GCR`rk,38,6,125
GCR`sk,50,18,112
GCR`sw,37,12,131
GCR`tK,48,12,120
GCR`tg,48,3,105
GCR`tk,48,4,117
GCR`tw,32,9,128
GCR`uK,45,36,159
GCR`u_,39,6,120
GCR`ug,43,11,126
GCR`uk,36,22,137
GCR`uo,44,2,110
GCR`uw,38,7,124
GCR`u{,32,14,136
GCR`v?,36,6,178
GCR`vG,41,17,122
GCR`vK,44,22,129
GCR`v_,34,1,121
GCR`vg,39,3,127
GCR`vk,34,11,137
GCR`vo,31,2,97
GCR`vw,28,11,101
GCR`v{,29,18,103
GCR`zk,45,10,127
GCR`|k,53,10,119
GCR`|w,35,19,128
GCR`}k,36,32,142
GCR`}w,36,16,130
GCR`}{,31,26,138
GCR`~K,49,31,130
GCR`~g,36,9,137
GCR`~k,38,20,137
GCR`~o,24,6,110
GCR`~w,27,16,107
GCR`~{,30,27,103
GCRb`[,48,2,106
GCRb`w,38,3,115
GCRba[,58,8,114
GCRbb[,53,1,115
GCRbbw,37,13,119
GCRbc[,34,19,187
GCRbck,68,20,121
GCRbcw,35,9,136
GCRbc{,31,19,145
GCRbdK,59,15,135
GCRbd[,40,6,123
GCRbdg,65,18,126
GCRbdk,69,7,116
GCRbdo,31,0,125
GCRbdw,33,5,131
GCRbd{,34,14,134
GCRbeK,65,45,176
GCRbe[,41,19,135
GCRbek,60,26,142
GCRbeo,40,1,115
GCRbew,36,7,126
GCRbe{,32,17,133
GCRbfG,69,23,117
GCRbfK,63,26,139
GCRbfO,36,4,116
GCRbfW,43,1,125
GCRbf[,40,13,129
GCRbf_,60,41,185
GCRbfg,60,32,136
GCRbfk,62,23,123
GCRbfo,27,8,134
GCRbfw,28,17,137
GCRbf{,31,30,134
GCRbjw,42,20,120
GCRbk{,36,27,147
GCRblk,69,9,130
GCRblw,35,12,135
GCRbl{,35,22,138
GCRbm[,47,26,137
GCRbmk,62,39,146
GCRbmw,37,18,127
GCRbm{,37,27,131
GCRbnK,73,32,142
GCRbnW,41,7,134
GCRbn[,46,18,131
GCRbng,62,25,121
GCRbnk,64,29,131
GCRbno,29,18,135
GCRbnw,29,30,136
GCRbn{,34,42,132
GCRco{,94,60,176
GCRcp[,44,7,129
GCRcpk,49,8,123
GCRcpw,37,10,133
GCRcp{,38,21,136
GCRcq[,86,19,104
GCRcqk,72,34,180
GCRcqo,74,12,104
GCRcqs,77,15,117
GCRcq{,72,28,128
GCRcrK,44,13,123
GCRcr[,45,18,132
GCRcrg,43,5,132
GCRcrk,37,15,143
GCRcro,43,10,127
GCRcrs,41,19,135
GCRcrw,41,18,136
GCRcr{,38,32,140
GCRcs[,90,56,184
GCRcsk,109,31,91
GCRcss,102,30,99
GCRcs{,99,51,102
GCRctK,53,12,115
GCRctS,47,10,123
GCRct[,45,18,132
GCRctk,59,14,122
GCRcts,55,15,125
GCRctw,41,19,135
GCRct{,50,31,129
GCRcuK,70,42,174
GCRcuS,70,19,120
GCRcuW,72,23,114
GCRcu[,68,29,131
GCRcug,71,22,116
GCRcuk,75,30,123
GCRcuo,75,16,118
GCRcus,82,19,127
GCRcuw,71,27,130
GCRcu{,75,37,135
GCRcvC,44,16,180
GCRcvK,50,17,128
GCRcvO,40,16,124
GCRcvS,43,21,131
GCRcvW,45,19,131
GCRcv[,43,29,138
GCRcvc,46,15,134
GCRcvg,46,12,137
GCRcvk,47,22,141
GCRcvo,40,21,134
GCRcvs,43,34,133
GCRcvw,37,35,138
GCRcv{,43,49,133
GCRcy{,68,45,134
GCRczs,36,30,144
GCRcz{,33,45,147
GCRc{{,99,75,99
GCRc|s,46,29,135
GCRc|w,42,35,133
GCRc|{,48,44,133
GCRc}s,76,35,136
GCRc}{,74,55,137
GCRc~S,37,37,136
GCRc~[,42,43,140
GCRc~c,46,29,135
GCRc~g,46,20,144
GCRc~k,48,36,141
GCRc~o,35,32,143
GCRc~s,37,48,140
GCRc~w,37,48,140
GCRc~{,39,65,136
GCRdi{,42,29,139
GCRdjs,40,13,129
GCRdjw,43,12,127
GCRdj{,42,22,131
GCRdk{,60,25,125
GCRdl[,60,1,121
GCRdlk,81,5,106
GCRdls,51,7,124
GCRdlw,53,13,116
GCRdl{,56,17,122
GCRdm[,52,21,137
GCRdmk,78,29,140
GCRdms,52,10,120
GCRdmw,50,9,123
GCRdm{,51,19,125
GCRdnK,77,30,140
GCRdnS,46,16,120
GCRdnW,51,5,126
GCRdn[,51,15,129
GCRdnc,75,11,122
GCRdng,75,8,125
GCRdnk,77,17,130
GCRdno,44,10,128
GCRdns,44,20,131
GCRdnw,46,20,129
GCRdn{,49,31,128
GCRdpw,34,6,129
GCRdqw,38,18,139
GCRdrg,38,4,127
GCRdro,36,2,92
GCRdrs,32,6,102
GCRdrw,34,7,99
GCRdr{,29,15,106
GCRdts,46,2,134
GCRdtw,36,13,133
GCRdt{,39,18,138
GCRdu[,38,30,142
GCRduk,46,30,134
GCRdus,45,11,126
GCRduw,40,13,129
GCRdu{,37,24,134
GCRdvK,47,29,134
GCRdvS,34,14,134
GCRdvW,36,13,133
GCRdv[,31,23,141
GCRdvc,38,13,131
GCRdvg,40,6,136
GCRdvk,38,17,140
GCRdvo,34,4,102
GCRdvs,33,13,104
GCRdvw,32,12,106
GCRdv{,32,20,108
GCRdz{,27,26,107
GCRd|{,41,31,136
GCRd}{,35,40,133
GCRd~[,35,35,138
GCRd~k,41,28,139
GCRd~o,29,10,111
GCRd~s,29,20,111
GCRd~w,31,24,105
GCRd~{,31,33,106
GCRei{,68,44,135
GCRej{,39,43,143
GCRek{,77,44,126
GCRel{,46,42,137
GCRem[,76,33,138
GCRemk,120,45,87
GCRems,76,31,140
GCRem{,80,47,139
GCRenS,50,27,133
GCRen[,54,32,139
GCRenc,72,36,139
GCReng,68,41,138
GCRenk,76,46,144
GCReno,43,32,135
GCRens,44,46,135
GCRenw,42,47,136
GCRen{,48,61,131
GCRepw,33,11,125
GCRetw,38,17,127
GCRet{,41,26,128
GCReug,74,26,128
GCReus,87,11,110
GCReuw,77,21,110
GCReu{,80,30,114
GCRevG,49,9,137
GCRev_,44,7,118
GCRevg,47,12,123
GCRevk,46,21,128
GCRevo,45,12,125
GCRevs,46,23,126
GCRevw,38,30,127
GCRev{,44,39,125
GCRe}{,78,48,114
GCRe~o,37,24,134
GCRe~s,39,36,133
GCRe~w,39,43,126
GCRe~{,41,54,126
GCRfK{,53,30,127
GCRfL{,53,38,134
GCRfMk,79,29,139
GCRfMw,54,19,137
GCRfM{,61,28,136
GCRfNK,114,48,90
GCRfNg,68,38,141
GCRfNk,79,42,145
GCRfNo,38,35,137
GCRfNw,45,43,137
GCRfN{,54,54,132
GCRfbw,33,18,131
GCRfb{,33,29,133
GCRfdw,39,9,134
GCRfd{,41,24,130
GCRfeg,63,30,135
GCRfes,48,11,123
GCRfew,42,14,126
GCRfe{,46,24,125
GCRffG,74,26,128
GCRffO,40,14,115
GCRffS,40,17,125
GCRffW,46,11,125
GCRff[,44,23,128
GCRffc,76,40,131
GCRffg,67,27,114
GCRffk,70,28,126
GCRffo,32,20,130
GCRffs,36,25,134
GCRffw,36,28,131
GCRff{,39,41,128
GCRfm{,49,32,127
GCRfn[,49,22,137
GCRfnk,73,35,132
GCRfno,37,23,135
GCRfns,34,34,140
GCRfnw,40,35,133
GCRfn{,41,47,133
GCRfvo,30,14,106
GCRfvs,30,20,110
GCRfvw,25,21,114
GCRfv{,26,29,115
GCRf~w,28,37,105
GCRf~{,29,45,106
GCRtr[,33,14,103
GCRttk,58,9,128
GCRttw,40,20,135
GCRtu[,44,40,141
GCRtuk,56,37,132
GCRtuw,45,21,129
GCRtu{,43,34,131
GCRtvK,41,14,140
GCRtv[,29,17,114
GCRtvg,45,11,139
GCRtvk,44,26,138
GCRtvo,30,8,112
GCRtvw,31,16,113
GCRtv{,32,24,114
GCRt}{,44,48,129
GCRt~[,30,28,112
GCRt~w,32,26,112
GCRt~{,33,35,112
GCRur[,44,27,124
GCRus{,80,49,137
GCRut[,37,29,129
GCRutk,58,14,123
GCRutw,44,23,128
GCRut{,45,35,128
GCRuu[,83,47,136
GCRuuk,84,38,144
GCRuus,86,24,114
GCRuuw,80,31,113
GCRuu{,85,38,117
GCRuvK,47,21,127
GCRuvW,41,23,131
GCRuv[,42,35,131
GCRuvc,53,18,124
GCRuvg,56,13,126
GCRuvk,57,26,125
GCRuvo,43,28,124
GCRuvs,47,38,123
GCRuvw,44,38,126
GCRuv{,47,50,124
GCRu}{,87,51,118
GCRu~s,47,50,124
GCRu~w,46,49,126
GCRu~{,48,62,124
GCRvP{,32,17,101
GCRvRk,36,24,135
GCRvRw,32,9,109
GCRvS{,44,44,137
GCRvTk,44,21,130
GCRvTw,36,11,103
GCRvT{,33,19,108
GCRvUk,51,40,134
GCRvUw,46,23,126
GCRvU{,44,36,128
GCRvVK,48,10,137
GCRvVW,36,30,129
GCRvVg,43,21,131
GCRvVk,40,34,134
GCRvVo,31,10,109
GCRvVw,32,18,110
GCRvV{,33,26,111
GCRv]{,41,48,132
GCRv^w,29,26,115
GCRv^{,30,35,115
GCRvb[,40,34,121
GCRvc{,58,40,127
GCRvd[,38,30,127
GCRvdk,82,10,132
GCRvd{,44,33,131
GCRve[,51,46,128
GCRvek,89,46,131
GCRve{,59,27,122
GCRvfK,71,27,126
GCRvf[,37,40,131
GCRvfg,82,24,118
GCRvfk,81,25,134
GCRvfo,46,30,119
GCRvfw,44,37,127
GCRvf{,46,50,125
GCRvl{,45,40,136
GCRvm{,60,38,123
GCRvn[,39,46,136
GCRvnk,85,39,132
GCRvn{,47,57,130
GCRvtw,31,16,113
GCRvuw,45,36,127
GCRvvW,28,16,116
GCRvvg,47,30,131
GCRvvk,46,45,130
GCRvvo,30,18,112
GCRvvs,33,24,113
GCRvvw,31,26,113
GCRvv{,32,34,114
GCRv~{,33,44,113
GCR~u{,56,64,114
GCR~vk,32,36,112
GCR~vo,29,30,77
GCR~vw,31,34,79
GCR~v{,31,40,81
GCR~~{,32,48,80
GCXb^W,80,0,76
GCXb^[,85,2,82
GCXb^_,62,16,91
GCXb^o,61,10,97
GCXb^s,59,18,103
GCXb^w,62,18,85
GCXb^{,61,27,88
GCXe`W,56,0,84
GCXe`[,58,9,101
GCXeb[,60,14,95
GCXecW,39,6,175
GCXec[,44,11,185
GCXeco,44,1,120
GCXecs,51,3,126
GCXecw,36,8,136
GCXec{,50,11,134
GCXedS,45,4,131
GCXedW,46,3,119
GCXed[,40,11,131
GCXed_,55,18,158
GCXedc,58,10,112
GCXedo,46,6,128
GCXeds,45,10,140
GCXedw,39,6,98
GCXed{,35,16,103
GCXeeW,46,5,117
GCXee[,46,9,127
GCXeec,60,12,120
GCXeeo,50,6,124
GCXees,55,8,132
GCXeew,42,6,134
GCXee{,44,16,136
GCXefO,51,9,120
GCXefS,45,14,136
GCXefW,46,10,113
GCXef[,40,20,122
GCXef_,53,40,159
GCXefc,61,24,110
GCXefo,44,16,135
GCXefs,43,26,141
GCXefw,37,19,98
GCXef{,37,28,100
GCXer[,58,12,98
GCXetg,43,0,87
GCXetk,36,6,98
GCXets,45,7,130
GCXeus,59,5,118
GCXevK,42,14,126
GCXevS,54,6,122
GCXevW,43,7,118
GCXev[,44,19,117
GCXevg,37,3,100
GCXevk,36,10,104
GCXevo,42,11,129
GCXevs,47,21,127
GCXevw,36,12,102
GCXev{,41,20,99
GCXfQ{,58,15,109
GCXfR[,83,1,108
GCXfRg,52,0,117
GCXfRk,55,10,117
GCXfRs,65,4,113
GCXfRw,52,5,125
GCXfR{,57,16,122
GCXfU[,78,8,122
GCXfUw,43,13,126
GCXfU{,46,23,126
GCXfVG,80,8,104
GCXfVK,74,8,126
GCXfVS,90,32,125
GCXfVW,73,14,121
GCXfV[,80,12,132
GCXfV_,50,26,119
GCXfVg,42,12,128
GCXfVk,41,22,132
GCXfVo,49,12,121
GCXfVs,55,13,127
GCXfVw,44,24,127
GCXfV{,49,36,123
GCXfZw,55,2,108
GCXfZ{,54,20,102
GCXf^W,78,8,96
GCXf^[,84,9,102
GCXf^w,47,21,108
GCXf^{,47,34,106
GCXfb[,67,26,89
GCXfcw,45,8,90
GCXfc{,42,22,90
GCXfe[,45,27,124
GCXfes,53,26,131
GCXfew,38,13,103
GCXfe{,40,24,101
GCXffS,50,25,135
GCXffW,45,22,115
GCXff[,44,32,119
GCXff_,53,64,156
GCXffc,66,36,108
GCXffo,38,40,132
GCXffs,51,40,134
GCXffw,39,26,100
GCXff{,40,36,100
GCXfuw,35,6,109
GCXfu{,38,15,107
GCXfvW,45,13,122
GCXfv[,44,26,122
GCXfvg,35,8,107
GCXfvk,32,15,113
GCXfvo,42,26,127
GCXfvs,45,33,130
GCXfvw,36,17,107
GCXfv{,38,25,107
GCXf~w,37,24,92
GCXf~{,38,31,93
GCXj[{,73,36,86
GCXj][,88,10,110
GCXj]w,67,19,94
GCXj]{,65,29,98
GCXj^W,85,0,84
GCXj^[,90,6,86
GCXj^w,68,24,84
GCXj^{,67,33,87
GCXk{{,71,54,100
GCXk}s,54,45,126
GCXk}w,41,52,132
GCXk}{,56,58,126
GCXk~S,48,32,115
GCXk~[,52,44,112
GCXk~c,43,28,94
GCXk~o,39,28,98
GCXk~s,40,42,94
GCXk~w,44,38,94
GCXk~{,45,52,90
GCXmX{,61,12,122
GCXmY{,71,6,118
GCXmZs,62,12,121
GCXmZw,60,13,122
GCXmZ{,65,24,119
GCXm[{,55,35,135
GCXm\[,77,11,136
GCXm\s,47,20,128
GCXm\w,47,22,126
GCXm\{,45,32,131
GCXm][,91,38,137
GCXm]s,59,12,124
GCXm]w,52,20,123
GCXm]{,60,22,126
GCXm^S,80,9,135
GCXm^W,78,17,129
GCXm^[,83,25,132
GCXm^c,50,19,126
GCXm^o,51,21,123
GCXm^s,52,32,124
GCXm^w,51,32,125
GCXm^{,55,44,122
GCXm`[,64,6,99
GCXma[,70,3,96
GCXmbS,57,4,95
GCXmb[,66,9,93
GCXmc[,55,26,179
GCXmcs,48,12,135
GCXmcw,41,20,134
GCXmc{,53,26,131
GCXmdS,43,3,123
GCXmdW,51,3,115
GCXmd[,46,9,127
GCXmd_,48,0,72
GCXmdc,47,2,81
GCXmdo,45,1,84
GCXmds,41,9,90
GCXmdw,40,6,94
GCXmd{,39,16,95
GCXmeS,57,1,111
GCXmeW,61,2,106
GCXme[,56,3,123
GCXmeo,47,6,116
GCXmes,52,12,118
GCXmew,45,15,122
GCXme{,47,28,120
GCXmfO,52,3,101
GCXmfS,44,4,120
GCXmfW,59,3,106
GCXmf[,50,18,112
GCXmf_,43,2,85
GCXmfc,44,5,91
GCXmfo,39,3,98
GCXmfs,39,15,96
GCXmfw,39,15,96
GCXmf{,42,25,93
GCXmtk,39,16,95
GCXmts,38,16,96
GCXmtw,38,14,98
GCXmt{,35,24,101
GCXmuk,48,28,119
GCXmus,52,23,120
GCXmuw,43,28,124
GCXmu{,48,40,120
GCXmvK,48,16,116
GCXmvW,52,16,112
GCXmv[,52,29,111
GCXmvc,41,12,97
GCXmvg,36,11,103
GCXmvk,39,24,97
GCXmvo,36,10,104
GCXmvs,39,25,96
GCXmvw,38,23,99
GCXmv{,41,34,95
GCXm|{,33,32,105
GCXm}{,50,49,122
GCXm~[,51,41,112
GCXm~s,37,33,100
GCXm~w,39,34,97
GCXm~{,41,42,97
GCXn?{,53,23,158
GCXnA[,82,0,94
GCXnA{,58,10,114
GCXnBS,75,3,98
GCXnBW,87,21,101
GCXnB[,83,0,109
GCXnBc,57,3,109
GCXnBo,55,2,112
GCXnBs,54,6,122
GCXnBw,62,2,118
GCXnB{,59,15,121
GCXnC[,75,35,154
GCXnCs,38,14,130
GCXnC{,47,27,122
GCXnE[,81,7,120
GCXnEs,44,12,126
GCXnEw,45,10,127
GCXnE{,49,21,125
GCXnFC,83,6,103
GCXnFS,76,11,121
GCXnFW,92,34,121
GCXnF[,80,12,132
GCXnF_,39,16,114
GCXnFc,48,13,121
GCXnFo,39,17,126
GCXnFs,45,22,128
GCXnFw,48,21,126
GCXnF{,55,34,119
GCXnRk,59,8,98
GCXnRs,59,2,104
GCXnRw,59,1,105
GCXnR{,61,13,102
GCXnUs,47,13,120
GCXnU{,49,24,119
GCXnVK,79,4,99
GCXnVS,82,9,133
GCXnVW,82,11,131
GCXnV[,81,9,105
GCXnVg,48,12,105
GCXnVk,50,21,105
GCXnVo,46,17,117
GCXnVs,48,18,110
GCXnVw,49,19,108
GCXnV{,54,29,104
GCXnZ{,64,24,99
GCXn^[,87,17,104
GCXn^w,53,30,104
GCXn^{,56,42,100
GCXnbW,68,8,78
GCXnb[,67,15,83
GCXncw,42,14,98
GCXnew,37,7,106
GCXne{,41,20,99
GCXnfO,51,10,107
GCXnfS,48,10,107
GCXnfW,56,12,97
GCXnf[,53,21,102
GCXnf_,38,8,80
GCXnfc,43,8,84
GCXnfo,36,8,91
GCXnfs,37,17,90
GCXnfw,38,14,92
GCXnf{,41,25,87
GCXnv[,54,32,101
GCXnvg,34,14,96
GCXnvk,35,26,92
GCXnvs,38,23,92
GCXnvw,37,26,90
GCXnv{,38,35,89
GCXn~w,42,36,84
GCXn~{,43,43,85
GCY[{{,173,63,37
GCY[}k,134,59,101
GCY[}{,131,80,104
GCY[~K,72,51,102
GCY[~[,73,67,100
GCY[~g,75,50,100
GCY[~k,80,66,94
GCY[~o,71,55,99
GCY[~w,76,65,99
GCY[~{,81,81,93
GCY]lk,74,30,121
GCY]lw,63,33,129
GCY]l{,69,47,124
GCY]mk,97,42,127
GCY]mw,93,47,126
GCY]m{,93,61,131
GCY]nW,51,40,134
GCY]n[,52,56,132
GCY]nc,60,35,130
GCY]ng,59,40,126
GCY]nk,63,56,121
GCY]no,57,40,128
GCY]ns,61,54,125
GCY]nw,57,56,127
GCY]n{,64,71,120
GCY]s{,113,81,100
GCY]tk,56,46,123
GCY]ts,43,44,138
GCY]tw,54,45,126
GCY]t{,52,60,128
GCY]uk,78,52,136
GCY]us,88,54,124
GCY]uw,75,57,134
GCY]u{,76,70,139
GCY]vW,38,47,140
GCY]v[,37,65,138
GCY]vc,42,42,141
GCY]vg,44,47,134
GCY]vk,47,65,128
GCY]vo,38,47,140
GCY]vs,43,58,139
GCY]vw,45,61,134
GCY]v{,48,79,128
GCY]|{,65,63,127
GCY]}{,91,79,134
GCY]~k,60,71,124
GCY]~s,57,68,130
GCY]~w,59,73,123
GCY]~{,61,86,123
GCY^As,46,18,131
GCY^BS,49,10,110
GCY^BW,45,15,122
GCY^B_,33,6,93
GCY^Bo,37,10,96
GCY^Bs,34,18,102
GCY^Bw,38,13,103
GCY^C[,63,49,174
GCY^Cs,55,58,160
GCY^Cw,62,24,109
GCY^C{,67,36,107
GCY^ES,47,16,132
GCY^EW,50,15,130
GCY^E[,47,24,139
GCY^Eo,38,18,139
GCY^Es,37,30,143
GCY^Ew,49,22,139
GCY^E{,46,37,142
GCY^FG,33,21,154
GCY^FO,44,16,122
GCY^FS,46,18,118
GCY^FW,38,26,132
GCY^F[,37,28,130
GCY^F_,35,9,99
GCY^Fg,37,13,104
GCY^Fo,34,15,105
GCY^Fs,32,25,108
GCY^Fw,33,21,111
GCY^F{,34,32,110
GCY^Jk,35,25,105
GCY^Jw,38,23,104
GCY^J{,32,39,105
GCY^Mk,55,37,133
GCY^Ms,38,51,136
GCY^Mw,51,37,137
GCY^M{,51,54,135
GCY^NK,44,38,128
GCY^NW,41,43,126
GCY^N[,42,42,124
GCY^Nc,34,19,112
GCY^Ng,37,24,104
GCY^Nk,38,32,106
GCY^No,32,20,113
GCY^Ns,33,34,109
GCY^Nw,35,31,110
GCY^N{,36,46,105
GCY^Rs,42,27,96
GCY^Rw,36,25,104
GCY^S{,67,55,103
GCY^U[,54,33,138
GCY^Us,39,43,143
GCY^Uw,48,43,134
GCY^U{,46,55,139
GCY^VS,51,30,114
GCY^VW,40,32,123
GCY^V[,46,43,119
GCY^Vg,35,26,104
GCY^Vo,33,29,103
GCY^Vs,36,39,101
GCY^Vw,32,38,106
GCY^V{,34,47,106
GCY^Z{,35,54,98
GCY^]{,51,72,132
GCY^^[,49,55,117
GCY^^k,33,50,104
GCY^^s,32,48,107
GCY^^w,36,49,102
GCY^^{,35,62,101
GCY^cw,70,40,100
GCY^eo,38,31,141
GCY^ew,58,38,129
GCY^e{,56,52,132
GCY^fW,36,21,108
GCY^f[,30,35,111
GCY^fc,38,21,106
GCY^fg,31,17,117
GCY^fk,31,34,111
GCY^fo,34,24,107
GCY^fs,34,37,105
GCY^fw,33,33,94
GCY^f{,32,43,95
GCY^nk,38,46,103
GCY^nw,36,46,88
GCY^n{,37,56,87
GCY^vg,31,34,95
GCY^vk,32,45,93
GCY^vs,35,48,104
GCY^vw,32,45,93
GCY^v{,33,53,94
GCY^~w,37,57,86
GCY^~{,38,65,87
GCZH{{,44,40,141
GCZH|w,32,29,134
GCZH}k,36,24,135
GCZH}{,37,35,136
GCZH~K,38,23,134
GCZH~W,41,15,139
GCZH~[,45,27,136
GCZH~g,30,13,107
GCZH~k,27,23,110
GCZH~o,27,10,113
GCZH~w,30,20,110
GCZH~{,33,31,106
GCZI{{,64,54,148
GCZI|[,50,12,133
GCZI|k,38,24,133
GCZI|{,38,33,137
GCZI}k,70,24,130
GCZI}{,73,36,131
GCZI~K,53,16,126
GCZI~[,60,22,126
GCZI~g,43,28,124
GCZI~k,42,38,128
GCZI~o,42,28,125
GCZI~w,42,39,127
GCZI~{,47,50,124
GCZJ_{,46,29,185
GCZJ`[,51,5,113
GCZJ`k,40,9,120
GCZJ`s,46,2,121
GCZJ`{,41,14,127
GCZJa[,65,18,112
GCZJak,51,7,111
GCZJas,47,1,121
GCZJaw,53,8,108
GCZJa{,52,10,120
GCZJbK,53,7,109
GCZJb[,61,4,117
GCZJbg,40,21,134
GCZJbk,43,12,127
GCZJbs,47,2,119
GCZJbw,46,13,123
GCZJb{,45,13,122
GCZJc[,58,40,162
GCZJck,41,16,138
GCZJcs,43,20,132
GCZJc{,44,33,133
GCZJdK,39,4,126
GCZJdS,45,6,118
GCZJd[,42,9,131
GCZJd_,42,0,78
GCZJdc,41,2,87
GCZJdg,38,1,91
GCZJdk,37,4,99
GCZJdo,39,0,91
GCZJds,37,5,98
GCZJdw,34,3,103
GCZJd{,33,11,106
GCZJeK,49,27,119
GCZJe[,57,34,119
GCZJeg,48,2,119
GCZJek,44,9,129
GCZJeo,39,7,123
GCZJes,37,16,129
GCZJew,47,12,123
GCZJe{,43,25,127
GCZJfG,46,5,118
GCZJfK,39,11,132
GCZJfO,46,0,123
GCZJfS,40,13,129
GCZJfW,54,4,124
GCZJf[,46,21,128
GCZJf_,33,4,93
GCZJfc,36,3,101
GCZJfg,34,5,101
GCZJfk,31,9,110
GCZJfo,34,3,103
GCZJfs,33,12,105
GCZJfw,35,9,106
GCZJf{,36,19,105
GCZJjk,45,22,128
GCZJjw,47,24,124
GCZJj{,45,22,125
GCZJlk,33,11,106
GCZJls,32,11,107
GCZJlw,30,10,110
GCZJl{,26,20,114
GCZJmk,43,20,132
GCZJms,37,31,127
GCZJmw,41,21,133
GCZJm{,40,37,131
GCZJnK,41,20,134
GCZJnS,43,25,127
GCZJnW,46,14,135
GCZJn[,44,33,131
GCZJnc,31,8,111
GCZJng,30,12,108
GCZJnk,30,18,112
GCZJno,28,6,116
GCZJns,29,19,112
GCZJnw,30,16,114
GCZJn{,31,30,109
GCZJq{,54,11,130
GCZJrk,42,12,126
GCZJrs,48,6,126
GCZJrw,42,11,127
GCZJr{,45,23,124
GCZJtk,32,12,106
GCZJtw,32,11,107
GCZJt{,29,19,112
GCZJuk,42,25,128
GCZJus,36,23,136
GCZJuw,43,25,127
GCZJu{,40,35,133
GCZJvK,42,23,130
GCZJvW,47,17,131
GCZJv[,47,29,132
GCZJvc,32,10,108
GCZJvg,32,8,110
GCZJvk,29,19,112
GCZJvo,31,11,108
GCZJvs,31,20,109
GCZJvw,31,19,110
GCZJv{,33,27,110
GCZJz{,51,33,120
GCZJ|{,29,32,109
GCZJ}{,43,48,130
GCZJ~[,48,43,130
GCZJ~k,28,30,112
GCZJ~s,29,29,112
GCZJ~w,34,29,107
GCZJ~{,34,40,106
GCZKzk,42,43,140
GCZKzs,41,44,140
GCZKz{,44,57,139
GCZK{{,108,75,111
GCZK|k,52,37,136
GCZK|w,42,46,137
GCZK|{,52,51,137
GCZK}k,78,46,142
GCZK}s,74,53,139
GCZK}w,68,55,143
GCZK}{,78,63,144
GCZK~K,50,38,137
GCZK~[,56,47,137
GCZK~c,44,46,135
GCZK~g,41,42,142
GCZK~k,45,58,137
GCZK~s,41,59,140
GCZK~w,44,56,140
GCZK~{,48,72,135
GCZLZk,40,18,137
GCZLZw,43,14,138
GCZLZ{,43,27,138
GCZL[{,58,29,138
GCZL\w,44,21,130
GCZL]k,47,13,135
GCZL]w,49,14,132
GCZL]{,50,21,137
GCZL^K,71,21,132
GCZL^[,72,30,138
GCZL^g,33,24,138
GCZL^k,35,34,139
GCZL^w,38,32,138
GCZL^{,43,43,135
GCZLas,36,6,127
GCZLaw,44,11,114
GCZLbS,46,5,118
GCZLbs,35,5,100
GCZLbw,37,7,96
GCZLc[,62,29,169
GCZLcs,56,16,123
GCZLcw,45,19,131
GCZLdS,51,2,116
GCZLdW,50,5,114
GCZLd[,44,7,131
GCZLdo,42,5,122
GCZLds,49,10,123
GCZLdw,37,13,132
GCZLeS,40,34,186
GCZLeW,55,13,127
GCZLe[,49,26,135
GCZLeo,40,4,125
GCZLes,40,15,127
GCZLew,45,10,127
GCZLe{,40,24,131
GCZLfO,43,8,118
GCZLfS,38,15,129
GCZLfW,48,12,122
GCZLf[,38,26,131
GCZLf_,38,0,92
GCZLfg,34,2,104
GCZLfo,36,3,101
GCZLfs,34,13,103
GCZLfw,34,13,103
GCZLf{,36,22,102
GCZLjw,35,12,103
GCZLj{,30,22,108
GCZLlk,45,23,127
GCZLlw,36,26,133
GCZLl{,38,36,134
GCZLmk,46,20,129
GCZLms,37,28,130
GCZLmw,42,20,133
GCZLm{,40,35,133
GCZLnS,35,28,132
GCZLnW,39,24,132
GCZLn[,38,36,134
GCZLnc,35,10,105
GCZLng,31,11,108
GCZLnk,33,22,105
GCZLno,29,9,112
GCZLns,31,20,109
GCZLnw,31,20,109
GCZLn{,33,31,106
GCZLrs,34,11,105
GCZLrw,35,11,104
GCZLtw,35,27,133
GCZLu[,49,40,136
GCZLus,37,25,133
GCZLuw,42,23,130
GCZLu{,35,35,138
GCZLvW,42,23,130
GCZLv[,40,35,133
GCZLvg,29,10,111
GCZLvs,32,22,106
GCZLvw,31,21,108
GCZLv{,33,30,107
GCZL|{,38,46,137
GCZL}{,37,46,138
GCZL~[,39,46,136
GCZL~k,26,31,113
GCZL~s,26,29,115
GCZL~w,30,31,109
GCZL~{,30,40,110
GCZMX{,53,37,135
GCZMY{,81,42,143
GCZMZk,57,47,121
GCZMZw,57,41,127
GCZMZ{,60,54,126
GCZM[{,87,43,136
GCZM\[,77,40,149
GCZM\k,51,39,135
GCZM\{,52,51,137
GCZM][,136,53,84
GCZM]k,83,39,144
GCZM]w,76,48,142
GCZM]{,87,55,143
GCZM^K,89,44,133
GCZM^[,92,54,139
GCZM^k,59,57,124
GCZM^w,58,56,126
GCZM^{,64,70,121
GCZMjw,41,24,130
GCZMj{,42,35,131
GCZMlw,37,21,137
GCZMl{,41,33,134
GCZMmk,81,14,129
GCZMmw,75,23,126
GCZMm{,77,33,130
GCZMnS,51,16,128
GCZMnW,53,11,131
GCZMn[,57,22,129
GCZMnc,47,17,131
GCZMng,42,21,132
GCZMnk,46,32,130
GCZMno,42,24,129
GCZMns,45,36,127
GCZMnw,42,36,130
GCZMn{,48,49,124
GCZMq{,67,34,123
GCZMrw,38,26,131
GCZMr{,38,40,130
GCZMt{,32,38,138
GCZMuk,74,25,125
GCZMus,79,54,133
GCZMuw,70,35,119
GCZMu{,73,39,128
GCZMvK,46,21,128
GCZMvW,50,16,129
GCZMv[,49,31,128
GCZMvc,39,25,131
GCZMvg,36,26,133
GCZMvk,39,41,128
GCZMvs,38,36,134
GCZMvw,38,38,132
GCZMv{,41,53,127
GCZM}{,78,46,132
GCZM~[,59,33,129
GCZM~k,43,49,129
GCZM~s,41,48,132
GCZM~w,46,49,126
GCZM~{,47,61,126
GCZNJw,45,20,130
GCZNJ{,43,34,131
GCZNLk,39,21,135
GCZNLw,34,25,136
GCZNL{,34,37,137
GCZNMk,53,10,132
GCZNMw,50,11,134
GCZNM{,55,22,131
GCZNNK,76,20,128
GCZNNW,78,22,124
GCZNN[,76,25,139
GCZNNg,37,28,130
GCZNNk,40,32,136
GCZNNo,39,25,131
GCZNNs,38,38,132
GCZNNw,39,37,132
GCZNN{,43,50,128
GCZN^[,80,41,135
GCZN^w,46,46,129
GCZN^{,48,59,127
GCZN`w,35,4,101
GCZNbw,33,7,110
GCZNb{,29,19,112
GCZNdw,29,8,113
GCZNd{,28,20,112
GCZNeW,54,32,124
GCZNe[,56,44,125
GCZNew,45,23,127
GCZNe{,43,36,129
GCZNfG,38,17,127
GCZNfK,37,23,135
GCZNfO,39,17,126
GCZNfS,39,21,135
GCZNfW,45,25,125
GCZNf[,40,36,132
GCZNfc,35,10,105
GCZNfg,29,8,113
GCZNfk,30,19,111
GCZNfo,31,11,108
GCZNfs,31,20,109
GCZNfw,31,18,111
GCZNf{,31,28,111
GCZNn[,42,48,131
GCZNnk,31,27,112
GCZNnw,29,29,112
GCZNn{,30,39,111
GCZNv[,43,47,131
GCZNvg,26,17,117
GCZNvk,27,28,115
GCZNvs,31,27,112
GCZNvw,29,29,112
GCZNv{,30,37,113
GCZN~w,34,41,105
GCZN~{,35,49,106
GCZTa[,49,6,114
GCZTbK,46,0,123
GCZTb[,42,6,92
GCZTck,74,15,106
GCZTcw,60,19,116
GCZTc{,70,23,117
GCZTdW,41,7,121
GCZTdg,63,3,103
GCZTdw,44,12,126
GCZTeK,56,2,111
GCZTeW,50,2,117
GCZTe[,44,15,123
GCZTeg,64,0,105
GCZTek,67,1,114
GCZTeo,43,6,120
GCZTew,56,2,124
GCZTe{,51,22,122
GCZTfK,44,3,121
GCZTfO,41,3,86
GCZTfW,39,4,97
GCZTf[,37,11,102
GCZTf_,44,19,132
GCZTfg,51,6,125
GCZTfk,54,8,118
GCZTfo,39,6,95
GCZTfw,39,9,102
GCZTf{,42,19,99
GCZTlw,50,24,121
GCZTmw,51,18,126
GCZTm{,54,33,121
GCZTnW,36,13,101
GCZTn[,35,19,106
GCZTng,52,4,124
GCZTnk,55,16,105
GCZTno,35,10,105
GCZTnw,36,20,104
GCZTn{,42,29,99
GCZTrW,42,4,94
GCZTts,51,13,131
GCZTtw,41,26,128
GCZTt{,47,33,128
GCZTuW,41,11,130
GCZTus,41,20,134
GCZTuw,45,22,128
GCZTu{,41,33,134
GCZTvW,34,9,107
GCZTv[,31,18,111
GCZTvc,33,2,115
GCZTvg,33,7,110
GCZTvk,31,18,111
GCZTvo,32,6,112
GCZTvs,34,17,109
GCZTvw,33,18,109
GCZTv{,34,28,108
GCZT|{,47,46,128
GCZT}{,46,47,128
GCZT~k,33,30,107
GCZT~o,29,18,113
GCZT~s,30,29,111
GCZT~w,32,31,107
GCZT~{,33,39,108
GCZUlk,68,10,117
GCZUlw,51,22,122
GCZUl{,54,34,120
GCZUmk,90,9,109
GCZUmw,84,8,132
GCZUm{,85,28,127
GCZUnW,49,20,126
GCZUn[,49,32,127
GCZUng,61,7,127
GCZUnk,65,23,120
GCZUno,50,23,122
GCZUnw,54,34,120
GCZUn{,59,47,115
GCZUtW,38,14,130
GCZUtw,42,21,132
GCZUt{,43,35,130
GCZUuW,70,22,116
GCZUug,83,6,119
GCZUuo,71,53,136
GCZUus,82,20,122
GCZUuw,82,23,119
GCZUu{,78,28,134
GCZUvG,42,9,131
GCZUvW,39,23,133
GCZUv[,39,36,133
GCZUvg,47,19,129
GCZUvk,45,35,128
GCZUvo,39,29,127
GCZUvs,43,35,130
GCZUvw,43,36,129
GCZUv{,46,52,123
GCZU}{,80,47,129
GCZU~o,45,36,127
GCZU~s,45,49,127
GCZU~w,50,51,120
GCZU~{,52,63,119
GCZVBW,40,7,122
GCZVBs,33,4,103
GCZVBw,33,0,107
GCZVDW,32,9,128
GCZVDg,53,6,136
GCZVDw,35,1,104
GCZVEK,60,2,107
GCZVES,47,4,118
GCZVEW,47,1,121
GCZVEc,52,5,112
GCZVEg,54,6,135
GCZVEk,55,3,124
GCZVEo,40,1,128
GCZVEs,35,12,135
GCZVEw,47,2,133
GCZVFC,52,2,115
GCZVFK,49,7,126
GCZVFO,41,8,120
GCZVFS,43,9,116
GCZVFW,36,16,130
GCZVF[,36,20,124
GCZVF_,43,32,185
GCZVFc,41,11,130
GCZVFg,51,24,135
GCZVFk,41,17,137
GCZVFo,34,6,100
GCZVFs,30,9,111
GCZVFw,33,7,110
GCZVF{,32,17,111
GCZVPw,36,3,101
GCZVRs,36,11,103
GCZVRw,32,8,110
GCZVR{,33,19,108
GCZVSw,48,27,135
GCZVTs,35,8,107
GCZVTw,35,11,104
GCZVT{,32,20,108
GCZVUW,52,7,123
GCZVUs,39,24,132
GCZVUw,44,25,126
GCZVU{,42,35,131
GCZVVG,39,18,125
GCZVVS,54,11,115
GCZVVW,40,18,122
GCZVV[,43,30,119
GCZVVc,33,6,111
GCZVVg,34,10,106
GCZVVk,31,20,109
GCZVVo,32,10,108
GCZVVs,33,19,108
GCZVVw,33,19,108
GCZVV{,34,29,107
GCZVZ{,31,29,110
GCZV\{,29,29,112
GCZV]{,44,48,129
GCZV^[,44,41,119
GCZV^k,32,30,108
GCZV^o,28,17,115
GCZV^s,29,28,113
GCZV^w,32,31,107
GCZV^{,33,39,108
GCZVdw,30,2,118
GCZVd{,31,13,116
GCZVeW,47,11,124
GCZVeg,59,5,118
GCZVeo,37,17,128
GCZVes,40,17,138
GCZVew,50,13,132
GCZVe{,48,27,133
GCZVfG,40,15,127
GCZVfO,34,5,101
GCZVfW,31,6,113
GCZVf[,28,15,117
GCZVf_,41,29,140
GCZVfc,43,16,136
GCZVfg,46,20,129
GCZVfk,44,18,130
GCZVfo,33,10,107
GCZVfs,33,11,116
GCZVfw,31,13,116
GCZVf{,32,23,115
GCZVm{,52,46,123
GCZVnk,51,27,109
GCZVno,32,17,111
GCZVns,29,28,113
GCZVnw,36,28,106
GCZVn{,37,40,103
GCZVvo,30,17,113
GCZVvs,33,25,112
GCZVvw,30,29,111
GCZVv{,31,39,110
GCZV~w,35,43,102
GCZV~{,36,51,103
GCZ\r[,36,25,99
GCZ\s{,64,49,127
GCZ\u[,39,35,134
GCZ\uk,47,36,125
GCZ\uw,47,35,126
GCZ\u{,42,49,130
GCZ\vK,27,17,116
GCZ\v[,28,31,111
GCZ\vg,28,18,114
GCZ\vk,29,30,111
GCZ\vo,28,17,115
GCZ\vw,29,31,110
GCZ\v{,30,40,110
GCZ\~k,26,39,115
GCZ\~w,26,40,114
GCZ\~{,27,49,114
GCZ]r[,43,42,123
GCZ]s{,93,66,126
GCZ]t[,35,41,132
GCZ]tk,44,41,123
GCZ]tw,37,39,132
GCZ]t{,38,52,131
GCZ]u[,76,38,126
GCZ]uk,82,27,131
GCZ]uw,85,37,118
GCZ]u{,81,43,132
GCZ]vK,37,43,128
GCZ]v[,37,53,131
GCZ]vg,38,41,129
GCZ]vk,41,56,124
GCZ]vw,42,53,126
GCZ]v{,43,69,122
GCZ]|{,41,59,134
GCZ]}{,79,61,132
GCZ]~k,48,61,125
GCZ]~w,48,64,122
GCZ]~{,50,74,123
GCZ^b[,35,22,103
GCZ^c{,58,55,127
GCZ^d[,26,19,115
GCZ^dk,32,17,111
GCZ^dw,24,14,122
GCZ^d{,25,26,119
GCZ^e[,42,34,132
GCZ^ek,50,28,130
GCZ^ew,46,32,130
GCZ^e{,46,47,128
GCZ^fK,27,14,119
GCZ^f[,26,26,118
GCZ^fc,28,15,117
GCZ^fg,25,11,124
GCZ^fk,27,27,116
GCZ^fo,24,17,119
GCZ^fs,25,29,116
GCZ^fw,27,27,116
GCZ^f{,28,37,115
GCZ^nk,31,37,112
GCZ^nw,29,39,112
GCZ^n{,30,50,110
GCZ^vg,27,29,114
GCZ^vk,28,41,111
GCZ^vs,29,40,111
GCZ^vw,29,43,108
GCZ^v{,30,51,109
GCZ^~{,32,61,107
GCZba[,54,7,108
GCZbaw,34,8,127
GCZbbK,58,2,109
GCZbb[,56,5,107
GCZbbw,34,17,131
GCZbc[,36,24,161
GCZbck,37,8,137
GCZbc{,34,17,103
GCZbeK,47,7,115
GCZbe[,39,14,129
GCZbeg,36,20,139
GCZbek,36,15,131
GCZbeo,33,0,97
GCZbew,31,3,106
GCZbe{,29,8,113
GCZbfG,51,16,128
GCZbfK,45,10,127
GCZbfO,42,2,125
GCZbfW,46,1,121
GCZbf[,38,16,126
GCZbf_,37,38,185
GCZbfg,37,35,138
GCZbfk,31,28,136
GCZbfo,30,4,106
GCZbfw,27,10,113
GCZbf{,26,18,116
GCZbjw,43,27,125
GCZbmk,39,12,129
GCZbmw,29,7,114
GCZbm{,28,17,115
GCZbnW,39,7,119
GCZbn[,41,21,114
GCZbng,35,26,134
GCZbnk,36,26,114
GCZbno,29,5,101
GCZbnw,25,14,105
GCZbn{,27,26,100
GCZbrg,41,11,130
GCZbrs,54,0,111
GCZbrw,41,11,113
GCZbr{,46,15,115
GCZbsw,36,16,102
GCZbuw,34,5,111
GCZbu{,33,12,115
GCZbvG,41,9,132
GCZbvK,42,18,135
GCZbvS,49,17,129
GCZbvW,45,7,113
GCZbv[,44,17,115
GCZbvc,32,4,114
GCZbvg,31,4,100
GCZbvk,26,10,108
GCZbvo,32,4,99
GCZbvs,34,9,101
GCZbvw,30,10,104
GCZbv{,32,17,104
GCZbz{,44,31,112
GCZb~[,45,27,115
GCZb~k,26,22,105
GCZb~o,26,9,109
GCZb~s,27,17,109
GCZb~w,27,24,102
GCZb~{,28,31,103
GCZejs,33,6,111
GCZejw,31,10,109
GCZej{,31,18,111
GCZelk,45,5,130
GCZels,34,6,110
GCZelw,31,7,112
GCZel{,32,14,114
GCZemk,58,8,129
GCZems,43,13,139
GCZemw,38,22,135
GCZem{,45,29,134
GCZenS,43,26,126
GCZenW,39,13,128
GCZen[,43,23,126
GCZenc,45,16,134
GCZeng,38,13,129
GCZenk,44,20,128
GCZeno,32,6,112
GCZens,33,13,114
GCZenw,28,18,114
GCZen{,35,26,109
GCZepw,34,3,103
GCZer[,46,13,121
GCZers,35,2,113
GCZerw,31,7,112
GCZer{,30,14,116
GCZets,29,2,119
GCZetw,31,5,114
GCZet{,28,12,120
GCZeuW,45,7,130
GCZeus,45,14,136
GCZeuw,36,24,135
GCZeu{,42,30,136
GCZevG,38,13,131
GCZevK,39,21,135
GCZevS,43,20,132
GCZevW,40,13,127
GCZev[,38,23,131
GCZevc,34,5,111
GCZevg,31,5,114
GCZevk,29,12,119
GCZevo,28,7,115
GCZevs,31,12,117
GCZevw,28,15,117
GCZev{,31,23,116
GCZez{,28,28,114
GCZe|{,24,24,122
GCZe}{,42,46,133
GCZe~[,42,35,127
GCZe~k,30,23,117
GCZe~o,27,12,121
GCZe~s,29,21,120
GCZe~w,27,29,114
GCZe~{,29,37,114
GCZfJk,51,14,130
GCZfJ{,45,30,133
GCZfMk,53,11,131
GCZfM{,44,31,133
GCZfNK,92,39,135
GCZfNW,70,26,128
GCZfN[,80,22,138
GCZfNg,49,15,131
GCZfNk,53,19,136
GCZfNo,37,23,135
GCZfNw,39,31,138
GCZfN{,46,43,132
GCZfRw,43,19,133
GCZfR{,48,33,127
GCZfSw,37,31,128
GCZfUW,66,25,117
GCZfUw,41,25,129
GCZfU{,44,36,128
GCZfVG,79,21,108
GCZfVS,95,48,123
GCZfVW,72,29,123
GCZfV[,80,25,135
GCZfV_,38,22,122
GCZfVg,39,27,129
GCZfVk,41,35,132
GCZfVo,41,28,126
GCZfVs,46,30,132
GCZfVw,44,35,129
GCZfV{,49,48,124
GCZf^[,79,19,110
GCZf^o,43,20,113
GCZf^s,40,30,117
GCZf^w,45,29,113
GCZf^{,46,40,112
GCZfbg,30,26,126
GCZfbo,31,5,104
GCZfbw,29,7,114
GCZfb{,26,15,119
GCZfew,28,3,119
GCZfe{,30,13,117
GCZffG,54,11,117
GCZffS,35,24,136
GCZffW,40,17,123
GCZff[,37,28,127
GCZff_,44,57,179
GCZffc,53,38,134
GCZffg,35,31,129
GCZffk,39,31,138
GCZffo,28,13,109
GCZffs,32,11,117
GCZffw,26,14,120
GCZff{,27,23,120
GCZfn[,41,29,117
GCZfnk,39,30,118
GCZfno,28,11,105
GCZfns,24,17,112
GCZfnw,26,22,105
GCZfn{,28,29,105
GCZfvo,26,15,103
GCZfvs,30,15,108
GCZfvw,25,19,109
GCZfv{,26,26,110
GCZf~w,26,34,102
GCZf~{,27,41,103
GCZjr[,61,6,109
GCZjs{,38,36,102
GCZju[,47,26,135
GCZjuk,30,20,110
GCZju{,30,26,114
GCZjvK,44,15,117
GCZjvW,46,11,119
GCZjv[,47,25,115
GCZjvg,28,11,105
GCZjvk,25,20,108
GCZjvw,28,20,105
GCZjv{,30,27,105
GCZj}{,31,41,108
GCZj~k,26,30,106
GCZj~w,30,31,101
GCZj~{,31,41,99
GCZmp{,34,21,105
GCZmq{,44,35,129
GCZmr[,50,28,114
GCZmrk,30,21,109
GCZmrs,31,18,111
GCZmrw,34,19,107
GCZmr{,33,30,107
GCZms{,52,57,131
GCZmt[,40,33,135
GCZmtk,32,22,106
GCZmtw,31,20,109
GCZmt{,28,29,113
GCZmu[,56,21,131
GCZmuk,44,37,127
GCZmuw,37,39,132
GCZmu{,44,48,129
GCZmvK,42,24,126
GCZmvW,44,26,122
GCZmv[,44,40,120
GCZmvc,33,18,109
GCZmvg,27,18,115
GCZmvk,30,30,110
GCZmvo,28,19,113
GCZmvs,31,31,108
GCZmvw,30,30,110
GCZmv{,33,39,108
GCZm|{,25,40,115
GCZm}{,44,60,130
GCZm~k,28,39,113
GCZm~s,30,39,111
GCZm~w,29,41,110
GCZm~{,31,50,109
GCZnQ{,48,23,121
GCZnR[,81,8,106
GCZnRk,43,26,107
GCZnRw,43,15,118
GCZnR{,48,27,112
GCZnS{,44,46,118
GCZnU[,76,25,139
GCZnUk,43,29,120
GCZnU{,44,36,124
GCZnVK,77,16,102
GCZnV[,80,20,108
GCZnVg,42,24,110
GCZnVk,44,32,111
GCZnVw,45,31,111
GCZnV{,48,41,109
GCZnZ{,49,40,109
GCZn]{,45,52,119
GCZn^[,86,27,108
GCZn^k,45,43,110
GCZn^w,46,44,108
GCZn^{,49,54,106
GCZna{,32,18,110
GCZnb[,54,19,103
GCZnbk,28,14,102
GCZnbw,30,11,103
GCZnb{,29,20,104
GCZnc{,38,36,102
GCZne[,42,34,132
GCZnek,35,17,108
GCZnew,28,14,118
GCZne{,31,26,113
GCZnfK,41,19,116
GCZnfO,51,19,95
GCZnfW,49,21,106
GCZnf[,45,31,111
GCZnfc,32,12,100
GCZnfg,26,13,105
GCZnfk,28,21,104
GCZnfo,28,13,103
GCZnfs,29,22,102
GCZnfw,28,20,105
GCZnf{,30,29,103
GCZnnk,27,28,107
GCZnnw,26,29,107
GCZnn{,27,39,105
GCZnvg,25,20,108
GCZnvk,26,31,105
GCZnvs,30,30,102
GCZnvw,29,32,101
GCZnv{,30,39,102
GCZn~{,31,50,99
GCZvb[,34,16,94
GCZvc{,34,34,108
GCZve[,27,19,114
GCZvek,46,18,128
GCZve{,27,21,122
GCZvfK,36,27,113
GCZvfO,27,10,98
GCZvf[,23,19,111
GCZvf_,40,45,125
GCZvfg,39,37,132
GCZvfk,38,30,119
GCZvfo,26,17,101
GCZvfw,27,18,108
GCZvf{,26,26,110
GCZvnk,43,27,92
GCZvnw,27,29,88
GCZvn{,30,34,88
GCZvvg,31,20,85
GCZvvo,24,24,71
GCZvvs,27,27,72
GCZvvw,25,30,71
GCZvv{,26,35,72
GCZv~{,27,43,70
GCZ~u{,31,53,106
GCZ~v[,30,43,98
GCZ~vk,26,38,69
GCZ~vw,29,36,68
GCZ~v{,29,41,70
GCZ~~{,30,48,69
GCdbEG,52,0,83
GCdbE_,48,10,140
GCdbEg,55,4,106
GCdbEo,54,5,101
GCdbEw,57,8,115
GCdbF?,49,30,146
GCdbFG,59,3,88
GCdbFK,62,4,77
GCdbF_,51,21,170
GCdbFg,48,6,126
GCdbFk,47,13,109
GCdbFo,57,12,111
GCdbFw,47,17,131
GCdbF{,42,24,88
GCdbKk,55,32,177
GCdbKw,52,9,104
GCdbK{,62,26,107
GCdbMK,65,7,93
GCdbM_,52,0,98
GCdbMg,53,4,123
GCdbMk,52,10,133
GCdbMo,53,1,111
GCdbMw,55,17,123
GCdbM{,52,32,126
GCdbNG,62,3,78
GCdbNK,68,4,84
GCdbN_,49,3,116
GCdbNg,47,6,116
GCdbNk,53,17,112
GCdbNo,47,9,87
GCdbNw,43,21,90
GCdbN{,47,30,88
GCdcs{,166,8,36
GCdcuo,93,27,69
GCdcus,112,32,66
GCdcuw,106,38,108
GCdcu{,119,53,101
GCdcvg,55,33,107
GCdcvo,66,25,117
GCdcvs,78,44,102
GCdcvw,60,46,104
GCdcv{,71,62,92
GCdc{{,168,43,41
GCdc}w,109,65,99
GCdc}{,124,64,106
GCdc~g,60,45,105
GCdc~k,66,54,105
GCdc~o,68,39,103
GCdc~s,73,56,96
GCdc~w,71,54,100
GCdc~{,76,69,95
GCdebW,46,1,133
GCdeb[,47,19,129
GCdec{,106,42,104
GCded[,47,20,128
GCdedc,65,10,105
GCdedg,49,9,122
GCdedk,56,14,125
GCdedo,66,5,109
GCdeds,64,14,117
GCdedw,55,11,129
GCded{,57,24,129
GCdee[,71,25,132
GCdeec,84,13,93
GCdeek,80,24,124
GCdees,80,19,110
GCdeew,78,20,130
GCdee{,76,36,135
GCdefG,47,10,123
GCdefK,49,15,131
GCdefS,50,13,132
GCdefW,41,14,140
GCdef[,43,31,136
GCdef_,52,10,178
GCdefc,58,13,124
GCdefg,53,20,122
GCdefk,54,23,133
GCdefo,52,11,132
GCdefs,56,25,129
GCdefw,43,27,140
GCdef{,53,43,129
GCdek{,105,55,113
GCdel[,39,30,141
GCdelk,52,21,137
GCdels,56,26,128
GCdelw,48,26,136
GCdel{,47,39,139
GCdem[,66,38,143
GCdemk,83,29,135
GCdems,81,30,136
GCdemw,75,38,134
GCdem{,76,49,141
GCdenW,37,30,143
GCden[,37,43,145
GCdeng,46,24,140
GCdenk,52,32,141
GCdeno,44,27,139
GCdens,44,42,139
GCdenw,42,43,140
GCden{,46,58,136
GCdes{,130,44,99
GCdets,75,20,115
GCdetw,62,24,124
GCdet{,67,36,122
GCdeus,94,27,107
GCdeuw,90,33,124
GCdeu{,89,49,128
GCdevg,50,26,134
GCdevk,51,41,133
GCdevo,62,19,129
GCdevs,66,33,126
GCdevw,58,43,124
GCdev{,65,56,119
GCde|w,59,35,131
GCde|{,58,49,133
GCde}w,89,53,124
GCde}{,83,68,134
GCde~w,56,57,127
GCde~{,57,70,128
GCdfI{,42,32,136
GCdfJk,56,17,109
GCdfJo,40,7,96
GCdfJs,38,17,99
GCdfJw,38,17,99
GCdfJ{,39,30,96
GCdfKw,55,33,107
GCdfK{,62,43,105
GCdfMk,50,21,139
GCdfMs,50,29,131
GCdfMw,46,31,133
GCdfM{,45,44,136
GCdfNK,68,20,94
GCdfNc,40,16,126
GCdfNg,43,21,118
GCdfNk,49,28,118
GCdfNo,38,17,99
GCdfNs,37,29,99
GCdfNw,37,29,99
GCdfN{,40,39,97
GCdfc{,67,37,106
GCdfe[,39,27,144
GCdfek,47,21,142
GCdfes,56,16,138
GCdfew,46,20,144
GCdfe{,45,35,145
GCdffS,40,11,131
GCdffW,35,12,107
GCdff[,30,25,110
GCdffc,44,18,134
GCdffg,36,28,132
GCdffk,37,26,132
GCdffo,41,14,141
GCdffs,40,21,134
GCdffw,33,20,112
GCdff{,34,32,110
GCdfmw,47,42,136
GCdfm{,45,55,140
GCdfnW,33,24,108
GCdfn[,30,38,108
GCdfng,38,33,124
GCdfnk,43,40,125
GCdfno,35,24,106
GCdfns,30,38,108
GCdfnw,33,37,106
GCdfn{,32,48,107
GCdfuw,55,37,133
GCdfu{,56,54,130
GCdfvo,40,24,131
GCdfvs,45,33,114
GCdfvw,34,36,106
GCdfv{,35,47,105
GCdf~w,32,48,90
GCdf~{,33,56,91
GCe[~w,182,78,34
GCe[~{,195,90,30
GCe]|{,145,82,88
GCe]~w,146,94,96
GCe]~{,151,112,94
GCe^u{,140,95,101
GCe^vk,81,76,98
GCe^vs,81,75,99
GCe^vw,85,79,91
GCe^v{,86,92,92
GCe^~w,90,96,84
GCe^~{,91,109,85
GCf\s{,136,64,94
GCf\tw,98,49,138
GCf\uk,82,53,150
GCf\u{,100,59,145
GCf\vg,66,46,128
GCf\vk,69,58,128
GCf\vw,70,58,127
GCf\v{,76,70,124
GCf\~{,81,86,118
GCf]t{,101,64,139
GCf]vk,96,80,128
GCf]vw,101,82,121
GCf]v{,101,98,124
GCf]|{,107,75,141
GCf]~w,101,94,128
GCf]~{,107,109,126
GCf^b[,59,56,125
GCf^c{,139,76,100
GCf^dk,56,48,136
GCf^dw,72,43,125
GCf^d{,73,59,123
GCf^es,95,65,125
GCf^ew,98,56,131
GCf^e{,96,76,132
GCf^fW,59,54,127
GCf^f[,60,70,125
GCf^fc,58,54,128
GCf^fg,57,55,128
GCf^fk,58,71,126
GCf^fs,58,73,124
GCf^fw,64,71,120
GCf^f{,65,86,119
GCf^t{,78,71,121
GCf^vs,64,85,121
GCf^vw,68,87,115
GCf^v{,69,100,116
GCf^~{,73,115,112
GCfu|{,72,74,124
GCfu}{,98,93,132
GCfu~s,64,86,120
GCfu~w,62,86,122
GCfu~{,65,100,120
GCfvQ{,45,62,133
GCfvRk,33,34,109
GCfvRw,30,30,100
GCfvR{,29,40,101
GCfvS{,80,62,98
GCfvU{,58,68,129
GCfvVg,41,32,103
GCfvVk,34,48,105
GCfvVw,35,43,92
GCfvV{,34,51,95
GCfvZ{,30,51,99
GCfv]{,59,84,127
GCfv^w,34,53,93
GCfv^{,35,62,93
GCfvb[,35,39,102
GCfvc{,77,68,95
GCfvek,55,52,133
GCfve{,58,71,126
GCfvfW,34,35,107
GCfvf[,35,48,104
GCfvfg,45,59,120
GCfvfk,46,59,116
GCfvfw,38,48,101
GCfvf{,37,63,98
GCfvm{,60,83,127
GCfvn[,35,59,104
GCfvnk,51,66,117
GCfvn{,37,74,98
GCfvvk,36,65,97
GCfvvs,41,54,85
GCfvvw,37,56,87
GCfvv{,38,64,88
GCfv~{,39,74,87
GCf~u{,72,102,111
GCf~vk,38,66,86
GCf~vw,41,69,80
GCf~v{,41,77,82
GCf~~{,42,87,81
GCpUvG,65,31,132
GCpUvW,63,42,142
GCpUv[,64,58,144
GCpUvg,63,41,143
GCpUvk,62,57,147
GCpUvo,64,41,142
GCpUvs,71,49,146
GCpUvw,66,57,143
GCpUv{,71,73,141
GCpU~w,70,40,130
GCpU~{,76,53,127
GCpVP{,31,17,134
GCpVS{,63,43,141
GCpVTk,33,15,134
GCpVTs,48,4,130
GCpVTw,36,15,131
GCpVT{,34,26,135
GCpVUg,64,27,137
GCpVUk,60,43,144
GCpVUs,68,34,145
GCpVUw,68,18,122
GCpVU{,67,30,127
GCpVVS,60,4,118
GCpVV_,40,9,120
GCpVVg,31,16,135
GCpVVk,28,25,142
GCpVVo,46,9,127
GCpVVs,49,17,129
GCpVVw,37,28,130
GCpVV{,39,40,129
GCpVbo,27,16,126
GCpVbs,32,20,130
GCpVc{,63,51,133
GCpVd[,31,22,129
GCpVds,46,10,126
GCpVdw,32,13,137
GCpVd{,34,30,131
GCpVe[,63,48,136
GCpVes,67,39,141
GCpVew,68,20,120
GCpVe{,66,37,121
GCpVfS,41,8,133
GCpVfW,28,16,138
GCpVf[,26,29,140
GCpVfc,56,22,132
GCpVfo,41,19,122
GCpVfs,42,21,132
GCpVfw,32,28,135
GCpVf{,34,44,130
GCpVuw,66,28,130
GCpVu{,68,41,131
GCpVvW,32,24,139
GCpVv[,33,36,139
GCpVvg,31,26,138
GCpVvk,28,36,144
GCpVvo,49,21,125
GCpVvs,50,28,130
GCpVvw,37,39,132
GCpVv{,38,50,133
GCpV~w,47,54,120
GCpV~{,48,65,121
GCp`dO,54,0,96
GCp`eO,61,1,88
GCp`e_,53,3,144
GCp`eg,56,0,87
GCp`eo,58,0,107
GCp`f?,45,10,165
GCp`fO,49,5,111
GCp`fW,52,1,103
GCp`f_,37,8,175
GCp`fg,44,0,112
GCp`fo,42,10,128
GCp`fw,41,4,124
GCp`f{,42,14,84
GCpbPw,41,7,108
GCpbQs,66,4,86
GCpbQw,52,2,102
GCpbRK,70,14,106
GCpbR[,76,4,96
GCpbRc,54,1,101
GCpbRk,51,0,118
GCpbRs,61,4,104
GCpbRw,51,8,110
GCpbR{,57,11,114
GCpbTW,71,6,99
GCpbTg,44,2,110
GCpbTw,39,7,123
GCpbUW,68,19,122
GCpbUo,54,6,120
GCpbUs,61,2,106
GCpbUw,49,3,117
GCpbVK,68,31,129
GCpbVS,75,27,126
GCpbVW,72,9,111
GCpbV[,74,16,118
GCpbVc,46,7,116
GCpbVg,42,7,120
GCpbVk,39,18,125
GCpbVo,52,18,125
GCpbVs,53,12,117
GCpbVw,42,16,124
GCpbV{,50,29,116
GCpb`o,34,6,180
GCpb`w,35,0,121
GCpbaw,41,1,114
GCpbbK,58,12,110
GCpbbg,47,3,106
GCpbbk,51,2,116
GCpbbo,36,12,192
GCpbbs,44,2,123
GCpbbw,37,3,129
GCpbb{,39,6,123
GCpbdO,37,3,125
GCpbd_,43,5,172
GCpbdg,42,1,113
GCpbdo,38,6,136
GCpbdw,36,1,93
GCpbeg,47,0,109
GCpbeo,45,3,132
GCpbes,47,5,117
GCpbew,39,1,129
GCpbfG,46,9,125
GCpbfK,41,21,133
GCpbfO,42,8,130
GCpbfS,42,3,124
GCpbfW,42,0,127
GCpbf_,38,21,181
GCpbfc,40,23,132
GCpbfg,36,5,128
GCpbfk,36,13,133
GCpbfo,39,17,139
GCpbfs,35,11,136
GCpbfw,32,8,100
GCpbf{,33,15,102
GCpbrs,51,7,124
GCpbu[,50,41,119
GCpbuk,38,14,130
GCpbus,55,7,120
GCpbvK,43,33,134
GCpbvS,51,8,123
GCpbvW,42,7,133
GCpbv[,41,25,129
GCpbvg,34,2,104
GCpbvk,29,14,107
GCpbvo,42,13,127
GCpbvs,41,14,125
GCpbvw,33,8,109
GCpbv{,34,23,103
GCpdPw,36,7,113
GCpdQ{,46,8,115
GCpdRW,71,13,125
GCpdR[,74,6,112
GCpdRg,43,1,112
GCpdRs,49,1,119
GCpdRw,40,7,122
GCpdR{,41,17,124
GCpdS{,59,13,123
GCpdTw,40,10,119
GCpdU[,69,27,132
GCpdUg,45,2,109
GCpdUs,60,1,108
GCpdUw,47,0,122
GCpdU{,49,11,122
GCpdVG,74,27,108
GCpdVS,70,26,132
GCpdVW,67,31,130
GCpdV[,72,23,113
GCpdVg,38,6,125
GCpdVo,47,3,119
GCpdVs,51,10,121
GCpdVw,36,17,129
GCpdV{,46,30,119
GCpd`o,46,0,97
GCpdag,47,0,96
GCpdao,50,6,87
GCpdbO,47,3,115
GCpdbW,48,3,105
GCpdbg,45,3,108
GCpdbo,39,2,115
GCpdbw,40,3,87
GCpdcw,47,9,124
GCpddS,62,0,94
GCpddW,49,2,105
GCpddg,50,2,104
GCpddo,52,1,103
GCpdds,58,1,110
GCpddw,40,2,127
GCpdeS,54,8,118
GCpdeW,50,6,124
GCpdeg,47,2,107
GCpdek,47,7,115
GCpdeo,58,2,96
GCpdes,60,0,109
GCpdew,45,2,122
GCpdfC,54,20,166
GCpdfG,47,12,121
GCpdfK,43,20,132
GCpdfO,48,3,105
GCpdfS,49,2,118
GCpdfW,43,8,118
GCpdf[,38,17,127
GCpdf_,43,15,182
GCpdfc,54,14,127
GCpdfg,41,7,121
GCpdfk,43,13,126
GCpdfo,41,6,122
GCpdfs,46,8,128
GCpdfw,37,9,94
GCpdf{,41,16,93
GCpdjo,40,0,90
GCpdjs,34,5,101
GCpdlk,62,2,118
GCpdls,47,3,132
GCpdmW,40,18,137
GCpdm[,39,32,139
GCpdmg,46,5,118
GCpdmk,48,6,128
GCpdms,45,14,123
GCpdnG,43,22,130
GCpdnK,52,24,134
GCpdnS,36,15,131
GCpdnW,40,13,129
GCpdn[,36,24,135
GCpdnc,42,9,131
GCpdng,41,11,130
GCpdnk,46,15,134
GCpdno,36,5,99
GCpdns,33,13,104
GCpdnw,34,12,104
GCpdn{,36,20,104
GCpdq{,38,15,129
GCpdr[,42,13,127
GCpdrg,42,0,88
GCpdrk,37,8,95
GCpdrs,41,1,126
GCpdrw,36,4,100
GCpdr{,31,14,105
GCpds{,56,23,131
GCpdt[,46,8,128
GCpdts,57,4,121
GCpdtw,39,15,128
GCpdt{,44,19,132
GCpdu[,46,32,132
GCpduk,42,15,125
GCpdus,59,4,119
GCpduw,43,10,129
GCpdu{,42,23,130
GCpdvK,42,29,139
GCpdvS,50,5,127
GCpdvW,39,15,128
GCpdv[,39,25,131
GCpdvg,37,4,99
GCpdvk,34,14,102
GCpdvo,42,5,121
GCpdvs,47,11,122
GCpdvw,34,12,104
GCpdv{,37,21,102
GCpe]W,117,64,149
GCpe][,129,46,77
GCpe^W,70,41,136
GCpe^[,80,49,137
GCpe^g,42,32,136
GCpe^k,44,45,136
GCpe^o,48,36,126
GCpe^s,50,49,126
GCpe^w,51,47,127
GCpe^{,56,63,121
GCpei{,69,22,117
GCpej[,50,11,121
GCpejw,36,16,130
GCpej{,37,26,132
GCpelW,41,14,114
GCpel[,38,20,124
GCpelw,34,15,133
GCpel{,35,27,133
GCpem[,72,37,138
GCpemk,79,33,135
GCpems,77,8,123
GCpemw,70,25,113
GCpem{,72,27,125
GCpenS,45,14,123
GCpenW,47,11,124
GCpen[,46,21,128
GCpeng,44,18,120
GCpenk,47,18,130
GCpeno,40,12,130
GCpens,39,25,131
GCpenw,37,29,129
GCpen{,41,42,125
GCper[,56,10,116
GCperw,47,11,124
GCper{,46,23,126
GCpetw,45,13,124
GCpet{,46,23,126
GCpeu[,79,34,134
GCpeug,74,8,110
GCpeus,82,6,104
GCpeuw,76,11,121
GCpeu{,78,20,126
GCpevG,46,16,133
GCpevW,54,8,120
GCpev[,55,17,123
GCpev_,51,5,113
GCpevg,43,13,126
GCpevk,42,23,130
GCpevo,58,7,117
GCpevs,61,16,118
GCpevw,49,25,121
GCpev{,53,35,120
GCpfI{,52,28,130
GCpfJ[,81,34,132
GCpfJw,44,27,139
GCpfJ{,47,44,134
GCpfKw,50,20,125
GCpfK{,49,34,127
GCpfL[,76,36,135
GCpfLw,39,29,142
GCpfL{,39,43,143
GCpfM[,80,37,130
GCpfMk,56,22,132
GCpfMs,52,27,131
GCpfMw,51,24,135
GCpfM{,52,36,137
GCpfNK,106,62,105
GCpfNS,65,42,140
GCpfNW,67,45,135
GCpfN[,77,50,139
GCpfNg,44,35,131
GCpfNk,54,36,135
GCpfNo,36,34,140
GCpfNs,41,45,139
GCpfNw,44,43,138
GCpfN{,48,58,134
GCpfQ{,52,15,115
GCpfR[,75,12,121
GCpfRw,43,13,126
GCpfR{,41,26,128
GCpfTw,38,16,128
GCpfT{,37,27,131
GCpfU[,74,38,135
GCpfUs,64,4,114
GCpfUw,50,6,126
GCpfU{,53,17,125
GCpfVG,78,29,121
GCpfVS,77,34,136
GCpfVW,68,25,115
GCpfV[,73,27,124
GCpfVg,36,14,132
GCpfVk,34,24,137
GCpfVo,49,11,122
GCpfVs,53,15,127
GCpfVw,42,27,126
GCpfV{,45,39,124
GCpf]w,53,13,129
GCpf]{,54,25,129
GCpf^W,75,28,121
GCpf^[,75,36,129
GCpf^w,45,37,126
GCpf^{,46,49,126
GCpf`w,34,2,94
GCpf`{,31,11,98
GCpfa{,37,17,128
GCpfb[,39,17,126
GCpfbk,37,11,134
GCpfbs,35,12,135
GCpfbw,31,5,104
GCpfb{,28,14,108
GCpfc{,43,29,138
GCpfd[,33,17,132
GCpfds,44,6,132
GCpfdw,31,2,107
GCpfd{,31,14,105
GCpfe[,41,35,134
GCpfek,44,11,127
GCpfes,55,7,120
GCpfew,38,11,133
GCpfe{,39,20,136
GCpffG,41,24,130
GCpffK,39,30,141
GCpffS,44,7,131
GCpffW,37,14,131
GCpff[,32,25,138
GCpffc,47,28,135
GCpffg,32,20,130
GCpffk,36,21,138
GCpffo,35,15,132
GCpffs,39,18,138
GCpffw,30,12,108
GCpff{,32,21,107
GCpfjw,31,9,110
GCpfj{,29,21,110
GCpflw,32,8,110
GCpfl{,29,21,110
GCpfmw,38,25,132
GCpfm{,36,37,135
GCpfnW,39,22,134
GCpfn[,36,34,138
GCpfng,36,29,130
GCpfnk,41,30,137
GCpfno,33,11,106
GCpfns,27,21,112
GCpfnw,31,20,109
GCpfn{,30,30,110
GCpfrw,33,8,109
GCpfr{,28,21,111
GCpfuw,44,19,132
GCpfu{,44,33,131
GCpfvW,41,25,129
GCpfv[,40,36,132
GCpfvo,42,17,121
GCpfvs,45,23,124
GCpfvw,33,19,108
GCpfv{,33,28,109
GCpf~w,33,32,105
GCpf~{,34,40,106
GCprjk,56,8,116
GCprmk,48,12,135
GCprmw,35,30,130
GCprm{,36,38,134
GCprnW,30,12,108
GCprn[,28,21,111
GCprng,39,12,129
GCprnk,44,21,127
GCprno,31,9,110
GCprnw,26,20,114
GCprn{,29,29,112
GCpui{,65,30,129
GCpujs,32,31,132
GCpujw,33,26,136
GCpuj{,35,38,135
GCpuls,40,27,128
GCpulw,35,25,135
GCpul{,38,36,134
GCpumk,81,42,143
GCpums,72,24,128
GCpumw,66,34,124
GCpum{,72,37,131
GCpunS,33,26,136
GCpunW,31,25,139
GCpun[,32,35,141
GCpunc,48,18,129
GCpunk,53,24,131
GCpuno,38,29,128
GCpuns,37,41,130
GCpunw,35,38,135
GCpun{,40,51,130
GCputW,37,13,132
GCpuuo,73,14,121
GCpuus,80,17,127
GCpuuw,74,25,125
GCpuu{,75,36,129
GCpuvG,35,18,129
GCpuvW,40,23,132
GCpuv[,44,35,129
GCpuvg,39,27,129
GCpuvk,40,38,130
GCpuvo,47,22,126
GCpuvs,50,35,123
GCpuvw,44,38,126
GCpuv{,50,51,120
GCpu}{,73,50,133
GCpu~o,44,36,128
GCpu~s,46,50,125
GCpu~w,45,51,125
GCpu~{,47,62,125
GCpvPw,35,5,100
GCpvRw,31,6,113
GCpvR{,29,18,113
GCpvSw,46,30,134
GCpvTW,37,15,130
GCpvTs,34,8,108
GCpvTw,32,9,109
GCpvT{,29,19,112
GCpvUg,35,16,131
GCpvUs,49,20,126
GCpvUw,44,22,129
GCpvU{,43,35,130
GCpvVG,35,17,130
GCpvVS,47,20,128
GCpvVW,40,26,129
GCpvV[,43,34,131
GCpvV_,30,4,106
GCpvVg,32,9,109
GCpvVk,27,18,115
GCpvVo,27,6,117
GCpvVs,30,18,112
GCpvVw,29,17,114
GCpvV{,31,27,112
GCpv\{,23,30,117
GCpv]{,39,47,135
GCpv^[,41,46,134
GCpv^o,25,16,119
GCpv^s,25,28,117
GCpv^w,25,29,116
GCpv^{,25,38,117
GCpvaw,36,21,125
GCpvbo,26,8,106
GCpvbs,27,10,113
GCpvbw,28,6,116
GCpvb{,23,20,117
GCpvc{,43,52,130
GCpvdW,29,0,111
GCpvds,32,6,112
GCpvdw,24,4,122
GCpvd{,24,20,116
GCpveW,37,34,139
GCpve[,41,50,134
GCpveg,46,16,120
GCpves,42,22,131
GCpvew,37,24,134
GCpve{,37,39,132
GCpvfS,28,6,116
GCpvfW,28,7,115
GCpvf[,24,17,119
GCpvfc,41,22,132
GCpvfg,38,29,128
GCpvfk,37,23,132
GCpvfo,28,10,112
GCpvfs,28,14,118
GCpvfw,24,13,123
GCpvf{,25,27,118
GCpvj{,24,30,116
GCpvl{,25,29,116
GCpvm{,39,50,132
GCpvn[,24,29,117
GCpvnk,41,36,127
GCpvno,28,15,117
GCpvns,24,27,119
GCpvnw,26,26,118
GCpvn{,26,37,117
GCpvvo,24,14,122
GCpvvs,28,24,118
GCpvvw,26,26,118
GCpvv{,27,36,117
GCpv~w,26,39,115
GCpv~{,27,47,116
GCqjbc,38,3,89
GCqjc[,74,41,145
GCqjdS,43,32,185
GCqjeS,47,19,129
GCqje[,54,30,126
GCqjec,41,6,122
GCqjeo,50,0,119
GCqjes,45,5,132
GCqjfC,34,8,127
GCqjfS,35,15,132
GCqjfW,44,11,127
GCqjf[,41,20,134
GCqjfc,35,5,100
GCqjfo,31,2,107
GCqjfs,31,12,107
GCqjfw,30,12,108
GCqjf{,34,20,106
GCqn]{,55,29,137
GCqn^[,74,44,138
GCqn^w,42,43,136
GCqn^{,44,54,136
GCqna{,33,28,134
GCqnb[,38,21,136
GCqnbs,29,8,113
GCqnbw,25,8,117
GCqnb{,23,18,119
GCqnew,39,19,137
GCqne{,36,31,141
GCqnfS,31,24,140
GCqnfW,40,21,134
GCqnf[,33,31,144
GCqnfc,33,13,104
GCqnfo,27,11,112
GCqnfs,26,21,113
GCqnfw,27,19,114
GCqnf{,25,29,116
GCqnu{,38,40,143
GCqnv[,36,43,142
GCqnvk,21,27,122
GCqnvs,27,30,113
GCqnvw,24,30,116
GCqnv{,25,38,117
GCqn~w,30,42,108
GCqn~{,31,50,109
GCrHx{,52,48,125
GCrHzs,38,44,143
GCrHzw,40,46,139
GCrHz{,41,58,141
GCrH{{,82,53,131
GCrH|w,50,43,132
GCrH|{,53,51,136
GCrH}s,65,62,139
GCrH}w,78,50,138
GCrH}{,78,69,138
GCrH~W,51,36,138
GCrH~[,53,51,136
GCrH~o,39,43,143
GCrH~s,40,60,140
GCrH~w,45,57,138
GCrH~{,46,75,134
GCrIx{,76,54,136
GCrIz{,78,69,138
GCrI|[,78,47,141
GCrI|{,73,70,142
GCrI~[,84,59,142
GCrI~o,76,54,136
GCrI~s,78,70,137
GCrI~w,80,71,134
GCrI~{,83,87,134
GCrJ_{,74,43,195
GCrJ`[,43,20,132
GCrJ`s,37,18,140
GCrJ`{,37,30,143
GCrJa[,107,51,94
GCrJaw,75,26,127
GCrJa{,75,39,133
GCrJb[,55,30,125
GCrJbs,37,34,139
GCrJbw,42,32,136
GCrJb{,44,46,135
GCrJc[,113,78,169
GCrJcs,82,26,120
GCrJcw,86,24,118
GCrJc{,88,36,123
GCrJdS,41,16,138
GCrJdW,55,16,124
GCrJd[,48,28,134
GCrJdc,43,19,133
GCrJdo,42,20,133
GCrJds,39,30,141
GCrJdw,47,30,133
GCrJd{,44,43,138
GCrJeS,102,73,185
GCrJeW,110,46,96
GCrJe[,114,62,97
GCrJec,76,26,126
GCrJeo,70,29,129
GCrJes,69,39,139
GCrJew,80,35,132
GCrJe{,75,54,137
GCrJfC,41,21,133
GCrJfO,46,20,129
GCrJfS,43,30,137
GCrJfW,60,27,123
GCrJf[,57,42,126
GCrJf_,39,24,132
GCrJfc,41,37,132
GCrJfo,40,31,139
GCrJfs,40,47,138
GCrJfw,50,46,129
GCrJf{,53,61,126
GCrJq{,76,52,138
GCrJrk,43,45,137
GCrJrs,41,47,137
GCrJr{,43,63,134
GCrJtk,42,43,140
GCrJtw,47,45,133
GCrJt{,41,59,140
GCrJus,68,54,144
GCrJuw,81,49,136
GCrJu{,78,67,140
GCrJvK,48,48,129
GCrJvW,58,41,126
GCrJv[,58,55,127
GCrJvg,47,45,133
GCrJvk,47,59,134
GCrJvs,42,64,134
GCrJvw,50,64,126
GCrJv{,50,78,127
GCrJz{,47,75,133
GCrJ|{,42,74,139
GCrJ~[,61,68,126
GCrJ~w,50,81,124
GCrJ~{,51,94,125
GCrK~[,89,58,138
GCrK~o,87,50,129
GCrK~w,89,67,129
GCrK~{,92,84,128
GCrLZw,51,44,130
GCrL\[,88,36,142
GCrL\w,59,32,134
GCrL\{,66,36,138
GCrL^[,83,53,149
GCrL^o,48,41,136
GCrL^s,49,53,138
GCrL^w,51,53,136
GCrL^{,57,65,133
GCrL|{,60,57,138
GCrL~[,58,61,136
GCrL~w,50,71,134
GCrL~{,51,85,134
GCrMX{,108,86,100
GCrMZw,119,78,97
GCrMZ{,126,96,93
GCrM\[,117,59,97
GCrM\{,112,94,109
GCrM^[,139,69,86
GCrM^w,119,96,100
GCrM^{,127,114,95
GCrMz{,83,84,137
GCrM|{,79,80,145
GCrM~[,88,70,146
GCrM~w,80,83,141
GCrM~{,86,99,138
GCrN^[,98,67,139
GCrN^w,63,68,124
GCrN^{,66,82,122
GCrNr{,46,77,132
GCrNt{,45,71,139
GCrNu{,80,83,141
GCrNv[,58,70,127
GCrNvk,46,76,133
GCrNvs,44,76,135
GCrNvw,49,80,126
GCrNv{,50,93,127
GCrN~w,55,96,119
GCrN~{,56,109,120
GCrQvW,57,24,127
GCrQv_,58,20,114
GCrQvg,62,26,120
GCrQvo,61,32,115
GCrQvw,62,36,126
GCrQv{,69,48,123
GCrRQs,66,18,108
GCrRRc,38,9,122
GCrRRo,39,6,124
GCrRRs,41,19,122
GCrRSk,79,32,117
GCrRSs,66,28,134
GCrRTK,40,9,120
GCrRTc,39,6,124
GCrRTk,41,14,127
GCrRTs,36,14,132
GCrRUK,79,57,176
GCrRUS,85,20,123
GCrRUW,71,28,129
GCrRU[,77,34,136
GCrRUc,66,53,193
GCrRUg,79,20,129
GCrRUk,79,37,131
GCrRUo,72,9,111
GCrRUs,71,22,115
GCrRUw,79,8,121
GCrRU{,75,27,122
GCrRVC,51,6,112
GCrRVG,48,6,115
GCrRVK,47,10,125
GCrRVS,57,8,117
GCrRVW,47,7,128
GCrRV[,53,18,124
GCrRV_,34,10,125
GCrRVc,34,18,130
GCrRVg,42,14,126
GCrRVk,39,25,131
GCrRVo,39,13,130
GCrRVs,41,27,127
GCrRVw,42,23,130
GCrRV{,46,40,122
GCrRrs,35,30,130
GCrRuW,70,42,135
GCrRug,74,41,132
GCrRus,69,32,123
GCrRuw,73,26,125
GCrRu{,71,40,129
GCrRvW,35,25,135
GCrRv[,36,37,135
GCrRv_,29,22,131
GCrRvg,42,28,125
GCrRvk,38,38,132
GCrRvo,35,34,126
GCrRvs,37,41,130
GCrRvw,43,42,123
GCrRv{,44,53,124
GCrUZs,70,58,138
GCrU^W,70,56,140
GCrU^[,75,64,146
GCrU^k,66,71,148
GCrU^o,69,58,139
GCrU^s,71,74,140
GCrU^w,70,74,141
GCrU^{,73,90,141
GCrUrw,68,34,122
GCrUvk,66,47,127
GCrUvs,70,45,125
GCrUvw,71,47,122
GCrUv{,75,60,121
GCrU~w,74,52,130
GCrU~{,80,65,127
GCrVJs,33,28,134
GCrVJw,31,24,140
GCrVJ{,35,39,134
GCrVL[,41,22,132
GCrVLw,35,21,139
GCrVL{,36,34,138
GCrVM[,72,49,145
GCrVMs,65,42,117
GCrVMw,70,24,130
GCrVM{,70,41,129
GCrVNW,43,28,124
GCrVN[,47,29,132
GCrVNg,43,23,129
GCrVNk,47,27,134
GCrVNs,31,41,136
GCrVNw,34,36,138
GCrVN{,38,52,131
GCrV]{,70,51,135
GCrV^[,49,42,130
GCrV^s,35,51,135
GCrV^w,38,53,130
GCrV^{,39,64,131
GCrVj{,40,50,131
GCrVl{,44,46,131
GCrVm{,74,50,132
GCrVn[,35,47,139
GCrVnk,57,35,129
GCrVns,36,52,133
GCrVnw,41,52,128
GCrVn{,43,63,128
GCrVrw,39,40,129
GCrVr{,40,52,129
GCrVu{,75,53,128
GCrVvs,39,51,131
GCrVvw,42,56,123
GCrVv{,43,67,124
GCrV~w,46,70,118
GCrV~{,47,81,119
GCr]rk,75,40,125
GCr]vK,70,45,125
GCr]v[,71,50,135
GCr]vk,76,53,127
GCr]vw,77,53,126
GCr]v{,78,66,128
GCr]~w,78,62,132
GCr]~{,84,74,130
GCr^vs,44,65,125
GCr^vw,47,67,120
GCr^v{,48,78,121
GCr^~{,52,91,117
GCrbO{,43,33,184
GCrbP[,72,10,110
GCrbPk,38,8,123
GCrbPw,30,11,128
GCrbP{,37,17,128
GCrbQ[,76,26,126
GCrbQ{,51,13,118
GCrbRW,70,10,112
GCrbR[,75,12,121
GCrbRk,36,15,131
GCrbRs,46,13,123
GCrbRw,37,19,126
GCrbR{,43,26,126
GCrbS[,70,54,188
GCrbSk,37,23,135
GCrbSw,41,16,138
GCrbS{,46,29,135
GCrbTK,72,29,127
GCrbTS,65,31,132
GCrbTW,65,18,109
GCrbT[,68,22,118
GCrbTc,35,8,126
GCrbTk,33,18,131
GCrbTs,33,17,132
GCrbTw,32,19,131
GCrbT{,31,30,134
GCrbUK,71,59,182
GCrbUS,72,32,124
GCrbUW,63,28,137
GCrbU[,72,38,137
GCrbUc,41,7,121
GCrbUk,43,16,123
GCrbUs,51,7,124
GCrbUw,45,10,127
GCrbU{,50,18,127
GCrbVC,75,62,175
GCrbVG,75,29,124
GCrbVK,67,44,136
GCrbVS,75,40,132
GCrbVW,66,23,119
GCrbV[,70,28,126
GCrbV_,31,9,129
GCrbVc,33,16,133
GCrbVg,36,16,130
GCrbVk,34,27,134
GCrbVo,31,20,131
GCrbVs,39,28,128
GCrbVw,34,29,132
GCrbV{,42,42,124
GCrb`o,28,0,92
GCrbbo,27,2,101
GCrbbw,26,8,106
GCrbcw,35,21,139
GCrbdS,32,6,131
GCrbdW,37,7,125
GCrbdc,42,15,138
GCrbdg,40,10,119
GCrbdo,32,2,96
GCrbds,27,6,107
GCrbdw,31,2,107
GCrbeK,50,37,173
GCrbeS,41,20,134
GCrbec,43,14,138
GCrbeg,45,7,117
GCrbek,38,13,131
GCrbeo,40,3,126
GCrbes,37,9,136
GCrbew,34,13,135
GCrbfC,40,40,180
GCrbfG,45,17,133
GCrbfK,40,33,137
GCrbfO,36,5,128
GCrbfS,31,13,138
GCrbfW,38,10,134
GCrbf[,32,22,141
GCrbf_,27,36,197
GCrbfc,37,31,142
GCrbfg,31,17,134
GCrbfk,31,22,142
GCrbfo,28,6,106
GCrbfs,24,12,114
GCrbfw,23,11,116
GCrbf{,24,18,118
GCrbrs,32,3,115
GCrbuW,48,34,128
GCrbu[,45,46,134
GCrbus,43,16,136
GCrbvS,37,23,135
GCrbvW,37,22,136
GCrbv[,35,33,140
GCrbv_,25,4,111
GCrbvg,28,8,114
GCrbvk,20,17,123
GCrbvo,25,10,115
GCrbvs,25,16,119
GCrbvw,24,16,120
GCrbv{,23,24,123
GCrdq{,33,27,135
GCrdr[,35,25,135
GCrdrk,28,11,111
GCrdrs,24,7,119
GCrdrw,27,11,112
GCrdr{,24,18,118
GCrdt[,43,16,136
GCrdts,40,19,136
GCrdtw,32,26,137
GCrdt{,37,32,139
GCrduw,37,19,139
GCrdu{,37,31,140
GCrdvS,35,27,133
GCrdvW,34,27,134
GCrdv[,33,37,138
GCrdvg,31,11,108
GCrdvk,27,20,113
GCrdvo,25,16,109
GCrdvs,27,22,111
GCrdvw,25,21,114
GCrdv{,28,29,113
GCre\s,44,42,139
GCre][,128,62,83
GCre^S,76,53,137
GCre^[,81,62,142
GCre^k,47,55,138
GCre^s,50,60,130
GCre^w,48,63,129
GCre^{,55,75,125
GCrer[,51,16,128
GCrerw,39,27,129
GCrer{,41,36,131
GCret[,48,18,129
GCretk,41,22,132
GCrets,43,17,135
GCret{,42,31,135
GCreu[,75,47,144
GCreuw,71,26,127
GCreu{,74,34,132
GCrevK,49,39,137
GCrevS,54,17,124
GCrev[,51,26,131
GCrevc,41,20,134
GCrevk,35,36,137
GCrevs,46,32,130
GCrevw,40,38,130
GCrev{,45,48,128
GCrfQ{,51,28,116
GCrfR[,71,28,125
GCrfRw,35,28,132
GCrfR{,38,41,129
GCrfT[,68,37,119
GCrfTw,32,30,133
GCrfT{,32,43,133
GCrfUw,48,18,129
GCrfU{,52,31,125
GCrfVS,75,61,130
GCrfVW,66,40,118
GCrfV[,71,44,125
GCrfVg,34,28,133
GCrfVk,30,40,138
GCrfVo,35,36,124
GCrfVs,39,40,129
GCrfVw,36,43,129
GCrfV{,39,57,125
GCrf]{,53,39,129
GCrf^[,74,51,131
GCrf^w,39,53,129
GCrf^{,41,65,128
GCrfbw,21,10,119
GCrfds,32,13,105
GCrfdw,27,8,115
GCrfew,32,25,138
GCrffK,42,48,135
GCrffS,32,27,136
GCrffW,37,25,133
GCrff[,31,38,139
GCrffg,30,34,131
GCrffk,34,36,138
GCrffo,26,17,107
GCrffs,28,22,110
GCrffw,23,20,117
GCrff{,25,31,114
GCrfj{,25,30,115
GCrfl{,28,32,110
GCrfm{,35,51,135
GCrfn[,35,47,139
GCrfnk,39,44,138
GCrfns,21,30,119
GCrfnw,26,33,111
GCrfn{,26,43,111
GCrfrw,22,17,121
GCrfr{,23,26,121
GCrfu{,40,47,134
GCrfv[,36,51,134
GCrfvs,28,29,113
GCrfvw,24,31,115
GCrfv{,25,39,116
GCrf~w,26,47,107
GCrf~{,27,55,108
GCrjz{,29,38,113
GCrj}{,42,60,132
GCrj~k,21,37,122
GCrj~w,26,39,115
GCrj~{,27,48,115
GCrlrk,28,21,111
GCrltw,37,38,133
GCrluw,43,30,135
GCrlu{,43,44,134
GCrlvW,41,33,134
GCrlv[,41,46,134
GCrlvg,25,19,116
GCrlvk,28,29,113
GCrlvw,31,31,108
GCrlv{,34,40,106
GCrl}{,42,56,136
GCrl~k,24,40,116
GCrl~{,31,51,108
GCrmrk,40,37,131
GCrmrs,39,34,135
GCrmr{,41,48,132
GCrms{,77,63,145
GCrmt[,52,19,137
GCrmtw,38,31,139
GCrmt{,42,43,136
GCrmuk,68,38,134
GCrmus,73,30,137
GCrmuw,71,38,131
GCrmu{,74,45,137
GCrmvK,50,27,131
GCrmvS,52,25,131
GCrmvW,53,21,134
GCrmv[,57,33,131
GCrmvk,39,50,132
GCrmvs,43,48,130
GCrmvw,40,49,132
GCrmv{,45,61,128
GCrm}{,77,58,137
GCrm~w,45,60,129
GCrm~{,47,73,127
GCrnP{,34,41,133
GCrnQ{,54,30,124
GCrnRk,38,41,129
GCrnRw,36,37,135
GCrnR{,40,48,133
GCrnT[,72,36,132
GCrnT{,38,49,134
GCrnU[,92,60,133
GCrnUk,48,35,125
GCrnU{,58,35,128
GCrnVW,80,37,123
GCrnV[,78,41,137
GCrnVk,35,54,132
GCrnVw,41,51,129
GCrnV{,43,64,127
GCrnZ{,43,57,134
GCrn\{,41,58,135
GCrn]{,61,44,129
GCrn^[,82,55,135
GCrn^k,38,61,135
GCrn^w,44,62,128
GCrn^{,46,73,128
GCrnm{,39,62,133
GCrnnk,24,40,116
GCrnnw,22,41,117
GCrnn{,23,50,117
GCrnr{,26,38,116
GCrnt{,30,41,109
GCrnu{,45,61,128
GCrnvk,23,40,117
GCrnvs,29,40,111
GCrnvw,29,43,108
GCrnv{,30,51,109
GCrn~{,31,62,107
GCrrrk,25,15,120
GCrrt[,20,18,122
GCrrtk,29,17,114
GCrru[,45,63,132
GCrruk,38,38,132
GCrru{,42,48,131
GCrrvK,25,19,116
GCrrv[,20,26,124
GCrrvg,27,13,120
GCrrvk,22,26,122
GCrrvo,22,14,124
GCrrvw,22,26,122
GCrrv{,22,34,124
GCrr}{,43,62,129
GCrr~{,23,45,122
GCrtp{,38,34,136
GCrtq{,34,39,135
GCrtr[,26,19,115
GCrtrk,26,16,118
GCrtrs,21,15,124
GCrtrw,24,17,119
GCrtr{,21,25,124
GCrts{,58,53,129
GCrtt[,36,28,144
GCrtts,42,29,137
GCrtt{,41,44,136
GCrtu[,44,56,140
GCrtuk,41,34,133
GCrtu{,40,46,135
GCrtvK,29,19,112
GCrtv[,23,28,119
GCrtvg,29,15,116
GCrtvk,27,28,115
GCrtvs,26,27,117
GCrtvw,23,28,119
GCrtv{,26,36,118
GCrup{,38,40,130
GCruq{,73,39,128
GCrur[,44,37,127
GCrurk,39,38,131
GCrurs,42,37,129
GCrurw,41,39,128
GCrur{,44,50,127
GCrus{,81,67,137
GCruts,41,33,134
GCrutw,39,36,133
GCrut{,44,47,130
GCruu[,78,66,141
GCruuk,71,37,132
GCruuw,74,41,125
GCruu{,76,49,131
GCruvK,35,39,134
GCruvW,37,38,133
GCruv[,41,49,131
GCruvg,39,40,129
GCruvk,39,52,130
GCruvo,41,43,124
GCruvs,45,53,123
GCruvw,41,54,126
GCruv{,47,65,122
GCru}{,78,63,131
GCru~s,46,65,123
GCru~w,44,65,125
GCru~{,47,77,123
GCrvP{,27,21,112
GCrvQ{,40,42,126
GCrvR[,45,35,128
GCrvRk,29,18,113
GCrvRs,26,17,117
GCrvR{,26,27,117
GCrvS{,47,61,132
GCrvT[,38,33,137
GCrvTs,29,18,113
GCrvT{,29,30,111
GCrvU[,59,57,124
GCrvUk,37,37,134
GCrvUw,43,37,128
GCrvU{,43,50,128
GCrvVK,36,35,137
GCrvV[,40,50,131
GCrvVk,27,32,111
GCrvVo,27,20,113
GCrvVs,28,31,111
GCrvVw,26,31,113
GCrvV{,28,40,112
GCrv`{,26,29,105
GCrva{,36,50,122
GCrvb[,30,21,109
GCrvbk,38,26,128
GCrvbw,22,19,119
GCrvb{,23,31,116
GCrvc{,45,72,123
GCrvd[,27,24,109
GCrvdw,26,19,115
GCrvd{,27,34,109
GCrve[,43,67,130
GCrve{,39,57,125
GCrvf[,22,32,116
GCrvfk,43,38,123
GCrvfo,26,22,112
GCrvfw,27,30,113
GCrvf{,26,44,110
GCrvj{,24,35,121
GCrvm{,42,61,131
GCrvnk,46,46,124
GCrvnw,26,41,113
GCrvn{,28,48,114
GCrvrw,21,26,123
GCrvr{,22,36,122
GCrvvs,28,38,114
GCrvvw,25,41,114
GCrvv{,26,49,115
GCrv~{,27,59,114
GCr~u{,51,80,116
GCr~v[,30,54,106
GCr~vk,26,51,113
GCr~vw,32,56,102
GCr~v{,32,64,104
GCr~~{,33,74,103
GCutts,79,26,135
GCutt{,80,36,140
GCutu{,59,31,131
GCutv[,40,47,134
GCutvc,43,29,136
GCutvk,43,46,132
GCutvs,50,38,133
GCutvw,44,44,133
GCutv{,48,59,127
GCuu|{,65,40,129
GCuu}{,84,51,137
GCuu~w,51,57,126
GCuu~{,53,70,124
GCuvZ{,25,37,118
GCuv]{,45,58,131
GCuv^[,32,36,112
GCuv^s,28,40,112
GCuv^w,30,41,109
GCuv^{,31,49,110
GCuvt{,47,57,130
GCuvu{,49,57,128
GCuvvk,29,37,114
GCuvvs,38,36,106
GCuvvw,33,39,108
GCuvv{,34,50,106
GCuv~w,38,52,100
GCuv~{,39,60,101
GCu~b[,25,30,115
GCu~c{,75,55,125
GCu~ds,46,46,129
GCu~e[,43,47,131
GCu~e{,51,55,128
GCu~fS,27,29,114
GCu~fW,25,26,119
GCu~f[,26,38,116
GCu~fo,29,24,117
GCu~fs,29,39,112
GCu~fw,33,38,109
GCu~f{,34,48,108
GCu~~{,40,71,99
GCvT|{,65,39,130
GCvT~w,50,58,126
GCvT~{,53,69,125
GCvUvs,85,43,128
GCvUvw,85,47,124
GCvUv{,89,60,123
GCvU|{,82,48,142
GCvU~w,81,52,139
GCvU~{,87,65,136
GCvVZ{,39,65,130
GCvV\{,43,59,132
GCvV]{,82,53,137
GCvV^[,41,59,134
GCvV^w,43,67,124
GCvV^{,44,78,125
GCvVt{,51,57,126
GCvVu{,85,53,134
GCvVv[,42,64,128
GCvVvk,40,64,130
GCvVvs,49,55,130
GCvVvw,44,68,122
GCvVv{,47,78,122
GCvV~w,49,80,118
GCvV~{,50,91,119
GCv\|{,70,50,127
GCv\~{,56,82,122
GCv]|{,88,64,136
GCv]~w,87,70,131
GCv]~{,93,81,130
GCv^b[,48,51,122
GCv^c{,98,76,130
GCv^dw,51,38,132
GCv^d{,54,54,126
GCv^e[,75,47,134
GCv^es,81,40,135
GCv^ew,84,37,135
GCv^e{,84,55,133
GCv^fS,43,49,129
GCv^fW,46,46,129
GCv^f[,47,61,126
GCv^fo,45,50,126
GCv^fs,44,63,127
GCv^fw,50,62,122
GCv^f{,51,75,121
GCv^t{,54,70,123
GCv^vk,49,77,121
GCv^vs,48,76,123
GCv^vw,52,78,117
GCv^v{,53,90,117
GCv^~{,57,102,114
GCvbk{,56,57,127
GCvbl[,31,20,109
GCvblk,34,12,114
GCvbl{,28,28,114
GCvbmk,42,32,134
GCvbm{,43,47,131
GCvbn[,29,28,113
GCvbng,30,12,118
GCvbnk,31,25,114
GCvbno,31,14,115
GCvbnw,28,25,117
GCvbn{,29,37,114
GCvbrk,28,13,119
GCvbrs,33,9,118
GCvbrw,27,15,118
GCvbr{,28,26,116
GCvbtw,29,14,117
GCvbt{,25,25,120
GCvbuk,39,36,133
GCvbuw,45,30,133
GCvbu{,45,45,131
GCvbvW,28,12,120
GCvbv[,26,25,119
GCvbvc,25,9,126
GCvbvg,27,12,121
GCvbvk,24,23,123
GCvbvs,30,23,117
GCvbvw,27,23,120
GCvbv{,28,35,117
GCvbz{,31,35,114
GCvb|w,30,30,110
GCvb}w,48,49,124
GCvb}{,47,60,127
GCvb~k,25,38,117
GCvb~s,28,38,114
GCvb~w,28,39,113
GCvb~{,29,47,114
GCvdjs,27,14,119
GCvdjw,31,16,113
GCvdj{,28,27,115
GCvdlk,52,22,134
GCvdl{,47,44,130
GCvdmk,44,27,137
GCvdm{,42,44,135
GCvdn[,31,29,110
GCvdnk,34,27,109
GCvdns,31,26,113
GCvdnw,29,27,114
GCvdn{,32,39,109
GCvdq{,44,37,127
GCvdr[,30,21,109
GCvdrs,32,10,118
GCvdrw,32,17,111
GCvdr{,30,27,113
GCvdu{,50,43,128
GCvdvS,34,10,116
GCvdv[,32,27,111
GCvdvs,38,26,106
GCvdvw,32,27,111
GCvdv{,36,38,106
GCvdz{,26,37,117
GCvd|{,49,56,129
GCvd}{,48,57,129
GCvd~[,31,39,110
GCvd~k,29,41,110
GCvd~s,32,39,109
GCvd~w,31,41,108
GCvd~{,33,49,108
GCveh{,36,42,130
GCvejw,41,34,133
GCvej{,40,51,130
GCvel{,44,47,130
GCvemk,83,30,127
GCvemw,82,34,124
GCvem{,79,41,136
GCven[,38,51,132
GCvenk,44,46,131
GCveno,44,38,126
GCvens,43,51,127
GCvenw,40,49,132
GCven{,44,66,124
GCvep{,45,37,126
GCveq{,77,33,130
GCver[,45,37,126
GCvers,51,25,132
GCverw,46,35,127
GCver{,50,47,124
GCvets,57,25,126
GCvet{,52,42,127
GCveus,87,22,131
GCveu{,83,41,132
GCvevS,49,27,132
GCvev[,45,46,130
GCvevs,54,45,122
GCvevw,46,48,127
GCvev{,53,61,120
GCve}{,82,57,133
GCve~k,44,63,127
GCve~w,48,63,123
GCve~{,51,75,121
GCvfH{,33,21,106
GCvfJk,35,14,111
GCvfJw,28,15,117
GCvfJ{,31,27,112
GCvfLk,37,15,108
GCvfL{,34,29,107
GCvfMk,42,32,134
GCvfM{,44,47,130
GCvfNK,49,24,119
GCvfN[,43,41,120
GCvfNk,32,30,108
GCvfNo,34,17,109
GCvfNw,29,28,113
GCvfN{,32,40,108
GCvfP{,26,23,111
GCvfQ{,38,43,127
GCvfR[,41,28,123
GCvfRk,27,19,114
GCvfRs,30,9,121
GCvfRw,26,11,123
GCvfR{,26,29,115
GCvfT{,30,26,114
GCvfU{,43,48,130
GCvfVS,48,32,128
GCvfVW,42,39,127
GCvfV[,41,39,124
GCvfVg,29,14,117
GCvfVk,24,29,117
GCvfVs,34,23,113
GCvfVw,29,21,120
GCvfV{,29,40,111
GCvfZ{,28,38,114
GCvf]{,45,61,128
GCvf^[,45,53,118
GCvf^k,26,42,112
GCvf^s,29,40,111
GCvf^w,30,41,109
GCvf^{,31,51,108
GCvfnk,31,37,112
GCvfnw,26,40,114
GCvfn{,27,51,112
GCvfu{,49,62,123
GCvfvk,26,37,117
GCvfvs,36,36,108
GCvfvw,31,39,110
GCvfv{,32,50,108
GCvf~w,32,53,105
GCvf~{,33,61,106
GCvt|{,53,69,125
GCvt~w,34,51,105
GCvt~{,37,60,103
GCvvb[,26,30,114
GCvvc{,61,77,117
GCvvd{,32,37,111
GCvve[,41,58,122
GCvve{,45,65,124
GCvvfK,30,25,115
GCvvf[,22,38,120
GCvvfg,33,30,107
GCvvfk,32,37,111
GCvvfw,27,38,115
GCvvf{,26,51,113
GCvvl{,34,50,106
GCvvnk,35,45,110
GCvvn{,29,63,108
GCvvt{,36,51,103
GCvvvk,26,54,110
GCvvvs,34,53,103
GCvvvw,32,56,102
GCvvv{,33,65,102
GCvv~{,34,75,101
GCv~t{,39,63,98
GCv~u{,56,91,113
GCv~vk,33,67,100
GCv~vw,37,68,95
GCv~v{,37,77,96
GCv~~{,38,87,95
GCxu|w,24,28,118
GCxu|{,21,35,124
GCxu}w,38,53,130
GCxu}{,45,56,133
GCxu~[,25,36,119
GCxu~w,23,37,120
GCxu~{,25,45,120
GCxvBS,54,0,100
GCxvBW,43,14,125
GCxvBg,34,12,108
GCxvBo,28,3,109
GCxvBs,23,10,102
GCxvBw,29,1,120
GCxvEW,36,16,130
GCxvEg,36,11,107
GCxvEw,30,3,117
GCxvFG,38,44,156
GCxvFO,46,9,127
GCxvFS,45,7,113
GCxvFW,39,22,134
GCxvF[,40,20,116
GCxvF_,32,32,132
GCxvFg,37,20,108
GCxvFo,27,7,116
GCxvFs,20,7,117
GCxvFw,26,9,125
GCxvF{,21,14,118
GCxvRw,24,7,113
GCxvR{,24,15,114
GCxvU{,28,22,120
GCxvVG,39,26,130
GCxvVS,47,9,120
GCxvV[,43,26,118
GCxvVg,27,8,109
GCxvVs,26,15,112
GCxvVw,22,15,116
GCxvV{,25,24,113
GCxvZw,21,16,116
GCxvZ{,22,28,112
GCxv]w,27,27,116
GCxv^[,43,39,116
GCxv^w,21,27,114
GCxv^{,22,36,113
GCxvbW,31,4,100
GCxvb[,26,10,108
GCxvbo,24,9,117
GCxvbs,23,11,110
GCxvcw,33,12,105
GCxvc{,36,29,95
GCxveW,26,5,119
GCxve[,23,16,121
GCxveo,27,4,119
GCxves,28,6,126
GCxvew,21,5,134
GCxve{,23,19,128
GCxvfO,26,5,119
GCxvfS,25,5,114
GCxvfW,23,6,115
GCxvf[,19,13,121
GCxvf_,27,19,119
GCxvfc,31,10,119
GCxvfo,24,14,122
GCxvfs,22,12,119
GCxvfw,19,13,87
GCxvf{,20,19,87
GCxvr{,20,27,115
GCxvu{,24,36,120
GCxvv[,21,28,113
GCxvvg,23,17,79
GCxvvk,20,23,83
GCxvvs,25,24,95
GCxvvw,20,23,83
GCxvv{,21,30,82
GCxv~w,21,31,81
GCxv~{,22,36,82
GCx}|{,22,48,120
GCx}}{,46,72,129
GCx}~w,24,48,118
GCx}~{,26,58,116
GCx~b[,29,20,104
GCx~bs,19,23,111
GCx~c{,33,43,94
GCx~e[,25,28,117
GCx~es,27,26,117
GCx~ew,22,25,123
GCx~e{,24,36,120
GCx~fS,20,15,118
GCx~f[,21,28,113
GCx~fc,24,17,78
GCx~fo,19,17,83
GCx~fs,20,24,82
GCx~fw,20,24,82
GCx~f{,21,29,83
GCx~~{,23,46,78
GCz\~k,29,50,111
GCz\~{,30,60,110
GCz]|{,46,70,131
GCz]}{,84,71,133
GCz]~k,50,74,123
GCz]~w,48,76,123
GCz]~{,51,87,122
GCz^`{,22,30,118
GCz^a{,43,52,126
GCz^b[,28,29,113
GCz^bk,22,24,124
GCz^bs,24,26,120
GCz^b{,23,36,121
GCz^c{,61,71,123
GCz^d[,29,30,111
GCz^dk,30,27,113
GCz^ds,27,28,115
GCz^d{,27,38,115
GCz^ek,46,46,129
GCz^es,39,53,129
GCz^e{,47,61,126
GCz^fK,25,29,116
GCz^fS,25,28,117
GCz^fW,29,26,115
GCz^f[,26,40,114
GCz^fg,25,24,121
GCz^fk,26,38,116
GCz^fo,21,27,122
GCz^fs,22,39,119
GCz^fw,26,40,114
GCz^f{,27,49,114
GCz^j{,25,48,117
GCz^nk,31,49,110
GCz^nw,29,52,109
GCz^n{,30,61,109
GCz^t{,28,50,112
GCz^vk,27,52,111
GCz^vs,25,50,115
GCz^vw,27,52,111
GCz^v{,28,61,111
GCz^~{,31,72,107
GCzbrk,19,3,122
GCzbrs,29,6,109
GCzbrw,18,18,108
GCzbr{,20,21,112
GCzbu{,24,25,121
GCzbvW,39,16,121
GCzbv[,38,29,120
GCzbvg,23,8,113
GCzbvk,19,14,120
GCzbvs,27,16,110
GCzbvw,19,19,115
GCzbv{,20,29,113
GCzbzw,19,40,94
GCzbz{,23,33,106
GCzb}w,27,33,110
GCzb~w,20,37,105
GCzb~{,21,44,106
GCzez{,24,40,116
GCze|{,27,37,116
GCze}{,44,63,127
GCze~[,46,50,120
GCze~s,30,37,113
GCze~w,25,45,110
GCze~{,28,53,109
GCzfQ{,44,43,121
GCzfR[,81,26,133
GCzfRs,46,26,136
GCzfRw,41,35,132
GCzfR{,47,48,126
GCzfU{,47,51,123
GCzfVS,97,70,118
GCzfVW,72,44,124
GCzfV[,83,41,132
GCzfVg,41,40,127
GCzfVs,49,43,129
GCzfVw,42,50,129
GCzfV{,48,64,122
GCzfZw,42,28,117
GCzfZ{,44,40,114
GCzf^[,82,33,106
GCzf^w,43,45,110
GCzf^{,45,56,108
GCzfbw,20,11,113
GCzfes,35,14,111
GCzfew,27,11,122
GCzffS,41,40,127
GCzffW,46,26,104
GCzff[,41,38,108
GCzffc,37,37,102
GCzffs,30,23,117
GCzffw,21,20,112
GCzff{,22,30,110
GCzfr{,22,30,110
GCzfv[,41,44,113
GCzfvk,20,26,116
GCzfvs,31,27,104
GCzfvw,20,36,106
GCzfv{,23,42,106
GCzf~w,21,52,98
GCzf~{,22,59,99
GCzjz{,27,34,110
GCzj}{,28,46,116
GCzj~{,25,45,110
GCzm|{,31,47,112
GCzm}{,48,70,129
GCzm~s,29,52,109
GCzm~w,29,49,112
GCzm~{,32,59,109
GCznZ{,45,51,113
GCzn]{,47,64,117
GCzn^[,88,38,108
GCzn^w,43,59,107
GCzn^{,46,67,107
GCzna{,31,28,111
GCznb[,47,29,111
GCznbs,23,18,112
GCznbw,24,17,112
GCznb{,26,27,109
GCznc{,42,50,95
GCzne[,44,48,129
GCznes,32,28,110
GCzne{,33,38,109
GCznfS,41,35,111
GCznfW,48,31,108
GCznf[,44,45,109
GCznfc,30,25,98
GCznfs,24,34,104
GCznfw,25,34,103
GCznf{,27,42,102
GCznr{,22,39,110
GCznvk,22,44,105
GCznvs,23,42,106
GCznvw,22,46,103
GCznv{,23,54,103
GCzn~{,26,61,102
GCzrz{,24,36,111
GCzr~s,21,32,80
GCzr~w,21,32,80
GCzr~{,22,38,80
GCzva{,25,31,114
GCzvb[,27,23,103
GCzvbk,23,15,115
GCzvbo,20,14,78
GCzvb{,20,23,83
GCzvc{,38,46,86
GCzve[,26,33,111
GCzvek,34,21,115
GCzve{,28,37,115
GCzvfK,25,26,102
GCzvfW,24,24,105
GCzvf[,20,32,110
GCzvfg,29,27,114
GCzvfk,27,27,108
GCzvfo,23,22,74
GCzvfw,23,22,81
GCzvf{,22,28,83
GCzvj{,23,31,79
GCzvnk,31,29,92
GCzvnw,22,31,80
GCzvn{,25,36,79
GCzvrw,20,24,82
GCzvvs,24,30,79
GCzvvw,22,31,80
GCzvv{,23,37,80
GCzv~{,24,44,79
GCz~r{,22,41,77
GCz~u{,30,64,106
GCz~v[,25,54,101
GCz~vk,23,39,78
GCz~vw,24,40,76
GCz~v{,24,46,77
GCz~~{,25,53,76
GC~vb[,27,30,69
GC~vc{,39,63,78
GC~ve[,30,50,100
GC~vew,31,45,104
GC~ve{,35,57,98
GC~vfW,21,27,78
GC~vf[,22,32,79
GC~vfo,24,32,52
GC~vfw,26,33,74
GC~vf{,23,38,59
GC~vvs,29,36,75
GC~vvw,23,39,58
GC~vv{,25,43,58
GC~v~w,24,44,58
GC~v~{,25,48,59
GC~~~{,26,56,56
GEhbro,50,32,100
GEhbrs,50,20,125
GEhbtg,34,0,78
GEhbtk,27,3,90
GEhbuk,36,3,81
GEhbus,44,9,97
GEhbvc,42,20,133
GEhbvg,32,1,87
GEhbvk,29,5,94
GEhbvo,39,28,128
GEhbvs,40,19,101
GEhbvw,28,6,94
GEhbv{,29,11,96
GEherW,40,0,72
GEher[,35,6,79
GEherk,39,4,77
GEhets,59,0,91
GEheuo,56,2,96
GEheus,66,2,82
GEhevK,36,8,106
GEhevS,50,14,131
GEhevW,37,3,80
GEhev[,35,6,87
GEhevg,36,1,83
GEhevk,37,6,85
GEhevo,48,11,91
GEhevs,53,10,97
GEhevw,35,4,89
GEhev{,40,10,86
GEhf`w,40,6,94
GEhf`{,35,13,102
GEhfc{,35,11,104
GEhfdW,37,4,99
GEhfdw,35,6,109
GEhfd{,33,15,112
GEhfeW,33,1,106
GEhfe[,30,8,112
GEhfes,51,17,127
GEhfew,30,4,116
GEhfe{,32,15,113
GEhffO,44,18,120
GEhffS,37,24,134
GEhffW,33,11,106
GEhff[,31,16,113
GEhffc,65,38,122
GEhffo,42,30,123
GEhffs,45,32,131
GEhffw,33,15,112
GEhff{,35,25,110
GEhfrw,32,6,90
GEhfr{,29,11,96
GEhfuw,30,2,96
GEhfu{,31,9,96
GEhfvg,34,4,90
GEhfvk,31,9,96
GEhfvo,40,26,94
GEhfvs,45,20,105
GEhfvw,31,9,96
GEhfv{,32,15,97
GEhf~w,30,18,60
GEhf~{,31,22,61
GEhrp{,41,35,132
GEhrq{,47,33,128
GEhrr[,45,16,99
GEhrrk,50,13,97
GEhrrs,44,35,129
GEhrr{,45,26,99
GEhrs{,30,16,114
GEhrt[,30,6,92
GEhrtk,26,6,96
GEhrts,30,8,90
GEhrt{,25,11,100
GEhru[,28,5,95
GEhru{,28,12,96
GEhrvK,25,6,97
GEhrvW,25,1,102
GEhrv[,26,8,102
GEhrvg,31,2,95
GEhrvk,27,10,99
GEhrvs,29,9,98
GEhrvw,27,10,99
GEhrv{,28,17,99
GEhtlk,53,17,138
GEhtlw,37,35,136
GEhtl{,42,24,104
GEhtm{,30,10,96
GEhtng,42,27,139
GEhtnk,41,19,110
GEhtno,28,5,95
GEhtns,27,9,100
GEhtnw,26,10,100
GEhtn{,31,15,98
GEhtp{,43,31,134
GEhtq{,34,18,108
GEhtrk,34,9,85
GEhtr{,30,15,91
GEhts{,46,30,132
GEhttW,43,10,97
GEhtt[,48,18,94
GEhttk,42,18,100
GEhtts,56,15,89
GEhttw,40,18,102
GEhtt{,45,25,100
GEhtuw,34,6,88
GEhtu{,32,16,88
GEhtvW,29,1,98
GEhtv[,31,12,93
GEhtvk,32,12,92
GEhtvs,32,13,91
GEhtvw,30,12,94
GEhtv{,32,21,91
GEht|{,42,32,106
GEht~w,26,23,95
GEht~{,27,29,96
GEhuQw,49,18,115
GEhuRo,36,0,104
GEhuRw,36,4,80
GEhuSw,42,18,122
GEhuTW,39,0,101
GEhuTo,39,0,73
GEhuTw,34,0,86
GEhuUW,40,30,112
GEhuUc,58,0,82
GEhuUg,49,11,122
GEhuUo,47,10,125
GEhuUs,53,6,91
GEhuUw,46,23,126
GEhuU{,48,18,94
GEhuVO,36,3,101
GEhuVW,36,6,108
GEhuV_,36,0,104
GEhuVc,31,1,88
GEhuVg,37,2,81
GEhuVo,33,1,86
GEhuVs,33,3,92
GEhuVw,33,5,90
GEhuV{,35,11,90
GEhup{,32,16,112
GEhurs,31,3,94
GEhurw,34,7,87
GEhus{,48,27,133
GEhuts,37,5,86
GEhutw,32,4,92
GEhut{,31,11,94
GEhuuW,44,23,128
GEhuu{,49,20,101
GEhuvW,32,2,94
GEhuvo,29,4,95
GEhuvs,33,8,95
GEhuvw,30,9,97
GEhuv{,33,17,94
GEhuz{,30,25,89
GEhu|{,27,24,93
GEhu}{,50,32,98
GEhu~k,32,20,92
GEhu~w,29,22,93
GEhu~{,30,30,92
GEhv?{,34,14,120
GEhv@s,33,3,104
GEhvAk,56,2,124
GEhvAs,32,2,106
GEhvAw,40,0,100
GEhvA{,34,5,111
GEhvBc,43,10,129
GEhvBo,29,3,108
GEhvBs,29,6,115
GEhvCk,43,12,127
GEhvCs,35,0,105
GEhvCw,36,2,102
GEhvC{,32,7,111
GEhvDc,36,17,129
GEhvDg,43,32,135
GEhvDk,36,21,138
GEhvDo,34,2,104
GEhvDs,33,3,114
GEhvDw,30,2,118
GEhvD{,28,9,123
GEhvEc,47,14,121
GEhvEg,61,22,127
GEhvEk,50,13,132
GEhvEo,34,2,104
GEhvEs,31,2,117
GEhvEw,33,1,116
GEhvE{,28,9,123
GEhvFC,43,16,123
GEhvFO,35,5,100
GEhvFS,31,7,112
GEhvF_,47,55,178
GEhvFc,37,26,132
GEhvFg,59,41,125
GEhvFk,44,30,134
GEhvFo,30,9,111
GEhvFs,28,11,121
GEhvFw,30,11,119
GEhvF{,30,19,121
GEhvQw,38,8,104
GEhvQ{,32,17,111
GEhvRo,31,5,114
GEhvRs,29,3,96
GEhvSw,34,4,112
GEhvS{,32,15,113
GEhvTg,32,0,88
GEhvTk,28,4,96
GEhvTs,34,5,89
GEhvTw,28,0,100
GEhvT{,29,11,96
GEhvUg,36,1,83
GEhvUk,34,6,88
GEhvUo,35,1,84
GEhvUs,33,1,94
GEhvUw,31,4,93
GEhvU{,29,11,96
GEhvVS,34,4,74
GEhvV_,30,8,112
GEhvVc,30,2,96
GEhvVg,32,3,77
GEhvVk,29,6,84
GEhvVo,28,3,97
GEhvVs,29,7,83
GEhvVw,29,6,67
GEhvV{,30,12,66
GEhvl{,29,19,96
GEhvnk,50,14,80
GEhvnw,31,11,84
GEhvn{,32,21,80
GEhvr{,27,18,99
GEhvt{,26,18,100
GEhvu{,28,19,97
GEhvvW,25,4,73
GEhvv[,26,11,71
GEhvvk,28,13,85
GEhvvs,30,10,86
GEhvvw,27,11,70
GEhvv{,28,16,70
GEhv~w,29,18,67
GEhv~{,30,22,68
GEhzq{,46,49,126
GEhzrw,43,56,122
GEhzr{,44,42,94
GEhzs{,28,30,112
GEhztk,22,18,96
GEhzuk,29,16,91
GEhzu{,24,24,96
GEhzvK,21,15,100
GEhzvk,23,21,100
GEhzvo,23,22,108
GEhzvw,24,22,98
GEhzv{,23,31,98
GEhzz{,49,42,99
GEhz}{,28,32,92
GEhz~{,27,39,94
GEh}p{,33,30,107
GEh}rs,27,15,94
GEh}rw,33,19,84
GEh}s{,47,46,128
GEh}ts,33,16,87
GEh}tw,30,17,89
GEh}t{,29,26,89
GEh}us,51,26,93
GEh}uw,43,31,96
GEh}u{,48,36,96
GEh}vW,29,16,91
GEh}vo,27,10,99
GEh}vs,29,23,92
GEh}vw,27,24,93
GEh}v{,30,31,91
GEh}|{,25,35,92
GEh}}{,47,44,99
GEh}~s,25,33,94
GEh}~{,26,40,94
GEh~b[,27,8,101
GEh~bk,31,5,100
GEh~bw,27,9,100
GEh~b{,24,20,100
GEh~d[,27,12,97
GEh~dk,26,8,102
GEh~dw,24,11,101
GEh~d{,22,19,103
GEh~e[,22,8,106
GEh~ek,33,9,94
GEh~es,28,11,97
GEh~ew,23,6,107
GEh~e{,24,20,100
GEh~fK,24,6,106
GEh~fS,21,2,79
GEh~fW,25,5,72
GEh~f[,22,9,77
GEh~fg,24,10,102
GEh~fk,26,13,87
GEh~fs,23,10,75
GEh~fw,23,9,76
GEh~f{,24,14,76
GEh~rw,28,28,88
GEh~r{,24,35,93
GEh~vo,22,12,74
GEh~vs,25,18,71
GEh~vw,23,20,71
GEh~v{,24,24,72
GEh~~{,25,30,71
GEirrs,30,9,89
GEirts,41,32,135
GEirtw,46,19,95
GEirt{,41,26,103
GEirus,29,4,95
GEirvW,26,1,101
GEirvc,33,12,115
GEirvg,31,4,93
GEirvs,26,13,97
GEirvw,26,11,99
GEirv{,26,19,99
GEit\[,82,4,94
GEit\k,78,20,142
GEit\s,81,23,136
GEit\w,78,12,90
GEit\{,77,18,97
GEit^W,44,18,98
GEit^[,49,21,100
GEit^c,40,26,126
GEit^k,44,23,103
GEit^s,45,27,98
GEit^w,41,24,105
GEit^{,49,34,97
GEit|{,75,34,95
GEit~[,45,33,102
GEit~w,44,40,96
GEit~{,46,48,96
GEiv^[,27,14,103
GEiv^w,25,16,103
GEiv^{,26,24,102
GEivj{,28,17,99
GEivl{,45,35,100
GEivm{,35,17,92
GEivn[,27,16,101
GEivnk,45,30,105
GEivns,23,22,99
GEivnw,29,19,96
GEivn{,31,27,94
GEivr{,22,18,104
GEivt{,41,38,101
GEivv[,23,17,104
GEivvs,25,20,99
GEivvw,22,22,100
GEivv{,23,28,101
GEiv~w,25,33,94
GEiv~{,26,39,95
GEj\q{,44,48,129
GEj\r{,28,24,92
GEj\s{,60,28,133
GEj\u{,49,32,99
GEj\vw,33,22,89
GEj\v{,37,29,86
GEj\~{,36,40,84
GEj]|{,51,42,97
GEj]}{,79,37,100
GEj]~w,48,47,95
GEj]~{,52,54,94
GEj^rw,24,23,97
GEj^r{,25,31,96
GEj^t{,34,31,87
GEj^v[,25,34,93
GEj^vk,29,30,93
GEj^vs,28,32,92
GEj^vw,29,35,88
GEj^v{,30,41,89
GEj^~{,32,51,85
GEjbro,21,6,108
GEjbrs,25,2,101
GEjbtg,31,0,89
GEjbtk,22,3,103
GEjbug,32,0,88
GEjbuk,29,4,95
GEjbuo,29,2,89
GEjbus,27,0,101
GEjbvG,27,6,117
GEjbvK,24,13,123
GEjbvc,28,10,122
GEjbvg,26,1,101
GEjbvk,22,6,108
GEjbvo,20,7,101
GEjbvs,22,7,107
GEjbvw,21,6,75
GEjbv{,22,10,76
GEjdlk,53,24,131
GEjdm[,28,6,94
GEjdnS,26,17,117
GEjdn[,28,10,98
GEjdnc,40,35,133
GEjdng,37,39,132
GEjdnk,41,23,106
GEjdno,25,6,97
GEjdns,24,9,103
GEjdnw,21,11,104
GEjdn{,26,16,102
GEjel[,36,9,83
GEjemk,65,7,88
GEjenS,32,16,112
GEjen[,34,11,91
GEjenc,51,28,129
GEjenk,51,17,102
GEjeno,29,5,94
GEjens,32,10,94
GEjenw,26,11,99
GEjen{,35,17,92
GEjep{,28,14,118
GEjeqw,42,28,125
GEjeq{,45,31,132
GEjerW,33,1,86
GEjer[,28,5,95
GEjerk,30,5,93
GEjerw,29,3,96
GEjer{,27,8,101
GEjet[,34,5,89
GEjetk,30,4,94
GEjets,35,1,92
GEjet{,31,7,98
GEjeu[,38,15,107
GEjeuk,50,8,102
GEjeus,49,9,102
GEjeuw,37,20,103
GEjeu{,44,18,108
GEjevK,30,14,116
GEjevS,32,13,115
GEjevW,30,5,93
GEjev[,27,9,100
GEjevc,34,11,115
GEjevk,28,9,99
GEjevs,30,8,98
GEjevw,26,7,103
GEjev{,30,13,101
GEjfI{,33,16,111
GEjfJk,44,27,137
GEjfJ{,28,22,120
GEjfK{,34,20,106
GEjfM{,31,23,116
GEjfNK,64,50,126
GEjfNk,42,44,135
GEjfNw,25,25,120
GEjfN{,29,35,116
GEjf`w,31,8,111
GEjf`{,30,17,113
GEjfa{,30,15,115
GEjfbw,24,11,125
GEjfb{,26,21,123
GEjfd{,29,22,119
GEjfe{,28,21,121
GEjffK,37,39,132
GEjffS,28,20,112
GEjff[,24,26,120
GEjffc,59,59,122
GEjffk,44,47,130
GEjffs,30,24,116
GEjffw,25,23,122
GEjff{,27,34,119
GEjfl{,28,16,100
GEjfm{,28,16,100
GEjfn[,28,16,100
GEjfnk,43,27,110
GEjfnw,25,16,103
GEjfn{,27,22,103
GEjfrw,21,7,74
GEjfr{,22,12,74
GEjfu{,26,13,105
GEjfvk,23,15,106
GEjfvs,25,13,106
GEjfvw,22,11,75
GEjfv{,23,15,76
GEjf~w,23,15,76
GEjf~{,24,19,77
GEjrz{,27,29,96
GEjr|{,23,31,98
GEjr}{,25,32,95
GEjr~s,24,16,74
GEjr~w,24,18,72
GEjr~{,25,23,72
GEjtr[,30,13,93
GEjtrk,32,10,94
GEjtr{,26,23,95
GEjts{,47,42,132
GEjtt[,45,24,101
GEjttk,44,26,100
GEjttw,38,32,100
GEjtt{,43,36,101
GEjtu{,34,23,87
GEjtvK,29,11,96
GEjtvW,25,9,102
GEjtv[,28,19,97
GEjtvc,29,16,91
GEjtvk,31,23,90
GEjtvs,27,22,95
GEjtvw,26,26,92
GEjtv{,29,33,90
GEjt|{,44,44,102
GEjt~s,26,31,95
GEjt~{,27,41,92
GEjur[,25,9,102
GEjurw,26,12,98
GEjur{,24,18,102
GEjus{,47,40,134
GEjutk,32,6,98
GEjut{,30,17,97
GEjuu[,43,22,105
GEjuu{,47,28,105
GEjuvK,25,9,102
GEjuv[,24,15,105
GEjuvk,31,15,98
GEjuvs,28,14,102
GEjuvw,25,19,100
GEjuv{,29,25,98
GEju|{,32,31,89
GEju}{,50,41,99
GEju~s,30,29,93
GEju~{,31,39,90
GEjvQ{,29,26,115
GEjvRk,31,7,81
GEjvR{,26,12,70
GEjvS{,32,26,112
GEjvTk,29,11,96
GEjvTw,27,8,101
GEjvUk,34,13,89
GEjvUw,30,12,94
GEjvU{,29,19,96
GEjvVK,29,11,96
GEjvVW,25,13,98
GEjvVg,31,8,80
GEjvVk,27,14,85
GEjvVo,25,7,70
GEjvVw,26,10,72
GEjvV{,27,15,72
GEjvZ{,23,17,74
GEjv]{,26,26,100
GEjv^w,23,14,77
GEjv^{,24,20,76
GEjvb[,26,10,100
GEjvbk,45,18,107
GEjvb{,27,15,102
GEjvc{,36,24,110
GEjvd{,29,21,94
GEjve[,23,14,99
GEjve{,33,17,94
GEjvfK,38,31,101
GEjvf[,22,18,104
GEjvfk,45,32,103
GEjvfw,27,20,97
GEjvf{,28,27,97
GEjvj{,29,21,83
GEjvl{,31,29,92
GEjvm{,35,27,90
GEjvn[,26,17,90
GEjvnk,49,21,82
GEjvnw,27,23,83
GEjvn{,30,29,81
GEjvvs,26,13,75
GEjvvw,24,16,74
GEjvv{,25,20,75
GEjv~{,26,28,72
GEj~r{,24,26,70
GEj~u{,31,45,84
GEj~vk,25,24,71
GEj~vw,25,27,68
GEj~v{,25,31,70
GEj~~{,26,37,69
GEl}}{,46,53,101
GEl}~s,23,39,98
GEl}~w,21,42,97
GEl}~{,24,48,96
GEl~vs,22,23,75
GEl~vw,20,23,77
GEl~v{,21,29,76
GEl~~{,22,37,73
GEnbrw,17,8,111
GEnbus,27,0,109
GEnbu{,19,19,106
GEnbvG,25,0,71
GEnbvo,22,2,112
GEnbvs,24,9,93
GEnbvw,18,6,84
GEnbv{,19,11,84
GEnbz{,22,27,103
GEnb}{,20,30,102
GEnb~g,18,8,82
GEnb~w,19,15,80
GEnb~{,20,19,81
GEne|{,31,30,91
GEne}{,48,42,100
GEne~w,24,32,96
GEne~{,26,40,94
GEnfbW,24,2,70
GEnfbw,17,4,81
GEnfdk,23,14,99
GEnffK,24,8,104
GEnffS,19,11,106
GEnffW,22,5,75
GEnff[,18,7,83
GEnffk,21,19,104
GEnffs,24,15,105
GEnffw,18,9,81
GEnff{,19,13,82
GEnfj{,19,15,80
GEnfl{,22,30,100
GEnfm{,25,28,99
GEnfn[,19,14,81
GEnfnk,24,20,89
GEnfns,19,13,82
GEnfnw,19,13,82
GEnfn{,20,19,81
GEnfr{,19,15,80
GEnfu{,25,32,95
GEnfvs,27,21,85
GEnfvw,19,13,82
GEnfv{,20,20,80
GEnf~w,20,21,79
GEnf~{,21,25,80
GEnvQ{,26,41,113
GEnvRk,23,10,75
GEnvRw,18,7,83
GEnvR{,19,14,81
GEnvS{,33,40,107
GEnvTk,20,23,101
GEnvTw,23,19,102
GEnvUw,27,22,95
GEnvU{,25,33,94
GEnvVW,18,10,80
GEnvVk,19,14,81
GEnvVo,18,13,77
GEnvVw,19,15,80
GEnvV{,20,19,81
GEnvZ{,20,23,77
GEnv]{,26,44,90
GEnv^w,20,23,77
GEnv^{,21,28,77
GEnvn[,22,21,77
GEnvnk,31,24,85
GEnvnw,22,21,77
GEnvn{,25,26,75
GEnvvs,24,21,75
GEnvvw,22,21,77
GEnvv{,23,27,76
GEnv~{,24,34,74
GEn~r{,21,33,72
GEn~vk,23,30,73
GEn~vw,26,30,70
GEn~v{,26,36,70
GEn~~{,27,42,69
GEr]vo,76,32,100
GEr]vw,79,34,91
GEr]v{,78,42,96
GEr]~w,78,38,100
GEr]~{,84,46,98
GEr^d{,45,39,96
GEr^e[,80,39,137
GEr^ek,78,35,143
GEr^es,77,28,87
GEr^e{,77,31,96
GEr^fK,44,39,121
GEr^fS,37,32,101
GEr^fW,45,30,95
GEr^f[,42,40,98
GEr^fg,42,26,102
GEr^fk,46,34,100
GEr^fs,39,40,101
GEr^fw,45,35,100
GEr^f{,47,48,95
GEr^uw,75,28,101
GEr^vo,40,44,96
GEr^vs,43,44,103
GEr^vw,48,46,96
GEr^v{,49,54,97
GEr^~{,53,64,93
GErtr[,21,11,104
GErtrw,22,12,102
GErtu{,41,38,101
GErtv[,18,19,107
GErtvk,26,19,99
GErtvw,20,19,105
GErtv{,21,29,102
GErt}{,46,47,97
GErt~w,23,30,99
GErt~{,26,36,98
GEru}{,81,40,95
GEru~s,46,48,96
GEru~w,46,47,97
GEru~{,49,56,95
GErv\{,21,27,104
GErv]{,41,49,100
GErv^{,20,36,104
GErvek,60,36,125
GErvfK,39,58,124
GErvf[,18,24,102
GErvfg,45,50,126
GErvfk,46,35,99
GErvfw,27,20,97
GErvf{,27,29,96
GErvl{,32,24,96
GErvm{,50,40,100
GErvn[,22,28,102
GErvnk,49,37,104
GErvn{,33,33,94
GErvvW,18,21,105
GErvv[,19,29,104
GErvvk,29,29,94
GErvvs,25,26,101
GErvvw,23,33,96
GErvv{,24,39,97
GErv~{,27,46,95
GEr~u{,52,56,92
GEr~vk,26,40,94
GEr~vw,29,43,88
GEr~v{,29,49,90
GEr~~{,30,57,89
GEu|z{,26,40,94
GEu|~w,35,39,86
GEu|~{,39,45,84
GEu~n[,27,41,92
GEu~nk,27,40,93
GEu~nw,28,43,89
GEu~n{,29,51,88
GEu~vs,31,36,93
GEu~vw,29,41,90
GEu~v{,30,49,89
GEu~~{,33,58,85
GEv\|{,55,48,97
GEv\~s,50,56,94
GEv\~w,51,52,97
GEv\~{,54,62,94
GEv]|{,83,46,99
GEv]~w,84,44,100
GEv]~{,90,50,100
GEv^vs,48,52,100
GEv^vw,53,54,93
GEv^v{,53,65,92
GEv^~{,58,72,90
GEvv]{,48,57,95
GEvv^w,29,43,88
GEvv^{,30,50,88
GEvvn[,26,41,93
GEvvnk,35,33,92
GEvvnw,26,41,93
GEvvn{,29,49,90
GEvvvs,33,41,86
GEvvvw,31,44,85
GEvvv{,32,52,84
GEvv~{,33,61,82
GEv~t{,32,52,84
GEv~u{,57,64,89
GEv~vk,32,55,81
GEv~vw,37,53,78
GEv~v{,37,61,78
GEv~~{,38,69,77
GEzTj{,23,20,101
GEzTlk,39,2,95
GEzTls,31,8,97
GEzTlw,28,8,100
GEzTl{,33,19,92
GEzTms,41,26,103
GEzTmw,46,14,110
GEzTm{,47,32,101
GEzTnc,29,8,99
GEzTng,30,5,101
GEzTnk,32,16,96
GEzTns,23,19,102
GEzTnw,27,14,103
GEzTn{,28,29,95
GEzTz{,25,31,96
GEzT|{,38,28,86
GEzT}{,50,45,95
GEzT~k,30,32,90
GEzT~w,29,35,88
GEzT~{,32,40,88
GEzU}{,81,34,101
GEzU~o,42,36,102
GEzU~w,47,45,98
GEzU~{,52,54,94
GEzVm{,51,43,96
GEzVnk,39,26,87
GEzVnw,32,30,90
GEzVn{,33,40,87
GEzVt{,27,33,92
GEzVu{,44,45,101
GEzVv[,23,35,94
GEzVvk,26,29,97
GEzVvs,32,30,90
GEzVvw,27,33,92
GEzVv{,28,42,90
GEzV~w,34,44,82
GEzV~{,35,50,83
GEzf]w,30,24,90
GEzf]{,31,29,92
GEzf^[,45,42,103
GEzf^w,23,31,98
GEzf^{,26,37,97
GEzft{,23,13,78
GEzfu{,27,26,99
GEzfv[,24,28,100
GEzfvk,19,13,82
GEzfvs,28,22,102
GEzfvw,19,13,82
GEzfv{,22,16,82
GEzf~w,20,16,84
GEzf~{,21,20,85
GEzn^[,48,24,88
GEzn^w,25,29,86
GEzn^{,30,31,86
GEzn`{,26,24,76
GEznc{,30,43,107
GEzndw,23,9,76
GEznd{,26,15,73
GEzne[,32,22,90
GEznes,29,23,92
GEzne{,30,33,89
GEznfS,25,24,95
GEznfW,32,15,79
GEznf[,27,24,82
GEznfc,28,10,70
GEznfo,23,11,74
GEznfs,23,13,78
GEznfw,24,14,76
GEznf{,25,18,77
GEznvk,20,17,83
GEznvs,22,16,82
GEznvw,20,19,81
GEznv{,21,24,81
GEzn~{,24,30,78
GEzvek,39,16,89
GEzvew,27,17,100
GEzvfK,22,23,99
GEzvf[,19,12,83
GEzvfk,30,31,91
GEzvfw,21,16,77
GEzvf{,20,20,80
GEzvnk,32,27,81
GEzvnw,20,20,80
GEzvn{,23,25,78
GEzvvs,22,19,79
GEzvvw,20,20,80
GEzvv{,21,25,80
GEzv~{,22,32,78
GEz~v[,23,26,77
GEz~vk,21,28,77
GEz~v{,22,34,76
GEz~~{,23,40,75
GE~vv[,22,29,75
GE~vvs,31,23,72
GE~vv{,27,33,72
GE~v~{,27,40,71
GE~~~{,28,48,68
GFzfuw,19,17,78
GFzfu{,28,18,74
GFzfvk,24,18,78
GFzfvo,27,39,86
GFzfvs,35,39,86
GFzfvw,20,19,81
GFzfv{,25,21,80
GFzf~w,21,21,21
GFzf~{,22,22,22
GFzvS{,26,32,56
GFzvUw,24,15,75
GFzvU{,28,22,70
GFzvVg,31,15,49
GFzvVo,23,19,72
GFzvVw,25,18,57
GFzvV{,25,19,40
GFzvnk,39,27,60
GFzvnw,23,21,61
GFzvn{,28,22,60
GFzvu{,25,27,74
GFzvvW,20,15,45
GFzvvw,21,20,43
GFzvv{,22,22,44
GFzv~{,24,23,45
GFz~u{,26,36,70
GFz~vw,23,21,44
GFz~v{,23,23,23
GFz~~{,24,24,24
GF~~~{,25,25,25
GQhTUg,54,0,6
GQhTVO,68,0,76
GQhTVS,74,0,4
GQhTV_,53,2,114
GQhTVg,52,0,18
GQhTVo,51,1,88
GQhTVs,59,1,30
GQhTVw,48,0,27
GQhTV{,52,0,28
GQhVTk,39,6,75
GQhVTs,70,0,20
GQhVTw,41,0,34
GQhVT{,42,4,34
GQhVUg,50,0,20
GQhVUk,47,3,25
GQhVVS,74,2,14
GQhVV_,46,12,124
GQhVVc,50,7,93
GQhVVg,43,0,32
GQhVVk,40,3,37
GQhVVo,49,10,91
GQhVVs,59,3,34
GQhVVw,42,0,38
GQhVV{,43,4,38
GQhVe[,33,3,84
GQhVeo,37,19,126
GQhVes,38,10,102
GQhVfW,36,3,81
GQhVf[,33,7,88
GQhVf_,52,26,104
GQhVfc,52,6,137
GQhVfo,44,24,127
GQhVfs,43,16,101
GQhVfw,36,12,80
GQhVf{,37,17,82
GQhVvW,34,0,46
GQhVv[,35,2,48
GQhVvg,36,0,44
GQhVvk,33,2,50
GQhVvo,44,19,97
GQhVvs,49,6,47
GQhVvw,36,1,48
GQhVv{,37,3,50
GQhV~w,36,0,36
GQhV~{,37,2,37
GQil^W,90,0,78
GQil^[,95,5,5
GQil^w,72,8,22
GQil^{,73,10,25
GQinTs,65,2,93
GQinTw,67,1,92
GQinT{,68,10,92
GQinVS,85,18,137
GQinV[,84,12,96
GQinVc,54,14,92
GQinVk,56,21,93
GQinVs,54,20,96
GQinVw,57,24,89
GQinV{,60,31,89
GQin\{,74,11,23
GQin^[,90,10,19
GQin^w,59,8,41
GQin^{,64,15,35
GQinv[,61,12,35
GQinvk,36,10,44
GQinvs,43,6,41
GQinvw,40,9,41
GQinv{,41,11,43
GQin~w,47,8,40
GQin~{,48,11,41
GQjRa[,35,3,102
GQjRak,55,6,79
GQjRaw,40,1,71
GQjRa{,37,3,80
GQjRbW,36,0,104
GQjRbg,52,9,121
GQjRbw,33,3,84
GQjRc[,39,3,98
GQjRdK,45,15,122
GQjRdW,43,0,69
GQjRd[,41,4,75
GQjReK,46,5,117
GQjReW,40,2,70
GQjRe[,33,2,85
GQjReg,48,12,122
GQjRek,55,9,86
GQjReo,35,3,102
GQjRew,38,0,82
GQjRe{,34,5,89
GQjRfG,43,14,125
GQjRfK,39,12,99
GQjRfO,38,7,95
GQjRfW,37,4,79
GQjRf[,34,5,89
GQjRf_,39,28,115
GQjRfg,44,18,133
GQjRfk,45,16,99
GQjRfo,38,10,102
GQjRfw,36,9,83
GQjRf{,37,15,84
GQjRro,29,0,106
GQjRrs,33,0,47
GQjRug,39,0,36
GQjRuk,36,4,40
GQjRvG,37,0,83
GQjRvK,30,3,95
GQjRvS,34,2,44
GQjRv_,32,4,114
GQjRvc,32,2,94
GQjRvg,32,0,48
GQjRvk,30,1,54
GQjRvo,29,5,94
GQjRvs,31,3,51
GQjRvw,31,0,37
GQjRv{,32,0,40
GQjUj[,39,10,79
GQjUj{,39,6,40
GQjUl[,48,4,28
GQjUmk,73,6,17
GQjUn[,40,8,37
GQjUnk,61,8,33
GQjUno,44,1,35
GQjUnw,39,6,40
GQjUn{,42,9,39
GQjVMs,31,8,89
GQjVM{,35,15,86
GQjVNK,53,17,138
GQjVNc,40,17,103
GQjVNg,43,35,130
GQjVNk,45,25,100
GQjVNo,34,10,84
GQjVNs,33,14,89
GQjVNw,31,18,87
GQjVN{,36,23,85
GQjVRW,47,23,125
GQjVRg,39,0,36
GQjVRw,38,0,42
GQjVTs,41,6,33
GQjVUk,41,4,35
GQjVVK,44,18,98
GQjVVS,62,4,30
GQjVVW,46,18,96
GQjVV[,50,11,41
GQjVVc,36,8,84
GQjVVg,36,1,43
GQjVVk,34,2,49
GQjVVo,33,7,88
GQjVVs,36,5,44
GQjVVw,35,1,49
GQjVV{,37,2,51
GQjVb[,30,6,92
GQjVbw,30,4,94
GQjVb{,31,11,94
GQjVek,53,16,91
GQjVes,32,8,88
GQjVe{,31,12,93
GQjVfW,34,5,89
GQjVf[,31,13,92
GQjVfc,43,29,136
GQjVfg,44,35,129
GQjVfk,43,23,104
GQjVfs,35,14,87
GQjVfw,32,15,89
GQjVf{,33,22,89
GQjVm{,34,11,45
GQjVn[,32,9,49
GQjVnk,48,13,47
GQjVnw,33,4,53
GQjVn{,34,8,53
GQjVrw,31,0,37
GQjVr{,32,1,39
GQjVv[,32,5,53
GQjVvk,32,4,54
GQjVvs,34,3,53
GQjVvw,32,0,40
GQjVv{,33,1,42
GQjV~w,33,0,43
GQjV~{,34,2,44
GQjdm[,45,13,102
GQjdmk,42,18,100
GQjdm{,31,12,93
GQjdn[,51,17,102
GQjdnk,47,22,101
GQjdnw,31,12,93
GQjdn{,38,17,89
GQjdq{,35,6,87
GQjdtk,43,9,108
GQjdts,58,0,86
GQjdt{,54,8,91
GQjdu{,33,11,92
GQjdvW,53,6,101
GQjdv[,56,18,96
GQjdvg,36,8,84
GQjdvk,33,12,91
GQjdvo,34,6,88
GQjdvs,39,13,84
GQjdvw,35,10,91
GQjdv{,39,18,87
GQjd|{,57,16,89
GQjd}{,31,20,93
GQjd~[,55,29,96
GQjd~k,37,21,86
GQjd~s,34,22,88
GQjd~w,38,17,89
GQjd~{,39,29,84
GQjez{,27,19,98
GQje}{,33,16,95
GQje~[,46,32,102
GQje~s,28,21,95
GQje~w,30,20,94
GQje~{,31,28,93
GQjfK{,49,25,134
GQjfLk,59,12,137
GQjfL{,53,38,130
GQjfM{,45,42,134
GQjfNK,93,42,150
GQjfN[,81,37,138
GQjfNk,59,27,135
GQjfNw,47,43,131
GQjfN{,52,55,127
GQjf^[,80,24,100
GQjf^w,50,33,97
GQjf^{,54,42,94
GQjfm{,32,20,92
GQjfn[,49,32,99
GQjfnk,48,30,102
GQjfns,29,24,91
GQjfnw,35,23,86
GQjfn{,37,29,86
GQjfv[,50,35,95
GQjfvs,33,22,89
GQjfvw,30,24,90
GQjfv{,31,30,91
GQjf~w,35,32,85
GQjf~{,36,38,86
GQjlt[,65,0,37
GQjlvK,52,11,107
GQjlvW,52,3,47
GQjlv[,56,9,43
GQjlvg,33,5,47
GQjlvk,32,6,52
GQjlvo,31,6,82
GQjlvw,35,5,50
GQjlv{,39,5,51
GQjl~{,40,21,39
GQjnT[,84,10,98
GQjnTk,53,18,99
GQjnTw,53,14,103
GQjnT{,56,29,95
GQjnVK,78,16,98
GQjnV[,81,22,101
GQjnVg,46,28,96
GQjnVk,46,34,100
GQjnVw,53,34,93
GQjnV{,54,42,94
GQjn\{,61,21,32
GQjn^[,87,15,24
GQjn^w,54,16,44
GQjn^{,59,21,40
GQjna{,35,2,48
GQjnd[,60,6,36
GQjndk,39,12,85
GQjndw,37,3,45
GQjnd{,36,10,44
GQjnek,35,3,47
GQjnew,29,2,54
GQjne{,31,4,55
GQjnfK,47,23,100
GQjnfW,51,9,42
GQjnf[,49,14,45
GQjnfc,37,4,44
GQjnfg,33,14,89
GQjnfk,35,7,48
GQjnfs,32,6,52
GQjnfw,33,4,53
GQjnf{,35,6,54
GQjnt{,39,12,44
GQjnvs,35,7,53
GQjnvw,36,8,51
GQjnv{,37,9,54
GQjn~{,38,19,48
GQjur[,26,8,102
GQjurk,31,1,53
GQjurw,26,0,42
GQjur{,27,0,45
GQjut[,35,8,42
GQjuuk,33,5,47
GQjuuw,26,13,97
GQjuvK,30,11,95
GQjuv[,27,6,57
GQjuvg,31,2,52
GQjuvk,28,6,56
GQjuvo,26,5,71
GQjuvw,27,1,44
GQjuv{,28,0,48
GQjuz{,28,3,45
GQju~[,28,10,57
GQju~w,28,1,47
GQju~{,29,3,48
GQjv\{,33,18,44
GQjv^[,50,19,45
GQjv^s,31,11,53
GQjv^w,31,7,57
GQjv^{,32,14,54
GQjva{,30,16,90
GQjvd[,39,18,79
GQjve[,29,14,93
GQjvek,43,28,99
GQjve{,27,21,96
GQjvfK,43,26,101
GQjvf[,30,25,89
GQjvfg,43,51,127
GQjvfk,42,36,102
GQjvfw,31,26,87
GQjvf{,30,35,87
GQjvm{,31,7,57
GQjvn[,34,12,49
GQjvnk,47,14,53
GQjvn{,34,11,55
GQjvvk,31,11,53
GQjvvs,31,0,45
GQjvvw,29,1,46
GQjvv{,30,1,49
GQjv~{,31,4,49
GQj~v[,37,16,47
GQj~vk,30,2,48
GQj~vw,33,1,46
GQj~v{,33,2,49
GQj~~{,34,6,48
GQyurg,32,0,32
GQyurw,25,0,43
GQyus{,29,11,96
GQyuuk,28,2,55
GQyuu{,26,7,57
GQyuvg,29,0,39
GQyuvk,26,0,46
GQyuvs,28,7,55
GQyuvw,26,0,46
GQyuv{,27,0,49
GQyuzw,22,0,50
GQyuz{,23,1,52
GQyu}{,26,8,61
GQyu~[,25,11,59
GQyu~s,23,2,51
GQyu~w,23,0,53
GQyu~{,24,1,55
GQyvTw,32,1,52
GQyvV[,50,10,48
GQyvVo,31,6,99
GQyvVs,34,6,50
GQyvVw,28,3,59
GQyvV{,33,4,58
GQyv\{,34,16,45
GQyv^[,51,17,46
GQyv^w,29,7,59
GQyv^{,30,15,55
GQyves,26,9,101
GQyvew,21,3,78
GQyve{,22,7,79
GQyvfW,29,4,86
GQyvf[,25,13,88
GQyvfc,29,29,112
GQyvfo,26,27,117
GQyvfs,26,19,99
GQyvfw,23,10,75
GQyvf{,24,13,77
GQyvt{,26,13,56
GQyvv[,29,12,54
GQyvvk,24,1,51
GQyvvs,29,11,55
GQyvvw,24,0,52
GQyvv{,25,2,53
GQyv~w,25,0,55
GQyv~{,26,2,56
GQy}z{,24,6,50
GQy}}{,27,16,57
GQy}~[,28,17,55
GQy}~s,24,4,52
GQy}~w,24,5,51
GQy}~{,25,8,51
GQy~a{,27,0,45
GQy~d[,38,4,48
GQy~e[,28,19,97
GQy~es,26,0,46
GQy~ew,22,0,50
GQy~e{,23,0,53
GQy~fS,28,3,59
GQy~fW,32,4,54
GQy~f[,29,13,53
GQy~fc,28,0,44
GQy~fs,24,1,51
GQy~fw,24,2,50
GQy~f{,25,0,55
GQy~vk,25,1,54
GQy~vs,27,4,49
GQy~vw,25,4,51
GQy~v{,26,5,53
GQy~~{,27,11,50
GQzTrg,40,0,24
GQzTus,34,14,88
GQzTuw,33,3,49
GQzTu{,30,6,54
GQzTvW,30,0,55
GQzTvg,33,0,35
GQzTvs,31,7,52
GQzTvw,30,0,42
GQzTv{,31,0,45
GQzV]w,36,6,48
GQzV]{,33,16,46
GQzV^[,47,18,49
GQzV^w,30,9,56
GQzV^{,31,15,54
GQzVr{,27,3,46
GQzVt{,27,3,46
GQzVu{,28,12,55
GQzVv[,29,12,54
GQzVvg,30,0,42
GQzVvk,27,1,48
GQzVvs,31,10,54
GQzVvw,27,0,49
GQzVv{,28,2,50
GQzV~w,28,0,52
GQzV~{,29,2,53
GQz^`{,22,7,79
GQz^b[,24,23,97
GQz^d[,30,5,55
GQz^ds,26,0,46
GQz^d{,23,1,52
GQz^e[,32,21,91
GQz^es,24,24,96
GQz^fS,28,5,57
GQz^f[,26,13,56
GQz^fc,27,0,45
GQz^fo,22,9,77
GQz^fs,23,1,52
GQz^fw,23,2,51
GQz^f{,24,0,56
GQz^vk,24,1,55
GQz^vs,26,3,51
GQz^vw,24,3,53
GQz^v{,25,4,55
GQz^~{,26,9,53
GQzl|{,39,24,37
GQzl~s,30,19,51
GQzl~w,32,18,50
GQzl~{,33,24,48
GQzm}{,34,20,46
GQzm~s,27,18,55
GQzm~w,29,16,55
GQzm~{,30,21,54
GQzn\{,56,24,40
GQzn]{,48,23,49
GQzn^[,87,20,26
GQzn^w,52,24,44
GQzn^{,57,27,42
GQznvk,31,12,57
GQznvs,30,16,54
GQznvw,31,19,50
GQznv{,32,21,52
GQzn~{,35,27,48
GQzvTw,29,6,55
GQzvUw,31,7,52
GQzvVS,53,9,46
GQzvVW,48,37,95
GQzvV[,51,18,45
GQzvVg,35,7,48
GQzvVo,31,15,80
GQzvVs,34,9,52
GQzvVw,31,10,54
GQzvV{,36,11,53
GQzvnk,34,10,56
GQzvnw,25,2,53
GQzvn{,28,2,54
GQzvvg,29,0,47
GQzvvs,27,2,51
GQzvvw,25,1,54
GQzvv{,26,2,56
GQzv~{,27,4,57
GQz~t{,26,9,49
GQz~u{,25,7,52
GQz~v[,34,24,47
GQz~vk,26,2,56
GQz~vw,27,5,52
GQz~v{,27,7,54
GQz~~{,28,11,53
GQ~vvg,28,0,32
GQ~vvs,31,2,51
GQ~vvw,25,2,36
GQ~vv{,27,0,39
GQ~v~w,26,0,40
GQ~v~{,27,1,41
GQ~~~{,28,6,38
GTm|~w,90,25,25
GTm|~{,96,24,27
GTm~vs,51,26,49
GTm~vw,57,27,42
GTm~v{,58,33,41
GTm~~{,63,34,41
GTnvnk,39,18,48
GTnvn{,33,23,54
GTnvvk,30,19,56
GTnvvs,35,23,47
GTnvvw,33,22,50
GTnvv{,34,27,49
GTnv~{,35,33,47
GTn~~{,42,33,45
GTzn~{,27,14,51
GTzv^[,28,23,54
GTzv^{,24,10,54
GTzvn[,25,8,51
GTzvn{,26,12,50
GTzvv[,23,7,54
GTzvvk,23,9,52
GTzvvs,25,8,51
GTzvvw,23,5,56
GTzvv{,24,8,56
GTzv~{,25,13,54
GTz~v[,26,12,50
GTz~vk,24,11,53
GTz~vw,25,11,52
GTz~v{,25,15,52
GTz~~{,26,19,51
GT~~~{,31,24,45
GUZurw,18,0,54
GUZuuk,33,2,55
GUZuvK,23,16,105
GUZuvW,22,0,50
GUZuv[,19,0,57
GUZuvk,25,13,57
GUZuvo,18,5,85
GUZuvw,19,1,56
GUZuv{,20,0,60
GUZu~[,20,5,55
GUZu~w,20,3,57
GUZu~{,21,7,56
GUZv\{,20,7,53
GUZv^w,20,2,58
GUZv^{,21,5,58
GUZvb[,22,22,100
GUZvd[,27,22,95
GUZve[,22,20,102
GUZvek,47,28,105
GUZve{,28,29,95
GUZvfK,43,38,99
GUZvf[,23,31,98
GUZvfg,48,63,123
GUZvfk,49,42,99
GUZvfo,21,34,107
GUZvfw,26,30,96
GUZvf{,29,39,92
GUZvm{,28,20,52
GUZvn[,25,17,58
GUZvnk,52,22,46
GUZvnw,26,18,56
GUZvn{,29,22,54
GUZvvW,19,0,57
GUZvvg,30,10,55
GUZvvo,19,10,85
GUZvvs,22,0,58
GUZvvw,20,1,59
GUZvv{,21,1,62
GUZv~{,22,6,60
GUZ~vk,21,4,59
GUZ~vw,22,0,41
GUZ~v{,22,0,44
GUZ~~{,23,3,43
GUxvuw,19,0,57
GUxvu{,20,5,55
GUxvv[,20,5,55
GUxvvg,23,0,53
GUxvvk,20,3,57
GUxvvo,28,33,91
GUxvvs,28,19,53
GUxvvw,20,0,60
GUxvv{,21,3,60
GUxv~w,21,0,42
GUxv~{,22,1,43
GUz]}{,53,31,42
GUz]~{,30,30,50
GUz^u{,27,24,54
GUz^vs,23,5,56
GUz^vw,21,4,59
GUz^v{,22,6,60
GUz^~{,23,13,56
GUzrvW,19,0,57
GUzrvg,24,0,52
GUzrvo,19,15,80
GUzrvw,20,2,58
GUzrv{,21,0,42
GUzv]{,21,8,55
GUzv^[,29,26,50
GUzv^{,22,9,57
GUzvrw,20,0,40
GUzvv[,21,7,56
GUzvvk,21,6,57
GUzvvw,21,2,40
GUzvv{,22,2,42
GUzv~{,23,3,43
GUz~u{,22,11,55
GUz~vk,22,2,42
GUz~vw,23,2,41
GUz~v{,23,2,44
GUz~~{,24,5,43
GU~vvs,28,9,51
GU~vvw,22,4,40
GU~vv{,24,2,43
GU~v~{,24,3,45
GU~~~{,25,8,42
GV~~~{,27,10,41
G]y~~{,26,1,45
G]zl|{,34,9,45
G]zl~{,30,12,50
G]zn\{,41,22,47
G]zn^[,62,30,40
G]zn^w,34,30,46
G]zn^{,41,28,46
G]zn~{,30,18,48
G]z~~{,26,3,46
G]~vv[,25,0,44
G]~vvs,29,16,47
G]~vvw,23,2,44
G]~vv{,25,0,47
G]~v~w,24,0,24
G]~v~{,25,0,25
G]~~~{,26,0,26
G^~~~{,27,0,27
G~~~~{,28,0,0
