F??Fw,[7],0,0,0
F??Fw,[6 7],0,0,0
F??Fw,[5 6 7],0,0,0
F??Fw,[4 5 6 7],0,0,0
F??Fw,[3 4 5 6 7],0,0,0
F??Fw,[2 3 4 5 6 7],0,0,0
F?AFo,[7],0,0,0
F?AFo,[2 7],0,0,0
F?AFo,[3 7],0,0,0
F?AFo,[4 7],0,0,0
F?AFo,[5 7],0,0,0
F?AFo,[6 7],0,0,0
F?AFo,[2 6 7],0,0,0
F?AFo,[3 6 7],0,0,0
F?AFo,[4 5 7],0,0,0
F?AFo,[4 6 7],0,0,0
F?AFo,[5 6 7],0,0,0
F?AFo,[2 5 6 7],0,0,0
F?AFo,[3 4 5 7],0,0,0
F?AFo,[3 4 6 7],0,0,0
F?AFo,[3 5 6 7],0,0,0
F?AFo,[4 5 6 7],0,0,0
F?AFo,[2 3 4 5 7],0,0,0
F?AFo,[2 3 4 6 7],0,0,0
F?AFo,[2 3 5 6 7],0,0,0
F?AFo,[2 4 5 6 7],0,0,0
F?AFo,[3 4 5 6 7],0,0,0
F?AFw,[7],3,0,0
F?AFw,[5 7],1,0,2
F?AFw,[6 7],1,0,2
F?AFw,[4 5 7],1,2,0
F?AFw,[4 6 7],1,0,2
F?AFw,[5 6 7],2,1,0
F?AFw,[3 4 5 7],1,2,0
F?AFw,[3 4 6 7],1,2,0
F?AFw,[3 5 6 7],1,0,2
F?AFw,[4 5 6 7],2,0,1
F?AFw,[2 3 4 5 7],1,2,0
F?AFw,[2 3 4 6 7],1,2,0
F?AFw,[2 3 5 6 7],1,2,0
F?AFw,[2 4 5 6 7],1,0,2
F?AFw,[3 4 5 6 7],0,2,1
F?B@w,[7],0,0,0
F?B@w,[3 7],0,0,0
F?B@w,[4 7],0,0,0
F?B@w,[5 7],0,0,0
F?B@w,[6 7],0,0,0
F?B@w,[2 3 7],0,0,0
F?B@w,[2 4 7],0,0,0
F?B@w,[2 5 7],0,0,0
F?B@w,[2 6 7],0,0,0
F?B@w,[3 4 7],0,0,0
F?B@w,[3 5 7],0,0,0
F?B@w,[3 6 7],0,0,0
F?B@w,[4 5 7],0,0,0
F?B@w,[4 6 7],0,0,0
F?B@w,[5 6 7],0,0,0
F?B@w,[2 3 4 7],0,0,0
F?B@w,[2 3 5 7],0,0,0
F?B@w,[2 3 6 7],0,0,0
F?B@w,[2 4 5 7],0,0,0
F?B@w,[2 4 6 7],0,0,0
F?B@w,[2 5 6 7],0,0,0
F?B@w,[3 4 5 7],0,0,0
F?B@w,[3 4 6 7],0,0,0
F?B@w,[3 5 6 7],0,0,0
F?B@w,[4 5 6 7],0,0,0
F?B@w,[2 3 4 6 7],0,0,0
F?B@w,[2 3 5 6 7],0,0,0
F?B@w,[2 4 5 6 7],0,0,0
F?B@w,[3 4 5 6 7],0,0,0
F?BDo,[7],0,0,0
F?BDo,[2 7],0,0,0
F?BDo,[3 7],0,0,0
F?BDo,[4 7],0,0,0
F?BDo,[5 7],0,0,0
F?BDo,[6 7],0,0,0
F?BDo,[2 6 7],0,0,0
F?BDo,[3 4 7],0,0,0
F?BDo,[3 5 7],0,0,0
F?BDo,[3 6 7],0,0,0
F?BDo,[4 5 7],0,0,0
F?BDo,[4 6 7],0,0,0
F?BDo,[5 6 7],0,0,0
F?BDo,[2 3 4 7],0,0,0
F?BDo,[2 3 5 7],0,0,0
F?BDo,[2 3 6 7],0,0,0
F?BDo,[2 4 5 7],0,0,0
F?BDo,[2 4 6 7],0,0,0
F?BDo,[2 5 6 7],0,0,0
F?BDo,[3 4 5 7],0,0,0
F?BDo,[3 4 6 7],0,0,0
F?BDo,[3 5 6 7],0,0,0
F?BDo,[4 5 6 7],0,0,0
F?BDo,[2 3 4 6 7],0,0,0
F?BDo,[2 3 5 6 7],0,0,0
F?BDo,[2 4 5 6 7],0,0,0
F?BDo,[3 4 5 6 7],0,0,0
F?BDw,[7],3,0,0
F?BDw,[2 7],1,2,0
F?BDw,[3 7],1,1,1
F?BDw,[4 7],2,0,1
F?BDw,[5 7],2,0,1
F?BDw,[6 7],2,0,1
F?BDw,[2 6 7],0,2,1
F?BDw,[3 4 7],1,1,1
F?BDw,[3 5 7],1,1,1
F?BDw,[3 6 7],1,0,2
F?BDw,[4 5 7],1,1,1
F?BDw,[4 6 7],1,0,2
F?BDw,[5 6 7],1,1,1
F?BDw,[2 3 4 7],1,2,0
F?BDw,[2 3 5 7],1,2,0
F?BDw,[2 3 6 7],1,1,1
F?BDw,[2 4 5 7],1,2,0
F?BDw,[2 4 6 7],1,1,1
F?BDw,[2 5 6 7],1,1,1
F?BDw,[3 4 5 7],0,3,0
F?BDw,[3 4 6 7],1,1,1
F?BDw,[3 5 6 7],1,0,2
F?BDw,[4 5 6 7],1,1,1
F?BDw,[2 3 4 6 7],0,2,1
F?BDw,[2 3 5 6 7],0,1,2
F?BDw,[2 4 5 6 7],0,1,2
F?BDw,[3 4 5 6 7],0,2,1
F?BFo,[7],4,0,0
F?BFo,[3 7],0,0,4
F?BFo,[4 7],0,0,4
F?BFo,[5 7],0,2,2
F?BFo,[6 7],2,0,2
F?BFo,[3 4 7],2,2,0
F?BFo,[3 5 7],2,2,0
F?BFo,[3 6 7],2,0,2
F?BFo,[4 5 7],2,2,0
F?BFo,[4 6 7],2,0,2
F?BFo,[5 6 7],4,0,0
F?BFo,[2 3 4 7],2,2,0
F?BFo,[2 3 5 7],2,2,0
F?BFo,[2 3 6 7],2,2,0
F?BFo,[2 4 5 7],2,2,0
F?BFo,[2 4 6 7],2,2,0
F?BFo,[2 5 6 7],2,0,2
F?BFo,[3 4 5 7],0,4,0
F?BFo,[3 4 6 7],2,2,0
F?BFo,[3 5 6 7],0,2,2
F?BFo,[4 5 6 7],2,0,2
F?BFo,[2 3 4 6 7],0,2,2
F?BFo,[2 3 5 6 7],0,2,2
F?BFo,[2 4 5 6 7],0,0,4
F?BFo,[3 4 5 6 7],0,2,2
F?BFw,[7],5,0,0
F?BFw,[4 7],2,0,3
F?BFw,[5 7],2,0,3
F?BFw,[6 7],2,0,3
F?BFw,[3 4 7],2,3,0
F?BFw,[3 5 7],2,3,0
F?BFw,[3 6 7],2,0,3
F?BFw,[4 5 7],2,3,0
F?BFw,[4 6 7],2,0,3
F?BFw,[5 6 7],3,2,0
F?BFw,[2 3 4 7],2,3,0
F?BFw,[2 3 5 7],2,3,0
F?BFw,[2 3 6 7],2,3,0
F?BFw,[2 4 5 7],2,3,0
F?BFw,[2 4 6 7],2,3,0
F?BFw,[2 5 6 7],2,1,2
F?BFw,[3 4 5 7],0,5,0
F?BFw,[3 4 6 7],2,3,0
F?BFw,[3 5 6 7],2,0,3
F?BFw,[4 5 6 7],2,1,2
F?BFw,[2 3 4 6 7],0,3,2
F?BFw,[2 3 5 6 7],0,3,2
F?BFw,[2 4 5 6 7],0,1,4
F?BFw,[3 4 5 6 7],0,3,2
F?Bco,[7],0,0,0
F?Bco,[3 7],0,0,0
F?Bco,[4 7],0,0,0
F?Bco,[5 7],0,0,0
F?Bco,[6 7],0,0,0
F?Bco,[2 3 7],0,0,0
F?Bco,[2 4 7],0,0,0
F?Bco,[2 5 7],0,0,0
F?Bco,[2 6 7],0,0,0
F?Bco,[3 4 7],0,0,0
F?Bco,[3 5 7],0,0,0
F?Bco,[3 6 7],0,0,0
F?Bco,[4 5 7],0,0,0
F?Bco,[4 6 7],0,0,0
F?Bco,[5 6 7],0,0,0
F?Bco,[2 3 6 7],0,0,0
F?Bco,[2 4 6 7],0,0,0
F?Bco,[2 5 6 7],0,0,0
F?Bco,[3 4 6 7],0,0,0
F?Bco,[3 5 6 7],0,0,0
F?Bco,[4 5 6 7],0,0,0
F?Bco,[2 3 5 6 7],0,0,0
F?Bco,[2 4 5 6 7],0,0,0
F?Bco,[3 4 5 6 7],0,0,0
F?Bcw,[7],3,0,0
F?Bcw,[3 7],2,1,0
F?Bcw,[4 7],2,0,1
F?Bcw,[5 7],2,0,1
F?Bcw,[6 7],2,0,1
F?Bcw,[2 3 7],2,1,0
F?Bcw,[2 4 7],2,1,0
F?Bcw,[2 5 7],2,1,0
F?Bcw,[2 6 7],2,1,0
F?Bcw,[3 4 7],2,1,0
F?Bcw,[3 5 7],2,1,0
F?Bcw,[3 6 7],2,1,0
F?Bcw,[4 5 7],0,3,0
F?Bcw,[4 6 7],2,0,1
F?Bcw,[5 6 7],2,1,0
F?Bcw,[2 3 6 7],0,1,2
F?Bcw,[2 4 6 7],0,1,2
F?Bcw,[2 5 6 7],0,1,2
F?Bcw,[3 4 6 7],0,1,2
F?Bcw,[3 5 6 7],0,1,2
F?Bcw,[4 5 6 7],0,1,2
F?Bcw,[2 3 5 6 7],0,1,2
F?Bcw,[2 4 5 6 7],0,1,2
F?Bcw,[3 4 5 6 7],0,3,0
F?Beo,[7],4,0,0
F?Beo,[2 7],2,2,0
F?Beo,[3 7],2,2,0
F?Beo,[4 7],2,2,0
F?Beo,[5 7],0,4,0
F?Beo,[6 7],4,0,0
F?Beo,[2 3 7],2,0,2
F?Beo,[2 4 7],2,0,2
F?Beo,[2 5 7],2,0,2
F?Beo,[2 6 7],2,0,2
F?Beo,[3 4 7],2,0,2
F?Beo,[3 5 7],2,0,2
F?Beo,[3 6 7],2,0,2
F?Beo,[4 5 7],0,2,2
F?Beo,[4 6 7],0,2,2
F?Beo,[5 6 7],2,0,2
F?Beo,[2 3 6 7],0,0,4
F?Beo,[2 4 6 7],0,0,4
F?Beo,[2 5 6 7],0,0,4
F?Beo,[3 4 6 7],0,0,4
F?Beo,[3 5 6 7],0,0,4
F?Beo,[4 5 6 7],2,0,2
F?Beo,[2 3 5 6 7],0,0,4
F?Beo,[2 4 5 6 7],0,0,4
F?Beo,[3 4 5 6 7],0,4,0
F?Bew,[7],5,0,0
F?Bew,[2 7],2,3,0
F?Bew,[3 7],4,1,0
F?Bew,[4 7],4,0,1
F?Bew,[5 7],4,0,1
F?Bew,[6 7],4,0,1
F?Bew,[2 3 7],2,1,2
F?Bew,[2 4 7],2,1,2
F?Bew,[2 5 7],2,1,2
F?Bew,[2 6 7],2,1,2
F?Bew,[3 4 7],2,1,2
F?Bew,[3 5 7],2,1,2
F?Bew,[3 6 7],2,1,2
F?Bew,[4 5 7],0,3,2
F?Bew,[4 6 7],2,0,3
F?Bew,[5 6 7],2,1,2
F?Bew,[2 3 6 7],0,1,4
F?Bew,[2 4 6 7],0,1,4
F?Bew,[2 5 6 7],0,1,4
F?Bew,[3 4 6 7],0,1,4
F?Bew,[3 5 6 7],0,1,4
F?Bew,[4 5 6 7],2,1,2
F?Bew,[2 3 5 6 7],0,1,4
F?Bew,[2 4 5 6 7],0,1,4
F?Bew,[3 4 5 6 7],0,5,0
F?Bfo,[7],6,0,0
F?Bfo,[3 7],0,3,3
F?Bfo,[4 7],0,3,3
F?Bfo,[5 7],0,3,3
F?Bfo,[6 7],3,0,3
F?Bfo,[2 3 7],3,3,0
F?Bfo,[2 4 7],3,3,0
F?Bfo,[2 5 7],3,3,0
F?Bfo,[2 6 7],3,0,3
F?Bfo,[3 4 7],3,3,0
F?Bfo,[3 5 7],3,3,0
F?Bfo,[3 6 7],3,0,3
F?Bfo,[4 5 7],0,6,0
F?Bfo,[4 6 7],0,3,3
F?Bfo,[5 6 7],6,0,0
F?Bfo,[2 3 6 7],0,3,3
F?Bfo,[2 4 6 7],0,3,3
F?Bfo,[2 5 6 7],0,0,6
F?Bfo,[3 4 6 7],0,3,3
F?Bfo,[3 5 6 7],0,0,6
F?Bfo,[4 5 6 7],3,0,3
F?Bfo,[2 3 5 6 7],0,3,3
F?Bfo,[2 4 5 6 7],0,0,6
F?Bfo,[3 4 5 6 7],0,6,0
F?Bfw,[7],7,0,0
F?Bfw,[3 7],3,1,3
F?Bfw,[4 7],3,0,4
F?Bfw,[5 7],3,0,4
F?Bfw,[6 7],3,0,4
F?Bfw,[2 3 7],3,4,0
F?Bfw,[2 4 7],3,4,0
F?Bfw,[2 5 7],3,4,0
F?Bfw,[2 6 7],3,1,3
F?Bfw,[3 4 7],3,4,0
F?Bfw,[3 5 7],3,4,0
F?Bfw,[3 6 7],3,1,3
F?Bfw,[4 5 7],0,7,0
F?Bfw,[4 6 7],3,0,4
F?Bfw,[5 6 7],6,1,0
F?Bfw,[2 3 6 7],0,4,3
F?Bfw,[2 4 6 7],0,4,3
F?Bfw,[2 5 6 7],0,1,6
F?Bfw,[3 4 6 7],0,4,3
F?Bfw,[3 5 6 7],0,1,6
F?Bfw,[4 5 6 7],3,1,3
F?Bfw,[2 3 5 6 7],0,4,3
F?Bfw,[2 4 5 6 7],0,1,6
F?Bfw,[3 4 5 6 7],0,7,0
F?BvO,[7],6,0,0
F?BvO,[2 7],6,0,0
F?BvO,[3 7],6,0,0
F?BvO,[4 7],6,0,0
F?BvO,[5 7],0,6,0
F?BvO,[6 7],6,0,0
F?BvO,[2 6 7],0,0,6
F?BvO,[3 6 7],0,0,6
F?BvO,[4 6 7],0,0,6
F?BvO,[5 6 7],0,0,6
F?BvO,[2 5 6 7],0,0,6
F?BvO,[3 5 6 7],0,0,6
F?BvO,[4 5 6 7],6,0,0
F?BvO,[2 4 5 6 7],0,0,6
F?BvO,[3 4 5 6 7],0,6,0
F?BvW,[7],7,0,0
F?BvW,[2 7],6,1,0
F?BvW,[3 7],6,1,0
F?BvW,[4 7],6,1,0
F?BvW,[5 7],6,0,1
F?BvW,[6 7],6,0,1
F?BvW,[2 6 7],0,1,6
F?BvW,[3 6 7],0,1,6
F?BvW,[4 6 7],0,1,6
F?BvW,[5 6 7],0,1,6
F?BvW,[2 5 6 7],0,1,6
F?BvW,[3 5 6 7],0,1,6
F?BvW,[4 5 6 7],6,1,0
F?BvW,[2 4 5 6 7],0,1,6
F?BvW,[3 4 5 6 7],0,7,0
F?Bvo,[7],8,0,0
F?Bvo,[2 7],4,0,4
F?Bvo,[3 7],4,0,4
F?Bvo,[4 7],4,0,4
F?Bvo,[5 7],0,4,4
F?Bvo,[6 7],4,0,4
F?Bvo,[2 6 7],0,0,8
F?Bvo,[3 6 7],0,0,8
F?Bvo,[4 6 7],0,0,8
F?Bvo,[5 6 7],4,0,4
F?Bvo,[2 5 6 7],0,0,8
F?Bvo,[3 5 6 7],0,0,8
F?Bvo,[4 5 6 7],8,0,0
F?Bvo,[2 4 5 6 7],0,0,8
F?Bvo,[3 4 5 6 7],0,8,0
F?Bvw,[7],9,0,0
F?Bvw,[2 7],4,1,4
F?Bvw,[3 7],4,1,4
F?Bvw,[4 7],4,1,4
F?Bvw,[5 7],4,0,5
F?Bvw,[6 7],4,0,5
F?Bvw,[2 6 7],0,1,8
F?Bvw,[3 6 7],0,1,8
F?Bvw,[4 6 7],0,1,8
F?Bvw,[5 6 7],4,1,4
F?Bvw,[2 5 6 7],0,1,8
F?Bvw,[3 5 6 7],0,1,8
F?Bvw,[4 5 6 7],8,1,0
F?Bvw,[2 4 5 6 7],0,1,8
F?Bvw,[3 4 5 6 7],0,9,0
F?B~o,[7],10,0,0
F?B~o,[6 7],0,0,10
F?B~o,[5 6 7],10,0,0
F?B~o,[4 5 6 7],10,0,0
F?B~o,[3 4 5 6 7],0,10,0
F?B~w,[7],11,0,0
F?B~w,[6 7],0,0,11
F?B~w,[5 6 7],10,1,0
F?B~w,[4 5 6 7],10,1,0
F?B~w,[3 4 5 6 7],0,11,0
F?`F_,[7],0,0,0
F?`F_,[2 7],0,0,0
F?`F_,[3 7],0,0,0
F?`F_,[4 7],0,0,0
F?`F_,[5 7],0,0,0
F?`F_,[6 7],0,0,0
F?`F_,[2 4 7],0,0,0
F?`F_,[2 5 7],0,0,0
F?`F_,[2 6 7],0,0,0
F?`F_,[3 4 7],0,0,0
F?`F_,[3 5 7],0,0,0
F?`F_,[3 6 7],0,0,0
F?`F_,[4 5 7],0,0,0
F?`F_,[4 6 7],0,0,0
F?`F_,[5 6 7],0,0,0
F?`F_,[2 3 5 7],0,0,0
F?`F_,[2 3 6 7],0,0,0
F?`F_,[2 4 5 7],0,0,0
F?`F_,[2 4 6 7],0,0,0
F?`F_,[2 5 6 7],0,0,0
F?`F_,[3 4 5 7],0,0,0
F?`F_,[3 4 6 7],0,0,0
F?`F_,[3 5 6 7],0,0,0
F?`F_,[4 5 6 7],0,0,0
F?`Fo,[7],3,0,0
F?`Fo,[2 7],1,0,2
F?`Fo,[3 7],1,0,2
F?`Fo,[4 7],1,0,2
F?`Fo,[5 7],3,0,0
F?`Fo,[6 7],3,0,0
F?`Fo,[2 5 7],1,0,2
F?`Fo,[2 6 7],1,0,2
F?`Fo,[3 5 7],1,0,2
F?`Fo,[3 6 7],1,0,2
F?`Fo,[4 5 7],1,0,2
F?`Fo,[4 6 7],1,0,2
F?`Fo,[5 6 7],1,0,2
F?`Fo,[2 3 5 7],1,2,0
F?`Fo,[2 3 6 7],1,2,0
F?`Fo,[2 4 5 7],1,0,2
F?`Fo,[2 4 6 7],1,0,2
F?`Fo,[2 5 6 7],1,0,2
F?`Fo,[3 4 5 7],1,2,0
F?`Fo,[3 4 6 7],1,0,2
F?`Fo,[3 5 6 7],1,0,2
F?`Fo,[4 5 6 7],0,2,1
F?`Fw,[7],6,0,0
F?`Fw,[5 7],2,0,4
F?`Fw,[6 7],2,0,4
F?`Fw,[3 5 7],2,0,4
F?`Fw,[3 6 7],2,0,4
F?`Fw,[4 5 7],6,0,0
F?`Fw,[4 6 7],2,0,4
F?`Fw,[5 6 7],6,0,0
F?`Fw,[2 3 5 7],2,4,0
F?`Fw,[2 3 6 7],2,4,0
F?`Fw,[2 4 5 7],2,0,4
F?`Fw,[2 4 6 7],2,0,4
F?`Fw,[2 5 6 7],2,0,4
F?`Fw,[3 4 5 7],2,4,0
F?`Fw,[3 4 6 7],2,4,0
F?`Fw,[3 5 6 7],2,0,4
F?`Fw,[4 5 6 7],0,4,2
F?`cg,[7],0,0,0
F?`cg,[2 7],0,0,0
F?`cg,[3 7],0,0,0
F?`cg,[4 7],0,0,0
F?`cg,[5 7],0,0,0
F?`cg,[6 7],0,0,0
F?`cg,[2 3 7],0,0,0
F?`cg,[2 4 7],0,0,0
F?`cg,[2 5 7],0,0,0
F?`cg,[2 6 7],0,0,0
F?`cg,[3 4 7],0,0,0
F?`cg,[3 5 7],0,0,0
F?`cg,[3 6 7],0,0,0
F?`cg,[4 5 7],0,0,0
F?`cg,[4 6 7],0,0,0
F?`cg,[5 6 7],0,0,0
F?`cg,[2 3 5 7],0,0,0
F?`cg,[2 3 6 7],0,0,0
F?`cg,[2 4 5 7],0,0,0
F?`cg,[2 4 6 7],0,0,0
F?`cg,[2 5 6 7],0,0,0
F?`cg,[3 4 5 7],0,0,0
F?`cg,[3 4 6 7],0,0,0
F?`cg,[3 5 6 7],0,0,0
F?`cg,[4 5 6 7],0,0,0
F?`cw,[7],3,0,0
F?`cw,[3 7],1,0,2
F?`cw,[4 7],1,0,2
F?`cw,[5 7],3,0,0
F?`cw,[6 7],3,0,0
F?`cw,[2 3 7],3,0,0
F?`cw,[2 4 7],3,0,0
F?`cw,[2 5 7],1,2,0
F?`cw,[2 6 7],1,0,2
F?`cw,[3 4 7],3,0,0
F?`cw,[3 5 7],3,0,0
F?`cw,[3 6 7],1,0,2
F?`cw,[4 5 7],3,0,0
F?`cw,[4 6 7],1,0,2
F?`cw,[5 6 7],1,0,2
F?`cw,[2 3 5 7],0,0,3
F?`cw,[2 3 6 7],0,0,3
F?`cw,[2 4 5 7],0,0,3
F?`cw,[2 4 6 7],0,0,3
F?`cw,[2 5 6 7],0,0,3
F?`cw,[3 4 5 7],0,0,3
F?`cw,[3 4 6 7],0,0,3
F?`cw,[3 5 6 7],0,0,3
F?`cw,[4 5 6 7],0,0,3
F?`e_,[7],0,0,0
F?`e_,[2 7],0,0,0
F?`e_,[3 7],0,0,0
F?`e_,[4 7],0,0,0
F?`e_,[5 7],0,0,0
F?`e_,[6 7],0,0,0
F?`e_,[2 4 7],0,0,0
F?`e_,[2 5 7],0,0,0
F?`e_,[2 6 7],0,0,0
F?`e_,[3 4 7],0,0,0
F?`e_,[3 5 7],0,0,0
F?`e_,[3 6 7],0,0,0
F?`e_,[4 5 7],0,0,0
F?`e_,[4 6 7],0,0,0
F?`e_,[5 6 7],0,0,0
F?`e_,[2 4 5 7],0,0,0
F?`e_,[2 4 6 7],0,0,0
F?`e_,[2 5 6 7],0,0,0
F?`e_,[3 4 5 7],0,0,0
F?`e_,[3 4 6 7],0,0,0
F?`e_,[3 5 6 7],0,0,0
F?`e_,[4 5 6 7],0,0,0
F?`eg,[7],3,0,0
F?`eg,[2 7],3,0,0
F?`eg,[3 7],3,0,0
F?`eg,[4 7],3,0,0
F?`eg,[5 7],2,0,1
F?`eg,[6 7],3,0,0
F?`eg,[2 4 7],1,1,1
F?`eg,[2 5 7],1,1,1
F?`eg,[2 6 7],2,0,1
F?`eg,[3 4 7],1,1,1
F?`eg,[3 5 7],1,0,2
F?`eg,[3 6 7],1,1,1
F?`eg,[4 5 7],1,0,2
F?`eg,[4 6 7],1,0,2
F?`eg,[5 6 7],2,0,1
F?`eg,[2 4 5 7],0,1,2
F?`eg,[2 4 6 7],0,1,2
F?`eg,[2 5 6 7],0,1,2
F?`eg,[3 4 5 7],0,1,2
F?`eg,[3 4 6 7],0,1,2
F?`eg,[3 5 6 7],0,1,2
F?`eg,[4 5 6 7],0,1,2
F?`eo,[7],3,0,0
F?`eo,[2 7],3,0,0
F?`eo,[3 7],3,0,0
F?`eo,[4 7],3,0,0
F?`eo,[5 7],3,0,0
F?`eo,[6 7],3,0,0
F?`eo,[2 4 7],1,0,2
F?`eo,[2 5 7],1,0,2
F?`eo,[2 6 7],1,0,2
F?`eo,[3 4 7],1,0,2
F?`eo,[3 5 7],1,0,2
F?`eo,[3 6 7],1,0,2
F?`eo,[4 5 7],1,0,2
F?`eo,[4 6 7],1,0,2
F?`eo,[5 6 7],1,0,2
F?`eo,[2 4 5 7],0,2,1
F?`eo,[2 4 6 7],0,0,3
F?`eo,[2 5 6 7],0,0,3
F?`eo,[3 4 5 7],0,2,1
F?`eo,[3 4 6 7],0,0,3
F?`eo,[3 5 6 7],0,0,3
F?`eo,[4 5 6 7],0,2,1
F?`ew,[7],6,0,0
F?`ew,[2 7],2,2,2
F?`ew,[3 7],2,1,3
F?`ew,[4 7],3,0,3
F?`ew,[5 7],5,0,1
F?`ew,[6 7],5,0,1
F?`ew,[2 4 7],2,1,3
F?`ew,[2 5 7],2,1,3
F?`ew,[2 6 7],2,1,3
F?`ew,[3 4 7],2,1,3
F?`ew,[3 5 7],2,0,4
F?`ew,[3 6 7],2,0,4
F?`ew,[4 5 7],2,1,3
F?`ew,[4 6 7],2,0,4
F?`ew,[5 6 7],2,1,3
F?`ew,[2 4 5 7],0,3,3
F?`ew,[2 4 6 7],0,1,5
F?`ew,[2 5 6 7],0,1,5
F?`ew,[3 4 5 7],0,4,2
F?`ew,[3 4 6 7],0,1,5
F?`ew,[3 5 6 7],0,1,5
F?`ew,[4 5 6 7],0,4,2
F?`f_,[7],4,0,0
F?`f_,[2 7],0,2,2
F?`f_,[3 7],0,2,2
F?`f_,[4 7],2,2,0
F?`f_,[5 7],2,2,0
F?`f_,[6 7],4,0,0
F?`f_,[2 4 7],2,0,2
F?`f_,[2 5 7],2,0,2
F?`f_,[2 6 7],2,0,2
F?`f_,[3 4 7],2,0,2
F?`f_,[3 5 7],2,0,2
F?`f_,[3 6 7],2,0,2
F?`f_,[4 5 7],2,0,2
F?`f_,[4 6 7],2,0,2
F?`f_,[5 6 7],2,0,2
F?`f_,[2 4 5 7],0,0,4
F?`f_,[2 4 6 7],0,0,4
F?`f_,[2 5 6 7],0,0,4
F?`f_,[3 4 5 7],0,2,2
F?`f_,[3 4 6 7],0,0,4
F?`f_,[3 5 6 7],0,0,4
F?`f_,[4 5 6 7],0,2,2
F?`fg,[7],5,0,0
F?`fg,[2 7],3,0,2
F?`fg,[3 7],3,0,2
F?`fg,[4 7],2,1,2
F?`fg,[5 7],4,0,1
F?`fg,[6 7],5,0,0
F?`fg,[2 4 7],2,1,2
F?`fg,[2 5 7],2,0,3
F?`fg,[2 6 7],2,0,3
F?`fg,[3 4 7],2,1,2
F?`fg,[3 5 7],2,0,3
F?`fg,[3 6 7],2,0,3
F?`fg,[4 5 7],2,0,3
F?`fg,[4 6 7],2,0,3
F?`fg,[5 6 7],2,0,3
F?`fg,[2 4 5 7],0,1,4
F?`fg,[2 4 6 7],0,1,4
F?`fg,[2 5 6 7],0,1,4
F?`fg,[3 4 5 7],0,3,2
F?`fg,[3 4 6 7],0,1,4
F?`fg,[3 5 6 7],0,1,4
F?`fg,[4 5 6 7],0,3,2
F?`fo,[7],7,0,0
F?`fo,[3 7],1,0,6
F?`fo,[4 7],1,0,6
F?`fo,[5 7],3,0,4
F?`fo,[6 7],5,0,2
F?`fo,[2 4 7],3,2,2
F?`fo,[2 5 7],3,0,4
F?`fo,[2 6 7],3,0,4
F?`fo,[3 4 7],3,4,0
F?`fo,[3 5 7],3,0,4
F?`fo,[3 6 7],3,0,4
F?`fo,[4 5 7],5,0,2
F?`fo,[4 6 7],3,0,4
F?`fo,[5 6 7],5,0,2
F?`fo,[2 4 5 7],0,2,5
F?`fo,[2 4 6 7],0,0,7
F?`fo,[2 5 6 7],0,0,7
F?`fo,[3 4 5 7],0,4,3
F?`fo,[3 4 6 7],0,4,3
F?`fo,[3 5 6 7],0,0,7
F?`fo,[4 5 6 7],0,4,3
F?`fw,[7],8,0,0
F?`fw,[4 7],3,0,5
F?`fw,[5 7],3,0,5
F?`fw,[6 7],3,0,5
F?`fw,[2 4 7],3,3,2
F?`fw,[2 5 7],3,1,4
F?`fw,[2 6 7],3,1,4
F?`fw,[3 4 7],3,5,0
F?`fw,[3 5 7],3,0,5
F?`fw,[3 6 7],3,0,5
F?`fw,[4 5 7],5,3,0
F?`fw,[4 6 7],3,0,5
F?`fw,[5 6 7],7,1,0
F?`fw,[2 4 5 7],0,3,5
F?`fw,[2 4 6 7],0,1,7
F?`fw,[2 5 6 7],0,1,7
F?`fw,[3 4 5 7],0,5,3
F?`fw,[3 4 6 7],0,5,3
F?`fw,[3 5 6 7],0,1,7
F?`fw,[4 5 6 7],0,5,3
F?`uO,[7],3,0,0
F?`uO,[3 7],1,0,2
F?`uO,[4 7],3,0,0
F?`uO,[5 7],3,0,0
F?`uO,[6 7],3,0,0
F?`uO,[2 3 7],2,0,1
F?`uO,[2 4 7],2,0,1
F?`uO,[2 5 7],0,2,1
F?`uO,[2 6 7],0,0,3
F?`uO,[3 4 7],2,0,1
F?`uO,[3 5 7],0,0,3
F?`uO,[3 6 7],0,0,3
F?`uO,[4 5 7],0,0,3
F?`uO,[4 6 7],0,0,3
F?`uO,[5 6 7],0,0,3
F?`uO,[2 3 5 7],1,0,2
F?`uO,[2 3 6 7],0,0,3
F?`uO,[2 4 5 7],1,0,2
F?`uO,[2 4 6 7],0,1,2
F?`uO,[2 5 6 7],0,0,3
F?`uO,[3 4 5 7],1,0,2
F?`uO,[3 4 6 7],1,0,2
F?`uO,[3 5 6 7],0,0,3
F?`uO,[4 5 6 7],0,0,3
F?`uW,[7],6,0,0
F?`uW,[3 7],3,1,2
F?`uW,[4 7],3,0,3
F?`uW,[5 7],5,0,1
F?`uW,[6 7],5,0,1
F?`uW,[2 3 7],3,2,1
F?`uW,[2 4 7],3,1,2
F?`uW,[2 5 7],3,1,2
F?`uW,[2 6 7],1,1,4
F?`uW,[3 4 7],3,1,2
F?`uW,[3 5 7],3,1,2
F?`uW,[3 6 7],1,1,4
F?`uW,[4 5 7],3,1,2
F?`uW,[4 6 7],1,2,3
F?`uW,[5 6 7],1,1,4
F?`uW,[2 3 5 7],1,2,3
F?`uW,[2 3 6 7],0,2,4
F?`uW,[2 4 5 7],1,1,4
F?`uW,[2 4 6 7],0,2,4
F?`uW,[2 5 6 7],0,1,5
F?`uW,[3 4 5 7],1,2,3
F?`uW,[3 4 6 7],1,1,4
F?`uW,[3 5 6 7],0,1,5
F?`uW,[4 5 6 7],0,2,4
F?`v?,[7],4,0,0
F?`v?,[2 7],4,0,0
F?`v?,[3 7],4,0,0
F?`v?,[4 7],4,0,0
F?`v?,[5 7],4,0,0
F?`v?,[6 7],4,0,0
F?`v?,[2 4 7],0,0,4
F?`v?,[2 5 7],0,0,4
F?`v?,[2 6 7],2,0,2
F?`v?,[3 4 7],0,0,4
F?`v?,[3 5 7],0,0,4
F?`v?,[3 6 7],0,0,4
F?`v?,[4 5 7],0,0,4
F?`v?,[4 6 7],0,0,4
F?`v?,[5 6 7],2,0,2
F?`v?,[2 4 5 7],0,0,4
F?`v?,[2 4 6 7],0,0,4
F?`v?,[2 5 6 7],0,0,4
F?`v?,[3 4 5 7],0,2,2
F?`v?,[3 4 6 7],0,0,4
F?`v?,[3 5 6 7],0,0,4
F?`v?,[4 5 6 7],0,2,2
F?`vG,[7],5,0,0
F?`vG,[2 7],5,0,0
F?`vG,[3 7],5,0,0
F?`vG,[4 7],5,0,0
F?`vG,[5 7],4,0,1
F?`vG,[6 7],5,0,0
F?`vG,[2 4 7],0,1,4
F?`vG,[2 5 7],0,2,3
F?`vG,[2 6 7],2,0,3
F?`vG,[3 4 7],0,1,4
F?`vG,[3 5 7],0,0,5
F?`vG,[3 6 7],0,2,3
F?`vG,[4 5 7],0,0,5
F?`vG,[4 6 7],0,0,5
F?`vG,[5 6 7],2,0,3
F?`vG,[2 4 5 7],0,1,4
F?`vG,[2 4 6 7],0,1,4
F?`vG,[2 5 6 7],0,1,4
F?`vG,[3 4 5 7],0,3,2
F?`vG,[3 4 6 7],0,1,4
F?`vG,[3 5 6 7],0,1,4
F?`vG,[4 5 6 7],0,3,2
F?`vO,[7],7,0,0
F?`vO,[2 7],3,2,2
F?`vO,[3 7],5,0,2
F?`vO,[4 7],7,0,0
F?`vO,[5 7],7,0,0
F?`vO,[6 7],7,0,0
F?`vO,[2 5 7],0,0,7
F?`vO,[2 6 7],0,0,7
F?`vO,[3 5 7],0,0,7
F?`vO,[3 6 7],0,0,7
F?`vO,[4 5 7],0,0,7
F?`vO,[4 6 7],0,0,7
F?`vO,[5 6 7],0,0,7
F?`vO,[2 4 5 7],1,2,4
F?`vO,[2 4 6 7],0,0,7
F?`vO,[2 5 6 7],0,0,7
F?`vO,[3 4 5 7],1,6,0
F?`vO,[3 4 6 7],1,0,6
F?`vO,[3 5 6 7],0,0,7
F?`vO,[4 5 6 7],0,6,1
F?`vW,[7],8,0,0
F?`vW,[2 7],3,3,2
F?`vW,[3 7],5,1,2
F?`vW,[4 7],5,0,3
F?`vW,[5 7],5,2,1
F?`vW,[6 7],7,0,1
F?`vW,[2 5 7],0,1,7
F?`vW,[2 6 7],0,1,7
F?`vW,[3 5 7],0,1,7
F?`vW,[3 6 7],0,1,7
F?`vW,[4 5 7],0,1,7
F?`vW,[4 6 7],0,1,7
F?`vW,[5 6 7],0,1,7
F?`vW,[2 4 5 7],1,3,4
F?`vW,[2 4 6 7],0,1,7
F?`vW,[2 5 6 7],0,1,7
F?`vW,[3 4 5 7],1,7,0
F?`vW,[3 4 6 7],1,1,6
F?`vW,[3 5 6 7],0,1,7
F?`vW,[4 5 6 7],0,7,1
F?`v_,[7],6,0,0
F?`v_,[2 7],3,3,0
F?`v_,[3 7],3,3,0
F?`v_,[4 7],3,3,0
F?`v_,[5 7],3,3,0
F?`v_,[6 7],6,0,0
F?`v_,[2 6 7],0,0,6
F?`v_,[3 6 7],0,0,6
F?`v_,[4 5 7],0,0,6
F?`v_,[4 6 7],0,0,6
F?`v_,[5 6 7],0,0,6
F?`v_,[2 5 6 7],0,0,6
F?`v_,[3 4 5 7],0,6,0
F?`v_,[3 4 6 7],0,0,6
F?`v_,[3 5 6 7],0,0,6
F?`v_,[4 5 6 7],0,6,0
F?`vg,[7],7,0,0
F?`vg,[2 7],4,0,3
F?`vg,[3 7],4,0,3
F?`vg,[4 7],4,0,3
F?`vg,[5 7],6,1,0
F?`vg,[6 7],6,0,1
F?`vg,[2 6 7],0,0,7
F?`vg,[3 6 7],0,0,7
F?`vg,[4 5 7],0,1,6
F?`vg,[4 6 7],0,0,7
F?`vg,[5 6 7],0,0,7
F?`vg,[2 5 6 7],0,1,6
F?`vg,[3 4 5 7],0,7,0
F?`vg,[3 4 6 7],0,1,6
F?`vg,[3 5 6 7],0,1,6
F?`vg,[4 5 6 7],0,7,0
F?`vo,[7],9,0,0
F?`vo,[3 7],4,0,5
F?`vo,[4 7],4,0,5
F?`vo,[5 7],4,0,5
F?`vo,[6 7],6,0,3
F?`vo,[3 6 7],0,0,9
F?`vo,[4 5 7],3,2,4
F?`vo,[4 6 7],0,0,9
F?`vo,[5 6 7],3,0,6
F?`vo,[3 4 5 7],1,8,0
F?`vo,[3 4 6 7],1,5,3
F?`vo,[3 5 6 7],1,0,8
F?`vo,[4 5 6 7],0,8,1
F?`vw,[7],10,0,0
F?`vw,[3 7],4,1,5
F?`vw,[4 7],4,0,6
F?`vw,[5 7],4,0,6
F?`vw,[6 7],4,0,6
F?`vw,[3 6 7],0,1,9
F?`vw,[4 5 7],3,3,4
F?`vw,[4 6 7],0,1,9
F?`vw,[5 6 7],5,1,4
F?`vw,[3 4 5 7],1,9,0
F?`vw,[3 4 6 7],1,6,3
F?`vw,[3 5 6 7],1,1,8
F?`vw,[4 5 6 7],0,9,1
F?aN_,[7],3,0,0
F?aN_,[3 7],1,0,2
F?aN_,[4 7],1,0,2
F?aN_,[5 7],1,2,0
F?aN_,[6 7],3,0,0
F?aN_,[3 4 7],2,0,1
F?aN_,[3 5 7],2,0,1
F?aN_,[3 6 7],0,0,3
F?aN_,[4 5 7],2,0,1
F?aN_,[4 6 7],2,0,1
F?aN_,[5 6 7],2,0,1
F?aN_,[2 3 4 7],3,0,0
F?aN_,[2 3 5 7],3,0,0
F?aN_,[2 3 6 7],3,0,0
F?aN_,[2 4 5 7],3,0,0
F?aN_,[2 4 6 7],3,0,0
F?aN_,[2 5 6 7],2,1,0
F?aN_,[3 4 5 7],3,0,0
F?aN_,[3 4 6 7],3,0,0
F?aN_,[3 5 6 7],0,2,1
F?aN_,[4 5 6 7],0,0,3
F?aNo,[7],5,0,0
F?aNo,[3 7],0,1,4
F?aNo,[4 7],1,0,4
F?aNo,[5 7],1,2,2
F?aNo,[6 7],3,0,2
F?aNo,[3 4 7],3,2,0
F?aNo,[3 5 7],3,2,0
F?aNo,[3 6 7],1,0,4
F?aNo,[4 5 7],3,2,0
F?aNo,[4 6 7],3,0,2
F?aNo,[5 6 7],4,0,1
F?aNo,[2 3 4 7],3,2,0
F?aNo,[2 3 5 7],3,2,0
F?aNo,[2 3 6 7],3,2,0
F?aNo,[2 4 5 7],3,2,0
F?aNo,[2 4 6 7],3,2,0
F?aNo,[2 5 6 7],3,2,0
F?aNo,[3 4 5 7],3,2,0
F?aNo,[3 4 6 7],3,2,0
F?aNo,[3 5 6 7],1,2,2
F?aNo,[4 5 6 7],0,2,3
F?aNw,[7],6,0,0
F?aNw,[4 7],3,0,3
F?aNw,[5 7],3,0,3
F?aNw,[6 7],3,0,3
F?aNw,[3 4 7],3,3,0
F?aNw,[3 5 7],3,3,0
F?aNw,[3 6 7],3,0,3
F?aNw,[4 5 7],3,3,0
F?aNw,[4 6 7],3,0,3
F?aNw,[5 6 7],3,0,3
F?aNw,[2 3 4 7],3,3,0
F?aNw,[2 3 5 7],3,3,0
F?aNw,[2 3 6 7],3,3,0
F?aNw,[2 4 5 7],3,3,0
F?aNw,[2 4 6 7],3,3,0
F?aNw,[2 5 6 7],3,3,0
F?aNw,[3 4 5 7],3,3,0
F?aNw,[3 4 6 7],3,3,0
F?aNw,[3 5 6 7],3,0,3
F?aNw,[4 5 6 7],0,3,3
F?bB_,[7],0,0,0
F?bB_,[2 7],0,0,0
F?bB_,[3 7],0,0,0
F?bB_,[4 7],0,0,0
F?bB_,[5 7],0,0,0
F?bB_,[6 7],0,0,0
F?bB_,[2 3 7],0,0,0
F?bB_,[2 4 7],0,0,0
F?bB_,[2 5 7],0,0,0
F?bB_,[2 6 7],0,0,0
F?bB_,[3 4 7],0,0,0
F?bB_,[3 5 7],0,0,0
F?bB_,[3 6 7],0,0,0
F?bB_,[4 5 7],0,0,0
F?bB_,[4 6 7],0,0,0
F?bB_,[5 6 7],0,0,0
F?bB_,[2 3 5 7],0,0,0
F?bB_,[2 3 6 7],0,0,0
F?bB_,[2 4 5 7],0,0,0
F?bB_,[2 4 6 7],0,0,0
F?bB_,[2 5 6 7],0,0,0
F?bB_,[3 4 5 7],0,0,0
F?bB_,[3 4 6 7],0,0,0
F?bB_,[3 5 6 7],0,0,0
F?bB_,[4 5 6 7],0,0,0
F?bBo,[7],5,0,0
F?bBo,[3 7],0,0,5
F?bBo,[4 7],1,0,4
F?bBo,[5 7],3,0,2
F?bBo,[6 7],5,0,0
F?bBo,[2 3 7],3,2,0
F?bBo,[2 4 7],3,0,2
F?bBo,[2 5 7],2,0,3
F?bBo,[2 6 7],2,0,3
F?bBo,[3 4 7],3,0,2
F?bBo,[3 5 7],2,0,3
F?bBo,[3 6 7],2,0,3
F?bBo,[4 5 7],2,0,3
F?bBo,[4 6 7],2,0,3
F?bBo,[5 6 7],2,0,3
F?bBo,[2 3 5 7],0,2,3
F?bBo,[2 3 6 7],0,2,3
F?bBo,[2 4 5 7],0,0,5
F?bBo,[2 4 6 7],0,0,5
F?bBo,[2 5 6 7],0,0,5
F?bBo,[3 4 5 7],0,4,1
F?bBo,[3 4 6 7],2,0,3
F?bBo,[3 5 6 7],0,0,5
F?bBo,[4 5 6 7],0,2,3
F?bDg,[7],3,0,0
F?bDg,[2 7],2,1,0
F?bDg,[3 7],3,0,0
F?bDg,[4 7],3,0,0
F?bDg,[5 7],3,0,0
F?bDg,[6 7],3,0,0
F?bDg,[2 3 7],1,2,0
F?bDg,[2 4 7],1,0,2
F?bDg,[2 5 7],1,0,2
F?bDg,[2 6 7],1,0,2
F?bDg,[3 4 7],1,0,2
F?bDg,[3 5 7],1,0,2
F?bDg,[3 6 7],1,0,2
F?bDg,[4 5 7],0,0,3
F?bDg,[4 6 7],1,0,2
F?bDg,[5 6 7],0,0,3
F?bDg,[2 3 5 7],0,2,1
F?bDg,[2 3 6 7],0,2,1
F?bDg,[2 4 5 7],0,2,1
F?bDg,[2 4 6 7],0,0,3
F?bDg,[2 5 6 7],0,2,1
F?bDg,[3 4 5 7],0,2,1
F?bDg,[3 4 6 7],0,0,3
F?bDg,[3 5 6 7],0,0,3
F?bDg,[4 5 6 7],0,2,1
F?bDo,[7],3,0,0
F?bDo,[2 7],3,0,0
F?bDo,[3 7],3,0,0
F?bDo,[4 7],3,0,0
F?bDo,[5 7],2,0,1
F?bDo,[6 7],3,0,0
F?bDo,[2 3 7],1,2,0
F?bDo,[2 4 7],1,0,2
F?bDo,[2 5 7],1,0,2
F?bDo,[2 6 7],1,0,2
F?bDo,[3 4 7],1,0,2
F?bDo,[3 5 7],1,0,2
F?bDo,[3 6 7],1,0,2
F?bDo,[4 5 7],1,0,2
F?bDo,[4 6 7],1,0,2
F?bDo,[5 6 7],1,0,2
F?bDo,[2 3 5 7],0,2,1
F?bDo,[2 3 6 7],0,2,1
F?bDo,[2 4 5 7],0,1,2
F?bDo,[2 4 6 7],0,1,2
F?bDo,[2 5 6 7],0,2,1
F?bDo,[3 4 5 7],0,3,0
F?bDo,[3 4 6 7],1,0,2
F?bDo,[3 5 6 7],0,0,3
F?bDo,[4 5 6 7],0,2,1
F?bF_,[7],4,0,0
F?bF_,[2 7],1,2,1
F?bF_,[3 7],1,1,2
F?bF_,[4 7],1,1,2
F?bF_,[5 7],2,1,1
F?bF_,[6 7],3,0,1
F?bF_,[2 3 7],1,2,1
F?bF_,[2 4 7],1,1,2
F?bF_,[2 5 7],2,1,1
F?bF_,[2 6 7],1,1,2
F?bF_,[3 4 7],1,1,2
F?bF_,[3 5 7],1,2,1
F?bF_,[3 6 7],1,0,3
F?bF_,[4 5 7],1,1,2
F?bF_,[4 6 7],1,0,3
F?bF_,[5 6 7],3,0,1
F?bF_,[2 3 5 7],0,2,2
F?bF_,[2 3 6 7],0,2,2
F?bF_,[2 4 5 7],0,1,3
F?bF_,[2 4 6 7],0,1,3
F?bF_,[2 5 6 7],0,1,3
F?bF_,[3 4 5 7],0,3,1
F?bF_,[3 4 6 7],0,1,3
F?bF_,[3 5 6 7],0,0,4
F?bF_,[4 5 6 7],0,2,2
F?bFg,[7],5,0,0
F?bFg,[2 7],2,2,1
F?bFg,[3 7],3,0,2
F?bFg,[4 7],3,0,2
F?bFg,[5 7],4,0,1
F?bFg,[6 7],4,0,1
F?bFg,[2 3 7],2,3,0
F?bFg,[2 4 7],2,1,2
F?bFg,[2 5 7],2,1,2
F?bFg,[2 6 7],2,1,2
F?bFg,[3 4 7],2,1,2
F?bFg,[3 5 7],2,1,2
F?bFg,[3 6 7],2,0,3
F?bFg,[4 5 7],1,1,3
F?bFg,[4 6 7],2,0,3
F?bFg,[5 6 7],2,0,3
F?bFg,[2 3 5 7],0,3,2
F?bFg,[2 3 6 7],0,3,2
F?bFg,[2 4 5 7],0,2,3
F?bFg,[2 4 6 7],0,2,3
F?bFg,[2 5 6 7],0,3,2
F?bFg,[3 4 5 7],0,4,1
F?bFg,[3 4 6 7],1,1,3
F?bFg,[3 5 6 7],0,0,5
F?bFg,[4 5 6 7],0,3,2
F?bFo,[7],6,0,0
F?bFo,[3 7],1,0,5
F?bFo,[4 7],1,0,5
F?bFo,[5 7],3,0,3
F?bFo,[6 7],4,0,2
F?bFo,[2 3 7],3,3,0
F?bFo,[2 4 7],3,2,1
F?bFo,[2 5 7],3,1,2
F?bFo,[2 6 7],3,1,2
F?bFo,[3 4 7],3,2,1
F?bFo,[3 5 7],3,1,2
F?bFo,[3 6 7],3,0,3
F?bFo,[4 5 7],3,1,2
F?bFo,[4 6 7],2,0,4
F?bFo,[5 6 7],5,0,1
F?bFo,[2 3 5 7],0,3,3
F?bFo,[2 3 6 7],0,3,3
F?bFo,[2 4 5 7],0,1,5
F?bFo,[2 4 6 7],0,1,5
F?bFo,[2 5 6 7],0,2,4
F?bFo,[3 4 5 7],0,5,1
F?bFo,[3 4 6 7],2,2,2
F?bFo,[3 5 6 7],1,0,5
F?bFo,[4 5 6 7],0,3,3
F?bFw,[7],7,0,0
F?bFw,[3 7],3,0,4
F?bFw,[4 7],3,0,4
F?bFw,[5 7],3,0,4
F?bFw,[6 7],3,0,4
F?bFw,[2 3 7],3,4,0
F?bFw,[2 4 7],3,4,0
F?bFw,[2 5 7],3,2,2
F?bFw,[2 6 7],3,2,2
F?bFw,[3 4 7],3,4,0
F?bFw,[3 5 7],3,2,2
F?bFw,[3 6 7],3,0,4
F?bFw,[4 5 7],4,2,1
F?bFw,[4 6 7],3,0,4
F?bFw,[5 6 7],6,0,1
F?bFw,[2 3 5 7],0,4,3
F?bFw,[2 3 6 7],0,4,3
F?bFw,[2 4 5 7],0,2,5
F?bFw,[2 4 6 7],0,2,5
F?bFw,[2 5 6 7],0,4,3
F?bFw,[3 4 5 7],0,6,1
F?bFw,[3 4 6 7],2,4,1
F?bFw,[3 5 6 7],2,0,5
F?bFw,[4 5 6 7],0,4,3
F?bLo,[7],5,0,0
F?bLo,[2 7],3,2,0
F?bLo,[3 7],3,0,2
F?bLo,[4 7],3,0,2
F?bLo,[5 7],1,0,4
F?bLo,[6 7],5,0,0
F?bLo,[2 3 7],3,2,0
F?bLo,[2 4 7],3,0,2
F?bLo,[2 5 7],3,0,2
F?bLo,[2 6 7],3,0,2
F?bLo,[3 4 7],3,0,2
F?bLo,[3 5 7],3,0,2
F?bLo,[3 6 7],3,0,2
F?bLo,[4 5 7],3,0,2
F?bLo,[4 6 7],1,0,4
F?bLo,[5 6 7],0,0,5
F?bLo,[2 3 5 7],1,2,2
F?bLo,[2 3 6 7],1,2,2
F?bLo,[2 4 5 7],1,2,2
F?bLo,[2 4 6 7],1,0,4
F?bLo,[2 5 6 7],1,2,2
F?bLo,[3 4 5 7],1,2,2
F?bLo,[3 4 6 7],1,0,4
F?bLo,[3 5 6 7],1,0,4
F?bLo,[4 5 6 7],0,2,3
F?bLw,[7],6,0,0
F?bLw,[2 7],3,3,0
F?bLw,[3 7],5,1,0
F?bLw,[4 7],5,0,1
F?bLw,[5 7],5,0,1
F?bLw,[6 7],5,0,1
F?bLw,[2 3 7],3,3,0
F?bLw,[2 4 7],3,1,2
F?bLw,[2 5 7],3,1,2
F?bLw,[2 6 7],3,1,2
F?bLw,[3 4 7],3,1,2
F?bLw,[3 5 7],3,1,2
F?bLw,[3 6 7],3,1,2
F?bLw,[4 5 7],3,1,2
F?bLw,[4 6 7],3,0,3
F?bLw,[5 6 7],0,1,5
F?bLw,[2 3 5 7],1,3,2
F?bLw,[2 3 6 7],1,3,2
F?bLw,[2 4 5 7],1,3,2
F?bLw,[2 4 6 7],1,1,4
F?bLw,[2 5 6 7],1,3,2
F?bLw,[3 4 5 7],1,3,2
F?bLw,[3 4 6 7],1,1,4
F?bLw,[3 5 6 7],1,1,4
F?bLw,[4 5 6 7],0,3,3
F?bN_,[7],6,0,0
F?bN_,[3 7],1,0,5
F?bN_,[4 7],1,1,4
F?bN_,[5 7],3,0,3
F?bN_,[6 7],5,0,1
F?bN_,[2 3 7],4,2,0
F?bN_,[2 4 7],4,1,1
F?bN_,[2 5 7],3,2,1
F?bN_,[2 6 7],2,1,3
F?bN_,[3 4 7],4,1,1
F?bN_,[3 5 7],3,1,2
F?bN_,[3 6 7],2,0,4
F?bN_,[4 5 7],3,1,2
F?bN_,[4 6 7],2,0,4
F?bN_,[5 6 7],3,0,3
F?bN_,[2 3 5 7],1,2,3
F?bN_,[2 3 6 7],1,2,3
F?bN_,[2 4 5 7],1,1,4
F?bN_,[2 4 6 7],1,1,4
F?bN_,[2 5 6 7],0,1,5
F?bN_,[3 4 5 7],1,2,3
F?bN_,[3 4 6 7],1,1,4
F?bN_,[3 5 6 7],0,1,5
F?bN_,[4 5 6 7],0,2,4
F?bNg,[7],7,0,0
F?bNg,[3 7],2,1,4
F?bNg,[4 7],2,0,5
F?bNg,[5 7],4,0,3
F?bNg,[6 7],5,0,2
F?bNg,[2 3 7],4,3,0
F?bNg,[2 4 7],4,2,1
F?bNg,[2 5 7],4,2,1
F?bNg,[2 6 7],2,2,3
F?bNg,[3 4 7],4,2,1
F?bNg,[3 5 7],4,2,1
F?bNg,[3 6 7],2,1,4
F?bNg,[4 5 7],4,2,1
F?bNg,[4 6 7],3,1,3
F?bNg,[5 6 7],3,1,3
F?bNg,[2 3 5 7],1,3,3
F?bNg,[2 3 6 7],1,3,3
F?bNg,[2 4 5 7],1,2,4
F?bNg,[2 4 6 7],1,2,4
F?bNg,[2 5 6 7],0,2,5
F?bNg,[3 4 5 7],1,3,3
F?bNg,[3 4 6 7],1,2,4
F?bNg,[3 5 6 7],0,2,5
F?bNg,[4 5 6 7],0,3,4
F?bNo,[7],7,0,0
F?bNo,[3 7],2,0,5
F?bNo,[4 7],1,1,5
F?bNo,[5 7],2,0,5
F?bNo,[6 7],4,0,3
F?bNo,[2 3 7],4,3,0
F?bNo,[2 4 7],4,3,0
F?bNo,[2 5 7],4,2,1
F?bNo,[2 6 7],4,2,1
F?bNo,[3 4 7],4,3,0
F?bNo,[3 5 7],4,2,1
F?bNo,[3 6 7],4,0,3
F?bNo,[4 5 7],5,2,0
F?bNo,[4 6 7],2,0,5
F?bNo,[5 6 7],4,0,3
F?bNo,[2 3 5 7],1,3,3
F?bNo,[2 3 6 7],1,3,3
F?bNo,[2 4 5 7],1,2,4
F?bNo,[2 4 6 7],1,2,4
F?bNo,[2 5 6 7],1,2,4
F?bNo,[3 4 5 7],1,3,3
F?bNo,[3 4 6 7],1,3,3
F?bNo,[3 5 6 7],1,0,6
F?bNo,[4 5 6 7],0,3,4
F?bNw,[7],8,0,0
F?bNw,[3 7],4,1,3
F?bNw,[4 7],4,0,4
F?bNw,[5 7],4,0,4
F?bNw,[6 7],4,0,4
F?bNw,[2 3 7],4,4,0
F?bNw,[2 4 7],4,4,0
F?bNw,[2 5 7],4,3,1
F?bNw,[2 6 7],4,3,1
F?bNw,[3 4 7],4,4,0
F?bNw,[3 5 7],4,3,1
F?bNw,[3 6 7],4,1,3
F?bNw,[4 5 7],5,3,0
F?bNw,[4 6 7],4,0,4
F?bNw,[5 6 7],4,1,3
F?bNw,[2 3 5 7],1,4,3
F?bNw,[2 3 6 7],1,4,3
F?bNw,[2 4 5 7],1,3,4
F?bNw,[2 4 6 7],1,3,4
F?bNw,[2 5 6 7],1,3,4
F?bNw,[3 4 5 7],1,4,3
F?bNw,[3 4 6 7],1,4,3
F?bNw,[3 5 6 7],1,1,6
F?bNw,[4 5 6 7],0,4,4
F?bao,[7],5,0,0
F?bao,[2 7],5,0,0
F?bao,[3 7],5,0,0
F?bao,[4 7],5,0,0
F?bao,[5 7],5,0,0
F?bao,[6 7],5,0,0
F?bao,[2 4 7],0,0,5
F?bao,[2 5 7],0,0,5
F?bao,[2 6 7],2,0,3
F?bao,[3 4 7],0,0,5
F?bao,[3 5 7],0,0,5
F?bao,[3 6 7],0,0,5
F?bao,[4 5 7],0,0,5
F?bao,[4 6 7],1,0,4
F?bao,[5 6 7],1,2,2
F?bao,[2 4 5 7],1,2,2
F?bao,[2 4 6 7],0,0,5
F?bao,[2 5 6 7],0,0,5
F?bao,[3 4 5 7],1,2,2
F?bao,[3 4 6 7],1,0,4
F?bao,[3 5 6 7],0,0,5
F?bao,[4 5 6 7],0,2,3
F?baw,[7],6,0,0
F?baw,[2 7],3,1,2
F?baw,[3 7],3,1,2
F?baw,[4 7],3,0,3
F?baw,[5 7],5,0,1
F?baw,[6 7],5,0,1
F?baw,[2 4 7],0,1,5
F?baw,[2 5 7],0,1,5
F?baw,[2 6 7],2,1,3
F?baw,[3 4 7],0,1,5
F?baw,[3 5 7],0,1,5
F?baw,[3 6 7],2,1,3
F?baw,[4 5 7],0,1,5
F?baw,[4 6 7],3,0,3
F?baw,[5 6 7],1,1,4
F?baw,[2 4 5 7],1,3,2
F?baw,[2 4 6 7],0,1,5
F?baw,[2 5 6 7],0,1,5
F?baw,[3 4 5 7],1,3,2
F?baw,[3 4 6 7],1,1,4
F?baw,[3 5 6 7],0,1,5
F?baw,[4 5 6 7],0,3,3
F?bbo,[7],7,0,0
F?bbo,[2 7],2,0,5
F?bbo,[3 7],2,0,5
F?bbo,[4 7],2,1,4
F?bbo,[5 7],4,0,3
F?bbo,[6 7],7,0,0
F?bbo,[2 4 7],0,0,7
F?bbo,[2 5 7],0,0,7
F?bbo,[2 6 7],2,0,5
F?bbo,[3 4 7],0,1,6
F?bbo,[3 5 7],0,0,7
F?bbo,[3 6 7],0,0,7
F?bbo,[4 5 7],1,0,6
F?bbo,[4 6 7],1,0,6
F?bbo,[5 6 7],1,2,4
F?bbo,[2 4 5 7],1,2,4
F?bbo,[2 4 6 7],0,0,7
F?bbo,[2 5 6 7],0,0,7
F?bbo,[3 4 5 7],1,4,2
F?bbo,[3 4 6 7],1,1,5
F?bbo,[3 5 6 7],0,0,7
F?bbo,[4 5 6 7],0,4,3
F?bbw,[7],8,0,0
F?bbw,[2 7],2,1,5
F?bbw,[3 7],2,1,5
F?bbw,[4 7],2,0,6
F?bbw,[5 7],3,0,5
F?bbw,[6 7],6,0,2
F?bbw,[2 4 7],0,1,7
F?bbw,[2 5 7],0,1,7
F?bbw,[2 6 7],2,1,5
F?bbw,[3 4 7],0,2,6
F?bbw,[3 5 7],0,1,7
F?bbw,[3 6 7],2,1,5
F?bbw,[4 5 7],1,2,5
F?bbw,[4 6 7],3,0,5
F?bbw,[5 6 7],2,1,5
F?bbw,[2 4 5 7],1,3,4
F?bbw,[2 4 6 7],0,1,7
F?bbw,[2 5 6 7],0,1,7
F?bbw,[3 4 5 7],1,5,2
F?bbw,[3 4 6 7],1,2,5
F?bbw,[3 5 6 7],0,1,7
F?bbw,[4 5 6 7],0,5,3
F?bcw,[7],5,0,0
F?bcw,[2 7],2,2,1
F?bcw,[3 7],3,1,1
F?bcw,[4 7],3,0,2
F?bcw,[5 7],4,0,1
F?bcw,[6 7],4,0,1
F?bcw,[2 3 7],2,2,1
F?bcw,[2 4 7],2,1,2
F?bcw,[2 5 7],1,2,2
F?bcw,[2 6 7],1,1,3
F?bcw,[3 4 7],2,1,2
F?bcw,[3 5 7],2,1,2
F?bcw,[3 6 7],2,1,2
F?bcw,[4 5 7],3,1,1
F?bcw,[4 6 7],2,0,3
F?bcw,[5 6 7],1,1,3
F?bcw,[2 3 5 7],1,2,2
F?bcw,[2 3 6 7],0,2,3
F?bcw,[2 4 5 7],1,2,2
F?bcw,[2 4 6 7],1,1,3
F?bcw,[2 5 6 7],0,3,2
F?bcw,[3 4 5 7],1,2,2
F?bcw,[3 4 6 7],1,1,3
F?bcw,[3 5 6 7],0,1,4
F?bcw,[4 5 6 7],0,2,3
F?beg,[7],5,0,0
F?beg,[2 7],5,0,0
F?beg,[3 7],5,0,0
F?beg,[4 7],5,0,0
F?beg,[5 7],5,0,0
F?beg,[6 7],5,0,0
F?beg,[2 4 7],0,1,4
F?beg,[2 5 7],0,2,3
F?beg,[2 6 7],2,0,3
F?beg,[3 4 7],0,1,4
F?beg,[3 5 7],0,0,5
F?beg,[3 6 7],0,2,3
F?beg,[4 5 7],0,0,5
F?beg,[4 6 7],0,0,5
F?beg,[5 6 7],2,0,3
F?beg,[2 4 5 7],0,3,2
F?beg,[2 4 6 7],0,1,4
F?beg,[2 5 6 7],0,3,2
F?beg,[3 4 5 7],0,3,2
F?beg,[3 4 6 7],0,1,4
F?beg,[3 5 6 7],0,1,4
F?beg,[4 5 6 7],0,3,2
F?beo,[7],6,0,0
F?beo,[2 7],6,0,0
F?beo,[3 7],6,0,0
F?beo,[4 7],6,0,0
F?beo,[5 7],4,0,2
F?beo,[6 7],6,0,0
F?beo,[2 4 7],0,0,6
F?beo,[2 5 7],0,0,6
F?beo,[2 6 7],1,0,5
F?beo,[3 4 7],0,0,6
F?beo,[3 5 7],0,0,6
F?beo,[3 6 7],0,0,6
F?beo,[4 5 7],1,0,5
F?beo,[4 6 7],1,0,5
F?beo,[5 6 7],1,1,4
F?beo,[2 4 5 7],1,3,2
F?beo,[2 4 6 7],1,0,5
F?beo,[2 5 6 7],0,2,4
F?beo,[3 4 5 7],1,4,1
F?beo,[3 4 6 7],1,0,5
F?beo,[3 5 6 7],0,1,5
F?beo,[4 5 6 7],0,4,2
F?bew,[7],7,0,0
F?bew,[2 7],5,1,1
F?bew,[3 7],5,1,1
F?bew,[4 7],5,0,2
F?bew,[5 7],6,0,1
F?bew,[6 7],6,0,1
F?bew,[2 4 7],0,1,6
F?bew,[2 5 7],0,1,6
F?bew,[2 6 7],1,1,5
F?bew,[3 4 7],0,1,6
F?bew,[3 5 7],0,1,6
F?bew,[3 6 7],1,1,5
F?bew,[4 5 7],1,1,5
F?bew,[4 6 7],2,0,5
F?bew,[5 6 7],1,1,5
F?bew,[2 4 5 7],1,4,2
F?bew,[2 4 6 7],1,1,5
F?bew,[2 5 6 7],0,3,4
F?bew,[3 4 5 7],1,5,1
F?bew,[3 4 6 7],1,1,5
F?bew,[3 5 6 7],0,2,5
F?bew,[4 5 6 7],0,5,2
F?bf_,[7],6,0,0
F?bf_,[2 7],3,3,0
F?bf_,[3 7],3,2,1
F?bf_,[4 7],3,2,1
F?bf_,[5 7],2,2,2
F?bf_,[6 7],5,0,1
F?bf_,[2 4 7],0,1,5
F?bf_,[2 5 7],0,1,5
F?bf_,[2 6 7],2,1,3
F?bf_,[3 4 7],0,1,5
F?bf_,[3 5 7],0,1,5
F?bf_,[3 6 7],0,0,6
F?bf_,[4 5 7],0,1,5
F?bf_,[4 6 7],0,0,6
F?bf_,[5 6 7],3,0,3
F?bf_,[2 4 5 7],0,2,4
F?bf_,[2 4 6 7],0,1,5
F?bf_,[2 5 6 7],0,2,4
F?bf_,[3 4 5 7],0,4,2
F?bf_,[3 4 6 7],0,1,5
F?bf_,[3 5 6 7],0,0,6
F?bf_,[4 5 6 7],0,4,2
F?bfg,[7],7,0,0
F?bfg,[2 7],4,1,2
F?bfg,[3 7],4,0,3
F?bfg,[4 7],4,0,3
F?bfg,[5 7],6,0,1
F?bfg,[6 7],5,1,1
F?bfg,[2 4 7],0,2,5
F?bfg,[2 5 7],0,3,4
F?bfg,[2 6 7],2,1,4
F?bfg,[3 4 7],0,2,5
F?bfg,[3 5 7],0,1,6
F?bfg,[3 6 7],0,2,5
F?bfg,[4 5 7],0,1,6
F?bfg,[4 6 7],0,0,7
F?bfg,[5 6 7],3,0,4
F?bfg,[2 4 5 7],0,3,4
F?bfg,[2 4 6 7],0,2,5
F?bfg,[2 5 6 7],0,3,4
F?bfg,[3 4 5 7],0,5,2
F?bfg,[3 4 6 7],0,2,5
F?bfg,[3 5 6 7],0,1,6
F?bfg,[4 5 6 7],0,5,2
F?bfo,[7],8,0,0
F?bfo,[2 7],4,1,3
F?bfo,[3 7],4,0,4
F?bfo,[4 7],4,0,4
F?bfo,[5 7],3,0,5
F?bfo,[6 7],5,0,3
F?bfo,[2 4 7],0,3,5
F?bfo,[2 5 7],0,1,7
F?bfo,[2 6 7],2,1,5
F?bfo,[3 4 7],0,4,4
F?bfo,[3 5 7],0,1,7
F?bfo,[3 6 7],0,0,8
F?bfo,[4 5 7],3,1,4
F?bfo,[4 6 7],1,0,7
F?bfo,[5 6 7],3,3,2
F?bfo,[2 4 5 7],1,3,4
F?bfo,[2 4 6 7],0,1,7
F?bfo,[2 5 6 7],0,2,6
F?bfo,[3 4 5 7],1,5,2
F?bfo,[3 4 6 7],1,4,3
F?bfo,[3 5 6 7],1,0,7
F?bfo,[4 5 6 7],0,5,3
F?bfw,[7],9,0,0
F?bfw,[2 7],4,2,3
F?bfw,[3 7],4,1,4
F?bfw,[4 7],4,0,5
F?bfw,[5 7],4,0,5
F?bfw,[6 7],4,0,5
F?bfw,[2 4 7],0,4,5
F?bfw,[2 5 7],0,2,7
F?bfw,[2 6 7],2,2,5
F?bfw,[3 4 7],0,5,4
F?bfw,[3 5 7],0,2,7
F?bfw,[3 6 7],2,1,6
F?bfw,[4 5 7],3,3,3
F?bfw,[4 6 7],3,0,6
F?bfw,[5 6 7],4,2,3
F?bfw,[2 4 5 7],1,4,4
F?bfw,[2 4 6 7],0,2,7
F?bfw,[2 5 6 7],0,3,6
F?bfw,[3 4 5 7],1,6,2
F?bfw,[3 4 6 7],1,5,3
F?bfw,[3 5 6 7],1,1,7
F?bfw,[4 5 6 7],0,6,3
F?bmo,[7],7,0,0
F?bmo,[2 7],7,0,0
F?bmo,[3 7],7,0,0
F?bmo,[4 7],7,0,0
F?bmo,[5 7],3,0,4
F?bmo,[6 7],7,0,0
F?bmo,[2 5 7],1,0,6
F?bmo,[2 6 7],1,0,6
F?bmo,[3 5 7],1,0,6
F?bmo,[3 6 7],1,0,6
F?bmo,[4 5 7],1,0,6
F?bmo,[4 6 7],1,0,6
F?bmo,[5 6 7],0,0,7
F?bmo,[2 4 5 7],1,4,2
F?bmo,[2 4 6 7],1,0,6
F?bmo,[2 5 6 7],0,5,2
F?bmo,[3 4 5 7],1,6,0
F?bmo,[3 4 6 7],1,0,6
F?bmo,[3 5 6 7],1,0,6
F?bmo,[4 5 6 7],0,6,1
F?bmw,[7],8,0,0
F?bmw,[2 7],7,1,0
F?bmw,[3 7],7,1,0
F?bmw,[4 7],7,1,0
F?bmw,[5 7],7,0,1
F?bmw,[6 7],7,0,1
F?bmw,[2 5 7],1,1,6
F?bmw,[2 6 7],1,1,6
F?bmw,[3 5 7],1,1,6
F?bmw,[3 6 7],1,1,6
F?bmw,[4 5 7],1,1,6
F?bmw,[4 6 7],1,1,6
F?bmw,[5 6 7],0,1,7
F?bmw,[2 4 5 7],1,5,2
F?bmw,[2 4 6 7],1,1,6
F?bmw,[2 5 6 7],0,6,2
F?bmw,[3 4 5 7],1,7,0
F?bmw,[3 4 6 7],1,1,6
F?bmw,[3 5 6 7],1,1,6
F?bmw,[4 5 6 7],0,7,1
F?bno,[7],9,0,0
F?bno,[2 7],5,2,2
F?bno,[3 7],5,0,4
F?bno,[4 7],5,0,4
F?bno,[5 7],3,0,6
F?bno,[6 7],5,0,4
F?bno,[2 5 7],1,2,6
F?bno,[2 6 7],1,2,6
F?bno,[3 5 7],1,2,6
F?bno,[3 6 7],1,0,8
F?bno,[4 5 7],3,2,4
F?bno,[4 6 7],1,0,8
F?bno,[5 6 7],4,0,5
F?bno,[2 4 5 7],1,4,4
F?bno,[2 4 6 7],1,2,6
F?bno,[2 5 6 7],0,5,4
F?bno,[3 4 5 7],1,8,0
F?bno,[3 4 6 7],1,4,4
F?bno,[3 5 6 7],1,0,8
F?bno,[4 5 6 7],0,8,1
F?bnw,[7],10,0,0
F?bnw,[2 7],5,3,2
F?bnw,[3 7],5,1,4
F?bnw,[4 7],5,1,4
F?bnw,[5 7],5,0,5
F?bnw,[6 7],5,0,5
F?bnw,[2 5 7],1,3,6
F?bnw,[2 6 7],1,3,6
F?bnw,[3 5 7],1,3,6
F?bnw,[3 6 7],1,1,8
F?bnw,[4 5 7],3,3,4
F?bnw,[4 6 7],1,1,8
F?bnw,[5 6 7],4,1,5
F?bnw,[2 4 5 7],1,5,4
F?bnw,[2 4 6 7],1,3,6
F?bnw,[2 5 6 7],0,6,4
F?bnw,[3 4 5 7],1,9,0
F?bnw,[3 4 6 7],1,5,4
F?bnw,[3 5 6 7],1,1,8
F?bnw,[4 5 6 7],0,9,1
F?bro,[7],9,0,0
F?bro,[3 7],0,0,9
F?bro,[4 7],0,0,9
F?bro,[5 7],0,0,9
F?bro,[6 7],9,0,0
F?bro,[3 6 7],0,0,9
F?bro,[4 5 7],1,2,6
F?bro,[4 6 7],1,0,8
F?bro,[5 6 7],1,0,8
F?bro,[3 4 5 7],1,8,0
F?bro,[3 4 6 7],1,2,6
F?bro,[3 5 6 7],0,1,8
F?bro,[4 5 6 7],0,8,1
F?brw,[7],10,0,0
F?brw,[3 7],0,1,9
F?brw,[4 7],0,1,9
F?brw,[5 7],0,0,10
F?brw,[6 7],7,0,3
F?brw,[3 6 7],0,1,9
F?brw,[4 5 7],1,3,6
F?brw,[4 6 7],1,1,8
F?brw,[5 6 7],3,1,6
F?brw,[3 4 5 7],1,9,0
F?brw,[3 4 6 7],1,3,6
F?brw,[3 5 6 7],0,2,8
F?brw,[4 5 6 7],0,9,1
F?bvO,[7],8,0,0
F?bvO,[2 7],3,1,4
F?bvO,[3 7],3,0,5
F?bvO,[4 7],4,0,4
F?bvO,[5 7],4,0,4
F?bvO,[6 7],7,0,1
F?bvO,[2 5 7],1,1,6
F?bvO,[2 6 7],0,1,7
F?bvO,[3 5 7],1,1,6
F?bvO,[3 6 7],0,0,8
F?bvO,[4 5 7],1,1,6
F?bvO,[4 6 7],1,0,7
F?bvO,[5 6 7],2,0,6
F?bvO,[2 4 5 7],1,3,4
F?bvO,[2 4 6 7],1,1,6
F?bvO,[2 5 6 7],0,2,6
F?bvO,[3 4 5 7],1,7,0
F?bvO,[3 4 6 7],1,1,6
F?bvO,[3 5 6 7],1,0,7
F?bvO,[4 5 6 7],0,7,1
F?bvW,[7],9,0,0
F?bvW,[2 7],3,2,4
F?bvW,[3 7],3,1,5
F?bvW,[4 7],3,1,5
F?bvW,[5 7],4,1,4
F?bvW,[6 7],7,0,2
F?bvW,[2 5 7],1,2,6
F?bvW,[2 6 7],0,2,7
F?bvW,[3 5 7],1,2,6
F?bvW,[3 6 7],0,1,8
F?bvW,[4 5 7],1,2,6
F?bvW,[4 6 7],1,1,7
F?bvW,[5 6 7],2,1,6
F?bvW,[2 4 5 7],1,4,4
F?bvW,[2 4 6 7],1,2,6
F?bvW,[2 5 6 7],0,3,6
F?bvW,[3 4 5 7],1,8,0
F?bvW,[3 4 6 7],1,2,6
F?bvW,[3 5 6 7],1,1,7
F?bvW,[4 5 6 7],0,8,1
F?bv_,[7],8,0,0
F?bv_,[2 7],0,8,0
F?bv_,[3 7],0,6,2
F?bv_,[4 7],0,6,2
F?bv_,[5 7],0,6,2
F?bv_,[6 7],6,0,2
F?bv_,[2 6 7],0,2,6
F?bv_,[3 6 7],0,0,8
F?bv_,[4 5 7],0,2,6
F?bv_,[4 6 7],0,0,8
F?bv_,[5 6 7],2,0,6
F?bv_,[2 5 6 7],0,2,6
F?bv_,[3 4 5 7],0,8,0
F?bv_,[3 4 6 7],0,2,6
F?bv_,[3 5 6 7],0,0,8
F?bv_,[4 5 6 7],0,8,0
F?bvg,[7],9,0,0
F?bvg,[2 7],1,2,6
F?bvg,[3 7],1,0,8
F?bvg,[4 7],1,0,8
F?bvg,[5 7],7,0,2
F?bvg,[6 7],6,0,3
F?bvg,[2 6 7],0,2,7
F?bvg,[3 6 7],0,0,9
F?bvg,[4 5 7],0,3,6
F?bvg,[4 6 7],0,0,9
F?bvg,[5 6 7],2,0,7
F?bvg,[2 5 6 7],0,3,6
F?bvg,[3 4 5 7],0,9,0
F?bvg,[3 4 6 7],0,3,6
F?bvg,[3 5 6 7],0,1,8
F?bvg,[4 5 6 7],0,9,0
F?bvo,[7],10,0,0
F?bvo,[3 7],0,0,10
F?bvo,[4 7],0,0,10
F?bvo,[5 7],1,0,9
F?bvo,[6 7],5,0,5
F?bvo,[3 6 7],0,0,10
F?bvo,[4 5 7],4,3,3
F?bvo,[4 6 7],1,0,9
F?bvo,[5 6 7],5,0,5
F?bvo,[3 4 5 7],1,9,0
F?bvo,[3 4 6 7],1,6,3
F?bvo,[3 5 6 7],1,0,9
F?bvo,[4 5 6 7],0,9,1
F?bvw,[7],11,0,0
F?bvw,[3 7],0,1,10
F?bvw,[4 7],0,1,10
F?bvw,[5 7],1,0,10
F?bvw,[6 7],4,0,7
F?bvw,[3 6 7],0,1,10
F?bvw,[4 5 7],4,4,3
F?bvw,[4 6 7],1,1,9
F?bvw,[5 6 7],6,1,4
F?bvw,[3 4 5 7],1,10,0
F?bvw,[3 4 6 7],1,7,3
F?bvw,[3 5 6 7],1,1,9
F?bvw,[4 5 6 7],0,10,1
F?b~o,[7],11,0,0
F?b~o,[5 7],1,0,10
F?b~o,[6 7],1,0,10
F?b~o,[4 5 7],7,4,0
F?b~o,[4 6 7],1,0,10
F?b~o,[5 6 7],10,0,1
F?b~o,[3 4 5 7],1,10,0
F?b~o,[3 4 6 7],1,10,0
F?b~o,[3 5 6 7],1,0,10
F?b~o,[4 5 6 7],0,10,1
F?b~w,[7],12,0,0
F?b~w,[5 7],1,1,10
F?b~w,[6 7],1,0,11
F?b~w,[4 5 7],7,5,0
F?b~w,[4 6 7],1,1,10
F?b~w,[5 6 7],10,1,1
F?b~w,[3 4 5 7],1,11,0
F?b~w,[3 4 6 7],1,11,0
F?b~w,[3 5 6 7],1,1,10
F?b~w,[4 5 6 7],0,11,1
F?opo,[7],4,0,0
F?opo,[3 7],0,0,4
F?opo,[4 7],2,0,2
F?opo,[5 7],4,0,0
F?opo,[6 7],4,0,0
F?opo,[2 3 7],4,0,0
F?opo,[2 4 7],4,0,0
F?opo,[2 5 7],2,0,2
F?opo,[2 6 7],0,0,4
F?opo,[3 4 7],4,0,0
F?opo,[3 5 7],2,0,2
F?opo,[3 6 7],0,0,4
F?opo,[4 5 7],0,0,4
F?opo,[4 6 7],0,0,4
F?opo,[5 6 7],2,0,2
F?opo,[2 3 6 7],0,0,4
F?opo,[2 4 6 7],0,0,4
F?opo,[2 5 6 7],0,0,4
F?opo,[3 4 6 7],0,0,4
F?opo,[3 5 6 7],0,0,4
F?opo,[4 5 6 7],0,0,4
F?osW,[7],3,0,0
F?osW,[2 7],1,2,0
F?osW,[3 7],2,0,1
F?osW,[4 7],2,0,1
F?osW,[5 7],2,0,1
F?osW,[6 7],3,0,0
F?osW,[2 3 7],2,0,1
F?osW,[2 4 7],2,0,1
F?osW,[2 5 7],1,0,2
F?osW,[2 6 7],1,0,2
F?osW,[3 4 7],2,0,1
F?osW,[3 5 7],1,0,2
F?osW,[3 6 7],2,0,1
F?osW,[4 5 7],2,0,1
F?osW,[4 6 7],1,0,2
F?osW,[5 6 7],1,0,2
F?osW,[2 3 5 7],1,0,2
F?osW,[2 3 6 7],0,0,3
F?osW,[2 4 5 7],1,0,2
F?osW,[2 4 6 7],1,0,2
F?osW,[2 5 6 7],0,1,2
F?osW,[3 4 5 7],1,0,2
F?osW,[3 4 6 7],1,0,2
F?osW,[3 5 6 7],0,0,3
F?osW,[4 5 6 7],0,0,3
F?otO,[7],3,0,0
F?otO,[2 7],3,0,0
F?otO,[3 7],3,0,0
F?otO,[4 7],3,0,0
F?otO,[5 7],3,0,0
F?otO,[6 7],3,0,0
F?otO,[2 4 7],0,1,2
F?otO,[2 5 7],1,0,2
F?otO,[2 6 7],1,0,2
F?otO,[3 4 7],0,3,0
F?otO,[3 5 7],1,0,2
F?otO,[3 6 7],1,0,2
F?otO,[4 5 7],1,0,2
F?otO,[4 6 7],1,0,2
F?otO,[5 6 7],1,0,2
F?otO,[2 4 6 7],0,1,2
F?otO,[2 5 6 7],0,1,2
F?otO,[3 4 6 7],0,1,2
F?otO,[3 5 6 7],0,1,2
F?otO,[4 5 6 7],0,1,2
F?otW,[7],6,0,0
F?otW,[2 7],6,0,0
F?otW,[3 7],6,0,0
F?otW,[4 7],4,2,0
F?otW,[5 7],4,0,2
F?otW,[6 7],6,0,0
F?otW,[2 4 7],0,2,4
F?otW,[2 5 7],0,0,6
F?otW,[2 6 7],0,0,6
F?otW,[3 4 7],0,4,2
F?otW,[3 5 7],0,0,6
F?otW,[3 6 7],0,0,6
F?otW,[4 5 7],0,0,6
F?otW,[4 6 7],0,0,6
F?otW,[5 6 7],0,0,6
F?otW,[2 4 6 7],0,2,4
F?otW,[2 5 6 7],0,2,4
F?otW,[3 4 6 7],0,2,4
F?otW,[3 5 6 7],0,2,4
F?otW,[4 5 6 7],0,2,4
F?oto,[7],7,0,0
F?oto,[2 7],1,2,4
F?oto,[3 7],2,0,5
F?oto,[4 7],4,0,3
F?oto,[5 7],6,0,1
F?oto,[6 7],7,0,0
F?oto,[2 4 7],0,1,6
F?oto,[2 5 7],0,1,6
F?oto,[2 6 7],0,1,6
F?oto,[3 4 7],0,2,5
F?oto,[3 5 7],0,0,7
F?oto,[3 6 7],0,0,7
F?oto,[4 5 7],0,0,7
F?oto,[4 6 7],0,0,7
F?oto,[5 6 7],0,0,7
F?oto,[2 4 6 7],0,1,6
F?oto,[2 5 6 7],0,1,6
F?oto,[3 4 6 7],0,1,6
F?oto,[3 5 6 7],0,1,6
F?oto,[4 5 6 7],0,3,4
F?ouW,[7],5,0,0
F?ouW,[3 7],2,0,3
F?ouW,[4 7],2,0,3
F?ouW,[5 7],4,1,0
F?ouW,[6 7],5,0,0
F?ouW,[2 3 7],5,0,0
F?ouW,[2 4 7],5,0,0
F?ouW,[2 5 7],1,2,2
F?ouW,[2 6 7],1,0,4
F?ouW,[3 4 7],5,0,0
F?ouW,[3 5 7],3,0,2
F?ouW,[3 6 7],1,0,4
F?ouW,[4 5 7],3,0,2
F?ouW,[4 6 7],0,1,4
F?ouW,[5 6 7],0,0,5
F?ouW,[2 3 6 7],0,0,5
F?ouW,[2 4 6 7],0,0,5
F?ouW,[2 5 6 7],0,0,5
F?ouW,[3 4 6 7],0,0,5
F?ouW,[3 5 6 7],0,0,5
F?ouW,[4 5 6 7],0,0,5
F?ov?,[7],4,0,0
F?ov?,[2 7],2,2,0
F?ov?,[3 7],4,0,0
F?ov?,[4 7],4,0,0
F?ov?,[5 7],4,0,0
F?ov?,[6 7],4,0,0
F?ov?,[2 4 7],0,0,4
F?ov?,[2 5 7],0,0,4
F?ov?,[2 6 7],0,0,4
F?ov?,[3 4 7],0,0,4
F?ov?,[3 5 7],0,0,4
F?ov?,[3 6 7],0,0,4
F?ov?,[4 5 7],0,0,4
F?ov?,[4 6 7],0,0,4
F?ov?,[5 6 7],0,0,4
F?ov?,[2 4 6 7],0,0,4
F?ov?,[2 5 6 7],0,0,4
F?ov?,[3 4 6 7],0,0,4
F?ov?,[3 5 6 7],0,0,4
F?ov?,[4 5 6 7],0,2,2
F?ovO,[7],5,0,0
F?ovO,[2 7],5,0,0
F?ovO,[3 7],5,0,0
F?ovO,[4 7],5,0,0
F?ovO,[5 7],5,0,0
F?ovO,[6 7],5,0,0
F?ovO,[2 4 7],0,1,4
F?ovO,[2 5 7],0,0,5
F?ovO,[2 6 7],0,0,5
F?ovO,[3 4 7],0,3,2
F?ovO,[3 5 7],0,0,5
F?ovO,[3 6 7],0,0,5
F?ovO,[4 5 7],0,0,5
F?ovO,[4 6 7],0,0,5
F?ovO,[5 6 7],0,0,5
F?ovO,[2 4 6 7],0,1,4
F?ovO,[2 5 6 7],0,1,4
F?ovO,[3 4 6 7],0,1,4
F?ovO,[3 5 6 7],0,1,4
F?ovO,[4 5 6 7],0,3,2
F?ovW,[7],8,0,0
F?ovW,[2 7],4,2,2
F?ovW,[3 7],4,1,3
F?ovW,[4 7],4,0,4
F?ovW,[5 7],6,0,2
F?ovW,[6 7],7,0,1
F?ovW,[2 4 7],0,2,6
F?ovW,[2 5 7],0,1,7
F?ovW,[2 6 7],0,1,7
F?ovW,[3 4 7],0,5,3
F?ovW,[3 5 7],0,1,7
F?ovW,[3 6 7],0,0,8
F?ovW,[4 5 7],0,1,7
F?ovW,[4 6 7],0,0,8
F?ovW,[5 6 7],0,1,7
F?ovW,[2 4 6 7],0,2,6
F?ovW,[2 5 6 7],0,2,6
F?ovW,[3 4 6 7],0,2,6
F?ovW,[3 5 6 7],0,2,6
F?ovW,[4 5 6 7],0,5,3
F?ov_,[7],8,0,0
F?ov_,[3 7],0,0,8
F?ov_,[4 7],4,0,4
F?ov_,[5 7],4,0,4
F?ov_,[6 7],8,0,0
F?ov_,[3 4 7],0,8,0
F?ov_,[3 5 7],0,0,8
F?ov_,[3 6 7],0,0,8
F?ov_,[4 5 7],0,0,8
F?ov_,[4 6 7],0,0,8
F?ov_,[5 6 7],0,0,8
F?ov_,[3 4 6 7],0,4,4
F?ov_,[3 5 6 7],0,0,8
F?ov_,[4 5 6 7],0,4,4
F?ovo,[7],9,0,0
F?ovo,[3 7],2,0,7
F?ovo,[4 7],4,0,5
F?ovo,[5 7],4,0,5
F?ovo,[6 7],6,0,3
F?ovo,[3 4 7],0,9,0
F?ovo,[3 5 7],0,1,8
F?ovo,[3 6 7],0,0,9
F?ovo,[4 5 7],0,3,6
F?ovo,[4 6 7],0,0,9
F?ovo,[5 6 7],2,0,7
F?ovo,[3 4 6 7],0,5,4
F?ovo,[3 5 6 7],0,1,8
F?ovo,[4 5 6 7],0,5,4
F?ovw,[7],10,0,0
F?ovw,[4 7],4,0,6
F?ovw,[5 7],4,0,6
F?ovw,[6 7],4,0,6
F?ovw,[3 4 7],0,10,0
F?ovw,[3 5 7],0,2,8
F?ovw,[3 6 7],0,0,10
F?ovw,[4 5 7],0,6,4
F?ovw,[4 6 7],0,0,10
F?ovw,[5 6 7],4,2,4
F?ovw,[3 4 6 7],0,6,4
F?ovw,[3 5 6 7],0,2,8
F?ovw,[4 5 6 7],0,6,4
F?o|W,[7],7,0,0
F?o|W,[2 7],4,1,2
F?o|W,[3 7],4,1,2
F?o|W,[4 7],4,0,3
F?o|W,[5 7],6,0,1
F?o|W,[6 7],6,0,1
F?o|W,[2 4 7],0,5,2
F?o|W,[2 5 7],0,1,6
F?o|W,[2 6 7],0,1,6
F?o|W,[3 4 7],2,3,2
F?o|W,[3 5 7],0,3,4
F?o|W,[3 6 7],0,1,6
F?o|W,[4 5 7],2,1,4
F?o|W,[4 6 7],0,0,7
F?o|W,[5 6 7],0,1,6
F?o|W,[2 4 6 7],0,3,4
F?o|W,[2 5 6 7],0,3,4
F?o|W,[3 4 6 7],0,3,4
F?o|W,[3 5 6 7],0,3,4
F?o|W,[4 5 6 7],0,3,4
F?o|o,[7],8,0,0
F?o|o,[2 7],1,2,5
F?o|o,[3 7],1,1,6
F?o|o,[4 7],1,0,7
F?o|o,[5 7],6,0,2
F?o|o,[6 7],6,0,2
F?o|o,[2 4 7],0,2,6
F?o|o,[2 5 7],0,2,6
F?o|o,[2 6 7],0,2,6
F?o|o,[3 4 7],1,4,3
F?o|o,[3 5 7],0,2,6
F?o|o,[3 6 7],0,1,7
F?o|o,[4 5 7],1,2,5
F?o|o,[4 6 7],0,0,8
F?o|o,[5 6 7],0,2,6
F?o|o,[2 4 6 7],0,2,6
F?o|o,[2 5 6 7],0,2,6
F?o|o,[3 4 6 7],0,2,6
F?o|o,[3 5 6 7],0,2,6
F?o|o,[4 5 6 7],0,4,4
F?o}W,[7],7,0,0
F?o}W,[3 7],1,2,4
F?o}W,[4 7],1,0,6
F?o}W,[5 7],5,0,2
F?o}W,[6 7],5,0,2
F?o}W,[2 3 7],5,2,0
F?o}W,[2 4 7],5,2,0
F?o}W,[2 5 7],1,6,0
F?o}W,[2 6 7],1,2,4
F?o}W,[3 4 7],5,2,0
F?o}W,[3 5 7],5,2,0
F?o}W,[3 6 7],1,2,4
F?o}W,[4 5 7],5,2,0
F?o}W,[4 6 7],1,0,6
F?o}W,[5 6 7],0,2,5
F?o}W,[2 3 6 7],0,2,5
F?o}W,[2 4 6 7],0,2,5
F?o}W,[2 5 6 7],0,2,5
F?o}W,[3 4 6 7],0,2,5
F?o}W,[3 5 6 7],0,2,5
F?o}W,[4 5 6 7],0,2,5
F?o~O,[7],8,0,0
F?o~O,[2 7],4,1,3
F?o~O,[3 7],4,0,4
F?o~O,[4 7],4,0,4
F?o~O,[5 7],5,0,3
F?o~O,[6 7],7,0,1
F?o~O,[2 4 7],0,4,4
F?o~O,[2 5 7],0,1,7
F?o~O,[2 6 7],0,1,7
F?o~O,[3 4 7],3,2,3
F?o~O,[3 5 7],0,4,4
F?o~O,[3 6 7],0,0,8
F?o~O,[4 5 7],3,1,4
F?o~O,[4 6 7],0,0,8
F?o~O,[5 6 7],0,1,7
F?o~O,[2 4 6 7],0,2,6
F?o~O,[2 5 6 7],0,2,6
F?o~O,[3 4 6 7],0,2,6
F?o~O,[3 5 6 7],0,2,6
F?o~O,[4 5 6 7],0,5,3
F?o~W,[7],9,0,0
F?o~W,[2 7],2,2,5
F?o~W,[3 7],2,2,5
F?o~W,[4 7],2,0,7
F?o~W,[5 7],7,0,2
F?o~W,[6 7],6,1,2
F?o~W,[2 4 7],0,5,4
F?o~W,[2 5 7],0,2,7
F?o~W,[2 6 7],0,2,7
F?o~W,[3 4 7],3,3,3
F?o~W,[3 5 7],0,5,4
F?o~W,[3 6 7],0,2,7
F?o~W,[4 5 7],3,2,4
F?o~W,[4 6 7],0,0,9
F?o~W,[5 6 7],0,2,7
F?o~W,[2 4 6 7],0,3,6
F?o~W,[2 5 6 7],0,3,6
F?o~W,[3 4 6 7],0,3,6
F?o~W,[3 5 6 7],0,3,6
F?o~W,[4 5 6 7],0,6,3
F?o~_,[7],9,0,0
F?o~_,[4 7],0,0,9
F?o~_,[5 7],0,0,9
F?o~_,[6 7],9,0,0
F?o~_,[3 4 7],4,5,0
F?o~_,[3 5 7],0,5,4
F?o~_,[3 6 7],0,0,9
F?o~_,[4 5 7],4,1,4
F?o~_,[4 6 7],0,0,9
F?o~_,[5 6 7],0,0,9
F?o~_,[3 4 6 7],0,5,4
F?o~_,[3 5 6 7],0,1,8
F?o~_,[4 5 6 7],0,5,4
F?o~o,[7],10,0,0
F?o~o,[4 7],0,0,10
F?o~o,[5 7],2,0,8
F?o~o,[6 7],6,0,4
F?o~o,[3 4 7],4,6,0
F?o~o,[3 5 7],0,6,4
F?o~o,[3 6 7],0,1,9
F?o~o,[4 5 7],4,4,2
F?o~o,[4 6 7],0,0,10
F?o~o,[5 6 7],2,2,6
F?o~o,[3 4 6 7],0,6,4
F?o~o,[3 5 6 7],0,2,8
F?o~o,[4 5 6 7],0,6,4
F?o~w,[7],11,0,0
F?o~w,[4 7],0,0,11
F?o~w,[5 7],4,0,7
F?o~w,[6 7],4,0,7
F?o~w,[3 4 7],4,7,0
F?o~w,[3 5 7],0,7,4
F?o~w,[3 6 7],0,3,8
F?o~w,[4 5 7],4,7,0
F?o~w,[4 6 7],0,0,11
F?o~w,[5 6 7],4,3,4
F?o~w,[3 4 6 7],0,7,4
F?o~w,[3 5 6 7],0,3,8
F?o~w,[4 5 6 7],0,7,4
F?q_w,[7],4,0,0
F?q_w,[2 7],4,0,0
F?q_w,[3 7],4,0,0
F?q_w,[4 7],4,0,0
F?q_w,[5 7],2,0,2
F?q_w,[6 7],4,0,0
F?q_w,[2 4 7],0,0,4
F?q_w,[2 5 7],0,0,4
F?q_w,[2 6 7],2,0,2
F?q_w,[3 4 7],0,0,4
F?q_w,[3 5 7],0,0,4
F?q_w,[3 6 7],0,0,4
F?q_w,[4 5 7],0,0,4
F?q_w,[4 6 7],0,0,4
F?q_w,[5 6 7],2,0,2
F?q_w,[2 4 5 7],0,2,2
F?q_w,[2 4 6 7],0,0,4
F?q_w,[2 5 6 7],0,2,2
F?q_w,[3 4 5 7],0,2,2
F?q_w,[3 4 6 7],0,0,4
F?q_w,[3 5 6 7],0,0,4
F?q_w,[4 5 6 7],0,2,2
F?q`o,[7],5,0,0
F?q`o,[2 7],2,1,2
F?q`o,[3 7],2,0,3
F?q`o,[4 7],2,0,3
F?q`o,[5 7],4,0,1
F?q`o,[6 7],5,0,0
F?q`o,[2 4 7],0,1,4
F?q`o,[2 5 7],0,1,4
F?q`o,[2 6 7],0,1,4
F?q`o,[3 4 7],0,3,2
F?q`o,[3 5 7],0,2,3
F?q`o,[3 6 7],2,0,3
F?q`o,[4 5 7],2,0,3
F?q`o,[4 6 7],2,0,3
F?q`o,[5 6 7],2,0,3
F?q`o,[2 4 6 7],0,1,4
F?q`o,[2 5 6 7],0,1,4
F?q`o,[3 4 6 7],0,1,4
F?q`o,[3 5 6 7],0,1,4
F?q`o,[4 5 6 7],0,1,4
F?qaw,[7],6,0,0
F?qaw,[2 7],3,1,2
F?qaw,[3 7],3,0,3
F?qaw,[4 7],3,0,3
F?qaw,[5 7],4,0,2
F?qaw,[6 7],5,0,1
F?qaw,[2 4 7],0,3,3
F?qaw,[2 5 7],1,1,4
F?qaw,[2 6 7],1,1,4
F?qaw,[3 4 7],1,4,1
F?qaw,[3 5 7],1,1,4
F?qaw,[3 6 7],1,0,5
F?qaw,[4 5 7],2,1,3
F?qaw,[4 6 7],1,0,5
F?qaw,[5 6 7],1,2,3
F?qaw,[2 4 6 7],0,2,4
F?qaw,[2 5 6 7],0,2,4
F?qaw,[3 4 6 7],0,2,4
F?qaw,[3 5 6 7],0,2,4
F?qaw,[4 5 6 7],0,2,4
F?qb_,[7],6,0,0
F?qb_,[2 7],0,0,6
F?qb_,[3 7],0,0,6
F?qb_,[4 7],6,0,0
F?qb_,[5 7],6,0,0
F?qb_,[6 7],6,0,0
F?qb_,[2 4 7],0,0,6
F?qb_,[2 5 7],0,0,6
F?qb_,[2 6 7],0,0,6
F?qb_,[3 4 7],0,0,6
F?qb_,[3 5 7],2,0,4
F?qb_,[3 6 7],2,0,4
F?qb_,[4 5 7],2,0,4
F?qb_,[4 6 7],2,0,4
F?qb_,[5 6 7],2,0,4
F?qb_,[2 4 6 7],0,0,6
F?qb_,[2 5 6 7],0,0,6
F?qb_,[3 4 6 7],0,0,6
F?qb_,[3 5 6 7],0,0,6
F?qb_,[4 5 6 7],0,2,4
F?qbo,[7],7,0,0
F?qbo,[2 7],1,1,5
F?qbo,[3 7],2,0,5
F?qbo,[4 7],3,0,4
F?qbo,[5 7],5,0,2
F?qbo,[6 7],7,0,0
F?qbo,[2 4 7],0,2,5
F?qbo,[2 5 7],2,1,4
F?qbo,[2 6 7],1,1,5
F?qbo,[3 4 7],0,4,3
F?qbo,[3 5 7],2,0,5
F?qbo,[3 6 7],2,0,5
F?qbo,[4 5 7],2,0,5
F?qbo,[4 6 7],2,0,5
F?qbo,[5 6 7],2,0,5
F?qbo,[2 4 6 7],0,1,6
F?qbo,[2 5 6 7],0,1,6
F?qbo,[3 4 6 7],0,1,6
F?qbo,[3 5 6 7],0,1,6
F?qbo,[4 5 6 7],0,3,4
F?qbw,[7],8,0,0
F?qbw,[2 7],2,2,4
F?qbw,[3 7],2,0,6
F?qbw,[4 7],2,0,6
F?qbw,[5 7],4,2,2
F?qbw,[6 7],6,0,2
F?qbw,[2 4 7],0,4,4
F?qbw,[2 5 7],2,2,4
F?qbw,[2 6 7],2,2,4
F?qbw,[3 4 7],0,6,2
F?qbw,[3 5 7],2,0,6
F?qbw,[3 6 7],2,0,6
F?qbw,[4 5 7],2,2,4
F?qbw,[4 6 7],2,0,6
F?qbw,[5 6 7],2,2,4
F?qbw,[2 4 6 7],0,2,6
F?qbw,[2 5 6 7],0,2,6
F?qbw,[3 4 6 7],0,2,6
F?qbw,[3 5 6 7],0,2,6
F?qbw,[4 5 6 7],0,4,4
F?qcw,[7],5,0,0
F?qcw,[2 7],5,0,0
F?qcw,[3 7],5,0,0
F?qcw,[4 7],5,0,0
F?qcw,[5 7],3,0,2
F?qcw,[6 7],5,0,0
F?qcw,[2 4 7],3,2,0
F?qcw,[2 5 7],3,0,2
F?qcw,[2 6 7],3,0,2
F?qcw,[3 4 7],1,4,0
F?qcw,[3 5 7],1,2,2
F?qcw,[3 6 7],3,0,2
F?qcw,[4 5 7],1,0,4
F?qcw,[4 6 7],1,0,4
F?qcw,[5 6 7],0,0,5
F?qcw,[2 4 6 7],0,2,3
F?qcw,[2 5 6 7],0,2,3
F?qcw,[3 4 6 7],0,2,3
F?qcw,[3 5 6 7],0,2,3
F?qcw,[4 5 6 7],0,2,3
F?qdo,[7],6,0,0
F?qdo,[2 7],3,1,2
F?qdo,[3 7],4,1,1
F?qdo,[4 7],4,1,1
F?qdo,[5 7],5,0,1
F?qdo,[6 7],6,0,0
F?qdo,[2 4 7],0,2,4
F?qdo,[2 5 7],0,2,4
F?qdo,[2 6 7],1,1,4
F?qdo,[3 4 7],0,2,4
F?qdo,[3 5 7],0,2,4
F?qdo,[3 6 7],2,0,4
F?qdo,[4 5 7],1,0,5
F?qdo,[4 6 7],1,0,5
F?qdo,[5 6 7],1,0,5
F?qdo,[2 4 6 7],0,1,5
F?qdo,[2 5 6 7],0,2,4
F?qdo,[3 4 6 7],0,1,5
F?qdo,[3 5 6 7],0,1,5
F?qdo,[4 5 6 7],0,3,3
F?qeo,[7],5,0,0
F?qeo,[2 7],5,0,0
F?qeo,[3 7],5,0,0
F?qeo,[4 7],5,0,0
F?qeo,[5 7],4,0,1
F?qeo,[6 7],5,0,0
F?qeo,[2 4 7],1,1,3
F?qeo,[2 5 7],2,0,3
F?qeo,[2 6 7],2,0,3
F?qeo,[3 4 7],0,3,2
F?qeo,[3 5 7],1,1,3
F?qeo,[3 6 7],2,0,3
F?qeo,[4 5 7],1,0,4
F?qeo,[4 6 7],1,0,4
F?qeo,[5 6 7],1,0,4
F?qeo,[2 4 6 7],0,1,4
F?qeo,[2 5 6 7],0,2,3
F?qeo,[3 4 6 7],0,1,4
F?qeo,[3 5 6 7],0,1,4
F?qeo,[4 5 6 7],0,3,2
F?qew,[7],7,0,0
F?qew,[2 7],5,1,1
F?qew,[3 7],5,0,2
F?qew,[4 7],4,1,2
F?qew,[5 7],5,0,2
F?qew,[6 7],6,0,1
F?qew,[2 4 7],1,3,3
F?qew,[2 5 7],2,2,3
F?qew,[2 6 7],3,1,3
F?qew,[3 4 7],0,5,2
F?qew,[3 5 7],1,2,4
F?qew,[3 6 7],3,0,4
F?qew,[4 5 7],1,1,5
F?qew,[4 6 7],1,0,6
F?qew,[5 6 7],1,1,5
F?qew,[2 4 6 7],0,2,5
F?qew,[2 5 6 7],0,3,4
F?qew,[3 4 6 7],0,2,5
F?qew,[3 5 6 7],0,2,5
F?qew,[4 5 6 7],0,4,3
F?qf_,[7],7,0,0
F?qf_,[2 7],0,1,6
F?qf_,[3 7],0,0,7
F?qf_,[4 7],2,0,5
F?qf_,[5 7],4,0,3
F?qf_,[6 7],6,0,1
F?qf_,[2 4 7],0,1,6
F?qf_,[2 5 7],0,1,6
F?qf_,[2 6 7],0,1,6
F?qf_,[3 4 7],0,5,2
F?qf_,[3 5 7],2,1,4
F?qf_,[3 6 7],2,0,5
F?qf_,[4 5 7],2,1,4
F?qf_,[4 6 7],2,0,5
F?qf_,[5 6 7],3,0,4
F?qf_,[2 4 6 7],0,1,6
F?qf_,[2 5 6 7],0,1,6
F?qf_,[3 4 6 7],0,3,4
F?qf_,[3 5 6 7],0,0,7
F?qf_,[4 5 6 7],0,3,4
F?qfo,[7],8,0,0
F?qfo,[2 7],2,2,4
F?qfo,[3 7],2,0,6
F?qfo,[4 7],2,0,6
F?qfo,[5 7],4,0,4
F?qfo,[6 7],6,0,2
F?qfo,[2 4 7],0,3,5
F?qfo,[2 5 7],2,3,3
F?qfo,[2 6 7],2,2,4
F?qfo,[3 4 7],0,8,0
F?qfo,[3 5 7],2,2,4
F?qfo,[3 6 7],3,0,5
F?qfo,[4 5 7],2,2,4
F?qfo,[4 6 7],2,0,6
F?qfo,[5 6 7],4,0,4
F?qfo,[2 4 6 7],0,2,6
F?qfo,[2 5 6 7],0,2,6
F?qfo,[3 4 6 7],0,4,4
F?qfo,[3 5 6 7],0,1,7
F?qfo,[4 5 6 7],0,4,4
F?qfw,[7],9,0,0
F?qfw,[2 7],4,3,2
F?qfw,[3 7],4,0,5
F?qfw,[4 7],4,0,5
F?qfw,[5 7],4,0,5
F?qfw,[6 7],4,0,5
F?qfw,[2 4 7],0,5,4
F?qfw,[2 5 7],2,5,2
F?qfw,[2 6 7],4,3,2
F?qfw,[3 4 7],0,9,0
F?qfw,[3 5 7],2,3,4
F?qfw,[3 6 7],4,0,5
F?qfw,[4 5 7],2,5,2
F?qfw,[4 6 7],2,0,7
F?qfw,[5 6 7],5,2,2
F?qfw,[2 4 6 7],0,3,6
F?qfw,[2 5 6 7],0,3,6
F?qfw,[3 4 6 7],0,5,4
F?qfw,[3 5 6 7],0,2,7
F?qfw,[4 5 6 7],0,5,4
F?qjo,[7],8,0,0
F?qjo,[2 7],3,1,4
F?qjo,[3 7],3,1,4
F?qjo,[4 7],4,1,3
F?qjo,[5 7],5,0,3
F?qjo,[6 7],7,0,1
F?qjo,[2 4 7],1,3,4
F?qjo,[2 5 7],0,2,6
F?qjo,[2 6 7],0,1,7
F?qjo,[3 4 7],1,3,4
F?qjo,[3 5 7],1,1,6
F?qjo,[3 6 7],0,1,7
F?qjo,[4 5 7],1,1,6
F?qjo,[4 6 7],0,0,8
F?qjo,[5 6 7],0,1,7
F?qjo,[2 4 6 7],0,2,6
F?qjo,[2 5 6 7],0,2,6
F?qjo,[3 4 6 7],0,2,6
F?qjo,[3 5 6 7],0,2,6
F?qjo,[4 5 6 7],0,4,4
F?qjw,[7],9,0,0
F?qjw,[2 7],3,2,4
F?qjw,[3 7],3,2,4
F?qjw,[4 7],3,0,6
F?qjw,[5 7],5,2,2
F?qjw,[6 7],7,0,2
F?qjw,[2 4 7],2,3,4
F?qjw,[2 5 7],0,4,5
F?qjw,[2 6 7],0,2,7
F?qjw,[3 4 7],2,3,4
F?qjw,[3 5 7],2,2,5
F?qjw,[3 6 7],0,2,7
F?qjw,[4 5 7],2,2,5
F?qjw,[4 6 7],0,0,9
F?qjw,[5 6 7],0,2,7
F?qjw,[2 4 6 7],0,3,6
F?qjw,[2 5 6 7],0,3,6
F?qjw,[3 4 6 7],0,3,6
F?qjw,[3 5 6 7],0,3,6
F?qjw,[4 5 6 7],0,5,4
F?qkw,[7],6,0,0
F?qkw,[2 7],6,0,0
F?qkw,[3 7],6,0,0
F?qkw,[4 7],6,0,0
F?qkw,[5 7],6,0,0
F?qkw,[6 7],6,0,0
F?qkw,[2 4 7],3,3,0
F?qkw,[2 5 7],3,0,3
F?qkw,[2 6 7],3,0,3
F?qkw,[3 4 7],3,3,0
F?qkw,[3 5 7],3,0,3
F?qkw,[3 6 7],3,0,3
F?qkw,[4 5 7],3,0,3
F?qkw,[4 6 7],3,0,3
F?qkw,[5 6 7],0,0,6
F?qkw,[2 4 6 7],0,3,3
F?qkw,[2 5 6 7],0,3,3
F?qkw,[3 4 6 7],0,3,3
F?qkw,[3 5 6 7],0,3,3
F?qkw,[4 5 6 7],0,3,3
F?qlo,[7],7,0,0
F?qlo,[2 7],5,1,1
F?qlo,[3 7],5,1,1
F?qlo,[4 7],5,0,2
F?qlo,[5 7],5,0,2
F?qlo,[6 7],6,0,1
F?qlo,[2 4 7],2,2,3
F?qlo,[2 5 7],2,1,4
F?qlo,[2 6 7],2,1,4
F?qlo,[3 4 7],1,3,3
F?qlo,[3 5 7],1,2,4
F?qlo,[3 6 7],2,1,4
F?qlo,[4 5 7],1,1,5
F?qlo,[4 6 7],1,0,6
F?qlo,[5 6 7],0,2,5
F?qlo,[2 4 6 7],0,2,5
F?qlo,[2 5 6 7],0,3,4
F?qlo,[3 4 6 7],0,2,5
F?qlo,[3 5 6 7],0,2,5
F?qlo,[4 5 6 7],0,4,3
F?qmo,[7],7,0,0
F?qmo,[2 7],7,0,0
F?qmo,[3 7],6,0,1
F?qmo,[4 7],5,1,1
F?qmo,[5 7],4,0,3
F?qmo,[6 7],7,0,0
F?qmo,[2 4 7],2,2,3
F?qmo,[2 5 7],2,0,5
F?qmo,[2 6 7],2,0,5
F?qmo,[3 4 7],2,2,3
F?qmo,[3 5 7],2,0,5
F?qmo,[3 6 7],2,0,5
F?qmo,[4 5 7],2,0,5
F?qmo,[4 6 7],1,0,6
F?qmo,[5 6 7],0,0,7
F?qmo,[2 4 6 7],0,2,5
F?qmo,[2 5 6 7],0,3,4
F?qmo,[3 4 6 7],0,2,5
F?qmo,[3 5 6 7],0,2,5
F?qmo,[4 5 6 7],0,4,3
F?qmw,[7],8,0,0
F?qmw,[2 7],6,1,1
F?qmw,[3 7],6,1,1
F?qmw,[4 7],6,0,2
F?qmw,[5 7],7,0,1
F?qmw,[6 7],6,1,1
F?qmw,[2 4 7],2,3,3
F?qmw,[2 5 7],2,1,5
F?qmw,[2 6 7],2,1,5
F?qmw,[3 4 7],2,3,3
F?qmw,[3 5 7],2,1,5
F?qmw,[3 6 7],2,1,5
F?qmw,[4 5 7],2,1,5
F?qmw,[4 6 7],2,0,6
F?qmw,[5 6 7],0,1,7
F?qmw,[2 4 6 7],0,3,5
F?qmw,[2 5 6 7],0,4,4
F?qmw,[3 4 6 7],0,3,5
F?qmw,[3 5 6 7],0,3,5
F?qmw,[4 5 6 7],0,5,3
F?qn_,[7],8,0,0
F?qn_,[2 7],5,1,2
F?qn_,[3 7],3,0,5
F?qn_,[4 7],3,0,5
F?qn_,[5 7],5,0,3
F?qn_,[6 7],7,0,1
F?qn_,[2 4 7],2,2,4
F?qn_,[2 5 7],2,1,5
F?qn_,[2 6 7],2,1,5
F?qn_,[3 4 7],2,4,2
F?qn_,[3 5 7],2,1,5
F?qn_,[3 6 7],2,0,6
F?qn_,[4 5 7],2,1,5
F?qn_,[4 6 7],0,0,8
F?qn_,[5 6 7],1,0,7
F?qn_,[2 4 6 7],0,2,6
F?qn_,[2 5 6 7],0,2,6
F?qn_,[3 4 6 7],0,4,4
F?qn_,[3 5 6 7],0,1,7
F?qn_,[4 5 6 7],0,4,4
F?qno,[7],9,0,0
F?qno,[2 7],5,2,2
F?qno,[3 7],4,1,4
F?qno,[4 7],3,1,5
F?qno,[5 7],4,0,5
F?qno,[6 7],6,0,3
F?qno,[2 4 7],2,3,4
F?qno,[2 5 7],2,2,5
F?qno,[2 6 7],2,2,5
F?qno,[3 4 7],2,5,2
F?qno,[3 5 7],2,2,5
F?qno,[3 6 7],2,1,6
F?qno,[4 5 7],2,3,4
F?qno,[4 6 7],1,0,8
F?qno,[5 6 7],2,1,6
F?qno,[2 4 6 7],0,3,6
F?qno,[2 5 6 7],0,3,6
F?qno,[3 4 6 7],0,5,4
F?qno,[3 5 6 7],0,2,7
F?qno,[4 5 6 7],0,5,4
F?qnw,[7],10,0,0
F?qnw,[2 7],5,3,2
F?qnw,[3 7],5,2,3
F?qnw,[4 7],5,0,5
F?qnw,[5 7],5,0,5
F?qnw,[6 7],5,0,5
F?qnw,[2 4 7],2,4,4
F?qnw,[2 5 7],2,3,5
F?qnw,[2 6 7],2,3,5
F?qnw,[3 4 7],2,6,2
F?qnw,[3 5 7],2,3,5
F?qnw,[3 6 7],2,2,6
F?qnw,[4 5 7],2,5,3
F?qnw,[4 6 7],2,0,8
F?qnw,[5 6 7],3,2,5
F?qnw,[2 4 6 7],0,4,6
F?qnw,[2 5 6 7],0,4,6
F?qnw,[3 4 6 7],0,6,4
F?qnw,[3 5 6 7],0,3,7
F?qnw,[4 5 6 7],0,6,4
F?qpo,[7],7,0,0
F?qpo,[2 7],3,1,3
F?qpo,[3 7],3,0,4
F?qpo,[4 7],3,0,4
F?qpo,[5 7],5,0,2
F?qpo,[6 7],7,0,0
F?qpo,[2 4 7],0,1,6
F?qpo,[2 5 7],0,1,6
F?qpo,[2 6 7],0,1,6
F?qpo,[3 4 7],1,3,3
F?qpo,[3 5 7],0,1,6
F?qpo,[3 6 7],0,0,7
F?qpo,[4 5 7],1,0,6
F?qpo,[4 6 7],0,0,7
F?qpo,[5 6 7],0,0,7
F?qpo,[2 4 6 7],0,1,6
F?qpo,[2 5 6 7],0,1,6
F?qpo,[3 4 6 7],0,1,6
F?qpo,[3 5 6 7],0,1,6
F?qpo,[4 5 6 7],0,3,4
F?qrO,[7],7,0,0
F?qrO,[2 7],3,0,4
F?qrO,[3 7],3,0,4
F?qrO,[4 7],5,2,0
F?qrO,[5 7],7,0,0
F?qrO,[6 7],7,0,0
F?qrO,[2 4 7],0,3,4
F?qrO,[2 5 7],0,0,7
F?qrO,[2 6 7],0,0,7
F?qrO,[3 4 7],0,3,4
F?qrO,[3 5 7],0,0,7
F?qrO,[3 6 7],0,0,7
F?qrO,[4 5 7],0,0,7
F?qrO,[4 6 7],0,0,7
F?qrO,[5 6 7],0,0,7
F?qrO,[2 4 6 7],0,1,6
F?qrO,[2 5 6 7],0,1,6
F?qrO,[3 4 6 7],0,1,6
F?qrO,[3 5 6 7],0,1,6
F?qrO,[4 5 6 7],0,3,4
F?qr_,[7],8,0,0
F?qr_,[3 7],0,0,8
F?qr_,[4 7],6,0,2
F?qr_,[5 7],8,0,0
F?qr_,[6 7],8,0,0
F?qr_,[3 4 7],0,2,6
F?qr_,[3 5 7],0,0,8
F?qr_,[3 6 7],0,0,8
F?qr_,[4 5 7],0,0,8
F?qr_,[4 6 7],0,0,8
F?qr_,[5 6 7],0,0,8
F?qr_,[3 4 6 7],0,0,8
F?qr_,[3 5 6 7],0,0,8
F?qr_,[4 5 6 7],0,6,2
F?qrg,[7],9,0,0
F?qrg,[3 7],5,0,4
F?qrg,[4 7],4,0,5
F?qrg,[5 7],6,0,3
F?qrg,[6 7],8,0,1
F?qrg,[3 4 7],0,3,6
F?qrg,[3 5 7],0,1,8
F?qrg,[3 6 7],0,0,9
F?qrg,[4 5 7],0,1,8
F?qrg,[4 6 7],0,0,9
F?qrg,[5 6 7],0,0,9
F?qrg,[3 4 6 7],0,1,8
F?qrg,[3 5 6 7],0,1,8
F?qrg,[4 5 6 7],0,7,2
F?qro,[7],9,0,0
F?qro,[3 7],0,0,9
F?qro,[4 7],2,2,5
F?qro,[5 7],5,0,4
F?qro,[6 7],8,0,1
F?qro,[3 4 7],1,2,6
F?qro,[3 5 7],1,1,7
F?qro,[3 6 7],0,0,9
F?qro,[4 5 7],1,1,7
F?qro,[4 6 7],0,0,9
F?qro,[5 6 7],0,0,9
F?qro,[3 4 6 7],0,1,8
F?qro,[3 5 6 7],0,1,8
F?qro,[4 5 6 7],0,7,2
F?qrw,[7],10,0,0
F?qrw,[3 7],0,1,9
F?qrw,[4 7],3,0,7
F?qrw,[5 7],3,2,5
F?qrw,[6 7],8,0,2
F?qrw,[3 4 7],1,3,6
F?qrw,[3 5 7],1,2,7
F?qrw,[3 6 7],0,1,9
F?qrw,[4 5 7],1,2,7
F?qrw,[4 6 7],0,1,9
F?qrw,[5 6 7],0,2,8
F?qrw,[3 4 6 7],0,2,8
F?qrw,[3 5 6 7],0,2,8
F?qrw,[4 5 6 7],0,8,2
F?qtg,[7],7,0,0
F?qtg,[2 7],7,0,0
F?qtg,[3 7],7,0,0
F?qtg,[4 7],7,0,0
F?qtg,[5 7],5,0,2
F?qtg,[6 7],7,0,0
F?qtg,[2 6 7],0,0,7
F?qtg,[3 4 7],0,1,6
F?qtg,[3 5 7],0,1,6
F?qtg,[3 6 7],0,0,7
F?qtg,[4 5 7],0,0,7
F?qtg,[4 6 7],0,0,7
F?qtg,[5 6 7],0,0,7
F?qtg,[2 5 6 7],0,3,4
F?qtg,[3 4 6 7],0,1,6
F?qtg,[3 5 6 7],0,1,6
F?qtg,[4 5 6 7],0,7,0
F?qto,[7],8,0,0
F?qto,[2 7],4,2,2
F?qto,[3 7],4,0,4
F?qto,[4 7],4,0,4
F?qto,[5 7],6,0,2
F?qto,[6 7],7,0,1
F?qto,[2 6 7],0,2,6
F?qto,[3 4 7],1,1,6
F?qto,[3 5 7],1,1,6
F?qto,[3 6 7],1,0,7
F?qto,[4 5 7],0,1,7
F?qto,[4 6 7],0,0,8
F?qto,[5 6 7],0,0,8
F?qto,[2 5 6 7],0,4,4
F?qto,[3 4 6 7],0,1,7
F?qto,[3 5 6 7],0,1,7
F?qto,[4 5 6 7],0,7,1
F?qtw,[7],9,0,0
F?qtw,[2 7],5,2,2
F?qtw,[3 7],5,0,4
F?qtw,[4 7],5,0,4
F?qtw,[5 7],6,1,2
F?qtw,[6 7],7,0,2
F?qtw,[2 6 7],0,2,7
F?qtw,[3 4 7],1,2,6
F?qtw,[3 5 7],1,2,6
F?qtw,[3 6 7],1,0,8
F?qtw,[4 5 7],0,3,6
F?qtw,[4 6 7],0,0,9
F?qtw,[5 6 7],0,1,8
F?qtw,[2 5 6 7],0,5,4
F?qtw,[3 4 6 7],0,2,7
F?qtw,[3 5 6 7],0,2,7
F?qtw,[4 5 6 7],0,8,1
F?quW,[7],7,0,0
F?quW,[3 7],2,1,4
F?quW,[4 7],3,0,4
F?quW,[5 7],3,1,3
F?quW,[6 7],6,0,1
F?quW,[2 3 7],5,2,0
F?quW,[2 4 7],5,2,0
F?quW,[2 5 7],4,3,0
F?quW,[2 6 7],3,2,2
F?quW,[3 4 7],5,1,1
F?quW,[3 5 7],4,1,2
F?quW,[3 6 7],3,1,3
F?quW,[4 5 7],4,1,2
F?quW,[4 6 7],1,2,4
F?quW,[5 6 7],0,1,6
F?quW,[2 3 6 7],0,2,5
F?quW,[2 4 6 7],0,2,5
F?quW,[2 5 6 7],0,2,5
F?quW,[3 4 6 7],0,1,6
F?quW,[3 5 6 7],0,1,6
F?quW,[4 5 6 7],0,2,5
F?qvG,[7],8,0,0
F?qvG,[2 7],2,2,4
F?qvG,[3 7],5,0,3
F?qvG,[4 7],6,0,2
F?qvG,[5 7],5,0,3
F?qvG,[6 7],7,0,1
F?qvG,[2 4 7],0,2,6
F?qvG,[2 5 7],0,2,6
F?qvG,[2 6 7],0,2,6
F?qvG,[3 4 7],0,2,6
F?qvG,[3 5 7],0,0,8
F?qvG,[3 6 7],0,0,8
F?qvG,[4 5 7],0,0,8
F?qvG,[4 6 7],0,0,8
F?qvG,[5 6 7],0,0,8
F?qvG,[2 4 6 7],0,2,6
F?qvG,[2 5 6 7],0,3,5
F?qvG,[3 4 6 7],0,1,7
F?qvG,[3 5 6 7],0,1,7
F?qvG,[4 5 6 7],0,5,3
F?qvO,[7],8,0,0
F?qvO,[2 7],4,1,3
F?qvO,[3 7],3,0,5
F?qvO,[4 7],5,1,2
F?qvO,[5 7],6,0,2
F?qvO,[6 7],8,0,0
F?qvO,[2 4 7],1,3,4
F?qvO,[2 5 7],1,1,6
F?qvO,[2 6 7],1,1,6
F?qvO,[3 4 7],1,2,5
F?qvO,[3 5 7],1,0,7
F?qvO,[3 6 7],1,0,7
F?qvO,[4 5 7],1,0,7
F?qvO,[4 6 7],0,0,8
F?qvO,[5 6 7],0,0,8
F?qvO,[2 4 6 7],0,2,6
F?qvO,[2 5 6 7],0,3,5
F?qvO,[3 4 6 7],0,1,7
F?qvO,[3 5 6 7],0,1,7
F?qvO,[4 5 6 7],0,6,2
F?qvW,[7],9,0,0
F?qvW,[2 7],4,2,3
F?qvW,[3 7],4,1,4
F?qvW,[4 7],5,0,4
F?qvW,[5 7],5,1,3
F?qvW,[6 7],8,0,1
F?qvW,[2 4 7],1,4,4
F?qvW,[2 5 7],1,2,6
F?qvW,[2 6 7],1,2,6
F?qvW,[3 4 7],1,3,5
F?qvW,[3 5 7],1,1,7
F?qvW,[3 6 7],1,1,7
F?qvW,[4 5 7],1,1,7
F?qvW,[4 6 7],0,1,8
F?qvW,[5 6 7],0,1,8
F?qvW,[2 4 6 7],0,3,6
F?qvW,[2 5 6 7],0,4,5
F?qvW,[3 4 6 7],0,2,7
F?qvW,[3 5 6 7],0,2,7
F?qvW,[4 5 6 7],0,7,2
F?qv_,[7],9,0,0
F?qv_,[3 7],0,0,9
F?qv_,[4 7],3,0,6
F?qv_,[5 7],3,0,6
F?qv_,[6 7],8,0,1
F?qv_,[3 4 7],1,5,3
F?qv_,[3 5 7],1,2,6
F?qv_,[3 6 7],0,0,9
F?qv_,[4 5 7],0,2,7
F?qv_,[4 6 7],0,0,9
F?qv_,[5 6 7],1,0,8
F?qv_,[3 4 6 7],0,4,5
F?qv_,[3 5 6 7],0,0,9
F?qv_,[4 5 6 7],0,7,2
F?qvg,[7],10,0,0
F?qvg,[3 7],4,0,6
F?qvg,[4 7],3,1,6
F?qvg,[5 7],3,1,6
F?qvg,[6 7],7,0,3
F?qvg,[3 4 7],1,6,3
F?qvg,[3 5 7],1,3,6
F?qvg,[3 6 7],0,0,10
F?qvg,[4 5 7],0,4,6
F?qvg,[4 6 7],0,0,10
F?qvg,[5 6 7],2,0,8
F?qvg,[3 4 6 7],0,5,5
F?qvg,[3 5 6 7],0,1,9
F?qvg,[4 5 6 7],0,8,2
F?qvo,[7],10,0,0
F?qvo,[3 7],0,0,10
F?qvo,[4 7],1,2,7
F?qvo,[5 7],4,0,6
F?qvo,[6 7],6,0,4
F?qvo,[3 4 7],1,6,3
F?qvo,[3 5 7],1,3,6
F?qvo,[3 6 7],1,0,9
F?qvo,[4 5 7],0,6,4
F?qvo,[4 6 7],0,0,10
F?qvo,[5 6 7],3,0,7
F?qvo,[3 4 6 7],0,5,5
F?qvo,[3 5 6 7],0,1,9
F?qvo,[4 5 6 7],0,8,2
F?qvw,[7],11,0,0
F?qvw,[3 7],1,1,9
F?qvw,[4 7],4,0,7
F?qvw,[5 7],4,0,7
F?qvw,[6 7],5,0,6
F?qvw,[3 4 7],1,7,3
F?qvw,[3 5 7],1,4,6
F?qvw,[3 6 7],1,1,9
F?qvw,[4 5 7],0,7,4
F?qvw,[4 6 7],0,1,10
F?qvw,[5 6 7],4,2,5
F?qvw,[3 4 6 7],0,6,5
F?qvw,[3 5 6 7],0,2,9
F?qvw,[4 5 6 7],0,9,2
F?qzw,[7],11,0,0
F?qzw,[3 7],0,3,8
F?qzw,[4 7],0,1,10
F?qzw,[5 7],2,4,5
F?qzw,[6 7],8,0,3
F?qzw,[3 4 7],2,3,6
F?qzw,[3 5 7],2,3,6
F?qzw,[3 6 7],0,3,8
F?qzw,[4 5 7],2,3,6
F?qzw,[4 6 7],0,3,8
F?qzw,[5 6 7],0,3,8
F?qzw,[3 4 6 7],0,3,8
F?qzw,[3 5 6 7],0,3,8
F?qzw,[4 5 6 7],0,9,2
F?q|w,[7],10,0,0
F?q|w,[2 7],3,3,4
F?q|w,[3 7],3,3,4
F?q|w,[4 7],4,0,6
F?q|w,[5 7],8,0,2
F?q|w,[6 7],7,0,3
F?q|w,[2 6 7],0,3,7
F?q|w,[3 4 7],1,3,6
F?q|w,[3 5 7],1,3,6
F?q|w,[3 6 7],1,2,7
F?q|w,[4 5 7],0,4,6
F?q|w,[4 6 7],1,0,9
F?q|w,[5 6 7],0,2,8
F?q|w,[2 5 6 7],0,6,4
F?q|w,[3 4 6 7],0,3,7
F?q|w,[3 5 6 7],0,3,7
F?q|w,[4 5 6 7],0,9,1
F?q~W,[7],10,0,0
F?q~W,[2 7],4,3,3
F?q~W,[3 7],5,2,3
F?q~W,[4 7],5,1,4
F?q~W,[5 7],6,2,2
F?q~W,[6 7],7,1,2
F?q~W,[2 4 7],2,4,4
F?q~W,[2 5 7],1,4,5
F?q~W,[2 6 7],1,3,6
F?q~W,[3 4 7],2,3,5
F?q~W,[3 5 7],2,2,6
F?q~W,[3 6 7],1,2,7
F?q~W,[4 5 7],2,2,6
F?q~W,[4 6 7],1,1,8
F?q~W,[5 6 7],0,2,8
F?q~W,[2 4 6 7],0,4,6
F?q~W,[2 5 6 7],0,5,5
F?q~W,[3 4 6 7],0,3,7
F?q~W,[3 5 6 7],0,3,7
F?q~W,[4 5 6 7],0,8,2
F?q~_,[7],10,0,0
F?q~_,[3 7],1,0,9
F?q~_,[4 7],1,0,9
F?q~_,[5 7],1,0,9
F?q~_,[6 7],8,0,2
F?q~_,[3 4 7],2,5,3
F?q~_,[3 5 7],2,3,5
F?q~_,[3 6 7],1,0,9
F?q~_,[4 5 7],1,4,5
F?q~_,[4 6 7],0,0,10
F?q~_,[5 6 7],1,0,9
F?q~_,[3 4 6 7],0,5,5
F?q~_,[3 5 6 7],0,1,9
F?q~_,[4 5 6 7],0,8,2
F?q~g,[7],11,0,0
F?q~g,[3 7],1,1,9
F?q~g,[4 7],1,1,9
F?q~g,[5 7],2,2,7
F?q~g,[6 7],7,0,4
F?q~g,[3 4 7],2,6,3
F?q~g,[3 5 7],2,4,5
F?q~g,[3 6 7],1,1,9
F?q~g,[4 5 7],1,5,5
F?q~g,[4 6 7],0,1,10
F?q~g,[5 6 7],2,2,7
F?q~g,[3 4 6 7],0,6,5
F?q~g,[3 5 6 7],0,2,9
F?q~g,[4 5 6 7],0,9,2
F?q~o,[7],11,0,0
F?q~o,[3 7],1,3,7
F?q~o,[4 7],2,0,9
F?q~o,[5 7],2,0,9
F?q~o,[6 7],6,0,5
F?q~o,[3 4 7],2,6,3
F?q~o,[3 5 7],2,4,5
F?q~o,[3 6 7],1,2,8
F?q~o,[4 5 7],1,7,3
F?q~o,[4 6 7],1,1,9
F?q~o,[5 6 7],3,2,6
F?q~o,[3 4 6 7],0,6,5
F?q~o,[3 5 6 7],0,2,9
F?q~o,[4 5 6 7],0,9,2
F?q~w,[7],12,0,0
F?q~w,[3 7],1,4,7
F?q~w,[4 7],2,1,9
F?q~w,[5 7],3,2,7
F?q~w,[6 7],5,0,7
F?q~w,[3 4 7],2,7,3
F?q~w,[3 5 7],2,5,5
F?q~w,[3 6 7],1,3,8
F?q~w,[4 5 7],1,8,3
F?q~w,[4 6 7],1,2,9
F?q~w,[5 6 7],4,3,5
F?q~w,[3 4 6 7],0,7,5
F?q~w,[3 5 6 7],0,3,9
F?q~w,[4 5 6 7],0,10,2
F?rDo,[7],6,0,0
F?rDo,[3 7],3,0,3
F?rDo,[4 7],4,0,2
F?rDo,[5 7],4,0,2
F?rDo,[6 7],6,0,0
F?rDo,[2 3 7],4,2,0
F?rDo,[2 4 7],4,2,0
F?rDo,[2 5 7],3,2,1
F?rDo,[2 6 7],3,2,1
F?rDo,[3 4 7],4,0,2
F?rDo,[3 5 7],3,0,3
F?rDo,[3 6 7],3,0,3
F?rDo,[4 5 7],0,0,6
F?rDo,[4 6 7],1,0,5
F?rDo,[5 6 7],2,0,4
F?rDo,[2 3 6 7],0,2,4
F?rDo,[2 4 6 7],0,2,4
F?rDo,[2 5 6 7],0,2,4
F?rDo,[3 4 6 7],0,0,6
F?rDo,[3 5 6 7],0,0,6
F?rDo,[4 5 6 7],0,2,4
F?rF_,[7],6,0,0
F?rF_,[3 7],0,0,6
F?rF_,[4 7],0,0,6
F?rF_,[5 7],4,0,2
F?rF_,[6 7],4,0,2
F?rF_,[2 3 7],4,2,0
F?rF_,[2 4 7],4,2,0
F?rF_,[2 5 7],4,2,0
F?rF_,[2 6 7],0,2,4
F?rF_,[3 4 7],4,2,0
F?rF_,[3 5 7],4,2,0
F?rF_,[3 6 7],0,0,6
F?rF_,[4 5 7],0,2,4
F?rF_,[4 6 7],0,0,6
F?rF_,[5 6 7],6,0,0
F?rF_,[2 3 6 7],0,2,4
F?rF_,[2 4 6 7],0,2,4
F?rF_,[2 5 6 7],0,2,4
F?rF_,[3 4 6 7],0,2,4
F?rF_,[3 5 6 7],0,0,6
F?rF_,[4 5 6 7],0,2,4
F?rFo,[7],7,0,0
F?rFo,[3 7],3,0,4
F?rFo,[4 7],3,0,4
F?rFo,[5 7],5,0,2
F?rFo,[6 7],5,0,2
F?rFo,[2 3 7],4,3,0
F?rFo,[2 4 7],4,3,0
F?rFo,[2 5 7],4,3,0
F?rFo,[2 6 7],4,3,0
F?rFo,[3 4 7],4,2,1
F?rFo,[3 5 7],4,2,1
F?rFo,[3 6 7],4,0,3
F?rFo,[4 5 7],0,2,5
F?rFo,[4 6 7],2,0,5
F?rFo,[5 6 7],4,0,3
F?rFo,[2 3 6 7],0,3,4
F?rFo,[2 4 6 7],0,3,4
F?rFo,[2 5 6 7],0,3,4
F?rFo,[3 4 6 7],0,2,5
F?rFo,[3 5 6 7],0,0,7
F?rFo,[4 5 6 7],0,3,4
F?rFw,[7],8,0,0
F?rFw,[3 7],4,0,4
F?rFw,[4 7],4,0,4
F?rFw,[5 7],4,0,4
F?rFw,[6 7],4,0,4
F?rFw,[2 3 7],4,4,0
F?rFw,[2 4 7],4,4,0
F?rFw,[2 5 7],4,4,0
F?rFw,[2 6 7],4,4,0
F?rFw,[3 4 7],4,4,0
F?rFw,[3 5 7],4,4,0
F?rFw,[3 6 7],4,0,4
F?rFw,[4 5 7],0,4,4
F?rFw,[4 6 7],4,0,4
F?rFw,[5 6 7],4,0,4
F?rFw,[2 3 6 7],0,4,4
F?rFw,[2 4 6 7],0,4,4
F?rFw,[2 5 6 7],0,4,4
F?rFw,[3 4 6 7],0,4,4
F?rFw,[3 5 6 7],0,0,8
F?rFw,[4 5 6 7],0,4,4
F?rLw,[7],8,0,0
F?rLw,[3 7],4,2,2
F?rLw,[4 7],4,0,4
F?rLw,[5 7],6,0,2
F?rLw,[6 7],6,0,2
F?rLw,[2 3 7],5,3,0
F?rLw,[2 4 7],5,3,0
F?rLw,[2 5 7],5,3,0
F?rLw,[2 6 7],3,3,2
F?rLw,[3 4 7],5,2,1
F?rLw,[3 5 7],5,2,1
F?rLw,[3 6 7],3,2,3
F?rLw,[4 5 7],5,2,1
F?rLw,[4 6 7],3,2,3
F?rLw,[5 6 7],0,2,6
F?rLw,[2 3 6 7],0,3,5
F?rLw,[2 4 6 7],0,3,5
F?rLw,[2 5 6 7],0,3,5
F?rLw,[3 4 6 7],0,2,6
F?rLw,[3 5 6 7],0,2,6
F?rLw,[4 5 6 7],0,3,5
F?rN_,[7],7,0,0
F?rN_,[3 7],1,0,6
F?rN_,[4 7],1,0,6
F?rN_,[5 7],1,0,6
F?rN_,[6 7],5,0,2
F?rN_,[2 3 7],5,2,0
F?rN_,[2 4 7],5,2,0
F?rN_,[2 5 7],5,2,0
F?rN_,[2 6 7],5,2,0
F?rN_,[3 4 7],4,3,0
F?rN_,[3 5 7],4,3,0
F?rN_,[3 6 7],4,0,3
F?rN_,[4 5 7],4,2,1
F?rN_,[4 6 7],0,0,7
F?rN_,[5 6 7],2,0,5
F?rN_,[2 3 6 7],0,2,5
F?rN_,[2 4 6 7],0,2,5
F?rN_,[2 5 6 7],0,2,5
F?rN_,[3 4 6 7],0,2,5
F?rN_,[3 5 6 7],0,0,7
F?rN_,[4 5 6 7],0,2,5
F?rNo,[7],8,0,0
F?rNo,[3 7],2,1,5
F?rNo,[4 7],2,0,6
F?rNo,[5 7],2,1,5
F?rNo,[6 7],5,0,3
F?rNo,[2 3 7],5,3,0
F?rNo,[2 4 7],5,3,0
F?rNo,[2 5 7],5,3,0
F?rNo,[2 6 7],5,3,0
F?rNo,[3 4 7],5,3,0
F?rNo,[3 5 7],5,3,0
F?rNo,[3 6 7],5,1,2
F?rNo,[4 5 7],5,3,0
F?rNo,[4 6 7],2,1,5
F?rNo,[5 6 7],2,1,5
F?rNo,[2 3 6 7],0,3,5
F?rNo,[2 4 6 7],0,3,5
F?rNo,[2 5 6 7],0,3,5
F?rNo,[3 4 6 7],0,3,5
F?rNo,[3 5 6 7],0,1,7
F?rNo,[4 5 6 7],0,3,5
F?rNw,[7],9,0,0
F?rNw,[3 7],5,2,2
F?rNw,[4 7],5,0,4
F?rNw,[5 7],5,0,4
F?rNw,[6 7],5,0,4
F?rNw,[2 3 7],5,4,0
F?rNw,[2 4 7],5,4,0
F?rNw,[2 5 7],5,4,0
F?rNw,[2 6 7],5,4,0
F?rNw,[3 4 7],5,4,0
F?rNw,[3 5 7],5,4,0
F?rNw,[3 6 7],5,2,2
F?rNw,[4 5 7],5,4,0
F?rNw,[4 6 7],5,0,4
F?rNw,[5 6 7],2,2,5
F?rNw,[2 3 6 7],0,4,5
F?rNw,[2 4 6 7],0,4,5
F?rNw,[2 5 6 7],0,4,5
F?rNw,[3 4 6 7],0,4,5
F?rNw,[3 5 6 7],0,2,7
F?rNw,[4 5 6 7],0,4,5
F?rdo,[7],8,0,0
F?rdo,[2 7],3,2,3
F?rdo,[3 7],4,0,4
F?rdo,[4 7],4,1,3
F?rdo,[5 7],4,0,4
F?rdo,[6 7],7,1,0
F?rdo,[2 4 7],0,4,4
F?rdo,[2 5 7],0,3,5
F?rdo,[2 6 7],1,2,5
F?rdo,[3 4 7],0,3,5
F?rdo,[3 5 7],0,1,7
F?rdo,[3 6 7],1,0,7
F?rdo,[4 5 7],0,0,8
F?rdo,[4 6 7],0,0,8
F?rdo,[5 6 7],0,0,8
F?rdo,[2 4 6 7],0,2,6
F?rdo,[2 5 6 7],0,3,5
F?rdo,[3 4 6 7],0,1,7
F?rdo,[3 5 6 7],0,1,7
F?rdo,[4 5 6 7],0,5,3
F?rdw,[7],9,0,0
F?rdw,[2 7],3,3,3
F?rdw,[3 7],4,1,4
F?rdw,[4 7],4,0,5
F?rdw,[5 7],5,1,3
F?rdw,[6 7],7,0,2
F?rdw,[2 4 7],0,5,4
F?rdw,[2 5 7],0,4,5
F?rdw,[2 6 7],1,3,5
F?rdw,[3 4 7],0,4,5
F?rdw,[3 5 7],0,2,7
F?rdw,[3 6 7],1,1,7
F?rdw,[4 5 7],0,2,7
F?rdw,[4 6 7],0,0,9
F?rdw,[5 6 7],0,2,7
F?rdw,[2 4 6 7],0,3,6
F?rdw,[2 5 6 7],0,4,5
F?rdw,[3 4 6 7],0,2,7
F?rdw,[3 5 6 7],0,2,7
F?rdw,[4 5 6 7],0,6,3
F?re_,[7],6,0,0
F?re_,[2 7],6,0,0
F?re_,[3 7],6,0,0
F?re_,[4 7],6,0,0
F?re_,[5 7],2,0,4
F?re_,[6 7],6,0,0
F?re_,[2 4 7],0,0,6
F?re_,[2 5 7],0,0,6
F?re_,[2 6 7],0,0,6
F?re_,[3 4 7],0,0,6
F?re_,[3 5 7],0,0,6
F?re_,[3 6 7],0,0,6
F?re_,[4 5 7],0,0,6
F?re_,[4 6 7],0,0,6
F?re_,[5 6 7],0,0,6
F?re_,[2 4 6 7],0,0,6
F?re_,[2 5 6 7],0,4,2
F?re_,[3 4 6 7],0,0,6
F?re_,[3 5 6 7],0,0,6
F?re_,[4 5 6 7],0,4,2
F?reg,[7],7,0,0
F?reg,[2 7],4,1,2
F?reg,[3 7],7,0,0
F?reg,[4 7],7,0,0
F?reg,[5 7],7,0,0
F?reg,[6 7],6,0,1
F?reg,[2 4 7],0,1,6
F?reg,[2 5 7],0,1,6
F?reg,[2 6 7],0,1,6
F?reg,[3 4 7],0,1,6
F?reg,[3 5 7],0,0,7
F?reg,[3 6 7],0,0,7
F?reg,[4 5 7],0,0,7
F?reg,[4 6 7],0,0,7
F?reg,[5 6 7],0,0,7
F?reg,[2 4 6 7],0,1,6
F?reg,[2 5 6 7],0,5,2
F?reg,[3 4 6 7],0,1,6
F?reg,[3 5 6 7],0,1,6
F?reg,[4 5 6 7],0,5,2
F?reo,[7],7,0,0
F?reo,[2 7],7,0,0
F?reo,[3 7],7,0,0
F?reo,[4 7],7,0,0
F?reo,[5 7],3,0,4
F?reo,[6 7],7,0,0
F?reo,[2 4 7],2,1,4
F?reo,[2 5 7],2,0,5
F?reo,[2 6 7],2,0,5
F?reo,[3 4 7],0,3,4
F?reo,[3 5 7],0,2,5
F?reo,[3 6 7],2,0,5
F?reo,[4 5 7],0,0,7
F?reo,[4 6 7],0,0,7
F?reo,[5 6 7],0,0,7
F?reo,[2 4 6 7],0,1,6
F?reo,[2 5 6 7],0,5,2
F?reo,[3 4 6 7],0,1,6
F?reo,[3 5 6 7],0,1,6
F?reo,[4 5 6 7],0,5,2
F?rew,[7],8,0,0
F?rew,[2 7],7,1,0
F?rew,[3 7],7,1,0
F?rew,[4 7],6,1,1
F?rew,[5 7],6,0,2
F?rew,[6 7],7,0,1
F?rew,[2 4 7],2,2,4
F?rew,[2 5 7],2,1,5
F?rew,[2 6 7],2,1,5
F?rew,[3 4 7],0,4,4
F?rew,[3 5 7],0,3,5
F?rew,[3 6 7],2,1,5
F?rew,[4 5 7],0,1,7
F?rew,[4 6 7],0,0,8
F?rew,[5 6 7],0,1,7
F?rew,[2 4 6 7],0,2,6
F?rew,[2 5 6 7],0,6,2
F?rew,[3 4 6 7],0,2,6
F?rew,[3 5 6 7],0,2,6
F?rew,[4 5 6 7],0,6,2
F?rf_,[7],8,0,0
F?rf_,[2 7],3,2,3
F?rf_,[3 7],3,0,5
F?rf_,[4 7],3,0,5
F?rf_,[5 7],3,0,5
F?rf_,[6 7],6,0,2
F?rf_,[2 4 7],0,2,6
F?rf_,[2 5 7],0,2,6
F?rf_,[2 6 7],0,2,6
F?rf_,[3 4 7],0,5,3
F?rf_,[3 5 7],0,2,6
F?rf_,[3 6 7],0,0,8
F?rf_,[4 5 7],0,2,6
F?rf_,[4 6 7],0,0,8
F?rf_,[5 6 7],2,0,6
F?rf_,[2 4 6 7],0,2,6
F?rf_,[2 5 6 7],0,4,4
F?rf_,[3 4 6 7],0,3,5
F?rf_,[3 5 6 7],0,0,8
F?rf_,[4 5 6 7],0,5,3
F?rfg,[7],9,0,0
F?rfg,[2 7],3,3,3
F?rfg,[3 7],4,0,5
F?rfg,[4 7],4,0,5
F?rfg,[5 7],6,0,3
F?rfg,[6 7],6,0,3
F?rfg,[2 4 7],0,3,6
F?rfg,[2 5 7],0,3,6
F?rfg,[2 6 7],0,3,6
F?rfg,[3 4 7],0,6,3
F?rfg,[3 5 7],0,2,7
F?rfg,[3 6 7],0,0,9
F?rfg,[4 5 7],0,2,7
F?rfg,[4 6 7],0,0,9
F?rfg,[5 6 7],2,0,7
F?rfg,[2 4 6 7],0,3,6
F?rfg,[2 5 6 7],0,5,4
F?rfg,[3 4 6 7],0,4,5
F?rfg,[3 5 6 7],0,1,8
F?rfg,[4 5 6 7],0,6,3
F?rfo,[7],9,0,0
F?rfo,[2 7],5,3,1
F?rfo,[3 7],5,0,4
F?rfo,[4 7],5,0,4
F?rfo,[5 7],3,0,6
F?rfo,[6 7],5,0,4
F?rfo,[2 4 7],0,5,4
F?rfo,[2 5 7],0,5,4
F?rfo,[2 6 7],2,3,4
F?rfo,[3 4 7],0,6,3
F?rfo,[3 5 7],0,4,5
F?rfo,[3 6 7],2,0,7
F?rfo,[4 5 7],0,3,6
F?rfo,[4 6 7],0,0,9
F?rfo,[5 6 7],3,0,6
F?rfo,[2 4 6 7],0,3,6
F?rfo,[2 5 6 7],0,5,4
F?rfo,[3 4 6 7],0,4,5
F?rfo,[3 5 6 7],0,1,8
F?rfo,[4 5 6 7],0,6,3
F?rfw,[7],10,0,0
F?rfw,[2 7],5,4,1
F?rfw,[3 7],5,1,4
F?rfw,[4 7],5,0,5
F?rfw,[5 7],5,0,5
F?rfw,[6 7],5,0,5
F?rfw,[2 4 7],0,6,4
F?rfw,[2 5 7],0,6,4
F?rfw,[2 6 7],2,4,4
F?rfw,[3 4 7],0,7,3
F?rfw,[3 5 7],0,5,5
F?rfw,[3 6 7],2,1,7
F?rfw,[4 5 7],0,5,5
F?rfw,[4 6 7],0,0,10
F?rfw,[5 6 7],3,2,5
F?rfw,[2 4 6 7],0,4,6
F?rfw,[2 5 6 7],0,6,4
F?rfw,[3 4 6 7],0,5,5
F?rfw,[3 5 6 7],0,2,8
F?rfw,[4 5 6 7],0,7,3
F?rmw,[7],9,0,0
F?rmw,[2 7],8,1,0
F?rmw,[3 7],8,1,0
F?rmw,[4 7],8,1,0
F?rmw,[5 7],8,0,1
F?rmw,[6 7],6,2,1
F?rmw,[2 4 7],2,3,4
F?rmw,[2 5 7],2,1,6
F?rmw,[2 6 7],2,1,6
F?rmw,[3 4 7],2,3,4
F?rmw,[3 5 7],2,1,6
F?rmw,[3 6 7],2,1,6
F?rmw,[4 5 7],2,1,6
F?rmw,[4 6 7],2,1,6
F?rmw,[5 6 7],0,1,8
F?rmw,[2 4 6 7],0,3,6
F?rmw,[2 5 6 7],0,7,2
F?rmw,[3 4 6 7],0,3,6
F?rmw,[3 5 6 7],0,3,6
F?rmw,[4 5 6 7],0,7,2
F?rn_,[7],9,0,0
F?rn_,[2 7],6,2,1
F?rn_,[3 7],4,0,5
F?rn_,[4 7],4,0,5
F?rn_,[5 7],4,0,5
F?rn_,[6 7],7,0,2
F?rn_,[2 4 7],2,3,4
F?rn_,[2 5 7],2,2,5
F?rn_,[2 6 7],2,2,5
F?rn_,[3 4 7],2,4,3
F?rn_,[3 5 7],2,2,5
F?rn_,[3 6 7],2,0,7
F?rn_,[4 5 7],2,2,5
F?rn_,[4 6 7],0,0,9
F?rn_,[5 6 7],2,0,7
F?rn_,[2 4 6 7],0,3,6
F?rn_,[2 5 6 7],0,5,4
F?rn_,[3 4 6 7],0,4,5
F?rn_,[3 5 6 7],0,1,8
F?rn_,[4 5 6 7],0,7,2
F?rng,[7],10,0,0
F?rng,[2 7],6,3,1
F?rng,[3 7],4,1,5
F?rng,[4 7],3,1,6
F?rng,[5 7],5,0,5
F?rng,[6 7],7,0,3
F?rng,[2 4 7],2,4,4
F?rng,[2 5 7],2,3,5
F?rng,[2 6 7],2,3,5
F?rng,[3 4 7],2,5,3
F?rng,[3 5 7],2,3,5
F?rng,[3 6 7],2,1,7
F?rng,[4 5 7],2,3,5
F?rng,[4 6 7],0,1,9
F?rng,[5 6 7],2,1,7
F?rng,[2 4 6 7],0,4,6
F?rng,[2 5 6 7],0,6,4
F?rng,[3 4 6 7],0,5,5
F?rng,[3 5 6 7],0,2,8
F?rng,[4 5 6 7],0,8,2
F?rno,[7],10,0,0
F?rno,[2 7],6,3,1
F?rno,[3 7],6,1,3
F?rno,[4 7],6,0,4
F?rno,[5 7],3,0,7
F?rno,[6 7],6,0,4
F?rno,[2 4 7],2,4,4
F?rno,[2 5 7],2,3,5
F?rno,[2 6 7],2,3,5
F?rno,[3 4 7],2,5,3
F?rno,[3 5 7],2,3,5
F?rno,[3 6 7],2,1,7
F?rno,[4 5 7],2,4,4
F?rno,[4 6 7],2,0,8
F?rno,[5 6 7],3,1,6
F?rno,[2 4 6 7],0,4,6
F?rno,[2 5 6 7],0,6,4
F?rno,[3 4 6 7],0,5,5
F?rno,[3 5 6 7],0,2,8
F?rno,[4 5 6 7],0,8,2
F?rnw,[7],11,0,0
F?rnw,[2 7],6,4,1
F?rnw,[3 7],6,2,3
F?rnw,[4 7],6,1,4
F?rnw,[5 7],6,0,5
F?rnw,[6 7],5,1,5
F?rnw,[2 4 7],2,5,4
F?rnw,[2 5 7],2,4,5
F?rnw,[2 6 7],2,4,5
F?rnw,[3 4 7],2,6,3
F?rnw,[3 5 7],2,4,5
F?rnw,[3 6 7],2,2,7
F?rnw,[4 5 7],2,5,4
F?rnw,[4 6 7],2,1,8
F?rnw,[5 6 7],3,2,6
F?rnw,[2 4 6 7],0,5,6
F?rnw,[2 5 6 7],0,7,4
F?rnw,[3 4 6 7],0,6,5
F?rnw,[3 5 6 7],0,3,8
F?rnw,[4 5 6 7],0,9,2
F?rv_,[7],10,0,0
F?rv_,[3 7],0,0,10
F?rv_,[4 7],0,0,10
F?rv_,[5 7],0,0,10
F?rv_,[6 7],6,0,4
F?rv_,[3 4 7],2,8,0
F?rv_,[3 5 7],2,4,4
F?rv_,[3 6 7],0,0,10
F?rv_,[4 5 7],0,6,4
F?rv_,[4 6 7],0,0,10
F?rv_,[5 6 7],4,0,6
F?rv_,[3 4 6 7],0,8,2
F?rv_,[3 5 6 7],0,0,10
F?rv_,[4 5 6 7],0,8,2
F?rvg,[7],11,0,0
F?rvg,[3 7],1,0,10
F?rvg,[4 7],1,0,10
F?rvg,[5 7],1,0,10
F?rvg,[6 7],6,0,5
F?rvg,[3 4 7],2,9,0
F?rvg,[3 5 7],2,5,4
F?rvg,[3 6 7],0,0,11
F?rvg,[4 5 7],0,7,4
F?rvg,[4 6 7],0,0,11
F?rvg,[5 6 7],4,0,7
F?rvg,[3 4 6 7],0,9,2
F?rvg,[3 5 6 7],0,1,10
F?rvg,[4 5 6 7],0,9,2
F?rvo,[7],11,0,0
F?rvo,[4 7],0,0,11
F?rvo,[5 7],2,0,9
F?rvo,[6 7],4,0,7
F?rvo,[3 4 7],2,9,0
F?rvo,[3 5 7],2,5,4
F?rvo,[3 6 7],2,0,9
F?rvo,[4 5 7],0,9,2
F?rvo,[4 6 7],0,0,11
F?rvo,[5 6 7],6,0,5
F?rvo,[3 4 6 7],0,9,2
F?rvo,[3 5 6 7],0,1,10
F?rvo,[4 5 6 7],0,9,2
F?rvw,[7],12,0,0
F?rvw,[4 7],0,1,11
F?rvw,[5 7],2,0,10
F?rvw,[6 7],4,0,8
F?rvw,[3 4 7],2,10,0
F?rvw,[3 5 7],2,6,4
F?rvw,[3 6 7],2,1,9
F?rvw,[4 5 7],0,10,2
F?rvw,[4 6 7],0,1,11
F?rvw,[5 6 7],6,2,4
F?rvw,[3 4 6 7],0,10,2
F?rvw,[3 5 6 7],0,2,10
F?rvw,[4 5 6 7],0,10,2
F?r~o,[7],12,0,0
F?r~o,[4 7],2,0,10
F?r~o,[5 7],2,0,10
F?r~o,[6 7],2,0,10
F?r~o,[3 4 7],2,10,0
F?r~o,[3 5 7],2,6,4
F?r~o,[3 6 7],2,2,8
F?r~o,[4 5 7],0,12,0
F?r~o,[4 6 7],2,0,10
F?r~o,[5 6 7],8,2,2
F?r~o,[3 4 6 7],0,10,2
F?r~o,[3 5 6 7],0,2,10
F?r~o,[4 5 6 7],0,10,2
F?r~w,[7],13,0,0
F?r~w,[4 7],2,1,10
F?r~w,[5 7],2,1,10
F?r~w,[6 7],2,0,11
F?r~w,[3 4 7],2,11,0
F?r~w,[3 5 7],2,7,4
F?r~w,[3 6 7],2,3,8
F?r~w,[4 5 7],0,13,0
F?r~w,[4 6 7],2,1,10
F?r~w,[5 6 7],8,3,2
F?r~w,[3 4 6 7],0,11,2
F?r~w,[3 5 6 7],0,3,10
F?r~w,[4 5 6 7],0,11,2
F?zPw,[7],10,0,0
F?zPw,[3 7],0,2,8
F?zPw,[4 7],0,0,10
F?zPw,[5 7],4,0,6
F?zPw,[6 7],8,0,2
F?zPw,[3 4 7],2,2,6
F?zPw,[3 5 7],2,2,6
F?zPw,[3 6 7],0,2,8
F?zPw,[4 5 7],2,2,6
F?zPw,[4 6 7],0,2,8
F?zPw,[5 6 7],0,2,8
F?zPw,[3 4 6 7],0,2,8
F?zPw,[3 5 6 7],0,2,8
F?zPw,[4 5 6 7],0,8,2
F?zTW,[7],9,0,0
F?zTW,[2 7],4,2,3
F?zTW,[3 7],5,1,3
F?zTW,[4 7],6,0,3
F?zTW,[5 7],4,0,5
F?zTW,[6 7],8,0,1
F?zTW,[2 4 7],2,3,4
F?zTW,[2 5 7],1,3,5
F?zTW,[2 6 7],1,2,6
F?zTW,[3 4 7],2,2,5
F?zTW,[3 5 7],2,1,6
F?zTW,[3 6 7],1,1,7
F?zTW,[4 5 7],2,1,6
F?zTW,[4 6 7],1,0,8
F?zTW,[5 6 7],0,1,8
F?zTW,[2 4 6 7],0,3,6
F?zTW,[2 5 6 7],0,4,5
F?zTW,[3 4 6 7],0,2,7
F?zTW,[3 5 6 7],0,2,7
F?zTW,[4 5 6 7],0,7,2
F?zTo,[7],10,0,0
F?zTo,[3 7],2,1,7
F?zTo,[4 7],4,0,6
F?zTo,[5 7],4,0,6
F?zTo,[6 7],9,0,1
F?zTo,[3 6 7],0,1,9
F?zTo,[4 6 7],0,0,10
F?zTo,[5 6 7],0,0,10
F?zTo,[3 5 6 7],0,1,9
F?zTo,[4 5 6 7],0,10,0
F?zTw,[7],11,0,0
F?zTw,[3 7],3,2,6
F?zTw,[4 7],3,0,8
F?zTw,[5 7],3,0,8
F?zTw,[6 7],9,0,2
F?zTw,[3 6 7],0,2,9
F?zTw,[4 6 7],0,2,9
F?zTw,[5 6 7],0,2,9
F?zTw,[3 5 6 7],0,2,9
F?zTw,[4 5 6 7],0,11,0
F?zUW,[7],8,0,0
F?zUW,[2 7],8,0,0
F?zUW,[3 7],8,0,0
F?zUW,[4 7],8,0,0
F?zUW,[5 7],2,0,6
F?zUW,[6 7],8,0,0
F?zUW,[2 4 7],2,2,4
F?zUW,[2 5 7],2,0,6
F?zUW,[2 6 7],2,0,6
F?zUW,[3 4 7],2,2,4
F?zUW,[3 5 7],2,0,6
F?zUW,[3 6 7],2,0,6
F?zUW,[4 5 7],2,0,6
F?zUW,[4 6 7],2,0,6
F?zUW,[5 6 7],0,0,8
F?zUW,[2 4 6 7],0,2,6
F?zUW,[2 5 6 7],0,6,2
F?zUW,[3 4 6 7],0,2,6
F?zUW,[3 5 6 7],0,2,6
F?zUW,[4 5 6 7],0,6,2
F?zUo,[7],9,0,0
F?zUo,[2 7],4,3,2
F?zUo,[3 7],6,1,2
F?zUo,[4 7],6,2,1
F?zUo,[5 7],3,0,6
F?zUo,[6 7],8,0,1
F?zUo,[2 6 7],0,3,6
F?zUo,[3 6 7],0,1,8
F?zUo,[4 6 7],0,0,9
F?zUo,[5 6 7],0,0,9
F?zUo,[2 5 6 7],0,7,2
F?zUo,[3 5 6 7],0,1,8
F?zUo,[4 5 6 7],0,9,0
F?zVO,[7],9,0,0
F?zVO,[2 7],5,2,2
F?zVO,[3 7],5,0,4
F?zVO,[4 7],7,0,2
F?zVO,[5 7],3,0,6
F?zVO,[6 7],9,0,0
F?zVO,[2 6 7],0,2,7
F?zVO,[3 6 7],0,0,9
F?zVO,[4 6 7],0,0,9
F?zVO,[5 6 7],0,0,9
F?zVO,[2 5 6 7],0,7,2
F?zVO,[3 5 6 7],0,1,8
F?zVO,[4 5 6 7],0,9,0
F?zVW,[7],10,0,0
F?zVW,[2 7],5,3,2
F?zVW,[3 7],7,1,2
F?zVW,[4 7],8,0,2
F?zVW,[5 7],3,2,5
F?zVW,[6 7],8,0,2
F?zVW,[2 6 7],0,3,7
F?zVW,[3 6 7],0,1,9
F?zVW,[4 6 7],0,1,9
F?zVW,[5 6 7],0,1,9
F?zVW,[2 5 6 7],0,8,2
F?zVW,[3 5 6 7],0,2,8
F?zVW,[4 5 6 7],0,10,0
F?zV_,[7],10,0,0
F?zV_,[3 7],0,0,10
F?zV_,[4 7],0,0,10
F?zV_,[5 7],2,0,8
F?zV_,[6 7],8,0,2
F?zV_,[3 6 7],0,0,10
F?zV_,[4 6 7],0,0,10
F?zV_,[5 6 7],2,0,8
F?zV_,[3 5 6 7],0,0,10
F?zV_,[4 5 6 7],0,10,0
F?zVo,[7],11,0,0
F?zVo,[3 7],2,1,8
F?zVo,[4 7],3,0,8
F?zVo,[5 7],2,1,8
F?zVo,[6 7],7,0,4
F?zVo,[3 6 7],0,1,10
F?zVo,[4 6 7],0,0,11
F?zVo,[5 6 7],3,0,8
F?zVo,[3 5 6 7],0,1,10
F?zVo,[4 5 6 7],0,11,0
F?zVw,[7],12,0,0
F?zVw,[3 7],4,2,6
F?zVw,[4 7],4,0,8
F?zVw,[5 7],2,0,10
F?zVw,[6 7],6,0,6
F?zVw,[3 6 7],0,2,10
F?zVw,[4 6 7],0,2,10
F?zVw,[5 6 7],4,2,6
F?zVw,[3 5 6 7],0,2,10
F?zVw,[4 5 6 7],0,12,0
F?z\w,[7],12,0,0
F?z\w,[3 7],3,3,6
F?z\w,[4 7],3,3,6
F?z\w,[5 7],3,0,9
F?z\w,[6 7],9,0,3
F?z\w,[3 6 7],0,3,9
F?z\w,[4 6 7],0,3,9
F?z\w,[5 6 7],0,3,9
F?z\w,[3 5 6 7],0,3,9
F?z\w,[4 5 6 7],0,12,0
F?z^o,[7],12,0,0
F?z^o,[3 7],4,2,6
F?z^o,[4 7],4,1,7
F?z^o,[5 7],2,0,10
F?z^o,[6 7],7,0,5
F?z^o,[3 6 7],0,2,10
F?z^o,[4 6 7],0,2,10
F?z^o,[5 6 7],3,2,7
F?z^o,[3 5 6 7],0,2,10
F?z^o,[4 5 6 7],0,12,0
F?z^w,[7],13,0,0
F?z^w,[3 7],4,3,6
F?z^w,[4 7],4,3,6
F?z^w,[5 7],4,0,9
F?z^w,[6 7],6,0,7
F?z^w,[3 6 7],0,3,10
F?z^w,[4 6 7],0,3,10
F?z^w,[5 6 7],4,3,6
F?z^w,[3 5 6 7],0,3,10
F?z^w,[4 5 6 7],0,13,0
F?zcw,[7],9,0,0
F?zcw,[2 7],2,3,4
F?zcw,[3 7],2,3,4
F?zcw,[4 7],3,0,6
F?zcw,[5 7],7,0,2
F?zcw,[6 7],7,0,2
F?zcw,[2 6 7],0,3,6
F?zcw,[3 4 7],1,2,6
F?zcw,[3 5 7],1,2,6
F?zcw,[3 6 7],1,2,6
F?zcw,[4 5 7],0,3,6
F?zcw,[4 6 7],1,0,8
F?zcw,[5 6 7],0,2,7
F?zcw,[2 5 6 7],0,5,4
F?zcw,[3 4 6 7],0,2,7
F?zcw,[3 5 6 7],0,2,7
F?zcw,[4 5 6 7],0,8,1
F?zew,[7],10,0,0
F?zew,[2 7],4,4,2
F?zew,[3 7],6,2,2
F?zew,[4 7],6,0,4
F?zew,[5 7],6,0,4
F?zew,[6 7],8,0,2
F?zew,[2 6 7],0,4,6
F?zew,[3 6 7],0,2,8
F?zew,[4 6 7],0,0,10
F?zew,[5 6 7],0,2,8
F?zew,[2 5 6 7],0,8,2
F?zew,[3 5 6 7],0,2,8
F?zew,[4 5 6 7],0,10,0
F?zf_,[7],9,0,0
F?zf_,[2 7],6,3,0
F?zf_,[3 7],6,0,3
F?zf_,[4 7],6,0,3
F?zf_,[5 7],0,0,9
F?zf_,[6 7],6,0,3
F?zf_,[2 6 7],0,3,6
F?zf_,[3 6 7],0,0,9
F?zf_,[4 5 7],0,3,6
F?zf_,[4 6 7],0,0,9
F?zf_,[5 6 7],3,0,6
F?zf_,[2 5 6 7],0,9,0
F?zf_,[3 5 6 7],0,0,9
F?zf_,[4 5 6 7],0,9,0
F?zfo,[7],10,0,0
F?zfo,[2 7],6,4,0
F?zfo,[3 7],6,1,3
F?zfo,[4 7],7,0,3
F?zfo,[5 7],4,0,6
F?zfo,[6 7],6,0,4
F?zfo,[2 6 7],0,4,6
F?zfo,[3 6 7],0,1,9
F?zfo,[4 6 7],0,0,10
F?zfo,[5 6 7],3,0,7
F?zfo,[2 5 6 7],0,10,0
F?zfo,[3 5 6 7],0,1,9
F?zfo,[4 5 6 7],0,10,0
F?zfw,[7],11,0,0
F?zfw,[2 7],6,5,0
F?zfw,[3 7],6,2,3
F?zfw,[4 7],6,0,5
F?zfw,[5 7],6,0,5
F?zfw,[6 7],6,0,5
F?zfw,[2 6 7],0,5,6
F?zfw,[3 6 7],0,2,9
F?zfw,[4 6 7],0,0,11
F?zfw,[5 6 7],3,2,6
F?zfw,[2 5 6 7],0,11,0
F?zfw,[3 5 6 7],0,2,9
F?zfw,[4 5 6 7],0,11,0
F?zmw,[7],11,0,0
F?zmw,[2 7],5,4,2
F?zmw,[3 7],7,2,2
F?zmw,[4 7],7,2,2
F?zmw,[5 7],7,2,2
F?zmw,[6 7],8,0,3
F?zmw,[2 6 7],0,4,7
F?zmw,[3 6 7],0,2,9
F?zmw,[4 6 7],0,2,9
F?zmw,[5 6 7],0,2,9
F?zmw,[2 5 6 7],0,9,2
F?zmw,[3 5 6 7],0,3,8
F?zmw,[4 5 6 7],0,11,0
F?zno,[7],11,0,0
F?zno,[2 7],7,4,0
F?zno,[3 7],7,1,3
F?zno,[4 7],7,1,3
F?zno,[5 7],3,1,7
F?zno,[6 7],6,0,5
F?zno,[2 6 7],0,4,7
F?zno,[3 6 7],0,1,10
F?zno,[4 6 7],0,1,10
F?zno,[5 6 7],3,1,7
F?zno,[2 5 6 7],0,11,0
F?zno,[3 5 6 7],0,2,9
F?zno,[4 5 6 7],0,11,0
F?znw,[7],12,0,0
F?znw,[2 7],7,5,0
F?znw,[3 7],7,2,3
F?znw,[4 7],7,2,3
F?znw,[5 7],7,0,5
F?znw,[6 7],6,0,6
F?znw,[2 6 7],0,5,7
F?znw,[3 6 7],0,2,10
F?znw,[4 6 7],0,2,10
F?znw,[5 6 7],3,2,7
F?znw,[2 5 6 7],0,12,0
F?znw,[3 5 6 7],0,3,9
F?znw,[4 5 6 7],0,12,0
F?zuo,[7],11,0,0
F?zuo,[3 7],4,1,6
F?zuo,[4 7],4,0,7
F?zuo,[5 7],0,0,11
F?zuo,[6 7],8,0,3
F?zuo,[3 6 7],0,1,10
F?zuo,[4 6 7],0,0,11
F?zuo,[5 6 7],2,0,9
F?zuo,[3 5 6 7],0,1,10
F?zuo,[4 5 6 7],0,11,0
F?zvO,[7],10,0,0
F?zvO,[2 7],7,3,0
F?zvO,[3 7],7,0,3
F?zvO,[4 7],7,0,3
F?zvO,[5 7],1,0,9
F?zvO,[6 7],7,0,3
F?zvO,[2 6 7],0,3,7
F?zvO,[3 6 7],0,0,10
F?zvO,[4 6 7],0,0,10
F?zvO,[5 6 7],3,0,7
F?zvO,[2 5 6 7],0,10,0
F?zvO,[3 5 6 7],0,1,9
F?zvO,[4 5 6 7],0,10,0
F?zv_,[7],11,0,0
F?zv_,[3 7],0,0,11
F?zv_,[4 7],0,0,11
F?zv_,[5 7],0,0,11
F?zv_,[6 7],5,0,6
F?zv_,[3 6 7],0,0,11
F?zv_,[4 6 7],0,0,11
F?zv_,[5 6 7],6,0,5
F?zv_,[3 5 6 7],0,0,11
F?zv_,[4 5 6 7],0,11,0
F?zvg,[7],12,0,0
F?zvg,[3 7],0,1,11
F?zvg,[4 7],1,0,11
F?zvg,[5 7],1,0,11
F?zvg,[6 7],5,0,7
F?zvg,[3 6 7],0,1,11
F?zvg,[4 6 7],0,0,12
F?zvg,[5 6 7],6,0,6
F?zvg,[3 5 6 7],0,1,11
F?zvg,[4 5 6 7],0,12,0
F?zvo,[7],12,0,0
F?zvo,[3 7],3,1,8
F?zvo,[4 7],3,0,9
F?zvo,[5 7],0,1,11
F?zvo,[6 7],4,0,8
F?zvo,[3 6 7],0,1,11
F?zvo,[4 6 7],0,0,12
F?zvo,[5 6 7],7,0,5
F?zvo,[3 5 6 7],0,1,11
F?zvo,[4 5 6 7],0,12,0
F?zvw,[7],13,0,0
F?zvw,[3 7],3,2,8
F?zvw,[4 7],3,1,9
F?zvw,[5 7],0,0,13
F?zvw,[6 7],4,0,9
F?zvw,[3 6 7],0,2,11
F?zvw,[4 6 7],0,2,11
F?zvw,[5 6 7],7,2,4
F?zvw,[3 5 6 7],0,2,11
F?zvw,[4 5 6 7],0,13,0
F?z~w,[7],14,0,0
F?z~w,[3 7],3,3,8
F?z~w,[4 7],3,3,8
F?z~w,[5 7],3,1,10
F?z~w,[6 7],3,0,11
F?z~w,[3 6 7],0,3,11
F?z~w,[4 6 7],0,3,11
F?z~w,[5 6 7],8,3,3
F?z~w,[3 5 6 7],0,3,11
F?z~w,[4 5 6 7],0,14,0
F?~vW,[7],13,0,0
F?~vW,[3 7],3,2,8
F?~vW,[4 7],3,2,8
F?~vW,[5 7],3,0,10
F?~vW,[6 7],3,0,10
F?~vW,[3 6 7],0,2,11
F?~vW,[4 6 7],0,2,11
F?~vW,[5 6 7],8,2,3
F?~vW,[3 5 6 7],0,2,11
F?~vW,[4 5 6 7],0,13,0
F?~v_,[7],12,0,0
F?~v_,[6 7],0,0,12
F?~v_,[5 6 7],12,0,0
F?~v_,[4 5 6 7],0,12,0
F?~vo,[7],13,0,0
F?~vo,[5 7],1,0,12
F?~vo,[6 7],0,0,13
F?~vo,[5 6 7],12,0,1
F?~vo,[4 5 6 7],0,13,0
F?~vw,[7],14,0,0
F?~vw,[6 7],0,0,14
F?~vw,[5 6 7],12,2,0
F?~vw,[4 5 6 7],0,14,0
F?~~w,[7],15,0,0
F?~~w,[6 7],0,0,15
F?~~w,[5 6 7],12,3,0
F?~~w,[4 5 6 7],0,15,0
FCOf?,[7],0,0,0
FCOf?,[2 7],0,0,0
FCOf?,[3 7],0,0,0
FCOf?,[4 7],0,0,0
FCOf?,[5 7],0,0,0
FCOf?,[6 7],0,0,0
FCOf?,[2 4 7],0,0,0
FCOf?,[2 5 7],0,0,0
FCOf?,[2 6 7],0,0,0
FCOf?,[3 4 7],0,0,0
FCOf?,[3 5 7],0,0,0
FCOf?,[3 6 7],0,0,0
FCOf?,[4 5 7],0,0,0
FCOf?,[4 6 7],0,0,0
FCOf?,[5 6 7],0,0,0
FCOf?,[2 4 6 7],0,0,0
FCOf?,[2 5 6 7],0,0,0
FCOf?,[3 4 6 7],0,0,0
FCOf?,[3 5 6 7],0,0,0
FCOf?,[4 5 6 7],0,0,0
FCOf_,[7],3,0,0
FCOf_,[2 7],3,0,0
FCOf_,[3 7],3,0,0
FCOf_,[4 7],3,0,0
FCOf_,[5 7],3,0,0
FCOf_,[6 7],3,0,0
FCOf_,[2 4 7],1,0,2
FCOf_,[2 5 7],1,0,2
FCOf_,[2 6 7],1,0,2
FCOf_,[3 4 7],1,0,2
FCOf_,[3 5 7],1,0,2
FCOf_,[3 6 7],1,0,2
FCOf_,[4 5 7],1,0,2
FCOf_,[4 6 7],1,0,2
FCOf_,[5 6 7],1,0,2
FCOfo,[7],6,0,0
FCOfo,[2 7],2,0,4
FCOfo,[3 7],2,0,4
FCOfo,[4 7],2,0,4
FCOfo,[5 7],6,0,0
FCOfo,[6 7],6,0,0
FCOfo,[2 5 7],2,0,4
FCOfo,[2 6 7],2,0,4
FCOfo,[3 5 7],2,0,4
FCOfo,[3 6 7],2,0,4
FCOfo,[4 5 7],2,0,4
FCOfo,[4 6 7],2,0,4
FCOfo,[5 6 7],2,0,4
FCOfw,[7],9,0,0
FCOfw,[5 7],3,0,6
FCOfw,[6 7],3,0,6
FCOfw,[3 5 7],3,0,6
FCOfw,[3 6 7],3,0,6
FCOfw,[4 5 7],3,6,0
FCOfw,[4 6 7],3,0,6
FCOfw,[5 6 7],3,6,0
FCQVO,[7],6,0,0
FCQVO,[3 7],2,0,4
FCQVO,[4 7],4,0,2
FCQVO,[5 7],6,0,0
FCQVO,[6 7],6,0,0
FCQVO,[2 4 7],3,0,3
FCQVO,[2 5 7],3,0,3
FCQVO,[2 6 7],1,0,5
FCQVO,[3 4 7],3,2,1
FCQVO,[3 5 7],3,0,3
FCQVO,[3 6 7],3,0,3
FCQVO,[4 5 7],3,0,3
FCQVO,[4 6 7],3,0,3
FCQVO,[5 6 7],3,0,3
FCQV_,[7],5,0,0
FCQV_,[2 7],3,0,2
FCQV_,[3 7],3,0,2
FCQV_,[4 7],5,0,0
FCQV_,[5 7],3,0,2
FCQV_,[6 7],5,0,0
FCQV_,[2 4 7],1,2,2
FCQV_,[2 5 7],1,2,2
FCQV_,[2 6 7],1,0,4
FCQV_,[3 4 7],1,4,0
FCQV_,[3 5 7],3,0,2
FCQV_,[3 6 7],3,0,2
FCQV_,[4 5 7],3,0,2
FCQV_,[4 6 7],3,0,2
FCQV_,[5 6 7],3,0,2
FCQVg,[7],6,0,0
FCQVg,[2 7],6,0,0
FCQVg,[3 7],6,0,0
FCQVg,[4 7],3,3,0
FCQVg,[5 7],3,0,3
FCQVg,[6 7],6,0,0
FCQVg,[2 4 7],3,3,0
FCQVg,[2 5 7],3,0,3
FCQVg,[2 6 7],3,0,3
FCQVg,[3 4 7],3,3,0
FCQVg,[3 5 7],3,0,3
FCQVg,[3 6 7],3,0,3
FCQVg,[4 5 7],3,0,3
FCQVg,[4 6 7],3,0,3
FCQVg,[5 6 7],3,0,3
FCQVo,[7],8,0,0
FCQVo,[3 7],1,1,6
FCQVo,[4 7],2,0,6
FCQVo,[5 7],4,0,4
FCQVo,[6 7],6,0,2
FCQVo,[2 4 7],4,2,2
FCQVo,[2 5 7],4,2,2
FCQVo,[2 6 7],2,2,4
FCQVo,[3 4 7],4,4,0
FCQVo,[3 5 7],4,0,4
FCQVo,[3 6 7],4,0,4
FCQVo,[4 5 7],4,2,2
FCQVo,[4 6 7],4,0,4
FCQVo,[5 6 7],3,3,2
FCQVw,[7],9,0,0
FCQVw,[4 7],4,0,5
FCQVw,[5 7],4,0,5
FCQVw,[6 7],4,0,5
FCQVw,[2 4 7],4,3,2
FCQVw,[2 5 7],4,3,2
FCQVw,[2 6 7],4,3,2
FCQVw,[3 4 7],4,5,0
FCQVw,[3 5 7],4,0,5
FCQVw,[3 6 7],4,0,5
FCQVw,[4 5 7],4,5,0
FCQVw,[4 6 7],4,0,5
FCQVw,[5 6 7],1,8,0
FCQb?,[7],0,0,0
FCQb?,[2 7],0,0,0
FCQb?,[3 7],0,0,0
FCQb?,[4 7],0,0,0
FCQb?,[5 7],0,0,0
FCQb?,[6 7],0,0,0
FCQb?,[2 4 7],0,0,0
FCQb?,[2 5 7],0,0,0
FCQb?,[2 6 7],0,0,0
FCQb?,[3 4 7],0,0,0
FCQb?,[3 5 7],0,0,0
FCQb?,[3 6 7],0,0,0
FCQb?,[4 5 7],0,0,0
FCQb?,[4 6 7],0,0,0
FCQb?,[5 6 7],0,0,0
FCQb?,[2 4 6 7],0,0,0
FCQb?,[2 5 6 7],0,0,0
FCQb?,[3 4 6 7],0,0,0
FCQb?,[3 5 6 7],0,0,0
FCQb?,[4 5 6 7],0,0,0
FCQbO,[7],3,0,0
FCQbO,[2 7],1,0,2
FCQbO,[3 7],3,0,0
FCQbO,[4 7],3,0,0
FCQbO,[5 7],3,0,0
FCQbO,[6 7],3,0,0
FCQbO,[2 4 7],0,0,3
FCQbO,[2 5 7],0,0,3
FCQbO,[2 6 7],0,0,3
FCQbO,[3 4 7],0,0,3
FCQbO,[3 5 7],1,0,2
FCQbO,[3 6 7],1,0,2
FCQbO,[4 5 7],1,0,2
FCQbO,[4 6 7],1,0,2
FCQbO,[5 6 7],1,0,2
FCQb_,[7],5,0,0
FCQb_,[2 7],2,0,3
FCQb_,[3 7],5,0,0
FCQb_,[4 7],5,0,0
FCQb_,[5 7],5,0,0
FCQb_,[6 7],5,0,0
FCQb_,[2 5 7],0,0,5
FCQb_,[2 6 7],0,0,5
FCQb_,[3 5 7],0,0,5
FCQb_,[3 6 7],0,0,5
FCQb_,[4 5 7],0,0,5
FCQb_,[4 6 7],2,0,3
FCQb_,[5 6 7],2,0,3
FCQbo,[7],8,0,0
FCQbo,[3 7],1,0,7
FCQbo,[4 7],2,2,4
FCQbo,[5 7],6,0,2
FCQbo,[6 7],8,0,0
FCQbo,[3 5 7],1,0,7
FCQbo,[3 6 7],1,0,7
FCQbo,[4 5 7],3,0,5
FCQbo,[4 6 7],3,0,5
FCQbo,[5 6 7],3,0,5
FCQeG,[7],3,0,0
FCQeG,[2 7],3,0,0
FCQeG,[3 7],3,0,0
FCQeG,[4 7],3,0,0
FCQeG,[5 7],3,0,0
FCQeG,[6 7],3,0,0
FCQeG,[2 4 7],2,1,0
FCQeG,[2 5 7],2,0,1
FCQeG,[2 6 7],2,0,1
FCQeG,[3 4 7],0,3,0
FCQeG,[3 5 7],0,2,1
FCQeG,[3 6 7],2,0,1
FCQeG,[4 5 7],0,0,3
FCQeG,[4 6 7],0,0,3
FCQeG,[5 6 7],0,0,3
FCQeG,[2 4 6 7],0,1,2
FCQeG,[2 5 6 7],0,1,2
FCQeG,[3 4 6 7],0,1,2
FCQeG,[3 5 6 7],0,1,2
FCQeG,[4 5 6 7],0,1,2
FCQeO,[7],3,0,0
FCQeO,[2 7],1,0,2
FCQeO,[3 7],1,0,2
FCQeO,[4 7],3,0,0
FCQeO,[5 7],3,0,0
FCQeO,[6 7],3,0,0
FCQeO,[2 4 7],0,0,3
FCQeO,[2 5 7],1,2,0
FCQeO,[2 6 7],1,0,2
FCQeO,[3 4 7],0,2,1
FCQeO,[3 5 7],3,0,0
FCQeO,[3 6 7],3,0,0
FCQeO,[4 5 7],3,0,0
FCQeO,[4 6 7],3,0,0
FCQeO,[5 6 7],3,0,0
FCQeW,[7],6,0,0
FCQeW,[2 7],3,1,2
FCQeW,[3 7],4,2,0
FCQeW,[4 7],6,0,0
FCQeW,[5 7],6,0,0
FCQeW,[6 7],6,0,0
FCQeW,[2 4 7],0,1,5
FCQeW,[2 5 7],1,1,4
FCQeW,[2 6 7],1,1,4
FCQeW,[3 4 7],0,1,5
FCQeW,[3 5 7],1,0,5
FCQeW,[3 6 7],1,0,5
FCQeW,[4 5 7],1,0,5
FCQeW,[4 6 7],1,0,5
FCQeW,[5 6 7],1,0,5
FCQe_,[7],3,0,0
FCQe_,[2 7],3,0,0
FCQe_,[3 7],3,0,0
FCQe_,[4 7],3,0,0
FCQe_,[5 7],3,0,0
FCQe_,[6 7],3,0,0
FCQe_,[2 4 7],0,0,3
FCQe_,[2 5 7],0,1,2
FCQe_,[2 6 7],1,0,2
FCQe_,[3 4 7],0,0,3
FCQe_,[3 5 7],0,0,3
FCQe_,[3 6 7],0,0,3
FCQe_,[4 5 7],2,0,1
FCQe_,[4 6 7],2,0,1
FCQe_,[5 6 7],2,0,1
FCQeo,[7],6,0,0
FCQeo,[2 7],4,0,2
FCQeo,[3 7],6,0,0
FCQeo,[4 7],6,0,0
FCQeo,[5 7],5,0,1
FCQeo,[6 7],6,0,0
FCQeo,[2 5 7],0,0,6
FCQeo,[2 6 7],0,0,6
FCQeo,[3 5 7],1,0,5
FCQeo,[3 6 7],1,0,5
FCQeo,[4 5 7],2,0,4
FCQeo,[4 6 7],2,0,4
FCQeo,[5 6 7],2,0,4
FCQf?,[7],4,0,0
FCQf?,[2 7],4,0,0
FCQf?,[3 7],4,0,0
FCQf?,[4 7],4,0,0
FCQf?,[5 7],3,0,1
FCQf?,[6 7],4,0,0
FCQf?,[2 4 7],0,0,4
FCQf?,[2 5 7],0,0,4
FCQf?,[2 6 7],0,0,4
FCQf?,[3 4 7],0,0,4
FCQf?,[3 5 7],0,0,4
FCQf?,[3 6 7],0,1,3
FCQf?,[4 5 7],0,1,3
FCQf?,[4 6 7],1,0,3
FCQf?,[5 6 7],1,0,3
FCQf?,[2 4 6 7],0,0,4
FCQf?,[2 5 6 7],0,1,3
FCQf?,[3 4 6 7],0,0,4
FCQf?,[3 5 6 7],0,0,4
FCQf?,[4 5 6 7],0,2,2
FCQfG,[7],5,0,0
FCQfG,[2 7],5,0,0
FCQfG,[3 7],5,0,0
FCQfG,[4 7],5,0,0
FCQfG,[5 7],4,0,1
FCQfG,[6 7],5,0,0
FCQfG,[2 4 7],0,3,2
FCQfG,[2 5 7],1,0,4
FCQfG,[2 6 7],1,0,4
FCQfG,[3 4 7],0,2,3
FCQfG,[3 5 7],0,1,4
FCQfG,[3 6 7],0,0,5
FCQfG,[4 5 7],1,1,3
FCQfG,[4 6 7],1,0,4
FCQfG,[5 6 7],1,0,4
FCQfO,[7],7,0,0
FCQfO,[2 7],2,2,3
FCQfO,[3 7],2,1,4
FCQfO,[4 7],3,1,3
FCQfO,[5 7],6,0,1
FCQfO,[6 7],6,0,1
FCQfO,[2 4 7],0,1,6
FCQfO,[2 5 7],0,1,6
FCQfO,[2 6 7],0,1,6
FCQfO,[3 4 7],0,2,5
FCQfO,[3 5 7],1,0,6
FCQfO,[3 6 7],1,0,6
FCQfO,[4 5 7],1,3,3
FCQfO,[4 6 7],2,0,5
FCQfO,[5 6 7],2,1,4
FCQfW,[7],8,0,0
FCQfW,[2 7],3,2,3
FCQfW,[3 7],4,0,4
FCQfW,[4 7],4,0,4
FCQfW,[5 7],7,0,1
FCQfW,[6 7],7,0,1
FCQfW,[2 5 7],0,2,6
FCQfW,[2 6 7],0,2,6
FCQfW,[3 5 7],1,0,7
FCQfW,[3 6 7],1,0,7
FCQfW,[4 5 7],2,1,5
FCQfW,[4 6 7],2,0,6
FCQfW,[5 6 7],2,1,5
FCQf_,[7],6,0,0
FCQf_,[2 7],2,3,1
FCQf_,[3 7],5,1,0
FCQf_,[4 7],5,1,0
FCQf_,[5 7],5,0,1
FCQf_,[6 7],6,0,0
FCQf_,[2 5 7],0,0,6
FCQf_,[2 6 7],0,0,6
FCQf_,[3 5 7],0,0,6
FCQf_,[3 6 7],0,0,6
FCQf_,[4 5 7],1,0,5
FCQf_,[4 6 7],2,0,4
FCQf_,[5 6 7],2,0,4
FCQfg,[7],7,0,0
FCQfg,[2 7],5,0,2
FCQfg,[3 7],5,0,2
FCQfg,[4 7],3,2,2
FCQfg,[5 7],5,0,2
FCQfg,[6 7],7,0,0
FCQfg,[2 5 7],0,0,7
FCQfg,[2 6 7],0,0,7
FCQfg,[3 5 7],0,0,7
FCQfg,[3 6 7],0,0,7
FCQfg,[4 5 7],2,0,5
FCQfg,[4 6 7],2,0,5
FCQfg,[5 6 7],2,0,5
FCQfo,[7],9,0,0
FCQfo,[3 7],2,0,7
FCQfo,[4 7],3,0,6
FCQfo,[5 7],5,0,4
FCQfo,[6 7],7,0,2
FCQfo,[3 5 7],1,0,8
FCQfo,[3 6 7],1,0,8
FCQfo,[4 5 7],3,2,4
FCQfo,[4 6 7],3,0,6
FCQfo,[5 6 7],2,3,4
FCQfw,[7],10,0,0
FCQfw,[3 7],4,0,6
FCQfw,[4 7],4,0,6
FCQfw,[5 7],4,0,6
FCQfw,[6 7],4,0,6
FCQfw,[3 5 7],1,0,9
FCQfw,[3 6 7],1,0,9
FCQfw,[4 5 7],3,6,1
FCQfw,[4 6 7],3,0,7
FCQfw,[5 6 7],1,8,1
FCQrO,[7],6,0,0
FCQrO,[3 7],2,0,4
FCQrO,[4 7],6,0,0
FCQrO,[5 7],6,0,0
FCQrO,[6 7],6,0,0
FCQrO,[3 5 7],0,0,6
FCQrO,[3 6 7],0,0,6
FCQrO,[4 5 7],0,0,6
FCQrO,[4 6 7],0,0,6
FCQrO,[5 6 7],0,0,6
FCQrW,[7],9,0,0
FCQrW,[3 7],4,1,4
FCQrW,[4 7],4,0,5
FCQrW,[5 7],8,0,1
FCQrW,[6 7],8,0,1
FCQrW,[3 5 7],0,1,8
FCQrW,[3 6 7],0,1,8
FCQrW,[4 5 7],0,1,8
FCQrW,[4 6 7],0,1,8
FCQrW,[5 6 7],0,1,8
FCQuW,[7],8,0,0
FCQuW,[2 7],3,2,3
FCQuW,[3 7],4,1,3
FCQuW,[4 7],5,0,3
FCQuW,[5 7],7,0,1
FCQuW,[6 7],7,0,1
FCQuW,[2 4 7],0,2,6
FCQuW,[2 5 7],0,2,6
FCQuW,[2 6 7],1,2,5
FCQuW,[3 4 7],0,3,5
FCQuW,[3 5 7],1,1,6
FCQuW,[3 6 7],1,1,6
FCQuW,[4 5 7],1,3,4
FCQuW,[4 6 7],1,0,7
FCQuW,[5 6 7],1,1,6
FCQug,[7],6,0,0
FCQug,[2 7],6,0,0
FCQug,[3 7],6,0,0
FCQug,[4 7],6,0,0
FCQug,[5 7],5,0,1
FCQug,[6 7],6,0,0
FCQug,[2 4 7],1,5,0
FCQug,[2 5 7],3,0,3
FCQug,[2 6 7],3,0,3
FCQug,[3 4 7],1,3,2
FCQug,[3 5 7],1,2,3
FCQug,[3 6 7],1,0,5
FCQug,[4 5 7],1,2,3
FCQug,[4 6 7],1,0,5
FCQug,[5 6 7],1,0,5
FCQuo,[7],8,0,0
FCQuo,[2 7],4,2,2
FCQuo,[3 7],4,0,4
FCQuo,[4 7],8,0,0
FCQuo,[5 7],6,0,2
FCQuo,[6 7],8,0,0
FCQuo,[2 5 7],1,2,5
FCQuo,[2 6 7],1,2,5
FCQuo,[3 5 7],1,0,7
FCQuo,[3 6 7],1,0,7
FCQuo,[4 5 7],1,0,7
FCQuo,[4 6 7],1,0,7
FCQuo,[5 6 7],0,1,7
FCQuw,[7],9,0,0
FCQuw,[2 7],4,3,2
FCQuw,[3 7],6,1,2
FCQuw,[4 7],6,0,3
FCQuw,[5 7],8,0,1
FCQuw,[6 7],8,0,1
FCQuw,[2 5 7],1,3,5
FCQuw,[2 6 7],1,3,5
FCQuw,[3 5 7],1,1,7
FCQuw,[3 6 7],1,1,7
FCQuw,[4 5 7],1,1,7
FCQuw,[4 6 7],1,1,7
FCQuw,[5 6 7],0,2,7
FCQvO,[7],9,0,0
FCQvO,[3 7],2,0,7
FCQvO,[4 7],4,0,5
FCQvO,[5 7],7,0,2
FCQvO,[6 7],8,0,1
FCQvO,[3 5 7],1,0,8
FCQvO,[3 6 7],0,1,8
FCQvO,[4 5 7],1,1,7
FCQvO,[4 6 7],1,0,8
FCQvO,[5 6 7],0,2,7
FCQvW,[7],10,0,0
FCQvW,[3 7],3,1,6
FCQvW,[4 7],3,0,7
FCQvW,[5 7],6,0,4
FCQvW,[6 7],8,0,2
FCQvW,[3 5 7],1,1,8
FCQvW,[3 6 7],0,2,8
FCQvW,[4 5 7],1,2,7
FCQvW,[4 6 7],1,1,8
FCQvW,[5 6 7],0,3,7
FCQv_,[7],7,0,0
FCQv_,[2 7],6,1,0
FCQv_,[3 7],6,1,0
FCQv_,[4 7],6,1,0
FCQv_,[5 7],5,0,2
FCQv_,[6 7],7,0,0
FCQv_,[2 5 7],1,0,6
FCQv_,[2 6 7],0,1,6
FCQv_,[3 5 7],1,0,6
FCQv_,[3 6 7],1,0,6
FCQv_,[4 5 7],1,0,6
FCQv_,[4 6 7],1,0,6
FCQv_,[5 6 7],0,0,7
FCQvg,[7],8,0,0
FCQvg,[2 7],7,0,1
FCQvg,[3 7],7,0,1
FCQvg,[4 7],5,2,1
FCQvg,[5 7],5,1,2
FCQvg,[6 7],7,0,1
FCQvg,[2 5 7],1,1,6
FCQvg,[2 6 7],0,1,7
FCQvg,[3 5 7],1,1,6
FCQvg,[3 6 7],1,0,7
FCQvg,[4 5 7],1,1,6
FCQvg,[4 6 7],1,0,7
FCQvg,[5 6 7],0,0,8
FCQvo,[7],10,0,0
FCQvo,[3 7],3,0,7
FCQvo,[4 7],5,0,5
FCQvo,[5 7],5,0,5
FCQvo,[6 7],7,0,3
FCQvo,[3 5 7],1,0,9
FCQvo,[3 6 7],1,0,9
FCQvo,[4 5 7],1,5,4
FCQvo,[4 6 7],1,0,9
FCQvo,[5 6 7],0,3,7
FCQvw,[7],11,0,0
FCQvw,[3 7],5,1,5
FCQvw,[4 7],5,0,6
FCQvw,[5 7],5,0,6
FCQvw,[6 7],5,0,6
FCQvw,[3 5 7],1,1,9
FCQvw,[3 6 7],1,1,9
FCQvw,[4 5 7],1,6,4
FCQvw,[4 6 7],1,1,9
FCQvw,[5 6 7],0,6,5
FCRTo,[7],8,0,0
FCRTo,[2 7],3,2,3
FCRTo,[3 7],3,0,5
FCRTo,[4 7],1,1,6
FCRTo,[5 7],5,0,3
FCRTo,[6 7],8,0,0
FCRTo,[2 4 7],1,2,5
FCRTo,[2 5 7],1,4,3
FCRTo,[2 6 7],3,2,3
FCRTo,[3 4 7],1,3,4
FCRTo,[3 5 7],1,0,7
FCRTo,[3 6 7],1,0,7
FCRTo,[4 5 7],2,2,4
FCRTo,[4 6 7],2,0,6
FCRTo,[5 6 7],1,1,6
FCRTw,[7],9,0,0
FCRTw,[2 7],3,3,3
FCRTw,[3 7],3,1,5
FCRTw,[4 7],3,0,6
FCRTw,[5 7],4,0,5
FCRTw,[6 7],7,0,2
FCRTw,[2 4 7],1,3,5
FCRTw,[2 5 7],1,5,3
FCRTw,[2 6 7],3,3,3
FCRTw,[3 4 7],1,4,4
FCRTw,[3 5 7],1,1,7
FCRTw,[3 6 7],1,3,5
FCRTw,[4 5 7],2,4,3
FCRTw,[4 6 7],2,0,7
FCRTw,[5 6 7],1,3,5
FCRV?,[7],6,0,0
FCRV?,[2 7],3,1,2
FCRV?,[3 7],3,0,3
FCRV?,[4 7],5,0,1
FCRV?,[5 7],3,0,3
FCRV?,[6 7],6,0,0
FCRV?,[2 4 7],0,1,5
FCRV?,[2 5 7],0,4,2
FCRV?,[2 6 7],1,1,4
FCRV?,[3 4 7],0,1,5
FCRV?,[3 5 7],2,0,4
FCRV?,[3 6 7],0,2,4
FCRV?,[4 5 7],2,0,4
FCRV?,[4 6 7],2,0,4
FCRV?,[5 6 7],2,0,4
FCRVO,[7],8,0,0
FCRVO,[2 7],3,2,3
FCRVO,[3 7],3,0,5
FCRVO,[4 7],3,0,5
FCRVO,[5 7],5,0,3
FCRVO,[6 7],7,0,1
FCRVO,[2 4 7],1,2,5
FCRVO,[2 5 7],1,3,4
FCRVO,[2 6 7],2,2,4
FCRVO,[3 4 7],1,3,4
FCRVO,[3 5 7],2,0,6
FCRVO,[3 6 7],2,0,6
FCRVO,[4 5 7],2,2,4
FCRVO,[4 6 7],2,0,6
FCRVO,[5 6 7],2,1,5
FCRVW,[7],9,0,0
FCRVW,[2 7],3,3,3
FCRVW,[3 7],3,1,5
FCRVW,[4 7],3,0,6
FCRVW,[5 7],5,0,4
FCRVW,[6 7],7,0,2
FCRVW,[2 4 7],1,3,5
FCRVW,[2 5 7],1,4,4
FCRVW,[2 6 7],2,3,4
FCRVW,[3 4 7],1,4,4
FCRVW,[3 5 7],2,1,6
FCRVW,[3 6 7],2,2,5
FCRVW,[4 5 7],2,4,3
FCRVW,[4 6 7],2,0,7
FCRVW,[5 6 7],2,2,5
FCRV_,[7],7,0,0
FCRV_,[2 7],6,1,0
FCRV_,[3 7],6,0,1
FCRV_,[4 7],6,0,1
FCRV_,[5 7],3,0,4
FCRV_,[6 7],6,0,1
FCRV_,[2 4 7],1,3,3
FCRV_,[2 5 7],1,3,3
FCRV_,[2 6 7],3,1,3
FCRV_,[3 4 7],1,3,3
FCRV_,[3 5 7],1,0,6
FCRV_,[3 6 7],1,0,6
FCRV_,[4 5 7],1,1,5
FCRV_,[4 6 7],1,0,6
FCRV_,[5 6 7],1,1,5
FCRVg,[7],8,0,0
FCRVg,[2 7],7,1,0
FCRVg,[3 7],7,0,1
FCRVg,[4 7],5,2,1
FCRVg,[5 7],5,0,3
FCRVg,[6 7],6,1,1
FCRVg,[2 4 7],1,6,1
FCRVg,[2 5 7],3,1,4
FCRVg,[2 6 7],3,1,4
FCRVg,[3 4 7],1,4,3
FCRVg,[3 5 7],1,2,5
FCRVg,[3 6 7],1,0,7
FCRVg,[4 5 7],1,3,4
FCRVg,[4 6 7],1,0,7
FCRVg,[5 6 7],1,1,6
FCRVo,[7],9,0,0
FCRVo,[2 7],5,3,1
FCRVo,[3 7],5,0,4
FCRVo,[4 7],3,0,6
FCRVo,[5 7],4,0,5
FCRVo,[6 7],6,0,3
FCRVo,[2 4 7],1,3,5
FCRVo,[2 5 7],1,5,3
FCRVo,[2 6 7],4,3,2
FCRVo,[3 4 7],1,4,4
FCRVo,[3 5 7],1,1,7
FCRVo,[3 6 7],2,0,7
FCRVo,[4 5 7],2,5,2
FCRVo,[4 6 7],2,0,7
FCRVo,[5 6 7],1,3,5
FCRVw,[7],10,0,0
FCRVw,[2 7],5,4,1
FCRVw,[3 7],5,1,4
FCRVw,[4 7],5,0,5
FCRVw,[5 7],5,0,5
FCRVw,[6 7],5,0,5
FCRVw,[2 4 7],1,4,5
FCRVw,[2 5 7],1,6,3
FCRVw,[2 6 7],4,4,2
FCRVw,[3 4 7],1,5,4
FCRVw,[3 5 7],1,2,7
FCRVw,[3 6 7],2,3,5
FCRVw,[4 5 7],2,7,1
FCRVw,[4 6 7],2,0,8
FCRVw,[5 6 7],1,5,4
FCR^o,[7],10,0,0
FCR^o,[2 7],6,4,0
FCR^o,[3 7],6,0,4
FCR^o,[4 7],6,0,4
FCR^o,[5 7],2,0,8
FCR^o,[6 7],6,0,4
FCR^o,[2 5 7],2,4,4
FCR^o,[2 6 7],2,4,4
FCR^o,[3 5 7],2,0,8
FCR^o,[3 6 7],2,0,8
FCR^o,[4 5 7],2,4,4
FCR^o,[4 6 7],2,0,8
FCR^o,[5 6 7],0,4,6
FCR^w,[7],11,0,0
FCR^w,[2 7],6,5,0
FCR^w,[3 7],6,1,4
FCR^w,[4 7],6,1,4
FCR^w,[5 7],6,0,5
FCR^w,[6 7],6,0,5
FCR^w,[2 5 7],2,5,4
FCR^w,[2 6 7],2,5,4
FCR^w,[3 5 7],2,1,8
FCR^w,[3 6 7],2,1,8
FCR^w,[4 5 7],2,5,4
FCR^w,[4 6 7],2,1,8
FCR^w,[5 6 7],0,5,6
FCR`o,[7],8,0,0
FCR`o,[3 7],0,0,8
FCR`o,[4 7],0,0,8
FCR`o,[5 7],8,0,0
FCR`o,[6 7],8,0,0
FCR`o,[3 5 7],0,0,8
FCR`o,[3 6 7],0,0,8
FCR`o,[4 5 7],2,0,6
FCR`o,[4 6 7],2,0,6
FCR`o,[5 6 7],2,0,6
FCR`w,[7],9,0,0
FCR`w,[3 7],0,3,6
FCR`w,[4 7],2,0,7
FCR`w,[5 7],4,0,5
FCR`w,[6 7],8,0,1
FCR`w,[3 5 7],0,1,8
FCR`w,[3 6 7],0,1,8
FCR`w,[4 5 7],2,1,6
FCR`w,[4 6 7],2,0,7
FCR`w,[5 6 7],2,1,6
FCRbg,[7],8,0,0
FCRbg,[2 7],1,4,3
FCRbg,[3 7],3,2,3
FCRbg,[4 7],3,3,2
FCRbg,[5 7],6,0,2
FCRbg,[6 7],8,0,0
FCRbg,[2 5 7],0,2,6
FCRbg,[2 6 7],0,2,6
FCRbg,[3 5 7],0,0,8
FCRbg,[3 6 7],0,0,8
FCRbg,[4 5 7],1,0,7
FCRbg,[4 6 7],1,0,7
FCRbg,[5 6 7],1,0,7
FCRcw,[7],8,0,0
FCRcw,[2 7],2,2,4
FCRcw,[3 7],2,2,4
FCRcw,[4 7],3,1,4
FCRcw,[5 7],5,0,3
FCRcw,[6 7],7,0,1
FCRcw,[2 4 7],0,2,6
FCRcw,[2 5 7],0,4,4
FCRcw,[2 6 7],1,2,5
FCRcw,[3 4 7],0,3,5
FCRcw,[3 5 7],1,1,6
FCRcw,[3 6 7],1,2,5
FCRcw,[4 5 7],2,3,3
FCRcw,[4 6 7],2,0,6
FCRcw,[5 6 7],2,1,5
FCRdg,[7],7,0,0
FCRdg,[2 7],4,1,2
FCRdg,[3 7],6,0,1
FCRdg,[4 7],7,0,0
FCRdg,[5 7],5,0,2
FCRdg,[6 7],7,0,0
FCRdg,[2 5 7],0,0,7
FCRdg,[2 6 7],0,0,7
FCRdg,[3 5 7],1,0,6
FCRdg,[3 6 7],0,0,7
FCRdg,[4 5 7],1,0,6
FCRdg,[4 6 7],1,0,6
FCRdg,[5 6 7],1,0,6
FCRdo,[7],9,0,0
FCRdo,[3 7],0,0,9
FCRdo,[4 7],1,0,8
FCRdo,[5 7],5,0,4
FCRdo,[6 7],9,0,0
FCRdo,[3 5 7],1,0,8
FCRdo,[3 6 7],0,0,9
FCRdo,[4 5 7],2,0,7
FCRdo,[4 6 7],2,0,7
FCRdo,[5 6 7],1,1,7
FCRdw,[7],10,0,0
FCRdw,[3 7],0,3,7
FCRdw,[4 7],2,1,7
FCRdw,[5 7],4,0,6
FCRdw,[6 7],8,0,2
FCRdw,[3 5 7],1,1,8
FCRdw,[3 6 7],0,1,9
FCRdw,[4 5 7],2,2,6
FCRdw,[4 6 7],2,0,8
FCRdw,[5 6 7],1,3,6
FCReg,[7],7,0,0
FCReg,[2 7],4,1,2
FCReg,[3 7],4,2,1
FCReg,[4 7],6,1,0
FCReg,[5 7],5,0,2
FCReg,[6 7],7,0,0
FCReg,[2 4 7],0,4,3
FCReg,[2 5 7],1,2,4
FCReg,[2 6 7],1,1,5
FCReg,[3 4 7],0,3,4
FCReg,[3 5 7],1,1,5
FCReg,[3 6 7],0,1,6
FCReg,[4 5 7],1,1,5
FCReg,[4 6 7],1,0,6
FCReg,[5 6 7],1,0,6
FCReo,[7],8,0,0
FCReo,[2 7],2,2,4
FCReo,[3 7],4,0,4
FCReo,[4 7],6,0,2
FCReo,[5 7],4,0,4
FCReo,[6 7],8,0,0
FCReo,[2 5 7],0,4,4
FCReo,[2 6 7],0,2,6
FCReo,[3 5 7],2,0,6
FCReo,[3 6 7],0,0,8
FCReo,[4 5 7],2,0,6
FCReo,[4 6 7],2,0,6
FCReo,[5 6 7],2,0,6
FCRew,[7],9,0,0
FCRew,[2 7],2,3,4
FCRew,[3 7],2,3,4
FCRew,[4 7],4,2,3
FCRew,[5 7],6,0,3
FCRew,[6 7],8,0,1
FCRew,[2 5 7],0,5,4
FCRew,[2 6 7],0,3,6
FCRew,[3 5 7],2,1,6
FCRew,[3 6 7],0,1,8
FCRew,[4 5 7],2,1,6
FCRew,[4 6 7],2,0,7
FCRew,[5 6 7],2,1,6
FCRfG,[7],7,0,0
FCRfG,[2 7],7,0,0
FCRfG,[3 7],7,0,0
FCRfG,[4 7],7,0,0
FCRfG,[5 7],3,0,4
FCRfG,[6 7],7,0,0
FCRfG,[2 4 7],1,4,2
FCRfG,[2 5 7],1,0,6
FCRfG,[2 6 7],1,0,6
FCRfG,[3 4 7],1,4,2
FCRfG,[3 5 7],1,0,6
FCRfG,[3 6 7],1,0,6
FCRfG,[4 5 7],1,0,6
FCRfG,[4 6 7],1,0,6
FCRfG,[5 6 7],0,0,7
FCRf_,[7],8,0,0
FCRf_,[2 7],3,3,2
FCRf_,[3 7],3,1,4
FCRf_,[4 7],4,1,3
FCRf_,[5 7],4,0,4
FCRf_,[6 7],7,0,1
FCRf_,[2 5 7],0,2,6
FCRf_,[2 6 7],0,2,6
FCRf_,[3 5 7],0,1,7
FCRf_,[3 6 7],0,0,8
FCRf_,[4 5 7],1,2,5
FCRf_,[4 6 7],1,0,7
FCRf_,[5 6 7],1,1,6
FCRfg,[7],9,0,0
FCRfg,[2 7],3,3,3
FCRfg,[3 7],4,1,4
FCRfg,[4 7],4,2,3
FCRfg,[5 7],5,0,4
FCRfg,[6 7],7,1,1
FCRfg,[2 5 7],0,2,7
FCRfg,[2 6 7],0,2,7
FCRfg,[3 5 7],0,1,8
FCRfg,[3 6 7],0,0,9
FCRfg,[4 5 7],1,1,7
FCRfg,[4 6 7],1,0,8
FCRfg,[5 6 7],1,1,7
FCRfo,[7],10,0,0
FCRfo,[3 7],0,0,10
FCRfo,[4 7],0,0,10
FCRfo,[5 7],3,0,7
FCRfo,[6 7],7,0,3
FCRfo,[3 5 7],0,2,8
FCRfo,[3 6 7],0,0,10
FCRfo,[4 5 7],2,3,5
FCRfo,[4 6 7],2,0,8
FCRfo,[5 6 7],0,3,7
FCRfw,[7],11,0,0
FCRfw,[3 7],0,4,7
FCRfw,[4 7],1,2,8
FCRfw,[5 7],3,0,8
FCRfw,[6 7],5,0,6
FCRfw,[3 5 7],0,3,8
FCRfw,[3 6 7],0,1,10
FCRfw,[4 5 7],2,6,3
FCRfw,[4 6 7],2,0,9
FCRfw,[5 6 7],0,6,5
FCRto,[7],10,0,0
FCRto,[3 7],1,0,9
FCRto,[4 7],1,0,9
FCRto,[5 7],2,0,8
FCRto,[6 7],10,0,0
FCRto,[3 5 7],2,0,8
FCRto,[3 6 7],1,0,9
FCRto,[4 5 7],2,2,6
FCRto,[4 6 7],2,0,8
FCRto,[5 6 7],1,0,9
FCRtw,[7],11,0,0
FCRtw,[3 7],1,1,9
FCRtw,[4 7],1,1,9
FCRtw,[5 7],4,0,7
FCRtw,[6 7],8,0,3
FCRtw,[3 5 7],2,1,8
FCRtw,[3 6 7],1,1,9
FCRtw,[4 5 7],2,3,6
FCRtw,[4 6 7],2,1,8
FCRtw,[5 6 7],1,3,7
FCRuo,[7],9,0,0
FCRuo,[2 7],4,3,2
FCRuo,[3 7],4,0,5
FCRuo,[4 7],5,0,4
FCRuo,[5 7],3,0,6
FCRuo,[6 7],8,0,1
FCRuo,[2 5 7],2,3,4
FCRuo,[2 6 7],1,3,5
FCRuo,[3 5 7],2,0,7
FCRuo,[3 6 7],1,1,7
FCRuo,[4 5 7],2,1,6
FCRuo,[4 6 7],2,0,7
FCRuo,[5 6 7],1,1,7
FCRuw,[7],10,0,0
FCRuw,[2 7],4,4,2
FCRuw,[3 7],4,1,5
FCRuw,[4 7],4,1,5
FCRuw,[5 7],6,0,4
FCRuw,[6 7],8,0,2
FCRuw,[2 5 7],2,4,4
FCRuw,[2 6 7],1,4,5
FCRuw,[3 5 7],2,1,7
FCRuw,[3 6 7],1,2,7
FCRuw,[4 5 7],2,2,6
FCRuw,[4 6 7],2,1,7
FCRuw,[5 6 7],1,2,7
FCRvO,[7],10,0,0
FCRvO,[3 7],0,0,10
FCRvO,[4 7],0,0,10
FCRvO,[5 7],4,0,6
FCRvO,[6 7],8,0,2
FCRvO,[3 5 7],2,0,8
FCRvO,[3 6 7],0,0,10
FCRvO,[4 5 7],2,2,6
FCRvO,[4 6 7],2,0,8
FCRvO,[5 6 7],0,2,8
FCRvW,[7],11,0,0
FCRvW,[3 7],0,1,10
FCRvW,[4 7],0,1,10
FCRvW,[5 7],4,0,7
FCRvW,[6 7],8,0,3
FCRvW,[3 5 7],2,1,8
FCRvW,[3 6 7],0,1,10
FCRvW,[4 5 7],2,3,6
FCRvW,[4 6 7],2,1,8
FCRvW,[5 6 7],0,3,8
FCRv_,[7],9,0,0
FCRv_,[2 7],5,4,0
FCRv_,[3 7],5,2,2
FCRv_,[4 7],5,2,2
FCRv_,[5 7],3,0,6
FCRv_,[6 7],7,0,2
FCRv_,[2 5 7],1,2,6
FCRv_,[2 6 7],0,3,6
FCRv_,[3 5 7],1,0,8
FCRv_,[3 6 7],1,0,8
FCRv_,[4 5 7],1,2,6
FCRv_,[4 6 7],1,0,8
FCRv_,[5 6 7],0,2,7
FCRvg,[7],10,0,0
FCRvg,[2 7],6,2,2
FCRvg,[3 7],6,0,4
FCRvg,[4 7],2,4,4
FCRvg,[5 7],4,0,6
FCRvg,[6 7],7,0,3
FCRvg,[2 5 7],1,3,6
FCRvg,[2 6 7],0,3,7
FCRvg,[3 5 7],1,1,8
FCRvg,[3 6 7],1,0,9
FCRvg,[4 5 7],1,3,6
FCRvg,[4 6 7],1,0,9
FCRvg,[5 6 7],0,2,8
FCRvo,[7],11,0,0
FCRvo,[3 7],1,0,10
FCRvo,[4 7],1,0,10
FCRvo,[5 7],2,0,9
FCRvo,[6 7],6,0,5
FCRvo,[3 5 7],2,0,9
FCRvo,[3 6 7],1,0,10
FCRvo,[4 5 7],2,6,3
FCRvo,[4 6 7],2,0,9
FCRvo,[5 6 7],0,5,6
FCRvw,[7],12,0,0
FCRvw,[3 7],1,1,10
FCRvw,[4 7],1,1,10
FCRvw,[5 7],3,0,9
FCRvw,[6 7],5,0,7
FCRvw,[3 5 7],2,1,9
FCRvw,[3 6 7],1,1,10
FCRvw,[4 5 7],2,7,3
FCRvw,[4 6 7],2,1,9
FCRvw,[5 6 7],0,7,5
FCR~o,[7],12,0,0
FCR~o,[5 7],2,0,10
FCR~o,[6 7],2,0,10
FCR~o,[3 5 7],2,0,10
FCR~o,[3 6 7],2,0,10
FCR~o,[4 5 7],2,10,0
FCR~o,[4 6 7],2,0,10
FCR~o,[5 6 7],0,10,2
FCR~w,[7],13,0,0
FCR~w,[5 7],2,1,10
FCR~w,[6 7],2,0,11
FCR~w,[3 5 7],2,1,10
FCR~w,[3 6 7],2,1,10
FCR~w,[4 5 7],2,11,0
FCR~w,[4 6 7],2,1,10
FCR~w,[5 6 7],0,11,2
FCXe_,[7],7,0,0
FCXe_,[3 7],1,2,4
FCXe_,[4 7],7,0,0
FCXe_,[5 7],7,0,0
FCXe_,[6 7],7,0,0
FCXe_,[3 4 7],0,2,5
FCXe_,[3 5 7],0,0,7
FCXe_,[3 6 7],0,0,7
FCXe_,[4 5 7],0,0,7
FCXe_,[4 6 7],0,0,7
FCXe_,[5 6 7],0,0,7
FCXeo,[7],9,0,0
FCXeo,[3 7],4,0,5
FCXeo,[4 7],7,0,2
FCXeo,[5 7],7,0,2
FCXeo,[6 7],9,0,0
FCXeo,[3 5 7],0,0,9
FCXeo,[3 6 7],0,0,9
FCXeo,[4 5 7],0,0,9
FCXeo,[4 6 7],0,0,9
FCXeo,[5 6 7],0,0,9
FCXf?,[7],6,0,0
FCXf?,[2 7],6,0,0
FCXf?,[3 7],6,0,0
FCXf?,[4 7],6,0,0
FCXf?,[5 7],4,0,2
FCXf?,[6 7],6,0,0
FCXf?,[2 6 7],0,0,6
FCXf?,[3 4 7],0,0,6
FCXf?,[3 5 7],0,0,6
FCXf?,[3 6 7],0,0,6
FCXf?,[4 5 7],0,0,6
FCXf?,[4 6 7],0,0,6
FCXf?,[5 6 7],0,0,6
FCXf?,[2 5 6 7],0,2,4
FCXf?,[3 4 6 7],0,0,6
FCXf?,[3 5 6 7],0,0,6
FCXf?,[4 5 6 7],0,6,0
FCXfO,[7],7,0,0
FCXfO,[2 7],5,2,0
FCXfO,[3 7],7,0,0
FCXfO,[4 7],7,0,0
FCXfO,[5 7],5,0,2
FCXfO,[6 7],7,0,0
FCXfO,[2 5 7],1,0,6
FCXfO,[2 6 7],0,1,6
FCXfO,[3 5 7],0,1,6
FCXfO,[3 6 7],0,0,7
FCXfO,[4 5 7],0,1,6
FCXfO,[4 6 7],0,0,7
FCXfO,[5 6 7],0,0,7
FCXfW,[7],8,0,0
FCXfW,[2 7],8,0,0
FCXfW,[3 7],8,0,0
FCXfW,[4 7],4,4,0
FCXfW,[5 7],4,0,4
FCXfW,[6 7],8,0,0
FCXfW,[2 6 7],0,0,8
FCXfW,[3 6 7],0,0,8
FCXfW,[4 5 7],0,0,8
FCXfW,[4 6 7],0,0,8
FCXfW,[5 6 7],0,0,8
FCXf_,[7],9,0,0
FCXf_,[3 7],1,0,8
FCXf_,[4 7],5,0,4
FCXf_,[5 7],5,0,4
FCXf_,[6 7],7,0,2
FCXf_,[3 4 7],2,6,1
FCXf_,[3 5 7],2,0,7
FCXf_,[3 6 7],0,0,9
FCXf_,[4 5 7],2,2,5
FCXf_,[4 6 7],0,0,9
FCXf_,[5 6 7],0,2,7
FCXfo,[7],10,0,0
FCXfo,[3 7],4,0,6
FCXfo,[4 7],6,0,4
FCXfo,[5 7],6,0,4
FCXfo,[6 7],8,0,2
FCXfo,[3 5 7],0,0,10
FCXfo,[3 6 7],0,0,10
FCXfo,[4 5 7],0,2,8
FCXfo,[4 6 7],0,0,10
FCXfo,[5 6 7],0,2,8
FCXfw,[7],11,0,0
FCXfw,[3 7],5,0,6
FCXfw,[4 7],5,0,6
FCXfw,[5 7],5,0,6
FCXfw,[6 7],5,0,6
FCXfw,[3 6 7],0,0,11
FCXfw,[4 5 7],0,6,5
FCXfw,[4 6 7],0,0,11
FCXfw,[5 6 7],0,6,5
FCXkw,[7],10,0,0
FCXkw,[3 7],2,2,6
FCXkw,[4 7],6,0,4
FCXkw,[5 7],6,0,4
FCXkw,[6 7],8,0,2
FCXkw,[3 4 7],2,7,1
FCXkw,[3 5 7],2,3,5
FCXkw,[3 6 7],0,2,8
FCXkw,[4 5 7],2,2,6
FCXkw,[4 6 7],0,0,10
FCXkw,[5 6 7],0,2,8
FCXmW,[7],8,0,0
FCXmW,[2 7],6,0,2
FCXmW,[3 7],8,0,0
FCXmW,[4 7],8,0,0
FCXmW,[5 7],6,0,2
FCXmW,[6 7],8,0,0
FCXmW,[2 5 7],1,1,6
FCXmW,[2 6 7],0,1,7
FCXmW,[3 5 7],0,2,6
FCXmW,[3 6 7],0,0,8
FCXmW,[4 5 7],0,1,7
FCXmW,[4 6 7],0,0,8
FCXmW,[5 6 7],0,0,8
FCXmo,[7],10,0,0
FCXmo,[3 7],3,1,6
FCXmo,[4 7],5,1,4
FCXmo,[5 7],8,0,2
FCXmo,[6 7],9,0,1
FCXmo,[3 5 7],0,1,9
FCXmo,[3 6 7],0,1,9
FCXmo,[4 5 7],0,1,9
FCXmo,[4 6 7],0,1,9
FCXmo,[5 6 7],0,1,9
FCXmw,[7],11,0,0
FCXmw,[3 7],5,2,4
FCXmw,[4 7],5,0,6
FCXmw,[5 7],7,0,4
FCXmw,[6 7],9,0,2
FCXmw,[3 5 7],0,3,8
FCXmw,[3 6 7],0,2,9
FCXmw,[4 5 7],0,2,9
FCXmw,[4 6 7],0,2,9
FCXmw,[5 6 7],0,2,9
FCXnO,[7],8,0,0
FCXnO,[2 7],8,0,0
FCXnO,[3 7],8,0,0
FCXnO,[4 7],8,0,0
FCXnO,[5 7],5,0,3
FCXnO,[6 7],8,0,0
FCXnO,[2 6 7],0,0,8
FCXnO,[3 6 7],0,0,8
FCXnO,[4 5 7],0,0,8
FCXnO,[4 6 7],0,0,8
FCXnO,[5 6 7],0,0,8
FCXnW,[7],9,0,0
FCXnW,[2 7],9,0,0
FCXnW,[3 7],9,0,0
FCXnW,[4 7],7,2,0
FCXnW,[5 7],5,2,2
FCXnW,[6 7],7,0,2
FCXnW,[2 6 7],0,0,9
FCXnW,[3 6 7],0,0,9
FCXnW,[4 5 7],0,2,7
FCXnW,[4 6 7],0,0,9
FCXnW,[5 6 7],0,0,9
FCXn_,[7],10,0,0
FCXn_,[3 7],2,0,8
FCXn_,[4 7],6,0,4
FCXn_,[5 7],8,0,2
FCXn_,[6 7],8,0,2
FCXn_,[3 6 7],0,0,10
FCXn_,[4 5 7],0,2,8
FCXn_,[4 6 7],0,0,10
FCXn_,[5 6 7],0,2,8
FCXno,[7],11,0,0
FCXno,[3 7],3,1,7
FCXno,[4 7],5,1,5
FCXno,[5 7],6,0,5
FCXno,[6 7],8,0,3
FCXno,[3 6 7],0,1,10
FCXno,[4 5 7],0,5,6
FCXno,[4 6 7],0,1,10
FCXno,[5 6 7],0,3,8
FCXnw,[7],12,0,0
FCXnw,[3 7],6,2,4
FCXnw,[4 7],6,0,6
FCXnw,[5 7],6,0,6
FCXnw,[6 7],6,0,6
FCXnw,[3 6 7],0,2,10
FCXnw,[4 5 7],0,6,6
FCXnw,[4 6 7],0,2,10
FCXnw,[5 6 7],0,6,6
FCY[w,[7],8,0,0
FCY[w,[3 7],2,2,4
FCY[w,[4 7],2,0,6
FCY[w,[5 7],2,4,2
FCY[w,[6 7],6,0,2
FCY[w,[2 3 7],6,2,0
FCY[w,[2 4 7],6,2,0
FCY[w,[2 5 7],6,2,0
FCY[w,[2 6 7],6,2,0
FCY[w,[3 4 7],5,3,0
FCY[w,[3 5 7],5,3,0
FCY[w,[3 6 7],5,2,1
FCY[w,[4 5 7],5,2,1
FCY[w,[4 6 7],1,4,3
FCY[w,[5 6 7],0,2,6
FCY]g,[7],9,0,0
FCY]g,[2 7],7,1,1
FCY]g,[3 7],5,0,4
FCY]g,[4 7],5,0,4
FCY]g,[5 7],7,0,2
FCY]g,[6 7],8,0,1
FCY]g,[2 4 7],3,4,2
FCY]g,[2 5 7],3,1,5
FCY]g,[2 6 7],3,1,5
FCY]g,[3 4 7],2,5,2
FCY]g,[3 5 7],2,1,6
FCY]g,[3 6 7],0,3,6
FCY]g,[4 5 7],2,1,6
FCY]g,[4 6 7],0,0,9
FCY]g,[5 6 7],0,1,8
FCY]o,[7],9,0,0
FCY]o,[2 7],6,2,1
FCY]o,[3 7],6,1,2
FCY]o,[4 7],2,2,5
FCY]o,[5 7],5,0,4
FCY]o,[6 7],7,0,2
FCY]o,[2 4 7],1,4,4
FCY]o,[2 5 7],1,4,4
FCY]o,[2 6 7],3,2,4
FCY]o,[3 4 7],0,5,4
FCY]o,[3 5 7],0,1,8
FCY]o,[3 6 7],0,1,8
FCY]o,[4 5 7],0,4,5
FCY]o,[4 6 7],0,0,9
FCY]o,[5 6 7],0,2,7
FCY]w,[7],10,0,0
FCY]w,[2 7],7,2,1
FCY]w,[3 7],5,2,3
FCY]w,[4 7],3,0,7
FCY]w,[5 7],6,0,4
FCY]w,[6 7],7,1,2
FCY]w,[2 4 7],3,5,2
FCY]w,[2 5 7],3,2,5
FCY]w,[2 6 7],3,2,5
FCY]w,[3 4 7],2,6,2
FCY]w,[3 5 7],2,2,6
FCY]w,[3 6 7],0,4,6
FCY]w,[4 5 7],2,2,6
FCY]w,[4 6 7],0,1,9
FCY]w,[5 6 7],0,2,8
FCY^G,[7],10,0,0
FCY^G,[3 7],0,1,9
FCY^G,[4 7],1,0,9
FCY^G,[5 7],4,0,6
FCY^G,[6 7],7,0,3
FCY^G,[3 4 7],2,7,1
FCY^G,[3 5 7],2,3,5
FCY^G,[3 6 7],1,1,8
FCY^G,[4 5 7],2,2,6
FCY^G,[4 6 7],1,0,9
FCY^G,[5 6 7],0,2,8
FCY^O,[7],10,0,0
FCY^O,[3 7],1,0,9
FCY^O,[4 7],0,0,10
FCY^O,[5 7],6,0,4
FCY^O,[6 7],7,0,3
FCY^O,[3 4 7],1,7,2
FCY^O,[3 5 7],1,3,6
FCY^O,[3 6 7],0,0,10
FCY^O,[4 5 7],1,3,6
FCY^O,[4 6 7],0,0,10
FCY^O,[5 6 7],0,2,8
FCY^W,[7],11,0,0
FCY^W,[3 7],1,2,8
FCY^W,[4 7],0,1,10
FCY^W,[5 7],4,1,6
FCY^W,[6 7],7,0,4
FCY^W,[3 4 7],2,8,1
FCY^W,[3 5 7],2,4,5
FCY^W,[3 6 7],1,2,8
FCY^W,[4 5 7],2,4,5
FCY^W,[4 6 7],1,0,10
FCY^W,[5 6 7],0,3,8
FCY^_,[7],10,0,0
FCY^_,[4 7],1,0,9
FCY^_,[5 7],3,0,7
FCY^_,[6 7],7,0,3
FCY^_,[3 4 7],2,7,1
FCY^_,[3 5 7],2,3,5
FCY^_,[3 6 7],0,0,10
FCY^_,[4 5 7],2,3,5
FCY^_,[4 6 7],0,0,10
FCY^_,[5 6 7],0,0,10
FCY^g,[7],11,0,0
FCY^g,[4 7],1,0,10
FCY^g,[5 7],5,0,6
FCY^g,[6 7],5,0,6
FCY^g,[3 4 7],2,8,1
FCY^g,[3 5 7],2,4,5
FCY^g,[3 6 7],2,2,7
FCY^g,[4 5 7],2,6,3
FCY^g,[4 6 7],2,0,9
FCY^g,[5 6 7],0,4,7
FCY^o,[7],11,0,0
FCY^o,[4 7],1,0,10
FCY^o,[5 7],3,0,8
FCY^o,[6 7],7,0,4
FCY^o,[3 4 7],2,8,1
FCY^o,[3 5 7],2,4,5
FCY^o,[3 6 7],0,1,10
FCY^o,[4 5 7],2,4,5
FCY^o,[4 6 7],0,1,10
FCY^o,[5 6 7],0,4,7
FCY^w,[7],12,0,0
FCY^w,[4 7],1,0,11
FCY^w,[5 7],5,0,7
FCY^w,[6 7],5,0,7
FCY^w,[3 4 7],2,9,1
FCY^w,[3 5 7],2,5,5
FCY^w,[3 6 7],2,3,7
FCY^w,[4 5 7],2,7,3
FCY^w,[4 6 7],2,1,9
FCY^w,[5 6 7],0,7,5
FCZHw,[7],10,0,0
FCZHw,[3 7],2,1,7
FCZHw,[4 7],5,0,5
FCZHw,[5 7],5,0,5
FCZHw,[6 7],7,0,3
FCZHw,[3 5 7],0,1,9
FCZHw,[3 6 7],0,1,9
FCZHw,[4 5 7],0,3,7
FCZHw,[4 6 7],0,0,10
FCZHw,[5 6 7],0,1,9
FCZIw,[7],9,0,0
FCZIw,[2 7],3,3,3
FCZIw,[3 7],6,0,3
FCZIw,[4 7],7,0,2
FCZIw,[5 7],5,0,4
FCZIw,[6 7],7,0,2
FCZIw,[2 5 7],0,5,4
FCZIw,[2 6 7],2,3,4
FCZIw,[3 5 7],0,0,9
FCZIw,[3 6 7],0,0,9
FCZIw,[4 5 7],0,2,7
FCZIw,[4 6 7],0,0,9
FCZIw,[5 6 7],0,0,9
FCZJg,[7],10,0,0
FCZJg,[3 7],2,2,6
FCZJg,[4 7],3,1,6
FCZJg,[5 7],4,0,6
FCZJg,[6 7],9,0,1
FCZJg,[3 5 7],0,1,9
FCZJg,[3 6 7],0,1,9
FCZJg,[4 5 7],0,2,8
FCZJg,[4 6 7],0,0,10
FCZJg,[5 6 7],0,1,9
FCZJo,[7],10,0,0
FCZJo,[3 7],2,0,8
FCZJo,[4 7],2,0,8
FCZJo,[5 7],6,0,4
FCZJo,[6 7],8,1,1
FCZJo,[3 5 7],0,1,9
FCZJo,[3 6 7],0,0,10
FCZJo,[4 5 7],0,2,8
FCZJo,[4 6 7],0,0,10
FCZJo,[5 6 7],0,0,10
FCZJw,[7],11,0,0
FCZJw,[3 7],4,1,6
FCZJw,[4 7],4,1,6
FCZJw,[5 7],4,1,6
FCZJw,[6 7],7,0,4
FCZJw,[3 5 7],0,2,9
FCZJw,[3 6 7],0,1,10
FCZJw,[4 5 7],0,4,7
FCZJw,[4 6 7],0,0,11
FCZJw,[5 6 7],0,2,9
FCZKw,[7],9,0,0
FCZKw,[2 7],4,2,3
FCZKw,[3 7],4,1,4
FCZKw,[4 7],4,1,4
FCZKw,[5 7],6,0,3
FCZKw,[6 7],7,0,2
FCZKw,[2 4 7],1,4,4
FCZKw,[2 5 7],1,2,6
FCZKw,[2 6 7],1,2,6
FCZKw,[3 4 7],1,5,3
FCZKw,[3 5 7],1,1,7
FCZKw,[3 6 7],0,2,7
FCZKw,[4 5 7],1,2,6
FCZKw,[4 6 7],0,0,9
FCZKw,[5 6 7],0,1,8
FCZLW,[7],9,0,0
FCZLW,[2 7],3,2,4
FCZLW,[3 7],5,0,4
FCZLW,[4 7],7,0,2
FCZLW,[5 7],5,0,4
FCZLW,[6 7],9,0,0
FCZLW,[2 5 7],0,2,7
FCZLW,[2 6 7],0,2,7
FCZLW,[3 5 7],0,0,9
FCZLW,[3 6 7],0,0,9
FCZLW,[4 5 7],0,0,9
FCZLW,[4 6 7],0,0,9
FCZLW,[5 6 7],0,0,9
FCZLg,[7],10,0,0
FCZLg,[3 7],0,1,9
FCZLg,[4 7],3,0,7
FCZLg,[5 7],6,0,4
FCZLg,[6 7],8,0,2
FCZLg,[3 5 7],0,1,9
FCZLg,[3 6 7],0,1,9
FCZLg,[4 5 7],0,2,8
FCZLg,[4 6 7],0,0,10
FCZLg,[5 6 7],0,1,9
FCZLo,[7],10,0,0
FCZLo,[3 7],0,1,9
FCZLo,[4 7],4,0,6
FCZLo,[5 7],6,0,4
FCZLo,[6 7],7,2,1
FCZLo,[3 5 7],0,1,9
FCZLo,[3 6 7],0,1,9
FCZLo,[4 5 7],0,1,9
FCZLo,[4 6 7],0,1,9
FCZLo,[5 6 7],0,1,9
FCZLw,[7],11,0,0
FCZLw,[3 7],1,2,8
FCZLw,[4 7],3,0,8
FCZLw,[5 7],4,1,6
FCZLw,[6 7],7,0,4
FCZLw,[3 5 7],0,2,9
FCZLw,[3 6 7],0,2,9
FCZLw,[4 5 7],0,3,8
FCZLw,[4 6 7],0,1,10
FCZLw,[5 6 7],0,2,9
FCZMW,[7],8,0,0
FCZMW,[2 7],8,0,0
FCZMW,[3 7],8,0,0
FCZMW,[4 7],6,2,0
FCZMW,[5 7],4,0,4
FCZMW,[6 7],8,0,0
FCZMW,[2 4 7],1,7,0
FCZMW,[2 5 7],3,0,5
FCZMW,[2 6 7],3,0,5
FCZMW,[3 4 7],1,5,2
FCZMW,[3 5 7],1,2,5
FCZMW,[3 6 7],1,0,7
FCZMW,[4 5 7],1,2,5
FCZMW,[4 6 7],1,0,7
FCZMW,[5 6 7],0,0,8
FCZMg,[7],9,0,0
FCZMg,[2 7],5,2,2
FCZMg,[3 7],5,0,4
FCZMg,[4 7],7,1,1
FCZMg,[5 7],5,0,4
FCZMg,[6 7],8,0,1
FCZMg,[2 5 7],0,3,6
FCZMg,[2 6 7],1,2,6
FCZMg,[3 5 7],0,0,9
FCZMg,[3 6 7],0,0,9
FCZMg,[4 5 7],0,1,8
FCZMg,[4 6 7],0,0,9
FCZMg,[5 6 7],0,0,9
FCZMo,[7],9,0,0
FCZMo,[2 7],4,3,2
FCZMo,[3 7],5,1,3
FCZMo,[4 7],5,1,3
FCZMo,[5 7],5,0,4
FCZMo,[6 7],8,0,1
FCZMo,[2 5 7],0,3,6
FCZMo,[2 6 7],1,3,5
FCZMo,[3 5 7],0,1,8
FCZMo,[3 6 7],0,1,8
FCZMo,[4 5 7],0,2,7
FCZMo,[4 6 7],0,0,9
FCZMo,[5 6 7],0,1,8
FCZMw,[7],10,0,0
FCZMw,[2 7],5,3,2
FCZMw,[3 7],7,1,2
FCZMw,[4 7],6,1,3
FCZMw,[5 7],6,0,4
FCZMw,[6 7],7,1,2
FCZMw,[2 5 7],0,4,6
FCZMw,[2 6 7],1,3,6
FCZMw,[3 5 7],0,1,9
FCZMw,[3 6 7],0,1,9
FCZMw,[4 5 7],0,2,8
FCZMw,[4 6 7],0,1,9
FCZMw,[5 6 7],0,1,9
FCZNG,[7],9,0,0
FCZNG,[2 7],5,3,1
FCZNG,[3 7],5,1,3
FCZNG,[4 7],5,1,3
FCZNG,[5 7],5,0,4
FCZNG,[6 7],8,0,1
FCZNG,[2 5 7],1,2,6
FCZNG,[2 6 7],0,3,6
FCZNG,[3 5 7],0,2,7
FCZNG,[3 6 7],0,0,9
FCZNG,[4 5 7],0,1,8
FCZNG,[4 6 7],0,0,9
FCZNG,[5 6 7],0,0,9
FCZNW,[7],10,0,0
FCZNW,[2 7],6,2,2
FCZNW,[3 7],7,0,3
FCZNW,[4 7],6,1,3
FCZNW,[5 7],5,1,4
FCZNW,[6 7],7,1,2
FCZNW,[2 5 7],1,3,6
FCZNW,[2 6 7],0,3,7
FCZNW,[3 5 7],0,3,7
FCZNW,[3 6 7],0,0,10
FCZNW,[4 5 7],0,3,7
FCZNW,[4 6 7],0,0,10
FCZNW,[5 6 7],0,1,9
FCZN_,[7],10,0,0
FCZN_,[3 7],0,0,10
FCZN_,[4 7],2,0,8
FCZN_,[5 7],6,0,4
FCZN_,[6 7],8,0,2
FCZN_,[3 5 7],0,1,9
FCZN_,[3 6 7],0,0,10
FCZN_,[4 5 7],0,3,7
FCZN_,[4 6 7],0,0,10
FCZN_,[5 6 7],0,1,9
FCZNg,[7],11,0,0
FCZNg,[3 7],1,1,9
FCZNg,[4 7],3,0,8
FCZNg,[5 7],4,0,7
FCZNg,[6 7],6,0,5
FCZNg,[3 5 7],0,2,9
FCZNg,[3 6 7],0,1,10
FCZNg,[4 5 7],0,6,5
FCZNg,[4 6 7],0,0,11
FCZNg,[5 6 7],0,3,8
FCZNo,[7],11,0,0
FCZNo,[3 7],1,1,9
FCZNo,[4 7],3,0,8
FCZNo,[5 7],4,0,7
FCZNo,[6 7],7,1,3
FCZNo,[3 5 7],0,2,9
FCZNo,[3 6 7],0,1,10
FCZNo,[4 5 7],0,4,7
FCZNo,[4 6 7],0,1,10
FCZNo,[5 6 7],0,3,8
FCZNw,[7],12,0,0
FCZNw,[3 7],3,2,7
FCZNw,[4 7],5,0,7
FCZNw,[5 7],4,0,8
FCZNw,[6 7],5,0,7
FCZNw,[3 5 7],0,3,9
FCZNw,[3 6 7],0,2,10
FCZNw,[4 5 7],0,7,5
FCZNw,[4 6 7],0,1,11
FCZNw,[5 6 7],0,6,6
FCZSo,[7],8,0,0
FCZSo,[2 7],6,1,1
FCZSo,[3 7],6,0,2
FCZSo,[4 7],4,0,4
FCZSo,[5 7],7,0,1
FCZSo,[6 7],8,0,0
FCZSo,[2 4 7],1,3,4
FCZSo,[2 5 7],1,3,4
FCZSo,[2 6 7],3,1,4
FCZSo,[3 4 7],0,4,4
FCZSo,[3 5 7],0,0,8
FCZSo,[3 6 7],0,0,8
FCZSo,[4 5 7],0,2,6
FCZSo,[4 6 7],0,0,8
FCZSo,[5 6 7],0,0,8
FCZTO,[7],9,0,0
FCZTO,[3 7],0,0,9
FCZTO,[4 7],4,0,5
FCZTO,[5 7],8,0,1
FCZTO,[6 7],9,0,0
FCZTO,[3 5 7],0,0,9
FCZTO,[3 6 7],0,0,9
FCZTO,[4 5 7],0,0,9
FCZTO,[4 6 7],0,0,9
FCZTO,[5 6 7],0,0,9
FCZTg,[7],10,0,0
FCZTg,[3 7],6,0,4
FCZTg,[4 7],5,0,5
FCZTg,[5 7],7,0,3
FCZTg,[6 7],9,0,1
FCZTg,[3 5 7],0,1,9
FCZTg,[3 6 7],0,0,10
FCZTg,[4 5 7],0,1,9
FCZTg,[4 6 7],0,0,10
FCZTg,[5 6 7],0,0,10
FCZTo,[7],10,0,0
FCZTo,[3 7],1,0,9
FCZTo,[4 7],3,0,7
FCZTo,[5 7],7,0,3
FCZTo,[6 7],7,2,1
FCZTo,[3 5 7],0,1,9
FCZTo,[3 6 7],0,0,10
FCZTo,[4 5 7],0,1,9
FCZTo,[4 6 7],0,0,10
FCZTo,[5 6 7],0,0,10
FCZTw,[7],11,0,0
FCZTw,[3 7],1,1,9
FCZTw,[4 7],4,0,7
FCZTw,[5 7],5,0,6
FCZTw,[6 7],7,0,4
FCZTw,[3 5 7],0,2,9
FCZTw,[3 6 7],0,2,9
FCZTw,[4 5 7],0,2,9
FCZTw,[4 6 7],0,2,9
FCZTw,[5 6 7],0,2,9
FCZUO,[7],8,0,0
FCZUO,[2 7],4,2,2
FCZUO,[3 7],4,0,4
FCZUO,[4 7],8,0,0
FCZUO,[5 7],6,0,2
FCZUO,[6 7],8,0,0
FCZUO,[2 5 7],0,2,6
FCZUO,[2 6 7],1,2,5
FCZUO,[3 5 7],0,0,8
FCZUO,[3 6 7],0,0,8
FCZUO,[4 5 7],0,0,8
FCZUO,[4 6 7],0,0,8
FCZUO,[5 6 7],0,0,8
FCZUg,[7],8,0,0
FCZUg,[2 7],8,0,0
FCZUg,[3 7],8,0,0
FCZUg,[4 7],8,0,0
FCZUg,[5 7],6,0,2
FCZUg,[6 7],8,0,0
FCZUg,[2 5 7],1,1,6
FCZUg,[2 6 7],0,1,7
FCZUg,[3 5 7],0,1,7
FCZUg,[3 6 7],0,0,8
FCZUg,[4 5 7],0,0,8
FCZUg,[4 6 7],0,0,8
FCZUg,[5 6 7],0,0,8
FCZUo,[7],9,0,0
FCZUo,[2 7],7,2,0
FCZUo,[3 7],7,0,2
FCZUo,[4 7],5,3,1
FCZUo,[5 7],5,0,4
FCZUo,[6 7],8,0,1
FCZUo,[2 5 7],1,2,6
FCZUo,[2 6 7],0,3,6
FCZUo,[3 5 7],0,1,8
FCZUo,[3 6 7],0,0,9
FCZUo,[4 5 7],0,0,9
FCZUo,[4 6 7],0,0,9
FCZUo,[5 6 7],0,0,9
FCZUw,[7],10,0,0
FCZUw,[2 7],8,2,0
FCZUw,[3 7],8,0,2
FCZUw,[4 7],6,1,3
FCZUw,[5 7],5,1,4
FCZUw,[6 7],8,0,2
FCZUw,[2 5 7],1,3,6
FCZUw,[2 6 7],0,3,7
FCZUw,[3 5 7],0,2,8
FCZUw,[3 6 7],0,1,9
FCZUw,[4 5 7],0,2,8
FCZUw,[4 6 7],0,1,9
FCZUw,[5 6 7],0,1,9
FCZV?,[7],9,0,0
FCZV?,[3 7],0,0,9
FCZV?,[4 7],4,0,5
FCZV?,[5 7],6,0,3
FCZV?,[6 7],9,0,0
FCZV?,[3 5 7],0,0,9
FCZV?,[3 6 7],0,0,9
FCZV?,[4 5 7],0,0,9
FCZV?,[4 6 7],0,0,9
FCZV?,[5 6 7],0,0,9
FCZVO,[7],10,0,0
FCZVO,[3 7],0,0,10
FCZVO,[4 7],3,0,7
FCZVO,[5 7],7,0,3
FCZVO,[6 7],9,0,1
FCZVO,[3 5 7],0,1,9
FCZVO,[3 6 7],0,0,10
FCZVO,[4 5 7],0,1,9
FCZVO,[4 6 7],0,0,10
FCZVO,[5 6 7],0,1,9
FCZVW,[7],11,0,0
FCZVW,[3 7],1,1,9
FCZVW,[4 7],4,0,7
FCZVW,[5 7],5,0,6
FCZVW,[6 7],8,0,3
FCZVW,[3 5 7],0,3,8
FCZVW,[3 6 7],0,1,10
FCZVW,[4 5 7],0,3,8
FCZVW,[4 6 7],0,1,10
FCZVW,[5 6 7],0,2,9
FCZV_,[7],10,0,0
FCZV_,[3 7],1,0,9
FCZV_,[4 7],4,0,6
FCZV_,[5 7],5,0,5
FCZV_,[6 7],9,0,1
FCZV_,[3 5 7],0,0,10
FCZV_,[3 6 7],0,0,10
FCZV_,[4 5 7],0,1,9
FCZV_,[4 6 7],0,0,10
FCZV_,[5 6 7],0,1,9
FCZVg,[7],11,0,0
FCZVg,[3 7],5,0,6
FCZVg,[4 7],4,1,6
FCZVg,[5 7],5,1,5
FCZVg,[6 7],6,0,5
FCZVg,[3 5 7],0,3,8
FCZVg,[3 6 7],0,0,11
FCZVg,[4 5 7],0,5,6
FCZVg,[4 6 7],0,0,11
FCZVg,[5 6 7],0,2,9
FCZVo,[7],11,0,0
FCZVo,[3 7],1,0,10
FCZVo,[4 7],2,1,8
FCZVo,[5 7],5,0,6
FCZVo,[6 7],7,0,4
FCZVo,[3 5 7],0,3,8
FCZVo,[3 6 7],0,0,11
FCZVo,[4 5 7],0,5,6
FCZVo,[4 6 7],0,0,11
FCZVo,[5 6 7],0,3,8
FCZVw,[7],12,0,0
FCZVw,[3 7],2,1,9
FCZVw,[4 7],5,1,6
FCZVw,[5 7],5,0,7
FCZVw,[6 7],6,0,6
FCZVw,[3 5 7],0,4,8
FCZVw,[3 6 7],0,2,10
FCZVw,[4 5 7],0,6,6
FCZVw,[4 6 7],0,2,10
FCZVw,[5 6 7],0,6,6
FCZ\w,[7],12,0,0
FCZ\w,[3 7],1,3,8
FCZ\w,[4 7],1,1,10
FCZ\w,[5 7],3,0,9
FCZ\w,[6 7],5,0,7
FCZ\w,[3 5 7],0,3,9
FCZ\w,[3 6 7],0,3,9
FCZ\w,[4 5 7],0,3,9
FCZ\w,[4 6 7],0,3,9
FCZ\w,[5 6 7],0,3,9
FCZ]w,[7],11,0,0
FCZ]w,[2 7],8,3,0
FCZ]w,[3 7],8,3,0
FCZ]w,[4 7],5,0,6
FCZ]w,[5 7],5,0,6
FCZ]w,[6 7],8,0,3
FCZ]w,[2 5 7],1,4,6
FCZ]w,[2 6 7],0,4,7
FCZ]w,[3 5 7],0,3,8
FCZ]w,[3 6 7],0,2,9
FCZ]w,[4 5 7],0,3,8
FCZ]w,[4 6 7],0,2,9
FCZ]w,[5 6 7],0,2,9
FCZ^_,[7],11,0,0
FCZ^_,[3 7],2,0,9
FCZ^_,[4 7],2,1,8
FCZ^_,[5 7],3,0,8
FCZ^_,[6 7],5,2,4
FCZ^_,[3 5 7],0,3,8
FCZ^_,[3 6 7],0,0,11
FCZ^_,[4 5 7],0,5,6
FCZ^_,[4 6 7],0,0,11
FCZ^_,[5 6 7],0,1,10
FCZ^g,[7],12,0,0
FCZ^g,[3 7],2,1,9
FCZ^g,[4 7],2,2,8
FCZ^g,[5 7],4,0,8
FCZ^g,[6 7],4,0,8
FCZ^g,[3 5 7],0,4,8
FCZ^g,[3 6 7],0,2,10
FCZ^g,[4 5 7],0,6,6
FCZ^g,[4 6 7],0,2,10
FCZ^g,[5 6 7],0,4,8
FCZ^o,[7],12,0,0
FCZ^o,[3 7],2,3,7
FCZ^o,[4 7],3,0,9
FCZ^o,[5 7],3,0,9
FCZ^o,[6 7],5,2,5
FCZ^o,[3 5 7],0,4,8
FCZ^o,[3 6 7],0,2,10
FCZ^o,[4 5 7],0,6,6
FCZ^o,[4 6 7],0,2,10
FCZ^o,[5 6 7],0,5,7
FCZ^w,[7],13,0,0
FCZ^w,[3 7],2,4,7
FCZ^w,[4 7],3,1,9
FCZ^w,[5 7],4,0,9
FCZ^w,[6 7],4,0,9
FCZ^w,[3 5 7],0,5,8
FCZ^w,[3 6 7],0,3,10
FCZ^w,[4 5 7],0,7,6
FCZ^w,[4 6 7],0,3,10
FCZ^w,[5 6 7],0,7,6
FCZbO,[7],7,0,0
FCZbO,[2 7],7,0,0
FCZbO,[3 7],7,0,0
FCZbO,[4 7],7,0,0
FCZbO,[5 7],5,0,2
FCZbO,[6 7],7,0,0
FCZbO,[2 5 7],1,0,6
FCZbO,[2 6 7],0,1,6
FCZbO,[3 5 7],0,0,7
FCZbO,[3 6 7],0,0,7
FCZbO,[4 5 7],0,0,7
FCZbO,[4 6 7],0,0,7
FCZbO,[5 6 7],0,0,7
FCZb_,[7],9,0,0
FCZb_,[3 7],0,0,9
FCZb_,[4 7],2,0,7
FCZb_,[5 7],3,0,6
FCZb_,[6 7],9,0,0
FCZb_,[3 5 7],0,0,9
FCZb_,[3 6 7],0,0,9
FCZb_,[4 5 7],0,2,7
FCZb_,[4 6 7],0,0,9
FCZb_,[5 6 7],0,0,9
FCZbg,[7],10,0,0
FCZbg,[3 7],1,4,5
FCZbg,[4 7],3,4,3
FCZbg,[5 7],4,0,6
FCZbg,[6 7],9,0,1
FCZbg,[3 6 7],0,0,10
FCZbg,[4 5 7],0,0,10
FCZbg,[4 6 7],0,0,10
FCZbg,[5 6 7],0,0,10
FCZbo,[7],10,0,0
FCZbo,[3 7],2,0,8
FCZbo,[4 7],3,0,7
FCZbo,[5 7],5,0,5
FCZbo,[6 7],10,0,0
FCZbo,[3 6 7],0,0,10
FCZbo,[4 5 7],0,0,10
FCZbo,[4 6 7],0,0,10
FCZbo,[5 6 7],0,0,10
FCZbw,[7],11,0,0
FCZbw,[3 7],2,3,6
FCZbw,[4 7],2,2,7
FCZbw,[5 7],3,0,8
FCZbw,[6 7],8,0,3
FCZbw,[3 6 7],0,1,10
FCZbw,[4 5 7],0,3,8
FCZbw,[4 6 7],0,0,11
FCZbw,[5 6 7],0,2,9
FCZco,[7],9,0,0
FCZco,[3 7],0,0,9
FCZco,[4 7],2,0,7
FCZco,[5 7],6,0,3
FCZco,[6 7],9,0,0
FCZco,[3 4 7],1,6,2
FCZco,[3 5 7],1,0,8
FCZco,[3 6 7],0,0,9
FCZco,[4 5 7],1,0,8
FCZco,[4 6 7],0,0,9
FCZco,[5 6 7],0,0,9
FCZeO,[7],8,0,0
FCZeO,[2 7],4,3,1
FCZeO,[3 7],4,1,3
FCZeO,[4 7],4,0,4
FCZeO,[5 7],5,0,3
FCZeO,[6 7],8,0,0
FCZeO,[2 5 7],0,4,4
FCZeO,[2 6 7],2,2,4
FCZeO,[3 5 7],0,0,8
FCZeO,[3 6 7],0,0,8
FCZeO,[4 5 7],0,1,7
FCZeO,[4 6 7],0,0,8
FCZeO,[5 6 7],0,0,8
FCZeg,[7],10,0,0
FCZeg,[3 7],3,1,6
FCZeg,[4 7],5,1,4
FCZeg,[5 7],5,0,5
FCZeg,[6 7],9,0,1
FCZeg,[3 5 7],0,0,10
FCZeg,[3 6 7],0,0,10
FCZeg,[4 5 7],0,0,10
FCZeg,[4 6 7],0,0,10
FCZeg,[5 6 7],0,0,10
FCZeo,[7],10,0,0
FCZeo,[3 7],1,1,8
FCZeo,[4 7],3,0,7
FCZeo,[5 7],5,0,5
FCZeo,[6 7],8,1,1
FCZeo,[3 5 7],0,0,10
FCZeo,[3 6 7],0,0,10
FCZeo,[4 5 7],0,0,10
FCZeo,[4 6 7],0,0,10
FCZeo,[5 6 7],0,0,10
FCZew,[7],11,0,0
FCZew,[3 7],1,3,7
FCZew,[4 7],3,1,7
FCZew,[5 7],4,0,7
FCZew,[6 7],7,0,4
FCZew,[3 5 7],0,3,8
FCZew,[3 6 7],0,1,10
FCZew,[4 5 7],0,2,9
FCZew,[4 6 7],0,0,11
FCZew,[5 6 7],0,2,9
FCZf?,[7],8,0,0
FCZf?,[2 7],4,2,2
FCZf?,[3 7],4,0,4
FCZf?,[4 7],6,0,2
FCZf?,[5 7],2,0,6
FCZf?,[6 7],8,0,0
FCZf?,[2 6 7],0,2,6
FCZf?,[3 6 7],0,0,8
FCZf?,[4 5 7],0,0,8
FCZf?,[4 6 7],0,0,8
FCZf?,[5 6 7],0,0,8
FCZf?,[2 5 6 7],0,6,2
FCZf?,[3 5 6 7],0,0,8
FCZf?,[4 5 6 7],0,8,0
FCZfG,[7],9,0,0
FCZfG,[2 7],5,2,2
FCZfG,[3 7],5,0,4
FCZfG,[4 7],7,0,2
FCZfG,[5 7],3,0,6
FCZfG,[6 7],9,0,0
FCZfG,[2 5 7],1,2,6
FCZfG,[2 6 7],0,3,6
FCZfG,[3 5 7],1,0,8
FCZfG,[3 6 7],1,0,8
FCZfG,[4 5 7],1,0,8
FCZfG,[4 6 7],1,0,8
FCZfG,[5 6 7],0,0,9
FCZfO,[7],9,0,0
FCZfO,[2 7],7,2,0
FCZfO,[3 7],6,0,3
FCZfO,[4 7],6,0,3
FCZfO,[5 7],3,0,6
FCZfO,[6 7],8,0,1
FCZfO,[2 5 7],1,2,6
FCZfO,[2 6 7],0,3,6
FCZfO,[3 5 7],1,1,7
FCZfO,[3 6 7],0,0,9
FCZfO,[4 5 7],1,1,7
FCZfO,[4 6 7],0,1,8
FCZfO,[5 6 7],0,1,8
FCZfW,[7],10,0,0
FCZfW,[2 7],8,2,0
FCZfW,[3 7],8,0,2
FCZfW,[4 7],5,2,3
FCZfW,[5 7],3,0,7
FCZfW,[6 7],7,1,2
FCZfW,[2 6 7],0,2,8
FCZfW,[3 6 7],0,0,10
FCZfW,[4 5 7],0,1,9
FCZfW,[4 6 7],0,0,10
FCZfW,[5 6 7],0,1,9
FCZf_,[7],10,0,0
FCZf_,[3 7],0,0,10
FCZf_,[4 7],1,0,9
FCZf_,[5 7],3,0,7
FCZf_,[6 7],8,0,2
FCZf_,[3 5 7],1,0,9
FCZf_,[3 6 7],0,0,10
FCZf_,[4 5 7],1,2,7
FCZf_,[4 6 7],0,0,10
FCZf_,[5 6 7],0,2,8
FCZfg,[7],11,0,0
FCZfg,[3 7],1,2,8
FCZfg,[4 7],2,2,7
FCZfg,[5 7],4,0,7
FCZfg,[6 7],7,0,4
FCZfg,[3 6 7],0,0,11
FCZfg,[4 5 7],0,3,8
FCZfg,[4 6 7],0,0,11
FCZfg,[5 6 7],0,2,9
FCZfo,[7],11,0,0
FCZfo,[3 7],0,2,9
FCZfo,[4 7],2,0,9
FCZfo,[5 7],3,0,8
FCZfo,[6 7],7,0,4
FCZfo,[3 6 7],0,0,11
FCZfo,[4 5 7],0,3,8
FCZfo,[4 6 7],0,0,11
FCZfo,[5 6 7],0,3,8
FCZfw,[7],12,0,0
FCZfw,[3 7],0,5,7
FCZfw,[4 7],2,2,8
FCZfw,[5 7],3,0,9
FCZfw,[6 7],5,0,7
FCZfw,[3 6 7],0,1,11
FCZfw,[4 5 7],0,6,6
FCZfw,[4 6 7],0,0,12
FCZfw,[5 6 7],0,6,6
FCZjw,[7],12,0,0
FCZjw,[3 7],4,1,7
FCZjw,[4 7],2,3,7
FCZjw,[5 7],3,2,7
FCZjw,[6 7],7,0,5
FCZjw,[3 6 7],0,1,11
FCZjw,[4 5 7],0,5,7
FCZjw,[4 6 7],0,1,11
FCZjw,[5 6 7],0,3,9
FCZmw,[7],12,0,0
FCZmw,[3 7],3,2,7
FCZmw,[4 7],2,2,8
FCZmw,[5 7],4,1,7
FCZmw,[6 7],7,0,5
FCZmw,[3 5 7],0,4,8
FCZmw,[3 6 7],0,2,10
FCZmw,[4 5 7],0,4,8
FCZmw,[4 6 7],0,2,10
FCZmw,[5 6 7],0,3,9
FCZnW,[7],11,0,0
FCZnW,[2 7],9,2,0
FCZnW,[3 7],9,0,2
FCZnW,[4 7],5,4,2
FCZnW,[5 7],3,2,6
FCZnW,[6 7],6,0,5
FCZnW,[2 6 7],0,2,9
FCZnW,[3 6 7],0,0,11
FCZnW,[4 5 7],0,5,6
FCZnW,[4 6 7],0,0,11
FCZnW,[5 6 7],0,2,9
FCZn_,[7],11,0,0
FCZn_,[3 7],0,0,11
FCZn_,[4 7],2,0,9
FCZn_,[5 7],5,0,6
FCZn_,[6 7],7,0,4
FCZn_,[3 6 7],0,0,11
FCZn_,[4 5 7],0,4,7
FCZn_,[4 6 7],0,0,11
FCZn_,[5 6 7],0,3,8
FCZng,[7],12,0,0
FCZng,[3 7],0,1,11
FCZng,[4 7],2,1,9
FCZng,[5 7],3,0,9
FCZng,[6 7],6,0,6
FCZng,[3 6 7],0,1,11
FCZng,[4 5 7],0,7,5
FCZng,[4 6 7],0,1,11
FCZng,[5 6 7],0,4,8
FCZno,[7],12,0,0
FCZno,[3 7],3,1,8
FCZno,[4 7],2,0,10
FCZno,[5 7],3,0,9
FCZno,[6 7],6,0,6
FCZno,[3 6 7],0,1,11
FCZno,[4 5 7],0,7,5
FCZno,[4 6 7],0,1,11
FCZno,[5 6 7],0,5,7
FCZnw,[7],13,0,0
FCZnw,[3 7],3,2,8
FCZnw,[4 7],2,2,9
FCZnw,[5 7],3,1,9
FCZnw,[6 7],5,0,8
FCZnw,[3 6 7],0,2,11
FCZnw,[4 5 7],0,8,5
FCZnw,[4 6 7],0,2,11
FCZnw,[5 6 7],0,7,6
FCZv_,[7],11,0,0
FCZv_,[3 7],1,0,10
FCZv_,[4 7],1,0,10
FCZv_,[5 7],3,0,8
FCZv_,[6 7],7,0,4
FCZv_,[3 6 7],0,0,11
FCZv_,[4 5 7],0,4,7
FCZv_,[4 6 7],0,0,11
FCZv_,[5 6 7],0,4,7
FCZvg,[7],12,0,0
FCZvg,[3 7],2,0,10
FCZvg,[4 7],2,0,10
FCZvg,[5 7],4,0,8
FCZvg,[6 7],3,0,9
FCZvg,[4 5 7],0,9,3
FCZvg,[4 6 7],0,0,12
FCZvg,[5 6 7],0,4,8
FCZvo,[7],12,0,0
FCZvo,[4 7],1,2,9
FCZvo,[5 7],3,0,9
FCZvo,[6 7],3,0,9
FCZvo,[4 5 7],0,9,3
FCZvo,[4 6 7],0,0,12
FCZvo,[5 6 7],0,6,6
FCZvw,[7],13,0,0
FCZvw,[4 7],1,3,9
FCZvw,[5 7],3,0,10
FCZvw,[6 7],3,0,10
FCZvw,[4 5 7],0,10,3
FCZvw,[4 6 7],0,2,11
FCZvw,[5 6 7],0,8,5
FCZ~o,[7],13,0,0
FCZ~o,[4 7],3,0,10
FCZ~o,[5 7],3,0,10
FCZ~o,[6 7],3,0,10
FCZ~o,[4 5 7],0,10,3
FCZ~o,[4 6 7],0,2,11
FCZ~o,[5 6 7],0,10,3
FCZ~w,[7],14,0,0
FCZ~w,[4 7],3,1,10
FCZ~w,[5 7],3,1,10
FCZ~w,[6 7],3,0,11
FCZ~w,[4 5 7],0,11,3
FCZ~w,[4 6 7],0,3,11
FCZ~w,[5 6 7],0,11,3
FCdcg,[7],5,0,0
FCdcg,[3 7],1,0,4
FCdcg,[4 7],3,0,2
FCdcg,[5 7],3,0,2
FCdcg,[6 7],5,0,0
FCdcg,[2 3 7],5,0,0
FCdcg,[2 4 7],5,0,0
FCdcg,[2 5 7],3,2,0
FCdcg,[2 6 7],3,0,2
FCdcg,[3 4 7],4,1,0
FCdcg,[3 5 7],2,1,2
FCdcg,[3 6 7],2,0,3
FCdcg,[4 5 7],2,0,3
FCdcg,[4 6 7],0,0,5
FCdcg,[5 6 7],0,0,5
FCdcg,[2 3 6 7],0,0,5
FCdcg,[2 4 6 7],0,0,5
FCdcg,[2 5 6 7],0,0,5
FCdcg,[3 4 6 7],0,0,5
FCdcg,[3 5 6 7],0,0,5
FCdcg,[4 5 6 7],0,0,5
FCdcw,[7],6,0,0
FCdcw,[3 7],3,0,3
FCdcw,[4 7],3,0,3
FCdcw,[5 7],3,3,0
FCdcw,[6 7],6,0,0
FCdcw,[2 3 7],6,0,0
FCdcw,[2 4 7],6,0,0
FCdcw,[2 5 7],6,0,0
FCdcw,[2 6 7],6,0,0
FCdcw,[3 4 7],3,3,0
FCdcw,[3 5 7],3,3,0
FCdcw,[3 6 7],3,0,3
FCdcw,[4 5 7],3,0,3
FCdcw,[4 6 7],0,3,3
FCdcw,[5 6 7],0,0,6
FCdeG,[7],6,0,0
FCdeG,[2 7],2,2,2
FCdeG,[3 7],3,0,3
FCdeG,[4 7],6,0,0
FCdeG,[5 7],6,0,0
FCdeG,[6 7],6,0,0
FCdeG,[2 4 7],0,1,5
FCdeG,[2 5 7],0,1,5
FCdeG,[2 6 7],1,1,4
FCdeG,[3 4 7],0,1,5
FCdeG,[3 5 7],1,0,5
FCdeG,[3 6 7],1,0,5
FCdeG,[4 5 7],1,0,5
FCdeG,[4 6 7],1,0,5
FCdeG,[5 6 7],1,0,5
FCde_,[7],5,0,0
FCde_,[2 7],3,0,2
FCde_,[3 7],5,0,0
FCde_,[4 7],5,0,0
FCde_,[5 7],5,0,0
FCde_,[6 7],5,0,0
FCde_,[2 4 7],1,2,2
FCde_,[2 5 7],1,0,4
FCde_,[2 6 7],1,0,4
FCde_,[3 4 7],0,2,3
FCde_,[3 5 7],0,0,5
FCde_,[3 6 7],0,0,5
FCde_,[4 5 7],0,0,5
FCde_,[4 6 7],0,0,5
FCde_,[5 6 7],0,0,5
FCdeg,[7],8,0,0
FCdeg,[2 7],4,2,2
FCdeg,[3 7],5,0,3
FCdeg,[4 7],5,2,1
FCdeg,[5 7],5,0,3
FCdeg,[6 7],7,0,1
FCdeg,[2 4 7],1,3,4
FCdeg,[2 5 7],1,1,6
FCdeg,[2 6 7],1,1,6
FCdeg,[3 4 7],0,3,5
FCdeg,[3 5 7],0,0,8
FCdeg,[3 6 7],0,0,8
FCdeg,[4 5 7],0,0,8
FCdeg,[4 6 7],0,0,8
FCdeg,[5 6 7],0,0,8
FCdeo,[7],6,0,0
FCdeo,[2 7],6,0,0
FCdeo,[3 7],6,0,0
FCdeo,[4 7],6,0,0
FCdeo,[5 7],6,0,0
FCdeo,[6 7],6,0,0
FCdeo,[2 4 7],3,3,0
FCdeo,[2 5 7],3,0,3
FCdeo,[2 6 7],3,0,3
FCdeo,[3 4 7],0,3,3
FCdeo,[3 5 7],0,0,6
FCdeo,[3 6 7],0,0,6
FCdeo,[4 5 7],0,0,6
FCdeo,[4 6 7],0,0,6
FCdeo,[5 6 7],0,0,6
FCdew,[7],9,0,0
FCdew,[2 7],7,2,0
FCdew,[3 7],7,1,1
FCdew,[4 7],5,0,4
FCdew,[5 7],5,0,4
FCdew,[6 7],8,0,1
FCdew,[2 4 7],3,4,2
FCdew,[2 5 7],3,1,5
FCdew,[2 6 7],3,1,5
FCdew,[3 4 7],0,4,5
FCdew,[3 5 7],0,1,8
FCdew,[3 6 7],0,1,8
FCdew,[4 5 7],0,1,8
FCdew,[4 6 7],0,1,8
FCdew,[5 6 7],0,1,8
FCdfG,[7],8,0,0
FCdfG,[3 7],3,0,5
FCdfG,[4 7],5,1,2
FCdfG,[5 7],8,0,0
FCdfG,[6 7],8,0,0
FCdfG,[3 4 7],0,3,5
FCdfG,[3 5 7],0,0,8
FCdfG,[3 6 7],0,0,8
FCdfG,[4 5 7],0,0,8
FCdfG,[4 6 7],0,0,8
FCdfG,[5 6 7],0,0,8
FCdf_,[7],9,0,0
FCdf_,[3 7],1,0,8
FCdf_,[4 7],5,0,4
FCdf_,[5 7],5,0,4
FCdf_,[6 7],9,0,0
FCdf_,[3 4 7],0,4,5
FCdf_,[3 5 7],0,0,9
FCdf_,[3 6 7],0,0,9
FCdf_,[4 5 7],0,0,9
FCdf_,[4 6 7],0,0,9
FCdf_,[5 6 7],0,0,9
FCdfg,[7],10,0,0
FCdfg,[3 7],2,1,7
FCdfg,[4 7],3,0,7
FCdfg,[5 7],5,0,5
FCdfg,[6 7],7,0,3
FCdfg,[3 4 7],0,5,5
FCdfg,[3 5 7],0,3,7
FCdfg,[3 6 7],0,0,10
FCdfg,[4 5 7],0,3,7
FCdfg,[4 6 7],0,0,10
FCdfg,[5 6 7],0,2,8
FCdfo,[7],10,0,0
FCdfo,[3 7],3,0,7
FCdfo,[4 7],5,0,5
FCdfo,[5 7],5,0,5
FCdfo,[6 7],5,0,5
FCdfo,[3 4 7],0,5,5
FCdfo,[3 5 7],0,3,7
FCdfo,[3 6 7],0,0,10
FCdfo,[4 5 7],0,5,5
FCdfo,[4 6 7],0,0,10
FCdfo,[5 6 7],0,2,8
FCdfw,[7],11,0,0
FCdfw,[4 7],5,0,6
FCdfw,[5 7],5,0,6
FCdfw,[6 7],5,0,6
FCdfw,[3 4 7],0,6,5
FCdfw,[3 5 7],0,4,7
FCdfw,[3 6 7],0,1,10
FCdfw,[4 5 7],0,6,5
FCdfw,[4 6 7],0,1,10
FCdfw,[5 6 7],0,6,5
FCe^o,[7],9,0,0
FCe^o,[3 7],3,3,3
FCe^o,[4 7],3,0,6
FCe^o,[5 7],3,3,3
FCe^o,[6 7],6,0,3
FCe^o,[2 3 7],6,3,0
FCe^o,[2 4 7],6,3,0
FCe^o,[2 5 7],6,3,0
FCe^o,[2 6 7],6,3,0
FCe^o,[3 4 7],6,3,0
FCe^o,[3 5 7],6,3,0
FCe^o,[3 6 7],6,3,0
FCe^o,[4 5 7],6,3,0
FCe^o,[4 6 7],3,3,3
FCe^o,[5 6 7],0,3,6
FCe^w,[7],10,0,0
FCe^w,[3 7],6,4,0
FCe^w,[4 7],6,0,4
FCe^w,[5 7],6,0,4
FCe^w,[6 7],6,0,4
FCe^w,[2 3 7],6,4,0
FCe^w,[2 4 7],6,4,0
FCe^w,[2 5 7],6,4,0
FCe^w,[2 6 7],6,4,0
FCe^w,[3 4 7],6,4,0
FCe^w,[3 5 7],6,4,0
FCe^w,[3 6 7],6,4,0
FCe^w,[4 5 7],6,4,0
FCe^w,[4 6 7],6,0,4
FCe^w,[5 6 7],0,4,6
FCf\w,[7],10,0,0
FCf\w,[2 7],9,1,0
FCf\w,[3 7],9,1,0
FCf\w,[4 7],9,1,0
FCf\w,[5 7],9,0,1
FCf\w,[6 7],3,6,1
FCf\w,[2 4 7],3,7,0
FCf\w,[2 5 7],3,1,6
FCf\w,[2 6 7],3,1,6
FCf\w,[3 4 7],3,7,0
FCf\w,[3 5 7],3,1,6
FCf\w,[3 6 7],3,1,6
FCf\w,[4 5 7],3,1,6
FCf\w,[4 6 7],3,1,6
FCf\w,[5 6 7],0,1,9
FCf^o,[7],11,0,0
FCf^o,[2 7],7,3,1
FCf^o,[3 7],7,3,1
FCf^o,[4 7],7,0,4
FCf^o,[5 7],4,0,7
FCf^o,[6 7],7,0,4
FCf^o,[2 4 7],3,6,2
FCf^o,[2 5 7],3,3,5
FCf^o,[2 6 7],3,3,5
FCf^o,[3 4 7],3,7,1
FCf^o,[3 5 7],3,3,5
FCf^o,[3 6 7],3,3,5
FCf^o,[4 5 7],3,4,4
FCf^o,[4 6 7],3,0,8
FCf^o,[5 6 7],0,4,7
FCf^w,[7],12,0,0
FCf^w,[2 7],7,4,1
FCf^w,[3 7],7,4,1
FCf^w,[4 7],7,1,4
FCf^w,[5 7],7,0,5
FCf^w,[6 7],4,3,5
FCf^w,[2 4 7],3,7,2
FCf^w,[2 5 7],3,4,5
FCf^w,[2 6 7],3,4,5
FCf^w,[3 4 7],3,8,1
FCf^w,[3 5 7],3,4,5
FCf^w,[3 6 7],3,4,5
FCf^w,[4 5 7],3,5,4
FCf^w,[4 6 7],3,1,8
FCf^w,[5 6 7],0,5,7
FCfuw,[7],11,0,0
FCfuw,[2 7],7,3,1
FCfuw,[3 7],5,3,3
FCfuw,[4 7],4,1,6
FCfuw,[5 7],6,0,5
FCfuw,[6 7],6,2,3
FCfuw,[2 4 7],3,6,2
FCfuw,[2 5 7],3,3,5
FCfuw,[2 6 7],3,3,5
FCfuw,[3 4 7],3,7,1
FCfuw,[3 5 7],3,3,5
FCfuw,[3 6 7],1,5,5
FCfuw,[4 5 7],3,3,5
FCfuw,[4 6 7],1,1,9
FCfuw,[5 6 7],0,3,8
FCfvW,[7],12,0,0
FCfvW,[4 7],0,1,11
FCfvW,[5 7],2,0,10
FCfvW,[6 7],7,0,5
FCfvW,[3 4 7],3,9,0
FCfvW,[3 5 7],3,5,4
FCfvW,[3 6 7],2,3,7
FCfvW,[4 5 7],3,5,4
FCfvW,[4 6 7],2,1,9
FCfvW,[5 6 7],0,5,7
FCfvg,[7],12,0,0
FCfvg,[3 7],1,5,6
FCfvg,[4 7],2,0,10
FCfvg,[5 7],2,0,10
FCfvg,[6 7],7,0,5
FCfvg,[3 4 7],3,9,0
FCfvg,[3 5 7],3,5,4
FCfvg,[3 6 7],1,4,7
FCfvg,[4 5 7],3,5,4
FCfvg,[4 6 7],1,0,11
FCfvg,[5 6 7],0,4,8
FCfvo,[7],12,0,0
FCfvo,[4 7],1,0,11
FCfvo,[5 7],3,0,9
FCfvo,[6 7],5,0,7
FCfvo,[3 4 7],3,9,0
FCfvo,[3 5 7],3,5,4
FCfvo,[3 6 7],3,4,5
FCfvo,[4 5 7],3,7,2
FCfvo,[4 6 7],3,0,9
FCfvo,[5 6 7],0,6,6
FCfvw,[7],13,0,0
FCfvw,[4 7],1,1,11
FCfvw,[5 7],3,0,10
FCfvw,[6 7],5,0,8
FCfvw,[3 4 7],3,10,0
FCfvw,[3 5 7],3,6,4
FCfvw,[3 6 7],3,5,5
FCfvw,[4 5 7],3,8,2
FCfvw,[4 6 7],3,1,9
FCfvw,[5 6 7],0,8,5
FCf~o,[7],13,0,0
FCf~o,[4 7],3,0,10
FCf~o,[5 7],3,0,10
FCf~o,[6 7],3,0,10
FCf~o,[3 4 7],3,10,0
FCf~o,[3 5 7],3,6,4
FCf~o,[3 6 7],3,6,4
FCf~o,[4 5 7],3,10,0
FCf~o,[4 6 7],3,0,10
FCf~o,[5 6 7],0,10,3
FCf~w,[7],14,0,0
FCf~w,[4 7],3,1,10
FCf~w,[5 7],3,1,10
FCf~w,[6 7],3,0,11
FCf~w,[3 4 7],3,11,0
FCf~w,[3 5 7],3,7,4
FCf~w,[3 6 7],3,7,4
FCf~w,[4 5 7],3,11,0
FCf~w,[4 6 7],3,1,10
FCf~w,[5 6 7],0,11,3
FCpV?,[7],7,0,0
FCpV?,[2 7],2,2,3
FCpV?,[3 7],2,0,5
FCpV?,[4 7],2,1,4
FCpV?,[5 7],5,0,2
FCpV?,[6 7],7,0,0
FCpV?,[2 5 7],0,2,5
FCpV?,[2 6 7],0,2,5
FCpV?,[3 5 7],0,0,7
FCpV?,[3 6 7],0,0,7
FCpV?,[4 5 7],1,0,6
FCpV?,[4 6 7],1,0,6
FCpV?,[5 6 7],1,0,6
FCpVO,[7],8,0,0
FCpVO,[2 7],2,3,3
FCpVO,[3 7],3,0,5
FCpVO,[4 7],4,0,4
FCpVO,[5 7],6,0,2
FCpVO,[6 7],8,0,0
FCpVO,[2 5 7],0,3,5
FCpVO,[2 6 7],2,3,3
FCpVO,[3 5 7],0,0,8
FCpVO,[3 6 7],0,0,8
FCpVO,[4 5 7],0,0,8
FCpVO,[4 6 7],0,0,8
FCpVO,[5 6 7],0,0,8
FCpV_,[7],8,0,0
FCpV_,[2 7],1,3,4
FCpV_,[3 7],3,2,3
FCpV_,[4 7],3,2,3
FCpV_,[5 7],5,0,3
FCpV_,[6 7],7,0,1
FCpV_,[2 5 7],0,3,5
FCpV_,[2 6 7],1,3,4
FCpV_,[3 5 7],0,0,8
FCpV_,[3 6 7],0,0,8
FCpV_,[4 5 7],0,1,7
FCpV_,[4 6 7],0,0,8
FCpV_,[5 6 7],0,1,7
FCpVo,[7],9,0,0
FCpVo,[2 7],3,4,2
FCpVo,[3 7],3,0,6
FCpVo,[4 7],3,0,6
FCpVo,[5 7],5,0,4
FCpVo,[6 7],7,0,2
FCpVo,[2 5 7],0,4,5
FCpVo,[2 6 7],3,4,2
FCpVo,[3 5 7],0,0,9
FCpVo,[3 6 7],0,0,9
FCpVo,[4 5 7],0,2,7
FCpVo,[4 6 7],0,0,9
FCpVo,[5 6 7],0,2,7
FCpVw,[7],10,0,0
FCpVw,[2 7],5,5,0
FCpVw,[3 7],5,0,5
FCpVw,[4 7],5,0,5
FCpVw,[5 7],5,0,5
FCpVw,[6 7],5,0,5
FCpVw,[2 5 7],0,5,5
FCpVw,[2 6 7],5,5,0
FCpVw,[3 5 7],0,0,10
FCpVw,[3 6 7],0,0,10
FCpVw,[4 5 7],0,5,5
FCpVw,[4 6 7],0,0,10
FCpVw,[5 6 7],0,5,5
FCp`_,[7],7,0,0
FCp`_,[3 7],7,0,0
FCp`_,[4 7],7,0,0
FCp`_,[5 7],7,0,0
FCp`_,[6 7],7,0,0
FCp`_,[3 5 7],0,0,7
FCp`_,[3 6 7],0,0,7
FCp`_,[4 5 7],0,0,7
FCp`_,[4 6 7],0,0,7
FCp`_,[5 6 7],0,0,7
FCpbO,[7],6,0,0
FCpbO,[2 7],3,2,1
FCpbO,[3 7],6,0,0
FCpbO,[4 7],6,0,0
FCpbO,[5 7],6,0,0
FCpbO,[6 7],6,0,0
FCpbO,[2 5 7],0,2,4
FCpbO,[2 6 7],2,0,4
FCpbO,[3 5 7],0,0,6
FCpbO,[3 6 7],0,0,6
FCpbO,[4 5 7],0,0,6
FCpbO,[4 6 7],0,0,6
FCpbO,[5 6 7],0,0,6
FCpb_,[7],8,0,0
FCpb_,[3 7],1,0,7
FCpb_,[4 7],5,0,3
FCpb_,[5 7],7,0,1
FCpb_,[6 7],8,0,0
FCpb_,[3 5 7],0,0,8
FCpb_,[3 6 7],0,0,8
FCpb_,[4 5 7],0,0,8
FCpb_,[4 6 7],0,0,8
FCpb_,[5 6 7],0,0,8
FCpbo,[7],9,0,0
FCpbo,[3 7],1,2,6
FCpbo,[4 7],5,2,2
FCpbo,[5 7],5,0,4
FCpbo,[6 7],9,0,0
FCpbo,[3 5 7],0,0,9
FCpbo,[3 6 7],0,0,9
FCpbo,[4 5 7],0,0,9
FCpbo,[4 6 7],0,0,9
FCpbo,[5 6 7],0,0,9
FCpdG,[7],7,0,0
FCpdG,[2 7],2,2,3
FCpdG,[3 7],3,1,3
FCpdG,[4 7],4,0,3
FCpdG,[5 7],6,0,1
FCpdG,[6 7],7,0,0
FCpdG,[2 4 7],0,1,6
FCpdG,[2 5 7],0,3,4
FCpdG,[2 6 7],1,1,5
FCpdG,[3 4 7],0,2,5
FCpdG,[3 5 7],1,0,6
FCpdG,[3 6 7],1,0,6
FCpdG,[4 5 7],2,1,4
FCpdG,[4 6 7],2,0,5
FCpdG,[5 6 7],2,0,5
FCpdO,[7],7,0,0
FCpdO,[2 7],1,2,4
FCpdO,[3 7],5,0,2
FCpdO,[4 7],7,0,0
FCpdO,[5 7],7,0,0
FCpdO,[6 7],7,0,0
FCpdO,[2 5 7],0,2,5
FCpdO,[2 6 7],1,2,4
FCpdO,[3 5 7],0,0,7
FCpdO,[3 6 7],0,0,7
FCpdO,[4 5 7],0,0,7
FCpdO,[4 6 7],0,0,7
FCpdO,[5 6 7],0,0,7
FCpd_,[7],8,0,0
FCpd_,[3 7],2,0,6
FCpd_,[4 7],8,0,0
FCpd_,[5 7],8,0,0
FCpd_,[6 7],8,0,0
FCpd_,[3 5 7],0,0,8
FCpd_,[3 6 7],0,0,8
FCpd_,[4 5 7],0,0,8
FCpd_,[4 6 7],0,0,8
FCpd_,[5 6 7],0,0,8
FCpdg,[7],9,0,0
FCpdg,[3 7],2,0,7
FCpdg,[4 7],5,0,4
FCpdg,[5 7],7,0,2
FCpdg,[6 7],7,2,0
FCpdg,[3 5 7],0,0,9
FCpdg,[3 6 7],0,0,9
FCpdg,[4 5 7],0,0,9
FCpdg,[4 6 7],0,0,9
FCpdg,[5 6 7],0,0,9
FCpdo,[7],9,0,0
FCpdo,[3 7],3,0,6
FCpdo,[4 7],4,1,4
FCpdo,[5 7],7,0,2
FCpdo,[6 7],9,0,0
FCpdo,[3 5 7],0,0,9
FCpdo,[3 6 7],0,0,9
FCpdo,[4 5 7],0,0,9
FCpdo,[4 6 7],0,0,9
FCpdo,[5 6 7],0,0,9
FCpeG,[7],6,0,0
FCpeG,[2 7],6,0,0
FCpeG,[3 7],5,0,1
FCpeG,[4 7],5,0,1
FCpeG,[5 7],5,0,1
FCpeG,[6 7],6,0,0
FCpeG,[2 4 7],2,1,3
FCpeG,[2 5 7],2,0,4
FCpeG,[2 6 7],2,0,4
FCpeG,[3 4 7],1,2,3
FCpeG,[3 5 7],1,1,4
FCpeG,[3 6 7],2,0,4
FCpeG,[4 5 7],1,0,5
FCpeG,[4 6 7],0,0,6
FCpeG,[5 6 7],0,1,5
FCpeG,[2 4 6 7],0,1,5
FCpeG,[2 5 6 7],0,2,4
FCpeG,[3 4 6 7],0,1,5
FCpeG,[3 5 6 7],0,1,5
FCpeG,[4 5 6 7],0,3,3
FCpeO,[7],5,0,0
FCpeO,[2 7],5,0,0
FCpeO,[3 7],5,0,0
FCpeO,[4 7],5,0,0
FCpeO,[5 7],5,0,0
FCpeO,[6 7],5,0,0
FCpeO,[2 4 7],1,2,2
FCpeO,[2 5 7],1,2,2
FCpeO,[2 6 7],3,0,2
FCpeO,[3 4 7],1,2,2
FCpeO,[3 5 7],1,0,4
FCpeO,[3 6 7],1,0,4
FCpeO,[4 5 7],1,0,4
FCpeO,[4 6 7],1,0,4
FCpeO,[5 6 7],1,0,4
FCpeW,[7],7,0,0
FCpeW,[2 7],7,0,0
FCpeW,[3 7],7,0,0
FCpeW,[4 7],5,2,0
FCpeW,[5 7],5,0,2
FCpeW,[6 7],7,0,0
FCpeW,[2 4 7],0,6,1
FCpeW,[2 5 7],2,1,4
FCpeW,[2 6 7],3,0,4
FCpeW,[3 4 7],0,4,3
FCpeW,[3 5 7],0,2,5
FCpeW,[3 6 7],0,0,7
FCpeW,[4 5 7],0,2,5
FCpeW,[4 6 7],0,0,7
FCpeW,[5 6 7],0,0,7
FCpe_,[7],6,0,0
FCpe_,[2 7],4,1,1
FCpe_,[3 7],5,0,1
FCpe_,[4 7],6,0,0
FCpe_,[5 7],5,0,1
FCpe_,[6 7],6,0,0
FCpe_,[2 5 7],0,0,6
FCpe_,[2 6 7],0,0,6
FCpe_,[3 5 7],1,0,5
FCpe_,[3 6 7],0,0,6
FCpe_,[4 5 7],1,0,5
FCpe_,[4 6 7],1,0,5
FCpe_,[5 6 7],1,0,5
FCpeg,[7],8,0,0
FCpeg,[2 7],2,4,2
FCpeg,[3 7],4,2,2
FCpeg,[4 7],6,1,1
FCpeg,[5 7],6,0,2
FCpeg,[6 7],8,0,0
FCpeg,[2 5 7],0,2,6
FCpeg,[2 6 7],0,2,6
FCpeg,[3 5 7],0,0,8
FCpeg,[3 6 7],0,0,8
FCpeg,[4 5 7],0,0,8
FCpeg,[4 6 7],0,0,8
FCpeg,[5 6 7],0,0,8
FCpeo,[7],7,0,0
FCpeo,[2 7],5,1,1
FCpeo,[3 7],7,0,0
FCpeo,[4 7],7,0,0
FCpeo,[5 7],6,0,1
FCpeo,[6 7],7,0,0
FCpeo,[2 5 7],0,1,6
FCpeo,[2 6 7],1,0,6
FCpeo,[3 5 7],0,0,7
FCpeo,[3 6 7],0,0,7
FCpeo,[4 5 7],0,0,7
FCpeo,[4 6 7],0,0,7
FCpeo,[5 6 7],0,0,7
FCpf?,[7],7,0,0
FCpf?,[2 7],2,1,4
FCpf?,[3 7],2,0,5
FCpf?,[4 7],5,0,2
FCpf?,[5 7],5,0,2
FCpf?,[6 7],7,0,0
FCpf?,[2 4 7],0,1,6
FCpf?,[2 5 7],0,1,6
FCpf?,[2 6 7],0,1,6
FCpf?,[3 4 7],0,1,6
FCpf?,[3 5 7],0,0,7
FCpf?,[3 6 7],0,0,7
FCpf?,[4 5 7],0,0,7
FCpf?,[4 6 7],0,0,7
FCpf?,[5 6 7],0,0,7
FCpf?,[2 4 6 7],0,1,6
FCpf?,[2 5 6 7],0,2,5
FCpf?,[3 4 6 7],0,0,7
FCpf?,[3 5 6 7],0,0,7
FCpf?,[4 5 6 7],0,4,3
FCpfG,[7],8,0,0
FCpfG,[2 7],4,1,3
FCpfG,[3 7],4,0,4
FCpfG,[4 7],4,0,4
FCpfG,[5 7],6,0,2
FCpfG,[6 7],7,0,1
FCpfG,[2 4 7],1,3,4
FCpfG,[2 5 7],1,1,6
FCpfG,[2 6 7],1,1,6
FCpfG,[3 4 7],1,4,3
FCpfG,[3 5 7],1,1,6
FCpfG,[3 6 7],0,1,7
FCpfG,[4 5 7],1,2,5
FCpfG,[4 6 7],0,0,8
FCpfG,[5 6 7],0,1,7
FCpfO,[7],8,0,0
FCpfO,[2 7],3,2,3
FCpfO,[3 7],4,0,4
FCpfO,[4 7],6,0,2
FCpfO,[5 7],6,0,2
FCpfO,[6 7],8,0,0
FCpfO,[2 5 7],0,4,4
FCpfO,[2 6 7],2,2,4
FCpfO,[3 5 7],0,0,8
FCpfO,[3 6 7],0,0,8
FCpfO,[4 5 7],0,1,7
FCpfO,[4 6 7],0,0,8
FCpfO,[5 6 7],0,0,8
FCpfW,[7],9,0,0
FCpfW,[2 7],5,3,1
FCpfW,[3 7],6,1,2
FCpfW,[4 7],5,1,3
FCpfW,[5 7],6,0,3
FCpfW,[6 7],8,0,1
FCpfW,[2 5 7],0,3,6
FCpfW,[2 6 7],1,2,6
FCpfW,[3 5 7],0,1,8
FCpfW,[3 6 7],0,0,9
FCpfW,[4 5 7],0,1,8
FCpfW,[4 6 7],0,0,9
FCpfW,[5 6 7],0,1,8
FCpf_,[7],9,0,0
FCpf_,[3 7],1,0,8
FCpf_,[4 7],3,0,6
FCpf_,[5 7],6,0,3
FCpf_,[6 7],8,0,1
FCpf_,[3 5 7],0,0,9
FCpf_,[3 6 7],0,0,9
FCpf_,[4 5 7],0,2,7
FCpf_,[4 6 7],0,0,9
FCpf_,[5 6 7],0,1,8
FCpfg,[7],10,0,0
FCpfg,[3 7],1,2,7
FCpfg,[4 7],3,0,7
FCpfg,[5 7],5,1,4
FCpfg,[6 7],7,0,3
FCpfg,[3 5 7],0,1,9
FCpfg,[3 6 7],0,0,10
FCpfg,[4 5 7],0,2,8
FCpfg,[4 6 7],0,0,10
FCpfg,[5 6 7],0,2,8
FCpfo,[7],10,0,0
FCpfo,[3 7],3,0,7
FCpfo,[4 7],3,0,7
FCpfo,[5 7],5,0,5
FCpfo,[6 7],7,0,3
FCpfo,[3 5 7],0,1,9
FCpfo,[3 6 7],0,0,10
FCpfo,[4 5 7],0,3,7
FCpfo,[4 6 7],0,0,10
FCpfo,[5 6 7],0,2,8
FCpfw,[7],11,0,0
FCpfw,[3 7],1,4,6
FCpfw,[4 7],5,0,6
FCpfw,[5 7],5,0,6
FCpfw,[6 7],5,0,6
FCpfw,[3 5 7],0,2,9
FCpfw,[3 6 7],0,0,11
FCpfw,[4 5 7],0,6,5
FCpfw,[4 6 7],0,0,11
FCpfw,[5 6 7],0,6,5
FCprg,[7],10,0,0
FCprg,[3 7],1,0,9
FCprg,[4 7],1,2,7
FCprg,[5 7],4,0,6
FCprg,[6 7],10,0,0
FCprg,[3 5 7],0,1,9
FCprg,[3 6 7],0,0,10
FCprg,[4 5 7],0,2,8
FCprg,[4 6 7],0,0,10
FCprg,[5 6 7],0,0,10
FCptO,[7],9,0,0
FCptO,[3 7],0,0,9
FCptO,[4 7],3,0,6
FCptO,[5 7],9,0,0
FCptO,[6 7],9,0,0
FCptO,[3 5 7],0,0,9
FCptO,[3 6 7],0,0,9
FCptO,[4 5 7],0,0,9
FCptO,[4 6 7],0,0,9
FCptO,[5 6 7],0,0,9
FCpug,[7],9,0,0
FCpug,[2 7],4,3,2
FCpug,[3 7],5,0,4
FCpug,[4 7],3,2,4
FCpug,[5 7],5,0,4
FCpug,[6 7],7,1,1
FCpug,[2 5 7],0,5,4
FCpug,[2 6 7],2,3,4
FCpug,[3 5 7],0,0,9
FCpug,[3 6 7],0,0,9
FCpug,[4 5 7],0,2,7
FCpug,[4 6 7],0,0,9
FCpug,[5 6 7],0,0,9
FCpuo,[7],9,0,0
FCpuo,[2 7],7,2,0
FCpuo,[3 7],7,0,2
FCpuo,[4 7],5,0,4
FCpuo,[5 7],5,0,4
FCpuo,[6 7],9,0,0
FCpuo,[2 5 7],0,4,5
FCpuo,[2 6 7],2,2,5
FCpuo,[3 5 7],0,0,9
FCpuo,[3 6 7],0,0,9
FCpuo,[4 5 7],0,2,7
FCpuo,[4 6 7],0,0,9
FCpuo,[5 6 7],0,0,9
FCpuw,[7],10,0,0
FCpuw,[2 7],7,3,0
FCpuw,[3 7],7,1,2
FCpuw,[4 7],3,0,7
FCpuw,[5 7],5,0,5
FCpuw,[6 7],7,2,1
FCpuw,[2 5 7],0,5,5
FCpuw,[2 6 7],2,3,5
FCpuw,[3 5 7],0,1,9
FCpuw,[3 6 7],0,1,9
FCpuw,[4 5 7],0,3,7
FCpuw,[4 6 7],0,1,9
FCpuw,[5 6 7],0,1,9
FCpv?,[7],9,0,0
FCpv?,[3 7],0,0,9
FCpv?,[4 7],0,0,9
FCpv?,[5 7],4,0,5
FCpv?,[6 7],9,0,0
FCpv?,[3 5 7],0,0,9
FCpv?,[3 6 7],0,0,9
FCpv?,[4 5 7],0,2,7
FCpv?,[4 6 7],0,0,9
FCpv?,[5 6 7],0,0,9
FCpvO,[7],10,0,0
FCpvO,[3 7],0,0,10
FCpvO,[4 7],2,0,8
FCpvO,[5 7],5,0,5
FCpvO,[6 7],9,0,1
FCpvO,[3 5 7],0,1,9
FCpvO,[3 6 7],0,0,10
FCpvO,[4 5 7],0,3,7
FCpvO,[4 6 7],0,0,10
FCpvO,[5 6 7],0,0,10
FCpvW,[7],11,0,0
FCpvW,[3 7],0,1,10
FCpvW,[4 7],0,1,10
FCpvW,[5 7],3,1,7
FCpvW,[6 7],7,1,3
FCpvW,[3 5 7],0,2,9
FCpvW,[3 6 7],0,1,10
FCpvW,[4 5 7],0,4,7
FCpvW,[4 6 7],0,1,10
FCpvW,[5 6 7],0,2,9
FCpv_,[7],10,0,0
FCpv_,[3 7],0,1,9
FCpv_,[4 7],0,1,9
FCpv_,[5 7],3,0,7
FCpv_,[6 7],8,0,2
FCpv_,[3 5 7],0,1,9
FCpv_,[3 6 7],0,0,10
FCpv_,[4 5 7],0,3,7
FCpv_,[4 6 7],0,0,10
FCpv_,[5 6 7],0,1,9
FCpvg,[7],11,0,0
FCpvg,[3 7],1,0,10
FCpvg,[4 7],0,1,10
FCpvg,[5 7],3,1,7
FCpvg,[6 7],7,1,3
FCpvg,[3 5 7],0,2,9
FCpvg,[3 6 7],0,0,11
FCpvg,[4 5 7],0,5,6
FCpvg,[4 6 7],0,0,11
FCpvg,[5 6 7],0,2,9
FCpvo,[7],11,0,0
FCpvo,[3 7],0,0,11
FCpvo,[4 7],1,0,10
FCpvo,[5 7],4,0,7
FCpvo,[6 7],6,0,5
FCpvo,[3 5 7],0,2,9
FCpvo,[3 6 7],0,0,11
FCpvo,[4 5 7],0,7,4
FCpvo,[4 6 7],0,0,11
FCpvo,[5 6 7],0,3,8
FCpvw,[7],12,0,0
FCpvw,[3 7],0,1,11
FCpvw,[4 7],0,1,11
FCpvw,[5 7],4,0,8
FCpvw,[6 7],4,2,6
FCpvw,[3 5 7],0,3,9
FCpvw,[3 6 7],0,1,11
FCpvw,[4 5 7],0,8,4
FCpvw,[4 6 7],0,1,11
FCpvw,[5 6 7],0,6,6
FCqnW,[7],10,0,0
FCqnW,[2 7],3,3,4
FCqnW,[3 7],5,1,4
FCqnW,[4 7],7,0,3
FCqnW,[5 7],9,0,1
FCqnW,[6 7],5,2,3
FCqnW,[2 5 7],0,3,7
FCqnW,[2 6 7],0,3,7
FCqnW,[3 5 7],0,1,9
FCqnW,[3 6 7],0,1,9
FCqnW,[4 5 7],0,1,9
FCqnW,[4 6 7],0,0,10
FCqnW,[5 6 7],0,1,9
FCqn_,[7],10,0,0
FCqn_,[3 7],0,1,9
FCqn_,[4 7],1,1,8
FCqn_,[5 7],5,0,5
FCqn_,[6 7],9,0,1
FCqn_,[3 5 7],0,1,9
FCqn_,[3 6 7],0,1,9
FCqn_,[4 5 7],0,1,9
FCqn_,[4 6 7],0,0,10
FCqn_,[5 6 7],0,1,9
FCqno,[7],11,0,0
FCqno,[3 7],1,2,8
FCqno,[4 7],3,0,8
FCqno,[5 7],4,0,7
FCqno,[6 7],7,0,4
FCqno,[3 5 7],0,2,9
FCqno,[3 6 7],0,2,9
FCqno,[4 5 7],0,3,8
FCqno,[4 6 7],0,0,11
FCqno,[5 6 7],0,3,8
FCqnw,[7],12,0,0
FCqnw,[3 7],3,3,6
FCqnw,[4 7],6,0,6
FCqnw,[5 7],6,0,6
FCqnw,[6 7],3,0,9
FCqnw,[3 5 7],0,3,9
FCqnw,[3 6 7],0,3,9
FCqnw,[4 5 7],0,6,6
FCqnw,[4 6 7],0,0,12
FCqnw,[5 6 7],0,6,6
FCrHw,[7],9,0,0
FCrHw,[2 7],4,2,3
FCrHw,[3 7],4,2,3
FCrHw,[4 7],4,0,5
FCrHw,[5 7],4,0,5
FCrHw,[6 7],7,0,2
FCrHw,[2 4 7],1,4,4
FCrHw,[2 5 7],1,2,6
FCrHw,[2 6 7],1,2,6
FCrHw,[3 4 7],1,5,3
FCrHw,[3 5 7],1,2,6
FCrHw,[3 6 7],1,2,6
FCrHw,[4 5 7],1,4,4
FCrHw,[4 6 7],1,0,8
FCrHw,[5 6 7],0,2,7
FCrJo,[7],9,0,0
FCrJo,[2 7],6,2,1
FCrJo,[3 7],5,1,3
FCrJo,[4 7],3,1,5
FCrJo,[5 7],5,0,4
FCrJo,[6 7],7,1,1
FCrJo,[2 4 7],1,4,4
FCrJo,[2 5 7],1,4,4
FCrJo,[2 6 7],3,2,4
FCrJo,[3 4 7],1,5,3
FCrJo,[3 5 7],1,1,7
FCrJo,[3 6 7],0,3,6
FCrJo,[4 5 7],1,3,5
FCrJo,[4 6 7],0,0,9
FCrJo,[5 6 7],0,1,8
FCrJw,[7],10,0,0
FCrJw,[2 7],6,3,1
FCrJw,[3 7],6,2,2
FCrJw,[4 7],4,2,4
FCrJw,[5 7],4,0,6
FCrJw,[6 7],6,0,4
FCrJw,[2 4 7],1,5,4
FCrJw,[2 5 7],1,5,4
FCrJw,[2 6 7],3,3,4
FCrJw,[3 4 7],1,6,3
FCrJw,[3 5 7],1,2,7
FCrJw,[3 6 7],1,4,5
FCrJw,[4 5 7],1,5,4
FCrJw,[4 6 7],1,0,9
FCrJw,[5 6 7],0,3,7
FCrLW,[7],8,0,0
FCrLW,[2 7],5,1,2
FCrLW,[3 7],6,2,0
FCrLW,[4 7],8,0,0
FCrLW,[5 7],8,0,0
FCrLW,[6 7],7,0,1
FCrLW,[2 4 7],1,5,2
FCrLW,[2 5 7],1,1,6
FCrLW,[2 6 7],1,1,6
FCrLW,[3 4 7],1,5,2
FCrLW,[3 5 7],1,0,7
FCrLW,[3 6 7],1,0,7
FCrLW,[4 5 7],1,0,7
FCrLW,[4 6 7],1,0,7
FCrLW,[5 6 7],0,0,8
FCrLw,[7],10,0,0
FCrLw,[2 7],4,3,3
FCrLw,[3 7],5,2,3
FCrLw,[4 7],5,0,5
FCrLw,[5 7],7,0,3
FCrLw,[6 7],7,0,3
FCrLw,[2 4 7],1,5,4
FCrLw,[2 5 7],1,3,6
FCrLw,[2 6 7],1,3,6
FCrLw,[3 4 7],1,6,3
FCrLw,[3 5 7],1,2,7
FCrLw,[3 6 7],1,2,7
FCrLw,[4 5 7],1,4,5
FCrLw,[4 6 7],1,0,9
FCrLw,[5 6 7],0,2,8
FCrNW,[7],9,0,0
FCrNW,[2 7],8,1,0
FCrNW,[3 7],8,1,0
FCrNW,[4 7],7,1,1
FCrNW,[5 7],7,0,2
FCrNW,[6 7],6,2,1
FCrNW,[2 4 7],1,8,0
FCrNW,[2 5 7],3,1,5
FCrNW,[2 6 7],3,1,5
FCrNW,[3 4 7],1,6,2
FCrNW,[3 5 7],1,3,5
FCrNW,[3 6 7],1,1,7
FCrNW,[4 5 7],1,3,5
FCrNW,[4 6 7],1,0,8
FCrNW,[5 6 7],0,1,8
FCrNo,[7],10,0,0
FCrNo,[2 7],6,3,1
FCrNo,[3 7],5,2,3
FCrNo,[4 7],3,1,6
FCrNo,[5 7],5,0,5
FCrNo,[6 7],7,0,3
FCrNo,[2 4 7],1,5,4
FCrNo,[2 5 7],1,5,4
FCrNo,[2 6 7],3,3,4
FCrNo,[3 4 7],1,6,3
FCrNo,[3 5 7],1,2,7
FCrNo,[3 6 7],0,4,6
FCrNo,[4 5 7],1,5,4
FCrNo,[4 6 7],0,0,10
FCrNo,[5 6 7],0,3,7
FCrNw,[7],11,0,0
FCrNw,[2 7],6,4,1
FCrNw,[3 7],6,3,2
FCrNw,[4 7],6,0,5
FCrNw,[5 7],6,0,5
FCrNw,[6 7],6,0,5
FCrNw,[2 4 7],1,6,4
FCrNw,[2 5 7],1,6,4
FCrNw,[2 6 7],3,4,4
FCrNw,[3 4 7],1,7,3
FCrNw,[3 5 7],1,3,7
FCrNw,[3 6 7],1,5,5
FCrNw,[4 5 7],1,7,3
FCrNw,[4 6 7],1,0,10
FCrNw,[5 6 7],0,5,6
FCrRo,[7],9,0,0
FCrRo,[2 7],6,3,0
FCrRo,[3 7],6,0,3
FCrRo,[4 7],4,0,5
FCrRo,[5 7],4,0,5
FCrRo,[6 7],6,2,1
FCrRo,[2 5 7],0,5,4
FCrRo,[2 6 7],3,3,3
FCrRo,[3 5 7],0,0,9
FCrRo,[3 6 7],0,0,9
FCrRo,[4 5 7],0,3,6
FCrRo,[4 6 7],0,0,9
FCrRo,[5 6 7],0,1,8
FCrVG,[7],9,0,0
FCrVG,[2 7],2,3,4
FCrVG,[3 7],4,2,3
FCrVG,[4 7],5,1,3
FCrVG,[5 7],7,0,2
FCrVG,[6 7],7,0,2
FCrVG,[2 5 7],0,3,6
FCrVG,[2 6 7],0,3,6
FCrVG,[3 5 7],0,1,8
FCrVG,[3 6 7],0,1,8
FCrVG,[4 5 7],0,2,7
FCrVG,[4 6 7],0,0,9
FCrVG,[5 6 7],0,1,8
FCrVW,[7],10,0,0
FCrVW,[2 7],4,4,2
FCrVW,[3 7],4,2,4
FCrVW,[4 7],4,0,6
FCrVW,[5 7],6,0,4
FCrVW,[6 7],8,0,2
FCrVW,[2 5 7],0,4,6
FCrVW,[2 6 7],1,4,5
FCrVW,[3 5 7],0,2,8
FCrVW,[3 6 7],0,2,8
FCrVW,[4 5 7],0,4,6
FCrVW,[4 6 7],0,0,10
FCrVW,[5 6 7],0,2,8
FCrVg,[7],10,0,0
FCrVg,[2 7],4,4,2
FCrVg,[3 7],5,1,4
FCrVg,[4 7],5,0,5
FCrVg,[5 7],6,0,4
FCrVg,[6 7],7,0,3
FCrVg,[2 5 7],0,6,4
FCrVg,[2 6 7],2,4,4
FCrVg,[3 5 7],0,1,9
FCrVg,[3 6 7],0,1,9
FCrVg,[4 5 7],0,4,6
FCrVg,[4 6 7],0,0,10
FCrVg,[5 6 7],0,2,8
FCrVo,[7],10,0,0
FCrVo,[2 7],6,4,0
FCrVo,[3 7],6,1,3
FCrVo,[4 7],4,1,5
FCrVo,[5 7],4,0,6
FCrVo,[6 7],6,0,4
FCrVo,[2 5 7],0,6,4
FCrVo,[2 6 7],3,4,3
FCrVo,[3 5 7],0,1,9
FCrVo,[3 6 7],0,1,9
FCrVo,[4 5 7],0,5,5
FCrVo,[4 6 7],0,0,10
FCrVo,[5 6 7],0,3,7
FCrVw,[7],11,0,0
FCrVw,[2 7],6,5,0
FCrVw,[3 7],6,2,3
FCrVw,[4 7],6,0,5
FCrVw,[5 7],6,0,5
FCrVw,[6 7],6,0,5
FCrVw,[2 5 7],0,7,4
FCrVw,[2 6 7],3,5,3
FCrVw,[3 5 7],0,2,9
FCrVw,[3 6 7],0,2,9
FCrVw,[4 5 7],0,7,4
FCrVw,[4 6 7],0,0,11
FCrVw,[5 6 7],0,5,6
FCr^o,[7],11,0,0
FCr^o,[2 7],7,4,0
FCr^o,[3 7],7,2,2
FCr^o,[4 7],7,0,4
FCr^o,[5 7],3,0,8
FCr^o,[6 7],7,0,4
FCr^o,[2 5 7],0,6,5
FCr^o,[2 6 7],2,4,5
FCr^o,[3 5 7],0,2,9
FCr^o,[3 6 7],0,2,9
FCr^o,[4 5 7],0,6,5
FCr^o,[4 6 7],0,0,11
FCr^o,[5 6 7],0,4,7
FCr^w,[7],12,0,0
FCr^w,[2 7],7,5,0
FCr^w,[3 7],7,3,2
FCr^w,[4 7],7,1,4
FCr^w,[5 7],7,0,5
FCr^w,[6 7],5,2,5
FCr^w,[2 5 7],0,7,5
FCr^w,[2 6 7],2,5,5
FCr^w,[3 5 7],0,3,9
FCr^w,[3 6 7],0,3,9
FCr^w,[4 5 7],0,7,5
FCr^w,[4 6 7],0,1,11
FCr^w,[5 6 7],0,5,7
FCrbo,[7],10,0,0
FCrbo,[3 7],1,0,9
FCrbo,[4 7],1,0,9
FCrbo,[5 7],1,0,9
FCrbo,[6 7],8,2,0
FCrbo,[3 5 7],0,1,9
FCrbo,[3 6 7],0,0,10
FCrbo,[4 5 7],0,3,7
FCrbo,[4 6 7],0,0,10
FCrbo,[5 6 7],0,0,10
FCrdo,[7],10,0,0
FCrdo,[3 7],1,1,8
FCrdo,[4 7],1,1,8
FCrdo,[5 7],4,0,6
FCrdo,[6 7],7,1,2
FCrdo,[3 5 7],0,1,9
FCrdo,[3 6 7],0,0,10
FCrdo,[4 5 7],0,3,7
FCrdo,[4 6 7],0,0,10
FCrdo,[5 6 7],0,1,9
FCreW,[7],8,0,0
FCreW,[2 7],7,1,0
FCreW,[3 7],7,1,0
FCreW,[4 7],7,0,1
FCreW,[5 7],5,0,3
FCreW,[6 7],7,0,1
FCreW,[2 4 7],0,7,1
FCreW,[2 5 7],2,2,4
FCreW,[2 6 7],3,1,4
FCreW,[3 4 7],0,5,3
FCreW,[3 5 7],0,3,5
FCreW,[3 6 7],0,1,7
FCreW,[4 5 7],0,3,5
FCreW,[4 6 7],0,0,8
FCreW,[5 6 7],0,1,7
FCreo,[7],9,0,0
FCreo,[2 7],5,2,2
FCreo,[3 7],6,0,3
FCreo,[4 7],6,0,3
FCreo,[5 7],4,0,5
FCreo,[6 7],8,0,1
FCreo,[2 5 7],0,3,6
FCreo,[2 6 7],1,2,6
FCreo,[3 5 7],0,1,8
FCreo,[3 6 7],0,0,9
FCreo,[4 5 7],0,2,7
FCreo,[4 6 7],0,0,9
FCreo,[5 6 7],0,1,8
FCrfO,[7],9,0,0
FCrfO,[2 7],4,3,2
FCrfO,[3 7],4,2,3
FCrfO,[4 7],4,1,4
FCrfO,[5 7],4,0,5
FCrfO,[6 7],7,0,2
FCrfO,[2 5 7],0,5,4
FCrfO,[2 6 7],2,3,4
FCrfO,[3 5 7],0,1,8
FCrfO,[3 6 7],0,1,8
FCrfO,[4 5 7],0,3,6
FCrfO,[4 6 7],0,0,9
FCrfO,[5 6 7],0,2,7
FCrfW,[7],10,0,0
FCrfW,[2 7],5,3,2
FCrfW,[3 7],5,3,2
FCrfW,[4 7],4,2,4
FCrfW,[5 7],5,0,5
FCrfW,[6 7],7,1,2
FCrfW,[2 5 7],0,4,6
FCrfW,[2 6 7],1,3,6
FCrfW,[3 5 7],0,2,8
FCrfW,[3 6 7],0,2,8
FCrfW,[4 5 7],0,3,7
FCrfW,[4 6 7],0,0,10
FCrfW,[5 6 7],0,2,8
FCrf_,[7],10,0,0
FCrf_,[3 7],0,1,9
FCrf_,[4 7],0,0,10
FCrf_,[5 7],4,0,6
FCrf_,[6 7],7,0,3
FCrf_,[3 5 7],0,1,9
FCrf_,[3 6 7],0,1,9
FCrf_,[4 5 7],0,5,5
FCrf_,[4 6 7],0,0,10
FCrf_,[5 6 7],0,3,7
FCrfg,[7],11,0,0
FCrfg,[3 7],1,3,7
FCrfg,[4 7],1,1,9
FCrfg,[5 7],4,1,6
FCrfg,[6 7],7,0,4
FCrfg,[3 5 7],0,2,9
FCrfg,[3 6 7],0,2,9
FCrfg,[4 5 7],0,5,6
FCrfg,[4 6 7],0,0,11
FCrfg,[5 6 7],0,3,8
FCrfo,[7],11,0,0
FCrfo,[3 7],1,2,8
FCrfo,[4 7],1,1,9
FCrfo,[5 7],2,0,9
FCrfo,[6 7],6,0,5
FCrfo,[3 5 7],0,2,9
FCrfo,[3 6 7],0,1,10
FCrfo,[4 5 7],0,6,5
FCrfo,[4 6 7],0,0,11
FCrfo,[5 6 7],0,4,7
FCrfw,[7],12,0,0
FCrfw,[3 7],1,5,6
FCrfw,[4 7],1,2,9
FCrfw,[5 7],3,0,9
FCrfw,[6 7],5,0,7
FCrfw,[3 5 7],0,3,9
FCrfw,[3 6 7],0,3,9
FCrfw,[4 5 7],0,9,3
FCrfw,[4 6 7],0,0,12
FCrfw,[5 6 7],0,7,5
FCrjw,[7],12,0,0
FCrjw,[3 7],2,2,8
FCrjw,[4 7],2,1,9
FCrjw,[5 7],2,1,9
FCrjw,[6 7],6,0,6
FCrjw,[3 5 7],0,3,9
FCrjw,[3 6 7],0,2,10
FCrjw,[4 5 7],0,6,6
FCrjw,[4 6 7],0,1,11
FCrjw,[5 6 7],0,4,8
FCrlw,[7],12,0,0
FCrlw,[3 7],3,3,6
FCrlw,[4 7],3,1,8
FCrlw,[5 7],5,2,5
FCrlw,[6 7],6,0,6
FCrlw,[3 5 7],0,3,9
FCrlw,[3 6 7],0,3,9
FCrlw,[4 5 7],0,5,7
FCrlw,[4 6 7],0,1,11
FCrlw,[5 6 7],0,3,9
FCrmw,[7],11,0,0
FCrmw,[2 7],5,4,2
FCrmw,[3 7],6,2,3
FCrmw,[4 7],6,1,4
FCrmw,[5 7],8,0,3
FCrmw,[6 7],6,2,3
FCrmw,[2 5 7],0,5,6
FCrmw,[2 6 7],1,4,6
FCrmw,[3 5 7],0,2,9
FCrmw,[3 6 7],0,2,9
FCrmw,[4 5 7],0,4,7
FCrmw,[4 6 7],0,1,10
FCrmw,[5 6 7],0,2,9
FCrnW,[7],11,0,0
FCrnW,[2 7],6,3,2
FCrnW,[3 7],7,2,2
FCrnW,[4 7],5,2,4
FCrnW,[5 7],7,0,4
FCrnW,[6 7],5,2,4
FCrnW,[2 5 7],1,4,6
FCrnW,[2 6 7],0,4,7
FCrnW,[3 5 7],0,4,7
FCrnW,[3 6 7],0,2,9
FCrnW,[4 5 7],0,4,7
FCrnW,[4 6 7],0,0,11
FCrnW,[5 6 7],0,2,9
FCrng,[7],12,0,0
FCrng,[3 7],0,3,9
FCrng,[4 7],0,1,11
FCrng,[5 7],2,1,9
FCrng,[6 7],7,0,5
FCrng,[3 5 7],0,3,9
FCrng,[3 6 7],0,3,9
FCrng,[4 5 7],0,6,6
FCrng,[4 6 7],0,1,11
FCrng,[5 6 7],0,4,8
FCrno,[7],12,0,0
FCrno,[3 7],3,3,6
FCrno,[4 7],3,0,9
FCrno,[5 7],3,0,9
FCrno,[6 7],5,0,7
FCrno,[3 5 7],0,3,9
FCrno,[3 6 7],0,3,9
FCrno,[4 5 7],0,8,4
FCrno,[4 6 7],0,0,12
FCrno,[5 6 7],0,5,7
FCrnw,[7],13,0,0
FCrnw,[3 7],3,4,6
FCrnw,[4 7],3,1,9
FCrnw,[5 7],4,1,8
FCrnw,[6 7],4,0,9
FCrnw,[3 5 7],0,4,9
FCrnw,[3 6 7],0,4,9
FCrnw,[4 5 7],0,9,4
FCrnw,[4 6 7],0,1,12
FCrnw,[5 6 7],0,7,6
FCrro,[7],11,0,0
FCrro,[3 7],0,0,11
FCrro,[4 7],0,0,11
FCrro,[5 7],2,0,9
FCrro,[6 7],5,2,4
FCrro,[3 5 7],0,2,9
FCrro,[3 6 7],0,0,11
FCrro,[4 5 7],0,6,5
FCrro,[4 6 7],0,0,11
FCrro,[5 6 7],0,2,9
FCrrw,[7],12,0,0
FCrrw,[3 7],0,1,11
FCrrw,[4 7],0,1,11
FCrrw,[5 7],2,0,10
FCrrw,[6 7],5,0,7
FCrrw,[3 5 7],0,3,9
FCrrw,[3 6 7],0,1,11
FCrrw,[4 5 7],0,7,5
FCrrw,[4 6 7],0,1,11
FCrrw,[5 6 7],0,5,7
FCruw,[7],11,0,0
FCruw,[2 7],7,4,0
FCruw,[3 7],7,2,2
FCruw,[4 7],4,2,5
FCruw,[5 7],5,0,6
FCruw,[6 7],6,1,4
FCruw,[2 5 7],0,6,5
FCruw,[2 6 7],2,4,5
FCruw,[3 5 7],0,2,9
FCruw,[3 6 7],0,2,9
FCruw,[4 5 7],0,5,6
FCruw,[4 6 7],0,1,10
FCruw,[5 6 7],0,3,8
FCrvg,[7],12,0,0
FCrvg,[3 7],2,2,8
FCrvg,[4 7],2,0,10
FCrvg,[5 7],2,0,10
FCrvg,[6 7],7,0,5
FCrvg,[3 5 7],0,3,9
FCrvg,[3 6 7],0,2,10
FCrvg,[4 5 7],0,7,5
FCrvg,[4 6 7],1,0,11
FCrvg,[5 6 7],0,4,8
FCrvo,[7],12,0,0
FCrvo,[3 7],1,2,9
FCrvo,[4 7],1,0,11
FCrvo,[5 7],2,0,10
FCrvo,[6 7],4,1,7
FCrvo,[3 5 7],0,3,9
FCrvo,[3 6 7],0,2,10
FCrvo,[4 5 7],0,9,3
FCrvo,[4 6 7],1,0,11
FCrvo,[5 6 7],0,6,6
FCrvw,[7],13,0,0
FCrvw,[3 7],1,3,9
FCrvw,[4 7],1,1,11
FCrvw,[5 7],2,0,11
FCrvw,[6 7],4,0,9
FCrvw,[3 5 7],0,4,9
FCrvw,[3 6 7],0,3,10
FCrvw,[4 5 7],0,10,3
FCrvw,[4 6 7],1,1,11
FCrvw,[5 6 7],0,8,5
FCr~o,[7],13,0,0
FCr~o,[3 7],3,4,6
FCr~o,[4 7],3,0,10
FCr~o,[5 7],3,0,10
FCr~o,[6 7],2,0,11
FCr~o,[3 5 7],0,4,9
FCr~o,[3 6 7],0,4,9
FCr~o,[4 5 7],0,12,1
FCr~o,[4 6 7],2,0,11
FCr~o,[5 6 7],0,10,3
FCr~w,[7],14,0,0
FCr~w,[3 7],3,5,6
FCr~w,[4 7],3,1,10
FCr~w,[5 7],3,1,10
FCr~w,[6 7],2,0,12
FCr~w,[3 5 7],0,5,9
FCr~w,[3 6 7],0,5,9
FCr~w,[4 5 7],0,13,1
FCr~w,[4 6 7],2,1,11
FCr~w,[5 6 7],0,11,3
FCurW,[7],11,0,0
FCurW,[3 7],1,2,8
FCurW,[4 7],1,0,10
FCurW,[5 7],5,0,6
FCurW,[6 7],5,4,2
FCurW,[3 5 7],0,2,9
FCurW,[3 6 7],0,2,9
FCurW,[4 5 7],0,2,9
FCurW,[4 6 7],0,2,9
FCurW,[5 6 7],0,2,9
FCusw,[7],9,0,0
FCusw,[2 7],9,0,0
FCusw,[3 7],9,0,0
FCusw,[4 7],9,0,0
FCusw,[5 7],3,0,6
FCusw,[6 7],9,0,0
FCusw,[2 4 7],3,6,0
FCusw,[2 5 7],3,0,6
FCusw,[2 6 7],3,0,6
FCusw,[3 4 7],3,6,0
FCusw,[3 5 7],3,0,6
FCusw,[3 6 7],3,0,6
FCusw,[4 5 7],3,0,6
FCusw,[4 6 7],3,0,6
FCusw,[5 6 7],0,0,9
FCuto,[7],10,0,0
FCuto,[2 7],5,3,2
FCuto,[3 7],7,1,2
FCuto,[4 7],5,4,1
FCuto,[5 7],4,0,6
FCuto,[6 7],7,0,3
FCuto,[2 5 7],1,3,6
FCuto,[2 6 7],0,4,6
FCuto,[3 5 7],1,1,8
FCuto,[3 6 7],1,1,8
FCuto,[4 5 7],1,0,9
FCuto,[4 6 7],1,0,9
FCuto,[5 6 7],0,0,10
FCuuW,[7],10,0,0
FCuuW,[2 7],5,3,2
FCuuW,[3 7],6,1,3
FCuuW,[4 7],7,0,3
FCuuW,[5 7],4,0,6
FCuuW,[6 7],8,0,2
FCuuW,[2 5 7],0,4,6
FCuuW,[2 6 7],1,3,6
FCuuW,[3 5 7],0,1,9
FCuuW,[3 6 7],0,1,9
FCuuW,[4 5 7],0,3,7
FCuuW,[4 6 7],0,0,10
FCuuW,[5 6 7],0,1,9
FCuuw,[7],11,0,0
FCuuw,[2 7],6,3,2
FCuuw,[3 7],8,1,2
FCuuw,[4 7],9,0,2
FCuuw,[5 7],5,1,5
FCuuw,[6 7],5,2,4
FCuuw,[2 5 7],1,4,6
FCuuw,[2 6 7],0,4,7
FCuuw,[3 5 7],1,2,8
FCuuw,[3 6 7],1,1,9
FCuuw,[4 5 7],1,2,8
FCuuw,[4 6 7],1,1,9
FCuuw,[5 6 7],0,1,10
FCuvW,[7],12,0,0
FCuvW,[3 7],2,3,7
FCuvW,[4 7],2,0,10
FCuvW,[5 7],3,0,9
FCuvW,[6 7],5,2,5
FCuvW,[3 5 7],1,3,8
FCuvW,[3 6 7],0,3,9
FCuvW,[4 5 7],1,3,8
FCuvW,[4 6 7],0,3,9
FCuvW,[5 6 7],0,3,9
FCuvo,[7],12,0,0
FCuvo,[3 7],3,3,6
FCuvo,[4 7],4,0,8
FCuvo,[5 7],3,1,8
FCuvo,[6 7],4,0,8
FCuvo,[3 5 7],1,3,8
FCuvo,[3 6 7],1,3,8
FCuvo,[4 5 7],1,5,6
FCuvo,[4 6 7],1,0,11
FCuvo,[5 6 7],0,3,9
FCuvw,[7],13,0,0
FCuvw,[3 7],5,4,4
FCuvw,[4 7],5,0,8
FCuvw,[5 7],3,0,10
FCuvw,[6 7],3,0,10
FCuvw,[3 5 7],1,4,8
FCuvw,[3 6 7],1,4,8
FCuvw,[4 5 7],1,6,6
FCuvw,[4 6 7],1,2,10
FCuvw,[5 6 7],0,6,7
FCu~w,[7],14,0,0
FCu~w,[3 7],5,5,4
FCu~w,[4 7],5,3,6
FCu~w,[5 7],5,0,9
FCu~w,[6 7],3,0,11
FCu~w,[3 5 7],1,5,8
FCu~w,[3 6 7],1,5,8
FCu~w,[4 5 7],1,7,6
FCu~w,[4 6 7],1,3,10
FCu~w,[5 6 7],0,7,7
FCvRW,[7],10,0,0
FCvRW,[2 7],7,3,0
FCvRW,[3 7],7,3,0
FCvRW,[4 7],4,4,2
FCvRW,[5 7],4,0,6
FCvRW,[6 7],8,0,2
FCvRW,[2 5 7],1,3,6
FCvRW,[2 6 7],0,4,6
FCvRW,[3 5 7],0,2,8
FCvRW,[3 6 7],0,2,8
FCvRW,[4 5 7],0,2,8
FCvRW,[4 6 7],0,0,10
FCvRW,[5 6 7],0,2,8
FCvTw,[7],11,0,0
FCvTw,[2 7],5,4,2
FCvTw,[3 7],7,2,2
FCvTw,[4 7],7,0,4
FCvTw,[5 7],7,0,4
FCvTw,[6 7],7,0,4
FCvTw,[2 5 7],1,4,6
FCvTw,[2 6 7],0,5,6
FCvTw,[3 5 7],1,2,8
FCvTw,[3 6 7],1,2,8
FCvTw,[4 5 7],1,2,8
FCvTw,[4 6 7],1,0,10
FCvTw,[5 6 7],0,2,9
FCvVW,[7],11,0,0
FCvVW,[2 7],7,4,0
FCvVW,[3 7],6,3,2
FCvVW,[4 7],4,2,5
FCvVW,[5 7],5,0,6
FCvVW,[6 7],7,0,4
FCvVW,[2 5 7],1,4,6
FCvVW,[2 6 7],0,5,6
FCvVW,[3 5 7],1,3,7
FCvVW,[3 6 7],0,3,8
FCvVW,[4 5 7],1,3,7
FCvVW,[4 6 7],0,1,10
FCvVW,[5 6 7],0,3,8
FCvVo,[7],11,0,0
FCvVo,[2 7],7,4,0
FCvVo,[3 7],7,3,1
FCvVo,[4 7],6,2,3
FCvVo,[5 7],5,0,6
FCvVo,[6 7],7,0,4
FCvVo,[2 5 7],1,4,6
FCvVo,[2 6 7],0,5,6
FCvVo,[3 5 7],1,3,7
FCvVo,[3 6 7],0,4,7
FCvVo,[4 5 7],1,3,7
FCvVo,[4 6 7],1,0,10
FCvVo,[5 6 7],0,3,8
FCvVw,[7],12,0,0
FCvVw,[2 7],7,5,0
FCvVw,[3 7],7,4,1
FCvVw,[4 7],7,0,5
FCvVw,[5 7],7,0,5
FCvVw,[6 7],7,0,5
FCvVw,[2 5 7],1,5,6
FCvVw,[2 6 7],0,6,6
FCvVw,[3 5 7],1,4,7
FCvVw,[3 6 7],0,5,7
FCvVw,[4 5 7],1,5,6
FCvVw,[4 6 7],1,0,11
FCvVw,[5 6 7],0,5,7
FCv\w,[7],12,0,0
FCv\w,[2 7],6,4,2
FCv\w,[3 7],8,2,2
FCv\w,[4 7],8,2,2
FCv\w,[5 7],10,0,2
FCv\w,[6 7],3,4,5
FCv\w,[2 5 7],1,5,6
FCv\w,[2 6 7],0,5,7
FCv\w,[3 5 7],1,3,8
FCv\w,[3 6 7],1,2,9
FCv\w,[4 5 7],1,3,8
FCv\w,[4 6 7],1,2,9
FCv\w,[5 6 7],0,2,10
FCv^o,[7],12,0,0
FCv^o,[2 7],8,4,0
FCv^o,[3 7],8,3,1
FCv^o,[4 7],8,1,3
FCv^o,[5 7],4,1,7
FCv^o,[6 7],5,2,5
FCv^o,[2 5 7],1,5,6
FCv^o,[2 6 7],0,5,7
FCv^o,[3 5 7],1,4,7
FCv^o,[3 6 7],0,4,8
FCv^o,[4 5 7],1,5,6
FCv^o,[4 6 7],1,1,10
FCv^o,[5 6 7],0,4,8
FCv^w,[7],13,0,0
FCv^w,[2 7],8,5,0
FCv^w,[3 7],8,4,1
FCv^w,[4 7],8,2,3
FCv^w,[5 7],8,0,5
FCv^w,[6 7],3,4,6
FCv^w,[2 5 7],1,6,6
FCv^w,[2 6 7],0,6,7
FCv^w,[3 5 7],1,5,7
FCv^w,[3 6 7],0,5,8
FCv^w,[4 5 7],1,6,6
FCv^w,[4 6 7],1,2,10
FCv^w,[5 6 7],0,5,8
FCv`w,[7],11,0,0
FCv`w,[3 7],0,2,9
FCv`w,[4 7],1,0,10
FCv`w,[5 7],4,0,7
FCv`w,[6 7],8,0,3
FCv`w,[3 5 7],0,2,9
FCv`w,[3 6 7],0,2,9
FCv`w,[4 5 7],0,5,6
FCv`w,[4 6 7],0,0,11
FCv`w,[5 6 7],0,3,8
FCvaw,[7],10,0,0
FCvaw,[2 7],7,3,0
FCvaw,[3 7],7,1,2
FCvaw,[4 7],5,1,4
FCvaw,[5 7],3,0,7
FCvaw,[6 7],7,1,2
FCvaw,[2 5 7],0,5,5
FCvaw,[2 6 7],2,3,5
FCvaw,[3 5 7],0,1,9
FCvaw,[3 6 7],0,1,9
FCvaw,[4 5 7],0,4,6
FCvaw,[4 6 7],0,0,10
FCvaw,[5 6 7],0,2,8
FCvbW,[7],11,0,0
FCvbW,[3 7],3,1,7
FCvbW,[4 7],2,0,9
FCvbW,[5 7],5,0,6
FCvbW,[6 7],7,1,3
FCvbW,[3 5 7],0,3,8
FCvbW,[3 6 7],0,1,10
FCvbW,[4 5 7],0,3,8
FCvbW,[4 6 7],0,1,10
FCvbW,[5 6 7],0,2,9
FCvbg,[7],11,0,0
FCvbg,[3 7],0,1,10
FCvbg,[4 7],0,0,11
FCvbg,[5 7],4,0,7
FCvbg,[6 7],6,2,3
FCvbg,[3 5 7],1,3,7
FCvbg,[3 6 7],0,1,10
FCvbg,[4 5 7],1,3,7
FCvbg,[4 6 7],0,0,11
FCvbg,[5 6 7],0,2,9
FCvbo,[7],11,0,0
FCvbo,[3 7],1,1,9
FCvbo,[4 7],2,0,9
FCvbo,[5 7],2,0,9
FCvbo,[6 7],6,2,3
FCvbo,[3 5 7],1,3,7
FCvbo,[3 6 7],0,1,10
FCvbo,[4 5 7],1,3,7
FCvbo,[4 6 7],0,0,11
FCvbo,[5 6 7],0,0,11
FCvbw,[7],12,0,0
FCvbw,[3 7],1,2,9
FCvbw,[4 7],2,0,10
FCvbw,[5 7],2,0,10
FCvbw,[6 7],5,2,5
FCvbw,[3 5 7],1,4,7
FCvbw,[3 6 7],0,2,10
FCvbw,[4 5 7],1,4,7
FCvbw,[4 6 7],0,2,10
FCvbw,[5 6 7],0,4,8
FCvcw,[7],10,0,0
FCvcw,[2 7],7,2,1
FCvcw,[3 7],5,2,3
FCvcw,[4 7],5,0,5
FCvcw,[5 7],5,0,5
FCvcw,[6 7],8,0,2
FCvcw,[2 4 7],3,5,2
FCvcw,[2 5 7],3,2,5
FCvcw,[2 6 7],3,2,5
FCvcw,[3 4 7],3,6,1
FCvcw,[3 5 7],3,2,5
FCvcw,[3 6 7],1,4,5
FCvcw,[4 5 7],3,2,5
FCvcw,[4 6 7],1,0,9
FCvcw,[5 6 7],0,2,8
FCvdW,[7],11,0,0
FCvdW,[3 7],3,2,6
FCvdW,[4 7],3,0,8
FCvdW,[5 7],5,0,6
FCvdW,[6 7],6,0,5
FCvdW,[3 5 7],0,2,9
FCvdW,[3 6 7],0,2,9
FCvdW,[4 5 7],0,4,7
FCvdW,[4 6 7],0,0,11
FCvdW,[5 6 7],0,2,9
FCvdg,[7],11,0,0
FCvdg,[3 7],1,2,8
FCvdg,[4 7],2,0,9
FCvdg,[5 7],5,0,6
FCvdg,[6 7],6,1,4
FCvdg,[3 5 7],1,2,8
FCvdg,[3 6 7],0,2,9
FCvdg,[4 5 7],1,2,8
FCvdg,[4 6 7],0,1,10
FCvdg,[5 6 7],0,1,10
FCvdo,[7],11,0,0
FCvdo,[3 7],2,1,8
FCvdo,[4 7],4,0,7
FCvdo,[5 7],5,0,6
FCvdo,[6 7],7,0,4
FCvdo,[3 5 7],1,2,8
FCvdo,[3 6 7],0,2,9
FCvdo,[4 5 7],1,2,8
FCvdo,[4 6 7],0,1,10
FCvdo,[5 6 7],0,1,10
FCvdw,[7],12,0,0
FCvdw,[3 7],2,3,7
FCvdw,[4 7],3,0,9
FCvdw,[5 7],4,0,8
FCvdw,[6 7],6,0,6
FCvdw,[3 5 7],1,3,8
FCvdw,[3 6 7],0,3,9
FCvdw,[4 5 7],1,3,8
FCvdw,[4 6 7],0,3,9
FCvdw,[5 6 7],0,3,9
FCveg,[7],10,0,0
FCveg,[2 7],7,3,0
FCveg,[3 7],6,2,2
FCveg,[4 7],4,3,3
FCveg,[5 7],4,0,6
FCveg,[6 7],7,1,2
FCveg,[2 5 7],1,3,6
FCveg,[2 6 7],0,4,6
FCveg,[3 5 7],1,2,7
FCveg,[3 6 7],0,2,8
FCveg,[4 5 7],1,1,8
FCveg,[4 6 7],0,1,9
FCveg,[5 6 7],0,1,9
FCveo,[7],10,0,0
FCveo,[2 7],8,2,0
FCveo,[3 7],7,0,3
FCveo,[4 7],7,0,3
FCveo,[5 7],4,0,6
FCveo,[6 7],9,0,1
FCveo,[2 5 7],1,3,6
FCveo,[2 6 7],0,3,7
FCveo,[3 5 7],1,2,7
FCveo,[3 6 7],0,1,9
FCveo,[4 5 7],1,1,8
FCveo,[4 6 7],0,1,9
FCveo,[5 6 7],0,1,9
FCvew,[7],11,0,0
FCvew,[2 7],8,3,0
FCvew,[3 7],7,2,2
FCvew,[4 7],6,0,5
FCvew,[5 7],4,1,6
FCvew,[6 7],6,2,3
FCvew,[2 5 7],1,4,6
FCvew,[2 6 7],0,4,7
FCvew,[3 5 7],1,3,7
FCvew,[3 6 7],0,2,9
FCvew,[4 5 7],1,3,7
FCvew,[4 6 7],0,2,9
FCvew,[5 6 7],0,2,9
FCvfG,[7],11,0,0
FCvfG,[3 7],1,2,8
FCvfG,[4 7],2,0,9
FCvfG,[5 7],4,0,7
FCvfG,[6 7],8,0,3
FCvfG,[3 5 7],1,3,7
FCvfG,[3 6 7],0,2,9
FCvfG,[4 5 7],1,2,8
FCvfG,[4 6 7],0,0,11
FCvfG,[5 6 7],0,2,9
FCvfO,[7],11,0,0
FCvfO,[3 7],2,3,6
FCvfO,[4 7],2,2,7
FCvfO,[5 7],2,0,9
FCvfO,[6 7],7,0,4
FCvfO,[3 5 7],1,3,7
FCvfO,[3 6 7],0,2,9
FCvfO,[4 5 7],1,2,8
FCvfO,[4 6 7],0,0,11
FCvfO,[5 6 7],0,2,9
FCvfW,[7],12,0,0
FCvfW,[3 7],3,3,6
FCvfW,[4 7],2,1,9
FCvfW,[5 7],2,1,9
FCvfW,[6 7],7,0,5
FCvfW,[3 5 7],1,4,7
FCvfW,[3 6 7],0,3,9
FCvfW,[4 5 7],1,4,7
FCvfW,[4 6 7],0,1,11
FCvfW,[5 6 7],0,3,9
FCvfg,[7],12,0,0
FCvfg,[3 7],0,3,9
FCvfg,[4 7],0,0,12
FCvfg,[5 7],3,1,8
FCvfg,[6 7],5,1,6
FCvfg,[3 5 7],1,4,7
FCvfg,[3 6 7],0,3,9
FCvfg,[4 5 7],1,6,5
FCvfg,[4 6 7],1,0,11
FCvfg,[5 6 7],0,4,8
FCvfo,[7],12,0,0
FCvfo,[3 7],2,2,8
FCvfo,[4 7],3,0,9
FCvfo,[5 7],3,1,8
FCvfo,[6 7],5,0,7
FCvfo,[3 5 7],1,4,7
FCvfo,[3 6 7],0,3,9
FCvfo,[4 5 7],1,6,5
FCvfo,[4 6 7],1,0,11
FCvfo,[5 6 7],0,4,8
FCvfw,[7],13,0,0
FCvfw,[3 7],2,4,7
FCvfw,[4 7],3,0,10
FCvfw,[5 7],3,0,10
FCvfw,[6 7],4,1,8
FCvfw,[3 5 7],1,5,7
FCvfw,[3 6 7],0,4,9
FCvfw,[4 5 7],1,7,5
FCvfw,[4 6 7],1,2,10
FCvfw,[5 6 7],0,7,6
FCvtw,[7],13,0,0
FCvtw,[3 7],5,4,4
FCvtw,[4 7],5,1,7
FCvtw,[5 7],3,0,10
FCvtw,[6 7],4,0,9
FCvtw,[3 5 7],1,4,8
FCvtw,[3 6 7],1,4,8
FCvtw,[4 5 7],1,6,6
FCvtw,[4 6 7],1,2,10
FCvtw,[5 6 7],0,5,8
FCvvg,[7],13,0,0
FCvvg,[3 7],1,5,7
FCvvg,[4 7],2,0,11
FCvvg,[5 7],2,0,11
FCvvg,[6 7],4,0,9
FCvvg,[3 5 7],1,5,7
FCvvg,[3 6 7],1,5,7
FCvvg,[4 5 7],1,9,3
FCvvg,[4 6 7],1,0,12
FCvvg,[5 6 7],0,6,7
FCvvo,[7],13,0,0
FCvvo,[3 7],4,5,4
FCvvo,[4 7],4,0,9
FCvvo,[5 7],1,1,11
FCvvo,[6 7],3,0,10
FCvvo,[3 5 7],1,5,7
FCvvo,[3 6 7],1,5,7
FCvvo,[4 5 7],1,9,3
FCvvo,[4 6 7],1,0,12
FCvvo,[5 6 7],0,7,6
FCvvw,[7],14,0,0
FCvvw,[3 7],4,6,4
FCvvw,[4 7],4,1,9
FCvvw,[5 7],1,0,13
FCvvw,[6 7],3,0,11
FCvvw,[3 5 7],1,6,7
FCvvw,[3 6 7],1,6,7
FCvvw,[4 5 7],1,10,3
FCvvw,[4 6 7],1,2,11
FCvvw,[5 6 7],0,9,5
FCv~w,[7],15,0,0
FCv~w,[3 7],4,7,4
FCv~w,[4 7],4,3,8
FCv~w,[5 7],4,1,10
FCv~w,[6 7],2,0,13
FCv~w,[3 5 7],1,7,7
FCv~w,[3 6 7],1,7,7
FCv~w,[4 5 7],1,11,3
FCv~w,[4 6 7],1,3,11
FCv~w,[5 6 7],0,11,4
FCxrW,[7],11,0,0
FCxrW,[3 7],4,0,7
FCxrW,[4 7],2,0,9
FCxrW,[5 7],3,0,8
FCxrW,[6 7],9,0,2
FCxrW,[3 6 7],0,0,11
FCxrW,[4 5 7],0,4,7
FCxrW,[4 6 7],0,0,11
FCxrW,[5 6 7],0,0,11
FCxsw,[7],11,0,0
FCxsw,[4 7],0,0,11
FCxsw,[5 7],2,0,9
FCxsw,[6 7],7,0,4
FCxsw,[3 4 7],3,8,0
FCxsw,[3 5 7],3,4,4
FCxsw,[3 6 7],2,2,7
FCxsw,[4 5 7],3,4,4
FCxsw,[4 6 7],2,0,9
FCxsw,[5 6 7],0,2,9
FCxuW,[7],11,0,0
FCxuW,[3 7],2,1,8
FCxuW,[4 7],2,0,9
FCxuW,[5 7],1,0,10
FCxuW,[6 7],7,1,3
FCxuW,[3 5 7],0,2,9
FCxuW,[3 6 7],0,1,10
FCxuW,[4 5 7],0,5,6
FCxuW,[4 6 7],0,0,11
FCxuW,[5 6 7],0,1,10
FCxuw,[7],12,0,0
FCxuw,[3 7],1,2,9
FCxuw,[4 7],1,0,11
FCxuw,[5 7],1,0,11
FCxuw,[6 7],4,2,6
FCxuw,[3 5 7],1,4,7
FCxuw,[3 6 7],0,2,10
FCxuw,[4 5 7],1,4,7
FCxuw,[4 6 7],0,2,10
FCxuw,[5 6 7],0,2,10
FCxv?,[7],10,0,0
FCxv?,[3 7],0,0,10
FCxv?,[4 7],0,0,10
FCxv?,[5 7],0,0,10
FCxv?,[6 7],10,0,0
FCxv?,[3 6 7],0,0,10
FCxv?,[4 5 7],2,0,8
FCxv?,[4 6 7],0,0,10
FCxv?,[5 6 7],0,0,10
FCxvO,[7],11,0,0
FCxvO,[3 7],1,0,10
FCxvO,[4 7],1,0,10
FCxvO,[5 7],1,0,10
FCxvO,[6 7],9,0,2
FCxvO,[3 6 7],0,0,11
FCxvO,[4 5 7],1,2,8
FCxvO,[4 6 7],0,0,11
FCxvO,[5 6 7],0,0,11
FCxvW,[7],12,0,0
FCxvW,[3 7],1,1,10
FCxvW,[4 7],0,1,11
FCxvW,[5 7],0,1,11
FCxvW,[6 7],6,2,4
FCxvW,[3 6 7],0,1,11
FCxvW,[4 5 7],1,5,6
FCxvW,[4 6 7],0,1,11
FCxvW,[5 6 7],0,2,10
FCxv_,[7],11,0,0
FCxv_,[4 7],0,0,11
FCxv_,[5 7],0,0,11
FCxv_,[6 7],7,0,4
FCxv_,[4 5 7],1,2,8
FCxv_,[4 6 7],0,1,10
FCxv_,[5 6 7],0,2,9
FCxvo,[7],12,0,0
FCxvo,[4 7],0,0,12
FCxvo,[5 7],0,1,11
FCxvo,[6 7],3,2,7
FCxvo,[4 5 7],1,7,4
FCxvo,[4 6 7],0,1,11
FCxvo,[5 6 7],0,3,9
FCxvw,[7],13,0,0
FCxvw,[4 7],0,0,13
FCxvw,[5 7],0,0,13
FCxvw,[6 7],1,4,8
FCxvw,[4 5 7],1,8,4
FCxvw,[4 6 7],0,3,10
FCxvw,[5 6 7],0,6,7
FCx}w,[7],13,0,0
FCx}w,[3 7],1,3,9
FCx}w,[4 7],1,3,9
FCx}w,[5 7],1,0,12
FCx}w,[6 7],4,0,9
FCx}w,[3 5 7],1,5,7
FCx}w,[3 6 7],0,3,10
FCx}w,[4 5 7],1,5,7
FCx}w,[4 6 7],0,3,10
FCx}w,[5 6 7],0,5,8
FCx~w,[7],14,0,0
FCx~w,[4 7],0,3,11
FCx~w,[5 7],0,0,14
FCx~w,[6 7],1,0,13
FCx~w,[4 5 7],1,9,4
FCx~w,[4 6 7],0,4,10
FCx~w,[5 6 7],0,9,5
FCz\w,[7],13,0,0
FCz\w,[3 7],2,4,7
FCz\w,[4 7],2,3,8
FCz\w,[5 7],3,0,10
FCz\w,[6 7],5,0,8
FCz\w,[3 5 7],1,4,8
FCz\w,[3 6 7],0,4,9
FCz\w,[4 5 7],1,4,8
FCz\w,[4 6 7],0,4,9
FCz\w,[5 6 7],0,4,9
FCz]w,[7],12,0,0
FCz]w,[2 7],8,4,0
FCz]w,[3 7],7,3,2
FCz]w,[4 7],5,2,5
FCz]w,[5 7],6,0,6
FCz]w,[6 7],5,2,5
FCz]w,[2 5 7],1,5,6
FCz]w,[2 6 7],0,5,7
FCz]w,[3 5 7],1,4,7
FCz]w,[3 6 7],0,3,9
FCz]w,[4 5 7],1,4,7
FCz]w,[4 6 7],0,3,9
FCz]w,[5 6 7],0,3,9
FCz^g,[7],13,0,0
FCz^g,[3 7],2,4,7
FCz^g,[4 7],2,1,10
FCz^g,[5 7],3,0,10
FCz^g,[6 7],3,1,9
FCz^g,[3 5 7],1,5,7
FCz^g,[3 6 7],0,4,9
FCz^g,[4 5 7],1,7,5
FCz^g,[4 6 7],1,2,10
FCz^g,[5 6 7],0,6,7
FCz^o,[7],13,0,0
FCz^o,[3 7],2,4,7
FCz^o,[4 7],2,1,10
FCz^o,[5 7],1,0,12
FCz^o,[6 7],4,1,8
FCz^o,[3 5 7],1,5,7
FCz^o,[3 6 7],0,4,9
FCz^o,[4 5 7],1,7,5
FCz^o,[4 6 7],1,2,10
FCz^o,[5 6 7],0,6,7
FCz^w,[7],14,0,0
FCz^w,[3 7],2,5,7
FCz^w,[4 7],2,3,9
FCz^w,[5 7],3,0,11
FCz^w,[6 7],3,0,11
FCz^w,[3 5 7],1,6,7
FCz^w,[3 6 7],0,5,9
FCz^w,[4 5 7],1,8,5
FCz^w,[4 6 7],1,3,10
FCz^w,[5 6 7],0,8,6
FCzaw,[7],11,0,0
FCzaw,[3 7],1,4,6
FCzaw,[4 7],1,2,8
FCzaw,[5 7],1,0,10
FCzaw,[6 7],7,0,4
FCzaw,[3 5 7],0,2,9
FCzaw,[3 6 7],0,2,9
FCzaw,[4 5 7],0,6,5
FCzaw,[4 6 7],1,0,10
FCzaw,[5 6 7],0,4,7
FCzbW,[7],10,0,0
FCzbW,[2 7],8,2,0
FCzbW,[3 7],8,0,2
FCzbW,[4 7],8,0,2
FCzbW,[5 7],2,0,8
FCzbW,[6 7],8,0,2
FCzbW,[2 6 7],0,2,8
FCzbW,[3 6 7],0,0,10
FCzbW,[4 5 7],0,2,8
FCzbW,[4 6 7],0,0,10
FCzbW,[5 6 7],0,2,8
FCzbo,[7],11,0,0
FCzbo,[3 7],0,3,8
FCzbo,[4 7],0,3,8
FCzbo,[5 7],0,0,11
FCzbo,[6 7],7,2,2
FCzbo,[3 6 7],0,1,10
FCzbo,[4 5 7],1,2,8
FCzbo,[4 6 7],0,0,11
FCzbo,[5 6 7],0,1,10
FCzbw,[7],12,0,0
FCzbw,[3 7],0,6,6
FCzbw,[4 7],0,4,8
FCzbw,[5 7],0,0,12
FCzbw,[6 7],5,0,7
FCzbw,[3 6 7],0,2,10
FCzbw,[4 5 7],1,5,6
FCzbw,[4 6 7],0,0,12
FCzbw,[5 6 7],0,5,7
FCzcw,[7],11,0,0
FCzcw,[3 7],0,5,6
FCzcw,[4 7],1,0,10
FCzcw,[5 7],1,0,10
FCzcw,[6 7],7,0,4
FCzcw,[3 4 7],3,8,0
FCzcw,[3 5 7],3,4,4
FCzcw,[3 6 7],1,4,6
FCzcw,[4 5 7],3,4,4
FCzcw,[4 6 7],1,0,10
FCzcw,[5 6 7],0,4,7
FCzeW,[7],10,0,0
FCzeW,[2 7],5,3,2
FCzeW,[3 7],6,2,2
FCzeW,[4 7],6,0,4
FCzeW,[5 7],6,0,4
FCzeW,[6 7],7,0,3
FCzeW,[2 5 7],1,3,6
FCzeW,[2 6 7],0,4,6
FCzeW,[3 5 7],0,3,7
FCzeW,[3 6 7],0,2,8
FCzeW,[4 5 7],0,3,7
FCzeW,[4 6 7],0,0,10
FCzeW,[5 6 7],0,2,8
FCzew,[7],12,0,0
FCzew,[3 7],2,6,4
FCzew,[4 7],2,2,8
FCzew,[5 7],2,0,10
FCzew,[6 7],7,0,5
FCzew,[3 5 7],1,4,7
FCzew,[3 6 7],0,4,8
FCzew,[4 5 7],1,4,7
FCzew,[4 6 7],0,0,12
FCzew,[5 6 7],0,4,8
FCzfO,[7],10,0,0
FCzfO,[2 7],7,3,0
FCzfO,[3 7],7,2,1
FCzfO,[4 7],7,0,3
FCzfO,[5 7],1,0,9
FCzfO,[6 7],7,0,3
FCzfO,[2 5 7],1,3,6
FCzfO,[2 6 7],0,4,6
FCzfO,[3 5 7],1,2,7
FCzfO,[3 6 7],0,3,7
FCzfO,[4 5 7],1,3,6
FCzfO,[4 6 7],1,0,9
FCzfO,[5 6 7],0,3,7
FCzfW,[7],11,0,0
FCzfW,[2 7],8,3,0
FCzfW,[3 7],8,3,0
FCzfW,[4 7],6,2,3
FCzfW,[5 7],2,0,9
FCzfW,[6 7],6,2,3
FCzfW,[2 6 7],0,3,8
FCzfW,[3 6 7],0,3,8
FCzfW,[4 5 7],0,3,8
FCzfW,[4 6 7],0,0,11
FCzfW,[5 6 7],0,3,8
FCzf_,[7],11,0,0
FCzf_,[3 7],0,1,10
FCzf_,[4 7],0,0,11
FCzf_,[5 7],0,0,11
FCzf_,[6 7],6,0,5
FCzf_,[3 6 7],0,1,10
FCzf_,[4 5 7],2,5,4
FCzf_,[4 6 7],0,0,11
FCzf_,[5 6 7],0,5,6
FCzfo,[7],12,0,0
FCzfo,[3 7],0,5,7
FCzfo,[4 7],1,2,9
FCzfo,[5 7],1,0,11
FCzfo,[6 7],6,0,6
FCzfo,[3 6 7],0,3,9
FCzfo,[4 5 7],1,5,6
FCzfo,[4 6 7],0,0,12
FCzfo,[5 6 7],0,5,7
FCzfw,[7],13,0,0
FCzfw,[3 7],0,9,4
FCzfw,[4 7],0,4,9
FCzfw,[5 7],0,0,13
FCzfw,[6 7],5,0,8
FCzfw,[3 6 7],0,5,8
FCzfw,[4 5 7],1,8,4
FCzfw,[4 6 7],0,0,13
FCzfw,[5 6 7],0,8,5
FCzjw,[7],13,0,0
FCzjw,[3 7],1,2,10
FCzjw,[4 7],1,2,10
FCzjw,[5 7],1,0,12
FCzjw,[6 7],5,0,8
FCzjw,[3 6 7],0,2,11
FCzjw,[4 5 7],1,6,6
FCzjw,[4 6 7],0,2,11
FCzjw,[5 6 7],0,5,8
FCzmw,[7],13,0,0
FCzmw,[3 7],3,4,6
FCzmw,[4 7],3,2,8
FCzmw,[5 7],3,0,10
FCzmw,[6 7],7,0,6
FCzmw,[3 5 7],1,5,7
FCzmw,[3 6 7],0,4,9
FCzmw,[4 5 7],1,5,7
FCzmw,[4 6 7],0,2,11
FCzmw,[5 6 7],0,4,9
FCznW,[7],12,0,0
FCznW,[2 7],9,3,0
FCznW,[3 7],9,3,0
FCznW,[4 7],3,6,3
FCznW,[5 7],3,0,9
FCznW,[6 7],6,0,6
FCznW,[2 6 7],0,3,9
FCznW,[3 6 7],0,3,9
FCznW,[4 5 7],0,6,6
FCznW,[4 6 7],0,0,12
FCznW,[5 6 7],0,3,9
FCzno,[7],13,0,0
FCzno,[3 7],1,4,8
FCzno,[4 7],0,2,11
FCzno,[5 7],0,1,12
FCzno,[6 7],6,0,7
FCzno,[3 6 7],0,4,9
FCzno,[4 5 7],1,8,4
FCzno,[4 6 7],0,2,11
FCzno,[5 6 7],0,6,7
FCznw,[7],14,0,0
FCznw,[3 7],1,5,8
FCznw,[4 7],1,2,11
FCznw,[5 7],1,0,13
FCznw,[6 7],5,0,9
FCznw,[3 6 7],0,5,9
FCznw,[4 5 7],1,9,4
FCznw,[4 6 7],0,3,11
FCznw,[5 6 7],0,8,6
FCzro,[7],12,0,0
FCzro,[4 7],0,0,12
FCzro,[5 7],0,0,12
FCzro,[6 7],1,4,7
FCzro,[4 5 7],1,7,4
FCzro,[4 6 7],0,1,11
FCzro,[5 6 7],0,4,8
FCzrw,[7],13,0,0
FCzrw,[4 7],0,1,12
FCzrw,[5 7],0,0,13
FCzrw,[6 7],1,2,10
FCzrw,[4 5 7],1,8,4
FCzrw,[4 6 7],0,3,10
FCzrw,[5 6 7],0,7,6
FCzvg,[7],13,0,0
FCzvg,[4 7],1,0,12
FCzvg,[5 7],2,0,11
FCzvg,[6 7],3,0,10
FCzvg,[4 5 7],1,10,2
FCzvg,[4 6 7],1,0,12
FCzvg,[5 6 7],0,7,6
FCzvo,[7],13,0,0
FCzvo,[4 7],0,0,13
FCzvo,[5 7],1,1,11
FCzvo,[6 7],1,2,10
FCzvo,[4 5 7],1,10,2
FCzvo,[4 6 7],1,0,12
FCzvo,[5 6 7],0,8,5
FCzvw,[7],14,0,0
FCzvw,[4 7],0,1,13
FCzvw,[5 7],1,0,13
FCzvw,[6 7],1,2,11
FCzvw,[4 5 7],1,11,2
FCzvw,[4 6 7],1,2,11
FCzvw,[5 6 7],0,10,4
FCz~w,[7],15,0,0
FCz~w,[4 7],0,3,12
FCz~w,[5 7],1,1,13
FCz~w,[6 7],1,0,14
FCz~w,[4 5 7],1,12,2
FCz~w,[4 6 7],1,3,11
FCz~w,[5 6 7],0,12,3
FC~uw,[7],14,0,0
FC~uw,[3 7],4,6,4
FC~uw,[4 7],4,2,8
FC~uw,[5 7],4,0,10
FC~uw,[6 7],2,0,12
FC~uw,[3 5 7],1,6,7
FC~uw,[3 6 7],1,6,7
FC~uw,[4 5 7],1,10,3
FC~uw,[4 6 7],1,2,11
FC~uw,[5 6 7],0,10,4
FC~vW,[7],14,0,0
FC~vW,[4 7],0,2,12
FC~vW,[5 7],1,0,13
FC~vW,[6 7],1,0,13
FC~vW,[4 5 7],1,11,2
FC~vW,[4 6 7],1,2,11
FC~vW,[5 6 7],0,11,3
FC~vo,[7],14,0,0
FC~vo,[5 7],2,0,12
FC~vo,[6 7],0,1,13
FC~vo,[4 5 7],1,13,0
FC~vo,[4 6 7],1,1,12
FC~vo,[5 6 7],0,12,2
FC~vw,[7],15,0,0
FC~vw,[5 7],1,0,14
FC~vw,[6 7],0,1,14
FC~vw,[4 5 7],1,14,0
FC~vw,[4 6 7],1,2,12
FC~vw,[5 6 7],0,14,1
FC~~w,[7],16,0,0
FC~~w,[5 7],1,3,12
FC~~w,[6 7],0,1,15
FC~~w,[4 5 7],1,15,0
FC~~w,[4 6 7],1,3,12
FC~~w,[5 6 7],0,15,1
FEhbo,[7],10,0,0
FEhbo,[3 7],0,0,10
FEhbo,[4 7],0,2,8
FEhbo,[5 7],6,0,4
FEhbo,[6 7],10,0,0
FEhbo,[3 6 7],0,0,10
FEhbo,[4 6 7],0,0,10
FEhbo,[5 6 7],0,0,10
FEhd_,[7],9,0,0
FEhd_,[3 7],1,0,8
FEhd_,[4 7],3,0,6
FEhd_,[5 7],8,0,1
FEhd_,[6 7],9,0,0
FEhd_,[3 5 7],0,0,9
FEhd_,[3 6 7],0,0,9
FEhd_,[4 5 7],0,1,8
FEhd_,[4 6 7],0,0,9
FEhd_,[5 6 7],0,0,9
FEhe_,[7],9,0,0
FEhe_,[3 7],1,0,8
FEhe_,[4 7],7,0,2
FEhe_,[5 7],9,0,0
FEhe_,[6 7],9,0,0
FEhe_,[3 5 7],0,0,9
FEhe_,[3 6 7],0,0,9
FEhe_,[4 5 7],0,0,9
FEhe_,[4 6 7],0,0,9
FEhe_,[5 6 7],0,0,9
FEheo,[7],10,0,0
FEheo,[3 7],2,0,8
FEheo,[4 7],5,0,5
FEheo,[5 7],8,0,2
FEheo,[6 7],8,2,0
FEheo,[3 6 7],0,0,10
FEheo,[4 6 7],0,0,10
FEheo,[5 6 7],0,0,10
FEhf?,[7],9,0,0
FEhf?,[3 7],0,0,9
FEhf?,[4 7],0,0,9
FEhf?,[5 7],6,0,3
FEhf?,[6 7],9,0,0
FEhf?,[3 6 7],0,0,9
FEhf?,[4 6 7],0,0,9
FEhf?,[5 6 7],0,0,9
FEhf?,[3 5 6 7],0,0,9
FEhf?,[4 5 6 7],0,9,0
FEhf_,[7],10,0,0
FEhf_,[3 7],0,0,10
FEhf_,[4 7],2,0,8
FEhf_,[5 7],7,0,3
FEhf_,[6 7],9,0,1
FEhf_,[3 5 7],1,1,8
FEhf_,[3 6 7],0,0,10
FEhf_,[4 5 7],1,1,8
FEhf_,[4 6 7],0,1,9
FEhf_,[5 6 7],0,1,9
FEhfo,[7],11,0,0
FEhfo,[3 7],0,0,11
FEhfo,[4 7],2,2,7
FEhfo,[5 7],6,0,5
FEhfo,[6 7],6,0,5
FEhfo,[3 6 7],0,0,11
FEhfo,[4 6 7],0,0,11
FEhfo,[5 6 7],0,2,9
FEhfw,[7],12,0,0
FEhfw,[4 7],0,6,6
FEhfw,[5 7],6,0,6
FEhfw,[6 7],6,0,6
FEhfw,[4 6 7],0,0,12
FEhfw,[5 6 7],0,6,6
FEhro,[7],11,0,0
FEhro,[3 7],0,1,10
FEhro,[4 7],2,0,9
FEhro,[5 7],4,0,7
FEhro,[6 7],8,0,3
FEhro,[3 6 7],0,1,10
FEhro,[4 6 7],0,0,11
FEhro,[5 6 7],0,1,10
FEhtg,[7],11,0,0
FEhtg,[3 7],3,0,8
FEhtg,[4 7],2,0,9
FEhtg,[5 7],4,0,7
FEhtg,[6 7],6,0,5
FEhtg,[3 6 7],0,0,11
FEhtg,[4 6 7],0,0,11
FEhtg,[5 6 7],0,0,11
FEhto,[7],11,0,0
FEhto,[3 7],0,1,10
FEhto,[4 7],2,0,9
FEhto,[5 7],6,0,5
FEhto,[6 7],6,2,3
FEhto,[3 6 7],0,1,10
FEhto,[4 6 7],0,1,10
FEhto,[5 6 7],0,1,10
FEhtw,[7],12,0,0
FEhtw,[3 7],0,3,9
FEhtw,[4 7],0,0,12
FEhtw,[5 7],4,0,8
FEhtw,[6 7],4,0,8
FEhtw,[3 6 7],0,3,9
FEhtw,[4 6 7],0,2,10
FEhtw,[5 6 7],0,2,10
FEhuO,[7],10,0,0
FEhuO,[3 7],0,0,10
FEhuO,[4 7],2,0,8
FEhuO,[5 7],8,0,2
FEhuO,[6 7],10,0,0
FEhuO,[3 6 7],0,0,10
FEhuO,[4 6 7],0,0,10
FEhuO,[5 6 7],0,0,10
FEhuo,[7],11,0,0
FEhuo,[3 7],1,0,10
FEhuo,[4 7],2,0,9
FEhuo,[5 7],6,0,5
FEhuo,[6 7],6,2,3
FEhuo,[3 6 7],0,0,11
FEhuo,[4 6 7],0,0,11
FEhuo,[5 6 7],0,0,11
FEhuw,[7],12,0,0
FEhuw,[3 7],1,2,9
FEhuw,[4 7],2,1,9
FEhuw,[5 7],4,1,7
FEhuw,[6 7],5,1,6
FEhuw,[3 6 7],0,3,9
FEhuw,[4 6 7],0,2,10
FEhuw,[5 6 7],0,2,10
FEhv?,[7],10,0,0
FEhv?,[3 7],0,0,10
FEhv?,[4 7],2,0,8
FEhv?,[5 7],4,0,6
FEhv?,[6 7],10,0,0
FEhv?,[3 5 7],1,0,9
FEhv?,[3 6 7],0,0,10
FEhv?,[4 5 7],1,0,9
FEhv?,[4 6 7],0,0,10
FEhv?,[5 6 7],0,0,10
FEhvO,[7],11,0,0
FEhvO,[4 7],0,0,11
FEhvO,[5 7],6,0,5
FEhvO,[6 7],6,2,3
FEhvO,[4 6 7],0,0,11
FEhvO,[5 6 7],0,1,10
FEhvg,[7],12,0,0
FEhvg,[3 7],3,0,9
FEhvg,[4 7],2,2,8
FEhvg,[5 7],4,2,6
FEhvg,[6 7],4,0,8
FEhvg,[4 6 7],0,0,12
FEhvg,[5 6 7],0,2,10
FEhvo,[7],12,0,0
FEhvo,[4 7],1,0,11
FEhvo,[5 7],4,0,8
FEhvo,[6 7],4,1,7
FEhvo,[4 6 7],0,1,11
FEhvo,[5 6 7],0,3,9
FEhvw,[7],13,0,0
FEhvw,[4 7],2,0,11
FEhvw,[5 7],4,0,9
FEhvw,[6 7],4,0,9
FEhvw,[4 6 7],0,3,10
FEhvw,[5 6 7],0,6,7
FEhzo,[7],12,0,0
FEhzo,[3 7],0,4,8
FEhzo,[4 7],0,2,10
FEhzo,[5 7],2,0,10
FEhzo,[6 7],8,0,4
FEhzo,[3 6 7],0,4,8
FEhzo,[4 6 7],0,0,12
FEhzo,[5 6 7],0,4,8
FEhzw,[7],13,0,0
FEhzw,[3 7],1,4,8
FEhzw,[4 7],1,2,10
FEhzw,[5 7],3,0,10
FEhzw,[6 7],4,0,9
FEhzw,[3 6 7],0,4,9
FEhzw,[4 6 7],0,4,9
FEhzw,[5 6 7],0,4,9
FEh}o,[7],12,0,0
FEh}o,[3 7],1,3,8
FEh}o,[4 7],2,0,10
FEh}o,[5 7],4,0,8
FEh}o,[6 7],4,2,6
FEh}o,[3 6 7],0,3,9
FEh}o,[4 6 7],0,3,9
FEh}o,[5 6 7],0,3,9
FEh}w,[7],13,0,0
FEh}w,[3 7],1,4,8
FEh}w,[4 7],1,2,10
FEh}w,[5 7],2,1,10
FEh}w,[6 7],3,1,9
FEh}w,[3 6 7],0,4,9
FEh}w,[4 6 7],0,4,9
FEh}w,[5 6 7],0,4,9
FEh~o,[7],13,0,0
FEh~o,[4 7],0,2,11
FEh~o,[5 7],2,0,11
FEh~o,[6 7],2,0,11
FEh~o,[4 6 7],0,4,9
FEh~o,[5 6 7],0,6,7
FEh~w,[7],14,0,0
FEh~w,[4 7],0,3,11
FEh~w,[5 7],2,0,12
FEh~w,[6 7],2,0,12
FEh~w,[4 6 7],0,5,9
FEh~w,[5 6 7],0,8,6
FEiro,[7],11,0,0
FEiro,[3 7],0,1,10
FEiro,[4 7],0,2,9
FEiro,[5 7],4,0,7
FEiro,[6 7],6,0,5
FEiro,[3 6 7],0,1,10
FEiro,[4 6 7],0,1,10
FEiro,[5 6 7],0,1,10
FEitW,[7],10,0,0
FEitW,[2 7],8,2,0
FEitW,[3 7],8,0,2
FEitW,[4 7],6,2,2
FEitW,[5 7],4,0,6
FEitW,[6 7],8,0,2
FEitW,[2 6 7],0,2,8
FEitW,[3 6 7],0,0,10
FEitW,[4 6 7],0,0,10
FEitW,[5 6 7],0,0,10
FEitw,[7],11,0,0
FEitw,[2 7],8,3,0
FEitw,[3 7],8,3,0
FEitw,[4 7],4,4,3
FEitw,[5 7],4,0,7
FEitw,[6 7],6,2,3
FEitw,[2 6 7],0,3,8
FEitw,[3 6 7],0,3,8
FEitw,[4 6 7],0,1,10
FEitw,[5 6 7],0,1,10
FEivW,[7],12,0,0
FEivW,[3 7],1,2,9
FEivW,[4 7],2,0,10
FEivW,[5 7],3,0,9
FEivW,[6 7],4,0,8
FEivW,[3 6 7],0,2,10
FEivW,[4 6 7],0,0,12
FEivW,[5 6 7],0,3,9
FEivg,[7],12,0,0
FEivg,[3 7],4,2,6
FEivg,[4 7],3,2,7
FEivg,[5 7],4,1,7
FEivg,[6 7],5,0,7
FEivg,[3 6 7],0,2,10
FEivg,[4 6 7],0,0,12
FEivg,[5 6 7],0,2,10
FEivo,[7],12,0,0
FEivo,[3 7],0,3,9
FEivo,[4 7],0,2,10
FEivo,[5 7],2,0,10
FEivo,[6 7],6,0,6
FEivo,[3 6 7],0,3,9
FEivo,[4 6 7],0,1,11
FEivo,[5 6 7],0,3,9
FEivw,[7],13,0,0
FEivw,[3 7],1,5,7
FEivw,[4 7],1,3,9
FEivw,[5 7],3,0,10
FEivw,[6 7],4,0,9
FEivw,[3 6 7],0,5,8
FEivw,[4 6 7],0,1,12
FEivw,[5 6 7],0,6,7
FEj\w,[7],13,0,0
FEj\w,[3 7],6,3,4
FEj\w,[4 7],4,3,6
FEj\w,[5 7],4,2,7
FEj\w,[6 7],4,0,9
FEj\w,[3 6 7],0,3,10
FEj\w,[4 6 7],0,3,10
FEj\w,[5 6 7],0,3,10
FEj]w,[7],12,0,0
FEj]w,[2 7],9,3,0
FEj]w,[3 7],9,3,0
FEj]w,[4 7],7,1,4
FEj]w,[5 7],4,2,6
FEj]w,[6 7],4,2,6
FEj]w,[2 6 7],0,3,9
FEj]w,[3 6 7],0,3,9
FEj]w,[4 6 7],0,2,10
FEj]w,[5 6 7],0,2,10
FEj^o,[7],13,0,0
FEj^o,[3 7],3,5,5
FEj^o,[4 7],3,1,9
FEj^o,[5 7],2,0,11
FEj^o,[6 7],3,1,9
FEj^o,[3 6 7],0,5,8
FEj^o,[4 6 7],0,3,10
FEj^o,[5 6 7],0,5,8
FEj^w,[7],14,0,0
FEj^w,[3 7],3,6,5
FEj^w,[4 7],3,3,8
FEj^w,[5 7],3,1,10
FEj^w,[6 7],2,0,12
FEj^w,[3 6 7],0,6,8
FEj^w,[4 6 7],0,4,10
FEj^w,[5 6 7],0,7,7
FEjbo,[7],11,0,0
FEjbo,[4 7],0,2,9
FEjbo,[5 7],2,0,9
FEjbo,[6 7],7,0,4
FEjbo,[4 6 7],0,0,11
FEjbo,[5 6 7],0,0,11
FEjdg,[7],11,0,0
FEjdg,[3 7],2,1,8
FEjdg,[4 7],2,0,9
FEjdg,[5 7],4,0,7
FEjdg,[6 7],6,0,5
FEjdg,[3 6 7],0,1,10
FEjdg,[4 6 7],0,0,11
FEjdg,[5 6 7],0,1,10
FEjeg,[7],11,0,0
FEjeg,[3 7],4,1,6
FEjeg,[4 7],5,0,6
FEjeg,[5 7],4,0,7
FEjeg,[6 7],8,0,3
FEjeg,[3 6 7],0,1,10
FEjeg,[4 6 7],0,0,11
FEjeg,[5 6 7],0,1,10
FEjeo,[7],11,0,0
FEjeo,[3 7],1,0,10
FEjeo,[4 7],3,0,8
FEjeo,[5 7],4,0,7
FEjeo,[6 7],6,1,4
FEjeo,[3 6 7],0,0,11
FEjeo,[4 6 7],0,0,11
FEjeo,[5 6 7],0,1,10
FEjfG,[7],11,0,0
FEjfG,[3 7],1,2,8
FEjfG,[4 7],1,0,10
FEjfG,[5 7],3,0,8
FEjfG,[6 7],9,0,2
FEjfG,[3 5 7],1,2,8
FEjfG,[3 6 7],1,2,8
FEjfG,[4 5 7],1,2,8
FEjfG,[4 6 7],1,0,10
FEjfG,[5 6 7],0,2,9
FEjf_,[7],11,0,0
FEjf_,[3 7],0,1,10
FEjf_,[4 7],1,0,10
FEjf_,[5 7],3,0,8
FEjf_,[6 7],7,0,4
FEjf_,[3 5 7],1,3,7
FEjf_,[3 6 7],0,1,10
FEjf_,[4 5 7],1,3,7
FEjf_,[4 6 7],1,0,10
FEjf_,[5 6 7],0,3,8
FEjfg,[7],12,0,0
FEjfg,[3 7],1,2,9
FEjfg,[4 7],2,0,10
FEjfg,[5 7],3,0,9
FEjfg,[6 7],4,0,8
FEjfg,[3 6 7],0,2,10
FEjfg,[4 6 7],0,0,12
FEjfg,[5 6 7],0,3,9
FEjfo,[7],12,0,0
FEjfo,[4 7],0,2,10
FEjfo,[5 7],2,0,10
FEjfo,[6 7],4,0,8
FEjfo,[4 6 7],0,0,12
FEjfo,[5 6 7],0,4,8
FEjfw,[7],13,0,0
FEjfw,[4 7],0,2,11
FEjfw,[5 7],2,0,11
FEjfw,[6 7],2,0,11
FEjfw,[4 6 7],0,0,13
FEjfw,[5 6 7],0,7,6
FEjrw,[7],13,0,0
FEjrw,[4 7],1,1,11
FEjrw,[5 7],2,1,10
FEjrw,[6 7],2,1,10
FEjrw,[4 6 7],0,3,10
FEjrw,[5 6 7],0,5,8
FEjtw,[7],13,0,0
FEjtw,[3 7],1,5,7
FEjtw,[4 7],1,2,10
FEjtw,[5 7],3,1,9
FEjtw,[6 7],3,0,10
FEjtw,[3 6 7],0,5,8
FEjtw,[4 6 7],0,2,11
FEjtw,[5 6 7],0,4,9
FEjuw,[7],13,0,0
FEjuw,[3 7],3,3,7
FEjuw,[4 7],3,2,8
FEjuw,[5 7],3,2,8
FEjuw,[6 7],2,0,11
FEjuw,[3 6 7],0,4,9
FEjuw,[4 6 7],0,2,11
FEjuw,[5 6 7],0,4,9
FEjvW,[7],13,0,0
FEjvW,[4 7],0,1,12
FEjvW,[5 7],2,0,11
FEjvW,[6 7],2,0,11
FEjvW,[4 6 7],0,1,12
FEjvW,[5 6 7],0,5,8
FEjvg,[7],13,0,0
FEjvg,[3 7],3,3,7
FEjvg,[4 7],2,3,8
FEjvg,[5 7],3,2,8
FEjvg,[6 7],3,0,10
FEjvg,[4 6 7],0,0,13
FEjvg,[5 6 7],0,4,9
FEjvo,[7],13,0,0
FEjvo,[4 7],1,1,11
FEjvo,[5 7],2,0,11
FEjvo,[6 7],2,0,11
FEjvo,[4 6 7],0,1,12
FEjvo,[5 6 7],0,6,7
FEjvw,[7],14,0,0
FEjvw,[4 7],1,2,11
FEjvw,[5 7],2,1,11
FEjvw,[6 7],2,0,12
FEjvw,[4 6 7],0,3,11
FEjvw,[5 6 7],0,8,6
FEj~o,[7],14,0,0
FEj~o,[4 7],0,4,10
FEj~o,[5 7],2,0,12
FEj~o,[6 7],2,0,12
FEj~o,[4 6 7],0,4,10
FEj~o,[5 6 7],0,10,4
FEj~w,[7],15,0,0
FEj~w,[4 7],0,5,10
FEj~w,[5 7],2,1,12
FEj~w,[6 7],2,0,13
FEj~w,[4 6 7],0,5,10
FEj~w,[5 6 7],0,11,4
FEl}w,[7],14,0,0
FEl}w,[3 7],1,5,8
FEl}w,[4 7],1,5,8
FEl}w,[5 7],1,0,13
FEl}w,[6 7],2,0,12
FEl}w,[3 6 7],0,5,9
FEl}w,[4 6 7],0,5,9
FEl}w,[5 6 7],0,5,9
FEl~o,[7],14,0,0
FEl~o,[4 7],0,3,11
FEl~o,[5 7],0,0,14
FEl~o,[6 7],0,0,14
FEl~o,[4 6 7],0,5,9
FEl~o,[5 6 7],0,7,7
FEl~w,[7],15,0,0
FEl~w,[4 7],0,6,9
FEl~w,[5 7],0,0,15
FEl~w,[6 7],0,0,15
FEl~w,[4 6 7],0,6,9
FEl~w,[5 6 7],0,9,6
FEnaw,[7],12,0,0
FEnaw,[3 7],2,3,7
FEnaw,[4 7],2,0,10
FEnaw,[5 7],1,0,11
FEnaw,[6 7],4,2,6
FEnaw,[3 5 7],1,4,7
FEnaw,[3 6 7],0,3,9
FEnaw,[4 5 7],1,6,5
FEnaw,[4 6 7],1,0,11
FEnaw,[5 6 7],0,3,9
FEnbg,[7],12,0,0
FEnbg,[4 7],1,0,11
FEnbg,[5 7],2,0,10
FEnbg,[6 7],2,1,9
FEnbg,[4 6 7],0,1,11
FEnbg,[5 6 7],0,2,10
FEnbo,[7],12,0,0
FEnbo,[4 7],0,0,12
FEnbo,[5 7],0,0,12
FEnbo,[6 7],0,0,12
FEnbo,[4 6 7],0,0,12
FEnbo,[5 6 7],0,0,12
FEnbw,[7],13,0,0
FEnbw,[4 7],0,0,13
FEnbw,[5 7],0,0,13
FEnbw,[6 7],0,0,13
FEnbw,[4 6 7],0,3,10
FEnbw,[5 6 7],0,4,9
FEncw,[7],12,0,0
FEncw,[3 7],5,3,4
FEncw,[4 7],5,0,7
FEncw,[5 7],1,0,11
FEncw,[6 7],5,0,7
FEncw,[3 5 7],1,3,8
FEncw,[3 6 7],1,3,8
FEncw,[4 5 7],1,5,6
FEncw,[4 6 7],1,0,11
FEncw,[5 6 7],0,2,10
FEndg,[7],12,0,0
FEndg,[3 7],1,4,7
FEndg,[4 7],1,2,9
FEndg,[5 7],1,0,11
FEndg,[6 7],5,0,7
FEndg,[3 6 7],0,4,8
FEndg,[4 6 7],0,0,12
FEndg,[5 6 7],0,2,10
FEnew,[7],13,0,0
FEnew,[3 7],3,5,5
FEnew,[4 7],2,2,9
FEnew,[5 7],1,1,11
FEnew,[6 7],2,1,10
FEnew,[3 6 7],0,5,8
FEnew,[4 6 7],0,2,11
FEnew,[5 6 7],0,3,10
FEnf_,[7],12,0,0
FEnf_,[4 7],0,2,10
FEnf_,[5 7],0,0,12
FEnf_,[6 7],3,0,9
FEnf_,[4 6 7],0,0,12
FEnf_,[5 6 7],0,3,9
FEnfg,[7],13,0,0
FEnfg,[4 7],0,1,12
FEnfg,[5 7],0,1,12
FEnfg,[6 7],0,1,12
FEnfg,[4 6 7],0,1,12
FEnfg,[5 6 7],0,4,9
FEnfo,[7],13,0,0
FEnfo,[4 7],0,2,11
FEnfo,[5 7],0,2,11
FEnfo,[6 7],0,0,13
FEnfo,[4 6 7],0,0,13
FEnfo,[5 6 7],0,4,9
FEnfw,[7],14,0,0
FEnfw,[4 7],0,2,12
FEnfw,[5 7],0,0,14
FEnfw,[6 7],0,0,14
FEnfw,[4 6 7],0,3,11
FEnfw,[5 6 7],0,7,7
FEnvW,[7],14,0,0
FEnvW,[4 7],0,3,11
FEnvW,[5 7],0,0,14
FEnvW,[6 7],0,0,14
FEnvW,[4 6 7],0,4,10
FEnvW,[5 6 7],0,8,6
FEnvg,[7],14,0,0
FEnvg,[4 7],2,2,10
FEnvg,[5 7],2,0,12
FEnvg,[6 7],0,1,13
FEnvg,[4 6 7],0,3,11
FEnvg,[5 6 7],0,7,7
FEnvo,[7],14,0,0
FEnvo,[4 7],1,2,11
FEnvo,[5 7],1,1,12
FEnvo,[6 7],0,0,14
FEnvo,[4 6 7],0,3,11
FEnvo,[5 6 7],0,8,6
FEnvw,[7],15,0,0
FEnvw,[4 7],1,4,10
FEnvw,[5 7],1,0,14
FEnvw,[6 7],0,0,15
FEnvw,[4 6 7],0,5,10
FEnvw,[5 6 7],0,10,5
FEn~w,[7],16,0,0
FEn~w,[4 7],2,6,8
FEn~w,[5 7],2,1,13
FEn~w,[6 7],0,0,16
FEn~w,[4 6 7],0,6,10
FEn~w,[5 6 7],0,12,4
FEr^o,[7],12,0,0
FEr^o,[2 7],8,4,0
FEr^o,[3 7],8,4,0
FEr^o,[4 7],8,0,4
FEr^o,[5 7],4,0,8
FEr^o,[6 7],8,0,4
FEr^o,[2 6 7],0,4,8
FEr^o,[3 6 7],0,4,8
FEr^o,[4 6 7],0,0,12
FEr^o,[5 6 7],0,4,8
FEr^w,[7],13,0,0
FEr^w,[2 7],8,5,0
FEr^w,[3 7],8,5,0
FEr^w,[4 7],8,1,4
FEr^w,[5 7],8,0,5
FEr^w,[6 7],4,4,5
FEr^w,[2 6 7],0,5,8
FEr^w,[3 6 7],0,5,8
FEr^w,[4 6 7],0,1,12
FEr^w,[5 6 7],0,5,8
FErtw,[7],13,0,0
FErtw,[3 7],1,5,7
FErtw,[4 7],3,1,9
FErtw,[5 7],3,0,10
FErtw,[6 7],5,0,8
FErtw,[3 6 7],0,5,8
FErtw,[4 6 7],0,1,12
FErtw,[5 6 7],0,5,8
FEruw,[7],12,0,0
FEruw,[2 7],8,4,0
FEruw,[3 7],8,4,0
FEruw,[4 7],6,3,3
FEruw,[5 7],6,0,6
FEruw,[6 7],5,3,4
FEruw,[2 6 7],0,4,8
FEruw,[3 6 7],0,4,8
FEruw,[4 6 7],0,1,11
FEruw,[5 6 7],0,3,9
FErvW,[7],13,0,0
FErvW,[3 7],0,5,8
FErvW,[4 7],0,1,12
FErvW,[5 7],0,0,13
FErvW,[6 7],6,0,7
FErvW,[3 6 7],0,5,8
FErvW,[4 6 7],0,1,12
FErvW,[5 6 7],0,5,8
FErvg,[7],13,0,0
FErvg,[3 7],5,4,4
FErvg,[4 7],5,0,8
FErvg,[5 7],5,0,8
FErvg,[6 7],4,0,9
FErvg,[3 6 7],0,4,9
FErvg,[4 6 7],0,0,13
FErvg,[5 6 7],0,4,9
FErvo,[7],13,0,0
FErvo,[3 7],2,6,5
FErvo,[4 7],2,1,10
FErvo,[5 7],2,0,11
FErvo,[6 7],3,0,10
FErvo,[3 6 7],0,6,7
FErvo,[4 6 7],0,0,13
FErvo,[5 6 7],0,6,7
FErvw,[7],14,0,0
FErvw,[3 7],2,7,5
FErvw,[4 7],3,1,10
FErvw,[5 7],3,0,11
FErvw,[6 7],3,0,11
FErvw,[3 6 7],0,7,7
FErvw,[4 6 7],0,1,13
FErvw,[5 6 7],0,8,6
FEr~o,[7],14,0,0
FEr~o,[3 7],4,8,2
FEr~o,[4 7],4,0,10
FEr~o,[5 7],4,0,10
FEr~o,[6 7],0,0,14
FEr~o,[3 6 7],0,8,6
FEr~o,[4 6 7],0,0,14
FEr~o,[5 6 7],0,10,4
FEr~w,[7],15,0,0
FEr~w,[3 7],4,9,2
FEr~w,[4 7],4,1,10
FEr~w,[5 7],4,1,10
FEr~w,[6 7],0,0,15
FEr~w,[3 6 7],0,9,6
FEr~w,[4 6 7],0,1,14
FEr~w,[5 6 7],0,11,4
FEu|w,[7],14,0,0
FEu|w,[3 7],6,4,4
FEu|w,[4 7],6,4,4
FEu|w,[5 7],6,0,8
FEu|w,[6 7],4,0,10
FEu|w,[3 6 7],0,4,10
FEu|w,[4 6 7],0,4,10
FEu|w,[5 6 7],0,4,10
FEu~g,[7],14,0,0
FEu~g,[3 7],3,6,5
FEu~g,[4 7],3,4,7
FEu~g,[5 7],2,1,11
FEu~g,[6 7],2,1,11
FEu~g,[3 6 7],0,6,8
FEu~g,[4 6 7],0,4,10
FEu~g,[5 6 7],0,6,8
FEu~o,[7],14,0,0
FEu~o,[3 7],3,6,5
FEu~o,[4 7],3,3,8
FEu~o,[5 7],3,0,11
FEu~o,[6 7],1,0,13
FEu~o,[3 6 7],0,6,8
FEu~o,[4 6 7],0,4,10
FEu~o,[5 6 7],0,6,8
FEu~w,[7],15,0,0
FEu~w,[3 7],3,7,5
FEu~w,[4 7],4,5,6
FEu~w,[5 7],4,0,11
FEu~w,[6 7],1,0,14
FEu~w,[3 6 7],0,7,8
FEu~w,[4 6 7],0,5,10
FEu~w,[5 6 7],0,8,7
FEv\w,[7],13,0,0
FEv\w,[2 7],9,4,0
FEv\w,[3 7],9,4,0
FEv\w,[4 7],7,3,3
FEv\w,[5 7],7,0,6
FEv\w,[6 7],3,3,7
FEv\w,[2 6 7],0,4,9
FEv\w,[3 6 7],0,4,9
FEv\w,[4 6 7],0,3,10
FEv\w,[5 6 7],0,3,10
FEv^o,[7],13,0,0
FEv^o,[2 7],9,4,0
FEv^o,[3 7],9,4,0
FEv^o,[4 7],9,2,2
FEv^o,[5 7],5,2,6
FEv^o,[6 7],2,4,7
FEv^o,[2 6 7],0,4,9
FEv^o,[3 6 7],0,4,9
FEv^o,[4 6 7],0,2,11
FEv^o,[5 6 7],0,4,9
FEv^w,[7],14,0,0
FEv^w,[2 7],9,5,0
FEv^w,[3 7],9,5,0
FEv^w,[4 7],9,3,2
FEv^w,[5 7],9,0,5
FEv^w,[6 7],0,6,8
FEv^w,[2 6 7],0,5,9
FEv^w,[3 6 7],0,5,9
FEv^w,[4 6 7],0,3,11
FEv^w,[5 6 7],0,5,9
FEvvW,[7],14,0,0
FEvvW,[3 7],5,7,2
FEvvW,[4 7],4,1,9
FEvvW,[5 7],0,0,14
FEvvW,[6 7],2,0,12
FEvvW,[3 6 7],0,7,7
FEvvW,[4 6 7],0,3,11
FEvvW,[5 6 7],0,7,7
FEvvg,[7],14,0,0
FEvvg,[3 7],2,7,5
FEvvg,[4 7],3,2,9
FEvvg,[5 7],3,0,11
FEvvg,[6 7],2,0,12
FEvvg,[3 6 7],0,7,7
FEvvg,[4 6 7],0,2,12
FEvvg,[5 6 7],0,6,8
FEvvo,[7],14,0,0
FEvvo,[3 7],5,7,2
FEvvo,[4 7],4,2,8
FEvvo,[5 7],2,2,10
FEvvo,[6 7],1,0,13
FEvvo,[3 6 7],0,7,7
FEvvo,[4 6 7],0,2,12
FEvvo,[5 6 7],0,7,7
FEvvw,[7],15,0,0
FEvvw,[3 7],5,8,2
FEvvw,[4 7],4,4,7
FEvvw,[5 7],2,1,12
FEvvw,[6 7],1,0,14
FEvvw,[3 6 7],0,8,7
FEvvw,[4 6 7],0,4,11
FEvvw,[5 6 7],0,9,6
FEv~w,[7],16,0,0
FEv~w,[3 7],5,9,2
FEv~w,[4 7],5,5,6
FEv~w,[5 7],5,1,10
FEv~w,[6 7],0,0,16
FEv~w,[3 6 7],0,9,7
FEv~w,[4 6 7],0,5,11
FEv~w,[5 6 7],0,11,5
FEzPw,[7],12,0,0
FEzPw,[3 7],1,3,8
FEzPw,[4 7],1,0,11
FEzPw,[5 7],2,0,10
FEzPw,[6 7],7,0,5
FEzPw,[3 6 7],0,3,9
FEzPw,[4 5 7],1,5,6
FEzPw,[4 6 7],0,1,11
FEzPw,[5 6 7],0,5,7
FEzSw,[7],11,0,0
FEzSw,[2 7],8,3,0
FEzSw,[3 7],8,2,1
FEzSw,[4 7],8,0,3
FEzSw,[5 7],2,0,9
FEzSw,[6 7],8,0,3
FEzSw,[2 5 7],1,4,6
FEzSw,[2 6 7],0,4,7
FEzSw,[3 5 7],1,3,7
FEzSw,[3 6 7],0,3,8
FEzSw,[4 5 7],1,3,7
FEzSw,[4 6 7],1,0,10
FEzSw,[5 6 7],0,3,8
FEzTg,[7],12,0,0
FEzTg,[3 7],3,3,6
FEzTg,[4 7],3,1,8
FEzTg,[5 7],1,0,11
FEzTg,[6 7],3,2,7
FEzTg,[3 6 7],0,4,8
FEzTg,[4 6 7],0,0,12
FEzTg,[5 6 7],0,1,11
FEzTw,[7],13,0,0
FEzTw,[3 7],3,5,5
FEzTw,[4 7],4,0,9
FEzTw,[5 7],3,0,10
FEzTw,[6 7],3,2,8
FEzTw,[3 6 7],0,5,8
FEzTw,[4 6 7],0,3,10
FEzTw,[5 6 7],0,5,8
FEzUg,[7],11,0,0
FEzUg,[2 7],9,2,0
FEzUg,[3 7],9,0,2
FEzUg,[4 7],9,0,2
FEzUg,[5 7],3,0,8
FEzUg,[6 7],9,0,2
FEzUg,[2 6 7],0,2,9
FEzUg,[3 6 7],0,2,9
FEzUg,[4 6 7],0,0,11
FEzUg,[5 6 7],0,2,9
FEzUo,[7],11,0,0
FEzUo,[2 7],8,3,0
FEzUo,[3 7],8,3,0
FEzUo,[4 7],6,3,2
FEzUo,[5 7],3,0,8
FEzUo,[6 7],8,0,3
FEzUo,[2 6 7],0,3,8
FEzUo,[3 6 7],0,3,8
FEzUo,[4 6 7],0,0,11
FEzUo,[5 6 7],0,2,9
FEzUw,[7],12,0,0
FEzUw,[2 7],9,3,0
FEzUw,[3 7],9,3,0
FEzUw,[4 7],9,0,3
FEzUw,[5 7],3,2,7
FEzUw,[6 7],5,2,5
FEzUw,[2 6 7],0,3,9
FEzUw,[3 6 7],0,3,9
FEzUw,[4 6 7],0,1,11
FEzUw,[5 6 7],0,3,9
FEzVO,[7],12,0,0
FEzVO,[3 7],1,5,6
FEzVO,[4 7],2,0,10
FEzVO,[5 7],4,0,8
FEzVO,[6 7],4,0,8
FEzVO,[3 6 7],0,5,7
FEzVO,[4 6 7],0,0,12
FEzVO,[5 6 7],0,4,8
FEzV_,[7],12,0,0
FEzV_,[3 7],2,3,7
FEzV_,[4 7],3,1,8
FEzV_,[5 7],2,0,10
FEzV_,[6 7],5,0,7
FEzV_,[3 6 7],0,3,9
FEzV_,[4 6 7],0,0,12
FEzV_,[5 6 7],0,4,8
FEzVg,[7],13,0,0
FEzVg,[3 7],5,4,4
FEzVg,[4 7],5,0,8
FEzVg,[5 7],1,2,10
FEzVg,[6 7],2,0,11
FEzVg,[3 6 7],0,6,7
FEzVg,[4 6 7],0,0,13
FEzVg,[5 6 7],0,5,8
FEzVo,[7],13,0,0
FEzVo,[3 7],2,6,5
FEzVo,[4 7],2,0,11
FEzVo,[5 7],2,1,10
FEzVo,[6 7],3,0,10
FEzVo,[3 6 7],0,6,7
FEzVo,[4 6 7],0,1,12
FEzVo,[5 6 7],0,5,8
FEzVw,[7],14,0,0
FEzVw,[3 7],5,7,2
FEzVw,[4 7],5,0,9
FEzVw,[5 7],2,0,12
FEzVw,[6 7],2,0,12
FEzVw,[3 6 7],0,7,7
FEzVw,[4 6 7],0,3,11
FEzVw,[5 6 7],0,8,6
FEzeW,[7],12,0,0
FEzeW,[3 7],4,4,4
FEzeW,[4 7],4,0,8
FEzeW,[5 7],4,0,8
FEzeW,[6 7],4,0,8
FEzeW,[3 6 7],0,4,8
FEzeW,[4 6 7],0,0,12
FEzeW,[5 6 7],0,4,8
FEzfO,[7],12,0,0
FEzfO,[3 7],1,4,7
FEzfO,[4 7],1,0,11
FEzfO,[5 7],1,0,11
FEzfO,[6 7],6,0,6
FEzfO,[3 5 7],1,4,7
FEzfO,[3 6 7],1,4,7
FEzfO,[4 5 7],1,6,5
FEzfO,[4 6 7],1,0,11
FEzfO,[5 6 7],0,6,6
FEzfW,[7],13,0,0
FEzfW,[3 7],2,6,5
FEzfW,[4 7],2,0,11
FEzfW,[5 7],2,0,11
FEzfW,[6 7],4,0,9
FEzfW,[3 6 7],0,6,7
FEzfW,[4 6 7],0,0,13
FEzfW,[5 6 7],0,6,7
FEzf_,[7],12,0,0
FEzf_,[4 7],0,0,12
FEzf_,[5 7],1,0,11
FEzf_,[6 7],3,0,9
FEzf_,[4 5 7],1,7,4
FEzf_,[4 6 7],1,0,11
FEzf_,[5 6 7],0,7,5
FEzfo,[7],13,0,0
FEzfo,[4 7],1,0,12
FEzfo,[5 7],1,0,12
FEzfo,[6 7],1,0,12
FEzfo,[4 6 7],0,0,13
FEzfo,[5 6 7],0,7,6
FEzfw,[7],14,0,0
FEzfw,[4 7],0,0,14
FEzfw,[5 7],0,0,14
FEzfw,[6 7],0,0,14
FEzfw,[4 6 7],0,0,14
FEzfw,[5 6 7],0,10,4
FEznW,[7],14,0,0
FEznW,[3 7],3,6,5
FEznW,[4 7],3,0,11
FEznW,[5 7],3,0,11
FEznW,[6 7],2,0,12
FEznW,[4 6 7],0,0,14
FEznW,[5 6 7],0,6,8
FEzno,[7],14,0,0
FEzno,[4 7],0,1,13
FEzno,[5 7],0,1,13
FEzno,[6 7],0,0,14
FEzno,[4 6 7],0,1,13
FEzno,[5 6 7],0,8,6
FEznw,[7],15,0,0
FEznw,[4 7],1,2,12
FEznw,[5 7],1,0,14
FEznw,[6 7],0,0,15
FEznw,[4 6 7],0,3,12
FEznw,[5 6 7],0,10,5
FEzvO,[7],13,0,0
FEzvO,[4 7],1,0,12
FEzvO,[5 7],2,0,11
FEzvO,[6 7],2,0,11
FEzvO,[4 6 7],0,0,13
FEzvO,[5 6 7],0,7,6
FEzvg,[7],14,0,0
FEzvg,[4 7],1,2,11
FEzvg,[5 7],1,2,11
FEzvg,[6 7],0,0,14
FEzvg,[4 6 7],0,0,14
FEzvg,[5 6 7],0,8,6
FEzvo,[7],14,0,0
FEzvo,[4 7],0,2,12
FEzvo,[5 7],0,1,13
FEzvo,[6 7],0,0,14
FEzvo,[4 6 7],0,1,13
FEzvo,[5 6 7],0,9,5
FEzvw,[7],15,0,0
FEzvw,[4 7],0,3,12
FEzvw,[5 7],0,1,14
FEzvw,[6 7],0,0,15
FEzvw,[4 6 7],0,3,12
FEzvw,[5 6 7],0,11,4
FEz~w,[7],16,0,0
FEz~w,[4 7],0,5,11
FEz~w,[5 7],0,1,15
FEz~w,[6 7],0,0,16
FEz~w,[4 6 7],0,5,11
FEz~w,[5 6 7],0,13,3
FE~tw,[7],15,0,0
FE~tw,[4 7],2,5,8
FE~tw,[5 7],2,0,13
FE~tw,[6 7],0,0,15
FE~tw,[4 6 7],0,5,10
FE~tw,[5 6 7],0,11,4
FE~uw,[7],15,0,0
FE~uw,[3 7],5,8,2
FE~uw,[4 7],5,4,6
FE~uw,[5 7],5,0,10
FE~uw,[6 7],0,0,15
FE~uw,[3 6 7],0,8,7
FE~uw,[4 6 7],0,4,11
FE~uw,[5 6 7],0,10,5
FE~vW,[7],15,0,0
FE~vW,[4 7],0,4,11
FE~vW,[5 7],0,0,15
FE~vW,[6 7],0,0,15
FE~vW,[4 6 7],0,4,11
FE~vW,[5 6 7],0,12,3
FE~vo,[7],15,0,0
FE~vo,[4 7],2,3,10
FE~vo,[5 7],3,0,12
FE~vo,[6 7],0,0,15
FE~vo,[4 6 7],0,4,11
FE~vo,[5 6 7],0,12,3
FE~vw,[7],16,0,0
FE~vw,[4 7],2,5,9
FE~vw,[5 7],2,0,14
FE~vw,[6 7],0,0,16
FE~vw,[4 6 7],0,5,11
FE~vw,[5 6 7],0,14,2
FE~~w,[7],17,0,0
FE~~w,[4 7],2,6,9
FE~~w,[5 7],2,3,12
FE~~w,[6 7],0,0,17
FE~~w,[4 6 7],0,6,11
FE~~w,[5 6 7],0,15,2
FFzeo,[7],13,0,0
FFzeo,[4 7],0,4,9
FFzeo,[5 7],0,0,13
FFzeo,[6 7],1,0,12
FFzeo,[4 6 7],0,0,13
FFzeo,[5 6 7],0,8,5
FFzf_,[7],13,0,0
FFzf_,[5 7],1,0,12
FFzf_,[6 7],0,1,12
FFzf_,[4 5 7],1,12,0
FFzf_,[4 6 7],1,0,12
FFzf_,[5 6 7],0,12,1
FFzfo,[7],14,0,0
FFzfo,[4 7],2,0,12
FFzfo,[5 7],2,0,12
FFzfo,[6 7],0,0,14
FFzfo,[4 6 7],0,0,14
FFzfo,[5 6 7],0,12,2
FFzfw,[7],15,0,0
FFzfw,[6 7],0,0,15
FFzfw,[5 6 7],0,15,0
FFzvO,[7],14,0,0
FFzvO,[5 7],2,0,12
FFzvO,[6 7],2,0,12
FFzvO,[5 6 7],0,12,2
FFzvg,[7],15,0,0
FFzvg,[4 7],3,0,12
FFzvg,[5 7],3,0,12
FFzvg,[6 7],0,0,15
FFzvg,[5 6 7],0,12,3
FFzvo,[7],15,0,0
FFzvo,[5 7],0,2,13
FFzvo,[6 7],0,0,15
FFzvo,[5 6 7],0,13,2
FFzvw,[7],16,0,0
FFzvw,[5 7],1,0,15
FFzvw,[6 7],0,0,16
FFzvw,[5 6 7],0,15,1
FFz~o,[7],16,0,0
FFz~o,[6 7],0,0,16
FFz~o,[5 6 7],0,16,0
FFz~w,[7],17,0,0
FFz~w,[6 7],0,0,17
FFz~w,[5 6 7],0,17,0
FF~~w,[7],18,0,0
FF~~w,[6 7],0,0,18
FF~~w,[5 6 7],0,18,0
FQhV?,[7],8,0,0
FQhV?,[3 7],2,0,6
FQhV?,[4 7],8,0,0
FQhV?,[5 7],8,0,0
FQhV?,[6 7],8,0,0
FQhV?,[3 5 7],0,0,8
FQhV?,[3 6 7],0,0,8
FQhV?,[4 5 7],0,0,8
FQhV?,[4 6 7],0,0,8
FQhV?,[5 6 7],0,0,8
FQhVO,[7],9,0,0
FQhVO,[3 7],4,0,5
FQhVO,[4 7],4,3,2
FQhVO,[5 7],9,0,0
FQhVO,[6 7],9,0,0
FQhV_,[7],10,0,0
FQhV_,[3 7],2,0,8
FQhV_,[4 7],6,0,4
FQhV_,[5 7],6,0,4
FQhV_,[6 7],6,0,4
FQhV_,[3 6 7],0,0,10
FQhV_,[4 6 7],0,0,10
FQhV_,[5 6 7],0,0,10
FQhVo,[7],11,0,0
FQhVo,[3 7],3,1,7
FQhVo,[4 7],4,0,7
FQhVo,[5 7],6,0,5
FQhVo,[6 7],6,0,5
FQhVw,[7],12,0,0
FQhVw,[4 7],6,0,6
FQhVw,[5 7],6,0,6
FQhVw,[6 7],6,0,6
FQinO,[7],9,0,0
FQinO,[2 7],9,0,0
FQinO,[3 7],9,0,0
FQinO,[4 7],9,0,0
FQinO,[5 7],6,0,3
FQinO,[6 7],9,0,0
FQinO,[2 6 7],0,0,9
FQinO,[3 6 7],0,0,9
FQinO,[4 6 7],0,0,9
FQinO,[5 6 7],0,0,9
FQinW,[7],10,0,0
FQinW,[2 7],10,0,0
FQinW,[3 7],10,0,0
FQinW,[4 7],10,0,0
FQinW,[5 7],6,4,0
FQinW,[6 7],6,0,4
FQino,[7],12,0,0
FQino,[3 7],4,3,5
FQino,[4 7],4,3,5
FQino,[5 7],7,0,5
FQino,[6 7],7,0,5
FQinw,[7],13,0,0
FQinw,[3 7],7,4,2
FQinw,[4 7],7,0,6
FQinw,[5 7],7,0,6
FQinw,[6 7],7,0,6
FQjR_,[7],10,0,0
FQjR_,[3 7],1,0,9
FQjR_,[4 7],3,0,7
FQjR_,[5 7],8,0,2
FQjR_,[6 7],8,2,0
FQjR_,[3 6 7],0,0,10
FQjR_,[4 6 7],0,0,10
FQjR_,[5 6 7],0,0,10
FQjRo,[7],11,0,0
FQjRo,[4 7],2,0,9
FQjRo,[5 7],6,0,5
FQjRo,[6 7],6,0,5
FQjUg,[7],11,0,0
FQjUg,[3 7],3,2,6
FQjUg,[4 7],3,4,4
FQjUg,[5 7],9,0,2
FQjUg,[6 7],9,0,2
FQjVG,[7],11,0,0
FQjVG,[3 7],2,1,8
FQjVG,[4 7],4,0,7
FQjVG,[5 7],6,0,5
FQjVG,[6 7],6,0,5
FQjVG,[3 6 7],0,1,10
FQjVG,[4 6 7],0,1,10
FQjVG,[5 6 7],0,1,10
FQjVO,[7],11,0,0
FQjVO,[3 7],2,0,9
FQjVO,[4 7],1,0,10
FQjVO,[5 7],8,0,3
FQjVO,[6 7],8,0,3
FQjV_,[7],11,0,0
FQjV_,[3 7],1,1,9
FQjV_,[4 7],2,0,9
FQjV_,[5 7],6,0,5
FQjV_,[6 7],6,0,5
FQjV_,[3 6 7],0,1,10
FQjV_,[4 6 7],0,0,11
FQjV_,[5 6 7],0,2,9
FQjVg,[7],12,0,0
FQjVg,[3 7],2,2,8
FQjVg,[4 7],1,1,10
FQjVg,[5 7],6,1,5
FQjVg,[6 7],6,0,6
FQjVo,[7],12,0,0
FQjVo,[4 7],2,0,10
FQjVo,[5 7],6,0,6
FQjVo,[6 7],6,0,6
FQjVw,[7],13,0,0
FQjVw,[4 7],2,0,11
FQjVw,[5 7],6,0,7
FQjVw,[6 7],6,0,7
FQjdg,[7],11,0,0
FQjdg,[3 7],6,0,5
FQjdg,[4 7],6,0,5
FQjdg,[5 7],5,0,6
FQjdg,[6 7],6,0,5
FQjdg,[3 6 7],0,0,11
FQjdg,[4 6 7],0,0,11
FQjdg,[5 6 7],0,0,11
FQjdo,[7],11,0,0
FQjdo,[3 7],5,0,6
FQjdo,[4 7],4,0,7
FQjdo,[5 7],6,0,5
FQjdo,[6 7],7,2,2
FQjdo,[3 6 7],0,0,11
FQjdo,[4 6 7],0,0,11
FQjdo,[5 6 7],0,0,11
FQjdw,[7],12,0,0
FQjdw,[3 7],7,1,4
FQjdw,[4 7],5,2,5
FQjdw,[5 7],4,2,6
FQjdw,[6 7],5,0,7
FQjdw,[3 6 7],0,1,11
FQjdw,[4 6 7],0,0,12
FQjdw,[5 6 7],0,2,10
FQjew,[7],12,0,0
FQjew,[3 7],1,2,9
FQjew,[4 7],3,0,9
FQjew,[5 7],4,0,8
FQjew,[6 7],5,0,7
FQjew,[3 6 7],0,2,10
FQjew,[4 6 7],0,1,11
FQjew,[5 6 7],0,3,9
FQjfG,[7],10,0,0
FQjfG,[2 7],6,2,2
FQjfG,[3 7],6,0,4
FQjfG,[4 7],8,0,2
FQjfG,[5 7],4,0,6
FQjfG,[6 7],8,0,2
FQjfG,[2 5 7],1,3,6
FQjfG,[2 6 7],0,3,7
FQjfG,[3 5 7],1,1,8
FQjfG,[3 6 7],1,0,9
FQjfG,[4 5 7],1,0,9
FQjfG,[4 6 7],1,0,9
FQjfG,[5 6 7],0,0,10
FQjfW,[7],11,0,0
FQjfW,[2 7],9,2,0
FQjfW,[3 7],9,0,2
FQjfW,[4 7],8,0,3
FQjfW,[5 7],4,2,5
FQjfW,[6 7],6,1,4
FQjfW,[2 6 7],0,2,9
FQjfW,[3 6 7],0,1,10
FQjfW,[4 6 7],0,1,10
FQjfW,[5 6 7],0,1,10
FQjfg,[7],12,0,0
FQjfg,[3 7],4,2,6
FQjfg,[4 7],5,0,7
FQjfg,[5 7],5,0,7
FQjfg,[6 7],5,0,7
FQjfg,[3 6 7],0,2,10
FQjfg,[4 6 7],0,2,10
FQjfg,[5 6 7],0,2,10
FQjfo,[7],12,0,0
FQjfo,[3 7],1,2,9
FQjfo,[4 7],4,0,8
FQjfo,[5 7],4,0,8
FQjfo,[6 7],5,3,4
FQjfo,[3 6 7],0,3,9
FQjfo,[4 6 7],0,3,9
FQjfo,[5 6 7],0,3,9
FQjfw,[7],13,0,0
FQjfw,[3 7],3,3,7
FQjfw,[4 7],6,0,7
FQjfw,[5 7],4,0,9
FQjfw,[6 7],4,0,9
FQjfw,[3 6 7],0,4,9
FQjfw,[4 6 7],0,3,10
FQjfw,[5 6 7],0,6,7
FQjlw,[7],13,0,0
FQjlw,[3 7],9,1,3
FQjlw,[4 7],3,7,3
FQjlw,[5 7],4,6,3
FQjlw,[6 7],4,0,9
FQjnW,[7],12,0,0
FQjnW,[2 7],10,2,0
FQjnW,[3 7],10,0,2
FQjnW,[4 7],10,0,2
FQjnW,[5 7],4,6,2
FQjnW,[6 7],3,0,9
FQjno,[7],13,0,0
FQjno,[3 7],6,3,4
FQjno,[4 7],3,0,10
FQjno,[5 7],4,0,9
FQjno,[6 7],4,0,9
FQjnw,[7],14,0,0
FQjnw,[3 7],6,4,4
FQjnw,[4 7],3,4,7
FQjnw,[5 7],4,3,7
FQjnw,[6 7],4,0,10
FQjuw,[7],13,0,0
FQjuw,[4 7],1,1,11
FQjuw,[5 7],4,0,9
FQjuw,[6 7],4,0,9
FQjvW,[7],13,0,0
FQjvW,[3 7],3,3,7
FQjvW,[4 7],1,3,9
FQjvW,[5 7],4,2,7
FQjvW,[6 7],4,0,9
FQjvg,[7],13,0,0
FQjvg,[3 7],2,5,6
FQjvg,[4 7],3,0,10
FQjvg,[5 7],5,0,8
FQjvg,[6 7],4,0,9
FQjvo,[7],13,0,0
FQjvo,[4 7],2,0,11
FQjvo,[5 7],4,0,9
FQjvo,[6 7],4,0,9
FQjvw,[7],14,0,0
FQjvw,[4 7],2,1,11
FQjvw,[5 7],4,0,10
FQjvw,[6 7],4,0,10
FQj~o,[7],14,0,0
FQj~o,[4 7],4,0,10
FQj~o,[5 7],4,0,10
FQj~o,[6 7],4,0,10
FQj~w,[7],15,0,0
FQj~w,[4 7],4,1,10
FQj~w,[5 7],4,1,10
FQj~w,[6 7],4,0,11
FQyqw,[7],12,0,0
FQyqw,[4 7],1,0,11
FQyqw,[5 7],4,0,8
FQyqw,[6 7],4,0,8
FQytW,[7],12,0,0
FQytW,[3 7],9,0,3
FQytW,[4 7],3,0,9
FQytW,[5 7],4,0,8
FQytW,[6 7],4,0,8
FQyuW,[7],12,0,0
FQyuW,[3 7],3,2,7
FQyuW,[4 7],3,0,9
FQyuW,[5 7],2,0,10
FQyuW,[6 7],3,1,8
FQyuW,[3 6 7],0,2,10
FQyuW,[4 6 7],0,0,12
FQyuW,[5 6 7],0,1,11
FQyuo,[7],12,0,0
FQyuo,[4 7],0,0,12
FQyuo,[5 7],4,0,8
FQyuo,[6 7],4,0,8
FQyuw,[7],13,0,0
FQyuw,[4 7],0,0,13
FQyuw,[5 7],2,0,11
FQyuw,[6 7],2,0,11
FQyvO,[7],12,0,0
FQyvO,[3 7],6,0,6
FQyvO,[4 7],2,0,10
FQyvO,[5 7],2,0,10
FQyvO,[6 7],4,0,8
FQyvW,[7],13,0,0
FQyvW,[3 7],6,3,4
FQyvW,[4 7],1,3,9
FQyvW,[5 7],1,3,9
FQyvW,[6 7],2,0,11
FQyv_,[7],12,0,0
FQyv_,[4 7],1,0,11
FQyv_,[5 7],2,0,10
FQyv_,[6 7],2,2,8
FQyv_,[4 6 7],0,0,12
FQyv_,[5 6 7],0,2,10
FQyvo,[7],13,0,0
FQyvo,[4 7],1,0,12
FQyvo,[5 7],2,1,10
FQyvo,[6 7],2,0,11
FQyvw,[7],14,0,0
FQyvw,[4 7],1,0,13
FQyvw,[5 7],2,0,12
FQyvw,[6 7],2,0,12
FQy}w,[7],14,0,0
FQy}w,[4 7],0,3,11
FQy}w,[5 7],2,2,10
FQy}w,[6 7],2,0,12
FQy~o,[7],14,0,0
FQy~o,[4 7],1,1,12
FQy~o,[5 7],2,2,10
FQy~o,[6 7],2,0,12
FQy~w,[7],15,0,0
FQy~w,[4 7],1,3,11
FQy~w,[5 7],2,4,9
FQy~w,[6 7],2,0,13
FQzTo,[7],12,0,0
FQzTo,[4 7],0,0,12
FQzTo,[5 7],6,0,6
FQzTo,[6 7],6,0,6
FQzUW,[7],12,0,0
FQzUW,[3 7],6,2,4
FQzUW,[4 7],4,0,8
FQzUW,[5 7],4,0,8
FQzUW,[6 7],4,0,8
FQzUW,[3 6 7],0,2,10
FQzUW,[4 6 7],0,2,10
FQzUW,[5 6 7],0,2,10
FQzUo,[7],12,0,0
FQzUo,[3 7],1,4,7
FQzUo,[4 7],1,1,10
FQzUo,[5 7],4,0,8
FQzUo,[6 7],4,1,7
FQzUo,[3 6 7],0,4,8
FQzUo,[4 6 7],0,1,11
FQzUo,[5 6 7],0,3,9
FQzVO,[7],12,0,0
FQzVO,[3 7],3,2,7
FQzVO,[4 7],1,0,11
FQzVO,[5 7],6,0,6
FQzVO,[6 7],6,0,6
FQzVW,[7],13,0,0
FQzVW,[3 7],3,5,5
FQzVW,[4 7],0,2,11
FQzVW,[5 7],4,2,7
FQzVW,[6 7],4,0,9
FQzV_,[7],12,0,0
FQzV_,[4 7],0,0,12
FQzV_,[5 7],4,0,8
FQzV_,[6 7],4,0,8
FQzV_,[4 6 7],0,0,12
FQzV_,[5 6 7],0,4,8
FQzVo,[7],13,0,0
FQzVo,[4 7],0,0,13
FQzVo,[5 7],4,1,8
FQzVo,[6 7],4,0,9
FQzVw,[7],14,0,0
FQzVw,[4 7],0,0,14
FQzVw,[5 7],4,0,10
FQzVw,[6 7],4,0,10
FQz^o,[7],14,0,0
FQz^o,[4 7],0,1,13
FQz^o,[5 7],2,1,11
FQz^o,[6 7],2,0,12
FQz^w,[7],15,0,0
FQz^w,[4 7],0,3,12
FQz^w,[5 7],2,2,11
FQz^w,[6 7],2,0,13
FQzlw,[7],14,0,0
FQzlw,[3 7],6,4,4
FQzlw,[4 7],2,6,6
FQzlw,[5 7],2,6,6
FQzlw,[6 7],2,0,12
FQzmw,[7],14,0,0
FQzmw,[3 7],3,6,5
FQzmw,[4 7],1,4,9
FQzmw,[5 7],3,3,8
FQzmw,[6 7],2,0,12
FQznW,[7],13,0,0
FQznW,[2 7],10,3,0
FQznW,[3 7],10,3,0
FQznW,[4 7],10,0,3
FQznW,[5 7],4,6,3
FQznW,[6 7],1,0,12
FQzno,[7],14,0,0
FQzno,[3 7],6,6,2
FQzno,[4 7],1,4,9
FQzno,[5 7],2,3,9
FQzno,[6 7],2,0,12
FQznw,[7],15,0,0
FQznw,[3 7],6,7,2
FQznw,[4 7],2,6,7
FQznw,[5 7],3,4,8
FQznw,[6 7],2,0,13
FQzuo,[7],13,0,0
FQzuo,[4 7],0,0,13
FQzuo,[5 7],2,0,11
FQzuo,[6 7],2,0,11
FQzvO,[7],13,0,0
FQzvO,[3 7],6,5,2
FQzvO,[4 7],2,0,11
FQzvO,[5 7],4,0,9
FQzvO,[6 7],4,0,9
FQzvg,[7],14,0,0
FQzvg,[4 7],2,0,12
FQzvg,[5 7],3,0,11
FQzvg,[6 7],2,0,12
FQzvo,[7],14,0,0
FQzvo,[4 7],1,0,13
FQzvo,[5 7],2,1,11
FQzvo,[6 7],2,0,12
FQzvw,[7],15,0,0
FQzvw,[4 7],1,1,13
FQzvw,[5 7],2,0,13
FQzvw,[6 7],2,0,13
FQz~w,[7],16,0,0
FQz~w,[4 7],1,3,12
FQz~w,[5 7],2,3,11
FQz~w,[6 7],2,0,14
FQ~vW,[7],15,0,0
FQ~vW,[4 7],1,2,12
FQ~vW,[5 7],2,2,11
FQ~vW,[6 7],2,0,13
FQ~vo,[7],15,0,0
FQ~vo,[5 7],3,0,12
FQ~vo,[6 7],2,0,13
FQ~vw,[7],16,0,0
FQ~vw,[5 7],2,0,14
FQ~vw,[6 7],2,0,14
FQ~~w,[7],17,0,0
FQ~~w,[5 7],2,3,12
FQ~~w,[6 7],2,0,15
FTm~o,[7],14,0,0
FTm~o,[2 7],10,4,0
FTm~o,[3 7],10,4,0
FTm~o,[4 7],10,4,0
FTm~o,[5 7],6,4,4
FTm~o,[6 7],0,0,14
FTm~w,[7],15,0,0
FTm~w,[2 7],10,5,0
FTm~w,[3 7],10,5,0
FTm~w,[4 7],10,5,0
FTm~w,[5 7],10,0,5
FTm~w,[6 7],0,0,15
FTnvg,[7],15,0,0
FTnvg,[3 7],3,7,5
FTnvg,[4 7],4,6,5
FTnvg,[5 7],4,0,11
FTnvg,[6 7],0,0,15
FTnvo,[7],15,0,0
FTnvo,[3 7],6,7,2
FTnvo,[4 7],3,6,6
FTnvo,[5 7],3,4,8
FTnvo,[6 7],0,0,15
FTnvw,[7],16,0,0
FTnvw,[3 7],6,8,2
FTnvw,[4 7],3,10,3
FTnvw,[5 7],3,3,10
FTnvw,[6 7],0,0,16
FTn~w,[7],17,0,0
FTn~w,[3 7],6,9,2
FTn~w,[4 7],6,9,2
FTn~w,[5 7],6,1,10
FTn~w,[6 7],0,0,17
FTznw,[7],16,0,0
FTznw,[4 7],2,8,6
FTznw,[5 7],2,0,14
FTznw,[6 7],0,0,16
FTzvW,[7],15,0,0
FTzvW,[4 7],1,5,9
FTzvW,[5 7],1,1,13
FTzvW,[6 7],0,0,15
FTzvg,[7],15,0,0
FTzvg,[4 7],2,4,9
FTzvg,[5 7],2,4,9
FTzvg,[6 7],0,0,15
FTzvo,[7],15,0,0
FTzvo,[4 7],1,2,12
FTzvo,[5 7],1,3,11
FTzvo,[6 7],0,0,15
FTzvw,[7],16,0,0
FTzvw,[4 7],1,5,10
FTzvw,[5 7],1,3,12
FTzvw,[6 7],0,0,16
FTz~w,[7],17,0,0
FTz~w,[4 7],1,9,7
FTz~w,[5 7],1,3,13
FTz~w,[6 7],0,0,17
FT~~w,[7],18,0,0
FT~~w,[4 7],3,12,3
FT~~w,[5 7],3,3,12
FT~~w,[6 7],0,0,18
FUZuw,[7],14,0,0
FUZuw,[4 7],0,1,13
FUZuw,[5 7],0,4,10
FUZuw,[6 7],0,0,14
FUZvW,[7],14,0,0
FUZvW,[4 7],0,1,13
FUZvW,[5 7],0,2,12
FUZvW,[6 7],0,0,14
FUZv_,[7],13,0,0
FUZv_,[3 7],5,6,2
FUZv_,[4 7],4,0,9
FUZv_,[5 7],0,0,13
FUZv_,[6 7],2,0,11
FUZv_,[3 6 7],0,6,7
FUZv_,[4 6 7],0,0,13
FUZv_,[5 6 7],0,4,9
FUZvg,[7],14,0,0
FUZvg,[3 7],6,6,2
FUZvg,[4 7],1,4,9
FUZvg,[5 7],1,4,9
FUZvg,[6 7],0,0,14
FUZvo,[7],14,0,0
FUZvo,[4 7],0,0,14
FUZvo,[5 7],0,0,14
FUZvo,[6 7],0,0,14
FUZvw,[7],15,0,0
FUZvw,[4 7],0,1,14
FUZvw,[5 7],0,2,13
FUZvw,[6 7],0,0,15
FUZ~o,[7],15,0,0
FUZ~o,[5 7],0,0,15
FUZ~o,[6 7],0,0,15
FUZ~w,[7],16,0,0
FUZ~w,[5 7],0,1,15
FUZ~w,[6 7],0,0,16
FUxuo,[7],13,0,0
FUxuo,[4 7],0,0,13
FUxuo,[5 7],0,0,13
FUxuo,[6 7],0,0,13
FUxvO,[7],13,0,0
FUxvO,[4 7],1,0,12
FUxvO,[5 7],2,0,11
FUxvO,[6 7],2,0,11
FUxv_,[7],13,0,0
FUxv_,[4 7],0,2,11
FUxv_,[5 7],0,0,13
FUxv_,[6 7],0,0,13
FUxv_,[4 6 7],0,1,12
FUxv_,[5 6 7],0,5,8
FUxvo,[7],14,0,0
FUxvo,[4 7],0,0,14
FUxvo,[5 7],0,2,12
FUxvo,[6 7],0,0,14
FUxvw,[7],15,0,0
FUxvw,[5 7],0,0,15
FUxvw,[6 7],0,0,15
FUz]w,[7],15,0,0
FUz]w,[3 7],6,7,2
FUz]w,[4 7],1,9,5
FUz]w,[5 7],1,4,10
FUz]w,[6 7],0,0,15
FUz^o,[7],15,0,0
FUz^o,[4 7],0,3,12
FUz^o,[5 7],0,0,15
FUz^o,[6 7],0,0,15
FUz^w,[7],16,0,0
FUz^w,[4 7],0,6,10
FUz^w,[5 7],0,2,14
FUz^w,[6 7],0,0,16
FUzro,[7],14,0,0
FUzro,[5 7],0,0,14
FUzro,[6 7],0,0,14
FUzvW,[7],15,0,0
FUzvW,[4 7],0,3,12
FUzvW,[5 7],0,3,12
FUzvW,[6 7],0,0,15
FUzvo,[7],15,0,0
FUzvo,[5 7],0,2,13
FUzvo,[6 7],0,0,15
FUzvw,[7],16,0,0
FUzvw,[5 7],0,2,14
FUzvw,[6 7],0,0,16
FUz~w,[7],17,0,0
FUz~w,[5 7],0,3,14
FUz~w,[6 7],0,0,17
FU~vW,[7],16,0,0
FU~vW,[5 7],0,2,14
FU~vW,[6 7],0,0,16
FU~vo,[7],16,0,0
FU~vo,[5 7],1,2,13
FU~vo,[6 7],0,0,16
FU~vw,[7],17,0,0
FU~vw,[5 7],0,2,15
FU~vw,[6 7],0,0,17
FU~~w,[7],18,0,0
FU~~w,[5 7],0,5,13
FU~~w,[6 7],0,0,18
FV~~w,[7],19,0,0
FV~~w,[5 7],1,6,12
FV~~w,[6 7],0,0,19
F]y~w,[7],17,0,0
F]y~w,[5 7],2,0,15
F]y~w,[6 7],0,0,17
F]zlw,[7],16,0,0
F]zlw,[4 7],3,7,6
F]zlw,[5 7],4,0,12
F]zlw,[6 7],0,0,16
F]znW,[7],16,0,0
F]znW,[3 7],6,8,2
F]znW,[4 7],6,8,2
F]znW,[5 7],6,0,10
F]znW,[6 7],0,0,16
F]zno,[7],16,0,0
F]zno,[4 7],1,8,7
F]zno,[5 7],1,2,13
F]zno,[6 7],0,0,16
F]znw,[7],17,0,0
F]znw,[4 7],3,11,3
F]znw,[5 7],3,0,14
F]znw,[6 7],0,0,17
F]z~w,[7],18,0,0
F]z~w,[5 7],1,1,16
F]z~w,[6 7],0,0,18
F]~vo,[7],17,0,0
F]~vo,[5 7],1,0,16
F]~vo,[6 7],0,0,17
F]~vw,[7],18,0,0
F]~vw,[6 7],0,0,18
F]~~w,[7],19,0,0
F]~~w,[6 7],0,0,19
F^~~w,[7],20,0,0
F^~~w,[6 7],0,0,20
F~~~w,[7],21,0,0
